key,comp_level,set_number,match_number,team_key,r1,r2,r3,b1,b2,b3,alliance,scout_Init,a_startPos,a_hit_robot,a_Climb,a_sideClimb,a_scoringTime,a_scoringTime_segments,a_ferryTime,a_ferryTime_segments,a_planner,a_hit_fieldPart,time_broken,t_scoringTime,t_scoringTime_segments,t_NZferryTime,t_NZferryTime_segments,t_OZferryTime,t_OZferryTime_segments,time_beached,end_Climb,end_sideClimb,defense_NZ,defense_AZ,defense_OZ,defense_bumpTrench,defense_rating,a_Notes,active_Notes,inactive_Notes,ba_redscore,ba_score,ba_bluescore,ba_winning_alliance,ba_adjustPoints,ba_autoTowerPoints,ba_autoTowerRobot1,ba_autoTowerRobot2,ba_autoTowerRobot3,ba_endGameTowerPoints,ba_endGameTowerRobot1,ba_endGameTowerRobot2,ba_endGameTowerRobot3,ba_energizedAchieved,ba_foulPoints,ba_g206Penalty,ba_majorFoulCount,ba_minorFoulCount,ba_penalties,ba_rp,ba_superchargedAchieved,ba_totalAutoPoints,ba_totalPoints,ba_totalTeleopPoints,ba_totalTowerPoints,ba_traversalAchieved
2026orore_qm1,qm,1,1,frc2635,frc2635,frc2557,frc3669,frc2898,frc10991,frc8032,red,LH,depot2,0,0,0,2.903,"{""version"":1,""segments"":[{""start"":1774635302755,""stop"":1774635304997},{""start"":1774635317353,""stop"":1774635318014}]}",0,"{""version"":1,""segments"":[]}",Other,0,0,17.294,"{""version"":1,""segments"":[{""start"":1774635350833,""stop"":1774635356989},{""start"":1774635385051,""stop"":1774635389540},{""start"":1774635390285,""stop"":1774635390811},{""start"":1774635391452,""stop"":1774635391973},{""start"":1774635392547,""stop"":1774635393661},{""start"":1774635399266,""stop"":1774635399777},{""start"":1774635400918,""stop"":1774635401449},{""start"":1774635403792,""stop"":1774635404158},{""start"":1774635405587,""stop"":1774635406237},{""start"":1774635449455,""stop"":1774635449827},{""start"":1774635450253,""stop"":1774635450914},{""start"":1774635451735,""stop"":1774635451912},{""start"":1774635461054,""stop"":1774635461489},{""start"":1774635462513,""stop"":1774635462850},{""start"":1774635463401,""stop"":1774635463849}]}",2.063,"{""version"":1,""segments"":[{""start"":1774635348887,""stop"":1774635349783},{""start"":1774635420398,""stop"":1774635421446},{""start"":1774635422418,""stop"":1774635422537}]}",0,"{""version"":1,""segments"":[]}",1.5000000000000002,0,0,0,0,0,0,none,"Slow rate of fire, slow movement ","slow movement, low BPS","slow movement, pushing fuel from nz to home ",143,143,182,blue,0,0,None,None,None,0,None,None,None,1,5,0,0,1,None,1,0,38,143,100,0,0
2026orore_qm1,qm,1,1,frc2557,frc2635,frc2557,frc3669,frc2898,frc10991,frc8032,red,HD,outpost4,0,0,0,3.793,"{""version"":1,""segments"":[{""start"":1774635308981,""stop"":1774635311213},{""start"":1774635317559,""stop"":1774635318407},{""start"":1774635321537,""stop"":1774635322250}]}",0,"{""version"":1,""segments"":[]}",Other,0,0,21.025,"{""version"":1,""segments"":[{""start"":1774635333323,""stop"":1774635336317},{""start"":1774635345244,""stop"":1774635347686},{""start"":1774635353585,""stop"":1774635355818},{""start"":1774635357244,""stop"":1774635357607},{""start"":1774635358176,""stop"":1774635358285},{""start"":1774635386034,""stop"":1774635388316},{""start"":1774635401352,""stop"":1774635403062},{""start"":1774635404231,""stop"":1774635404647},{""start"":1774635410463,""stop"":1774635411898},{""start"":1774635412375,""stop"":1774635412785},{""start"":1774635443871,""stop"":1774635446673},{""start"":1774635450284,""stop"":1774635450360},{""start"":1774635452656,""stop"":1774635454828},{""start"":1774635463079,""stop"":1774635464660}]}",0,"{""version"":1,""segments"":[]}",2.696,"{""version"":1,""segments"":[{""start"":1774635371481,""stop"":1774635372795},{""start"":1774635373482,""stop"":1774635373954},{""start"":1774635374211,""stop"":1774635375121}]}",0,0,0,1,1,0,0,3,intaked middle twice and shoot twice but were kind of inacurate and did not fill up hopper all the way.,"intaked good and shoot fast with a low accuracy, struggled filling up hopper all the way and had some fuel get jammed. ","focused on refilling hopper, played defense 2 times not the most effective, could ferry",143,143,182,blue,0,0,None,None,None,0,None,None,None,1,5,0,0,1,None,1,0,38,143,100,0,0
2026orore_qm1,qm,1,1,frc3669,frc2635,frc2557,frc3669,frc2898,frc10991,frc8032,red,Np,outpostWall5,0,0,0,2.834,"{""version"":1,""segments"":[{""start"":1774635308469,""stop"":1774635311303}]}",0,"{""version"":1,""segments"":[]}",Other,0,0,1.741,"{""version"":1,""segments"":[{""start"":1774635416859,""stop"":1774635417603},{""start"":1774635455030,""stop"":1774635456027}]}",0,"{""version"":1,""segments"":[]}",0,"{""version"":1,""segments"":[]}",0,0,0,0,0,0,0,none,Shot  a couple but missed every single one,drove around a bit but didn't contribute and shot a couple but very inaccurate shots,drove around and were stationed in the neutral zone,143,143,182,blue,0,0,None,None,None,0,None,None,None,1,5,0,0,1,None,1,0,38,143,100,0,0
2026orore_qm1,qm,1,1,frc2898,frc2635,frc2557,frc3669,frc2898,frc10991,frc8032,blue,SK,middle3,0,0,0,1.863,"{""version"":1,""segments"":[{""start"":1774635302892,""stop"":1774635304638},{""start"":1774635305453,""stop"":1774635305570}]}",0,"{""version"":1,""segments"":[]}",,0,0,3.075,"{""version"":1,""segments"":[{""start"":1774635419112,""stop"":1774635419972},{""start"":1774635420431,""stop"":1774635420939},{""start"":1774635421108,""stop"":1774635421822},{""start"":1774635422181,""stop"":1774635422419},{""start"":1774635424192,""stop"":1774635424334},{""start"":1774635435966,""stop"":1774635436021},{""start"":1774635436183,""stop"":1774635436272},{""start"":1774635436672,""stop"":1774635436776},{""start"":1774635436936,""stop"":1774635436994},{""start"":1774635437095,""stop"":1774635437402}]}",1.952,"{""version"":1,""segments"":[{""start"":1774635363061,""stop"":1774635364639},{""start"":1774635402380,""stop"":1774635402494},{""start"":1774635402684,""stop"":1774635402744},{""start"":1774635403155,""stop"":1774635403192},{""start"":1774635403355,""stop"":1774635403392},{""start"":1774635403547,""stop"":1774635403625},{""start"":1774635404952,""stop"":1774635405000}]}",0,"{""version"":1,""segments"":[]}",0,0,0,0,0,0,0,none,Tried to shoot but most of them didn't get to the hub,tried to shoot but were not really consistent,tried to collect fuel from the netural zone,143,182,182,blue,0,0,None,None,None,0,None,None,None,1,5,0,0,1,None,4,0,38,182,139,0,0
2026orore_qm1,qm,1,1,frc10991,frc2635,frc2557,frc3669,frc2898,frc10991,frc8032,blue,SH,depotWall1,0,0,0,0,"{""version"":1,""segments"":[]}",0,"{""version"":1,""segments"":[]}",,0,,,,,,,,,,,,,,,,,,,143,182,182,blue,0,0,None,None,None,0,None,None,None,1,5,0,0,1,None,4,0,38,182,139,0,0
2026orore_qm1,qm,1,1,frc8032,frc2635,frc2557,frc3669,frc2898,frc10991,frc8032,blue,ES,outpostWall5,0,0,0,4.384,"{""version"":1,""segments"":[{""start"":1774635308761,""stop"":1774635309229},{""start"":1774635309524,""stop"":1774635313440}]}",7.011,"{""version"":1,""segments"":[{""start"":1774635301877,""stop"":1774635307150},{""start"":1774635307676,""stop"":1774635307866},{""start"":1774635319451,""stop"":1774635320999}]}",Other,0,0,30.755,"{""version"":1,""segments"":[{""start"":1774635333777,""stop"":1774635334591},{""start"":1774635350864,""stop"":1774635351224},{""start"":1774635358179,""stop"":1774635358430},{""start"":1774635358477,""stop"":1774635365205},{""start"":1774635382074,""stop"":1774635385560},{""start"":1774635401745,""stop"":1774635402440},{""start"":1774635410069,""stop"":1774635414921},{""start"":1774635416004,""stop"":1774635416085},{""start"":1774635436719,""stop"":1774635440934},{""start"":1774635441807,""stop"":1774635443709},{""start"":1774635452376,""stop"":1774635452773},{""start"":1774635456191,""stop"":1774635459838},{""start"":1774635460823,""stop"":1774635464150}]}",33.25,"{""version"":1,""segments"":[{""start"":1774635327456,""stop"":1774635330202},{""start"":1774635333034,""stop"":1774635333095},{""start"":1774635336254,""stop"":1774635338067},{""start"":1774635339029,""stop"":1774635344715},{""start"":1774635344882,""stop"":1774635350409},{""start"":1774635350586,""stop"":1774635350767},{""start"":1774635371909,""stop"":1774635377092},{""start"":1774635377805,""stop"":1774635378344},{""start"":1774635379216,""stop"":1774635379837},{""start"":1774635387586,""stop"":1774635388073},{""start"":1774635399980,""stop"":1774635409306},{""start"":1774635411554,""stop"":1774635412089},{""start"":1774635436066,""stop"":1774635436611}]}",3.902,"{""version"":1,""segments"":[{""start"":1774635420869,""stop"":1774635424771}]}",0,0,0,0,0,0,0,none,slower didn't empty hopper when shooting robot might have broken ,something must have been damaged intake was slow and shooting was inconsistent ,"ferried from mid fed fuel to human players
",143,182,182,blue,0,0,None,None,None,0,None,None,None,1,5,0,0,1,None,4,0,38,182,139,0,0
2026orore_qm10,qm,1,10,frc2550,frc2550,frc10444,frc2915,frc5975,frc2733,frc2635,red,LH ,depot2,0,0,0,0,"{""version"":1,""segments"":[]}",0,"{""version"":1,""segments"":[]}",,0,0,9.423,"{""version"":1,""segments"":[{""start"":1774640133159,""stop"":1774640135378},{""start"":1774640136149,""stop"":1774640136410},{""start"":1774640164453,""stop"":1774640165446},{""start"":1774640167862,""stop"":1774640168024},{""start"":1774640169364,""stop"":1774640170252},{""start"":1774640171070,""stop"":1774640171362},{""start"":1774640172862,""stop"":1774640173302},{""start"":1774640174551,""stop"":1774640174926},{""start"":1774640179173,""stop"":1774640179881},{""start"":1774640181083,""stop"":1774640181633},{""start"":1774640182452,""stop"":1774640182933},{""start"":1774640184770,""stop"":1774640185187},{""start"":1774640186207,""stop"":1774640186598},{""start"":1774640229934,""stop"":1774640231180}]}",0,"{""version"":1,""segments"":[]}",0,"{""version"":1,""segments"":[]}",0,10,1,0,0,0,0,none,"Moved back, didn't shoot",Low accuracy trouble getting fuel into shooter ,Just sat around,80,80,54,red,0,0,None,None,None,10,Level1,None,None,0,0,0,0,1,None,3,0,16,80,64,10,0
2026orore_qm10,qm,1,10,frc10444,frc2550,frc10444,frc2915,frc5975,frc2733,frc2635,red,HD,middle3,0,0,0,2.335,"{""version"":1,""segments"":[{""start"":1774640106862,""stop"":1774640109197}]}",0,"{""version"":1,""segments"":[]}",Auto 1,0,0,0,"{""version"":1,""segments"":[]}",0,"{""version"":1,""segments"":[]}",0,"{""version"":1,""segments"":[]}",0,0,0,0,0,0,0,none,missed all fuel,were semi functionable but intake broke and they were not able to play defense. wiggled around a little bit.,did not really do anything,80,80,54,red,0,0,None,None,None,10,Level1,None,None,0,0,0,0,1,None,3,0,16,80,64,10,0
2026orore_qm10,qm,1,10,frc2915,frc2550,frc10444,frc2915,frc5975,frc2733,frc2635,red,np,outpost4,0,0,0,0,"{""version"":1,""segments"":[]}",0,"{""version"":1,""segments"":[]}",,0,0,36.27,"{""version"":1,""segments"":[{""start"":1774640150358,""stop"":1774640151754},{""start"":1774640152390,""stop"":1774640158526},{""start"":1774640158761,""stop"":1774640158815},{""start"":1774640171575,""stop"":1774640174858},{""start"":1774640175749,""stop"":1774640181431},{""start"":1774640182266,""stop"":1774640186451},{""start"":1774640218528,""stop"":1774640223551},{""start"":1774640245320,""stop"":1774640252318},{""start"":1774640256005,""stop"":1774640259518}]}",2.41,"{""version"":1,""segments"":[{""start"":1774640205100,""stop"":1774640206043},{""start"":1774640206453,""stop"":1774640206876},{""start"":1774640207218,""stop"":1774640207363},{""start"":1774640207463,""stop"":1774640208362}]}",0,"{""version"":1,""segments"":[]}",0,0,0,0,0,0,0,none,never moved in auto,shot very frequently but overshot most of the time,ferried a bit from the neutral zone but didn't do much,80,80,54,red,0,0,None,None,None,10,Level1,None,None,0,0,0,0,1,None,3,0,16,80,64,10,0
2026orore_qm10,qm,1,10,frc5975,frc2550,frc10444,frc2915,frc5975,frc2733,frc2635,blue,SK,middle3,0,0,0,0,"{""version"":1,""segments"":[]}",0,"{""version"":1,""segments"":[]}",Other,0,0,4.566,"{""version"":1,""segments"":[{""start"":1774640139660,""stop"":1774640139839},{""start"":1774640140232,""stop"":1774640141171},{""start"":1774640161419,""stop"":1774640161973},{""start"":1774640162778,""stop"":1774640162898},{""start"":1774640165428,""stop"":1774640165826},{""start"":1774640166821,""stop"":1774640167180},{""start"":1774640167928,""stop"":1774640168107},{""start"":1774640173294,""stop"":1774640173434},{""start"":1774640189411,""stop"":1774640189640},{""start"":1774640191431,""stop"":1774640191599},{""start"":1774640192524,""stop"":1774640192650},{""start"":1774640196204,""stop"":1774640196383},{""start"":1774640197083,""stop"":1774640197315},{""start"":1774640198329,""stop"":1774640198496},{""start"":1774640210200,""stop"":1774640210519},{""start"":1774640211007,""stop"":1774640211285}]}",0,"{""version"":1,""segments"":[]}",0,"{""version"":1,""segments"":[]}",0,0,0,0,0,0,0,none,Did not move,went and collected but were not shoot good.it was like 1 ball out of 4,collect fuel and put it in their alliance,80,54,54,red,0,0,None,None,None,0,None,None,None,0,5,0,0,0,None,0,0,10,54,39,0,0
2026orore_qm10,qm,1,10,frc2733,frc2550,frc10444,frc2915,frc5975,frc2733,frc2635,blue,SH,outpostWall5,0,0,0,0.361,"{""version"":1,""segments"":[{""start"":1774640126318,""stop"":1774640126365},{""start"":1774640126579,""stop"":1774640126644},{""start"":1774640126858,""stop"":1774640127107}]}",0,"{""version"":1,""segments"":[]}",Auto 1,0,0,2.736,"{""version"":1,""segments"":[{""start"":1774640132059,""stop"":1774640132093},{""start"":1774640132466,""stop"":1774640132727},{""start"":1774640134348,""stop"":1774640134597},{""start"":1774640157152,""stop"":1774640158503},{""start"":1774640159743,""stop"":1774640159966},{""start"":1774640215516,""stop"":1774640216134}]}",0.307,"{""version"":1,""segments"":[{""start"":1774640205482,""stop"":1774640205789}]}",0,"{""version"":1,""segments"":[]}",0,0,0,0,0,0,0,none,did not do anything,went around shooting and then just roamed the perimeters ,Wandered around aimlessly and did not play defense. ,80,54,54,red,0,0,None,None,None,0,None,None,None,0,5,0,0,0,None,0,0,10,54,39,0,0
2026orore_qm10,qm,1,10,frc2635,frc2550,frc10444,frc2915,frc5975,frc2733,frc2635,blue,AV,depot2,0,0,0,3.445,"{""version"":1,""segments"":[{""start"":1774640106499,""stop"":1774640107256},{""start"":1774640109696,""stop"":1774640110451},{""start"":1774640120525,""stop"":1774640122458}]}",0,"{""version"":1,""segments"":[]}",,0,0,12.606,"{""version"":1,""segments"":[{""start"":1774640165059,""stop"":1774640168200},{""start"":1774640197880,""stop"":1774640200765},{""start"":1774640206074,""stop"":1774640207671},{""start"":1774640208045,""stop"":1774640209077},{""start"":1774640210433,""stop"":1774640210891},{""start"":1774640213999,""stop"":1774640214457},{""start"":1774640247786,""stop"":1774640249225},{""start"":1774640257951,""stop"":1774640259547}]}",2.64,"{""version"":1,""segments"":[{""start"":1774640186785,""stop"":1774640187956},{""start"":1774640232787,""stop"":1774640234256}]}",0,"{""version"":1,""segments"":[]}",0,0,0,0,0,0,0,none,They moved very slow and shot like 2 balss,shoots around 1 ball a second and hopper size and intake accuracy isn't very great,They ferry by pushing the balls into the place,80,54,54,red,0,0,None,None,None,0,None,None,None,0,5,0,0,0,None,0,0,10,54,39,0,0
2026orore_qm11,qm,1,11,frc997,frc997,frc2930,frc2811,frc6696,frc6465,frc4488,red,LH,outpostWall5,0,0,0,2.315,"{""version"":1,""segments"":[{""start"":1774640630502,""stop"":1774640632817}]}",0,"{""version"":1,""segments"":[]}",Auto 1,0,0,21.849,"{""version"":1,""segments"":[{""start"":1774640651700,""stop"":1774640656425},{""start"":1774640695156,""stop"":1774640695765},{""start"":1774640698590,""stop"":1774640704869},{""start"":1774640712094,""stop"":1774640713939},{""start"":1774640751276,""stop"":1774640756287},{""start"":1774640761730,""stop"":1774640763788},{""start"":1774640777254,""stop"":1774640778576}]}",0,"{""version"":1,""segments"":[]}",0,"{""version"":1,""segments"":[]}",0,0,0,0,0,1,0,1,"Okay auto, mid effectiveness ","high  rate of fire, accuracy, a tiny bit hesitant ",tried defense but not successful ,164,164,351,blue,0,0,None,None,None,0,None,None,None,1,5,0,0,1,None,1,0,17,164,142,0,0
2026orore_qm11,qm,1,11,frc2930,frc997,frc2930,frc2811,frc6696,frc6465,frc4488,red,HD,depot2,1,0,0,0,"{""version"":1,""segments"":[]}",0,"{""version"":1,""segments"":[]}",Auto 1,0,0,10.715,"{""version"":1,""segments"":[{""start"":1774640653761,""stop"":1774640655447},{""start"":1774640664927,""stop"":1774640665668},{""start"":1774640678173,""stop"":1774640678441},{""start"":1774640701084,""stop"":1774640702053},{""start"":1774640707161,""stop"":1774640707821},{""start"":1774640749972,""stop"":1774640752982},{""start"":1774640758419,""stop"":1774640759390},{""start"":1774640769316,""stop"":1774640770472},{""start"":1774640770955,""stop"":1774640772030},{""start"":1774640776220,""stop"":1774640776399}]}",4.274,"{""version"":1,""segments"":[{""start"":1774640679296,""stop"":1774640679446},{""start"":1774640680047,""stop"":1774640681231},{""start"":1774640681472,""stop"":1774640682106},{""start"":1774640685966,""stop"":1774640686531},{""start"":1774640735057,""stop"":1774640736798}]}",0,"{""version"":1,""segments"":[]}",9.499999999999982,0,0,0,0,0,0,none,hit partner then got beached,good shooting but struggled with intaking and holding onto the fuel,"were able to ferry good, but the intake was giving them problems",164,164,351,blue,0,0,None,None,None,0,None,None,None,1,5,0,0,1,None,1,0,17,164,142,0,0
2026orore_qm11,qm,1,11,frc2811,frc997,frc2930,frc2811,frc6696,frc6465,frc4488,red,np,depotWall1,1,0,0,0,"{""version"":1,""segments"":[]}",0,"{""version"":1,""segments"":[]}",,0,0,8.046,"{""version"":1,""segments"":[{""start"":1774640672336,""stop"":1774640673692},{""start"":1774640674561,""stop"":1774640674605},{""start"":1774640707468,""stop"":1774640708502},{""start"":1774640709351,""stop"":1774640709594},{""start"":1774640718658,""stop"":1774640719543},{""start"":1774640746452,""stop"":1774640748477},{""start"":1774640748774,""stop"":1774640749596},{""start"":1774640767631,""stop"":1774640768614},{""start"":1774640768812,""stop"":1774640769226},{""start"":1774640769416,""stop"":1774640769524},{""start"":1774640769711,""stop"":1774640769765},{""start"":1774640769947,""stop"":1774640770025}]}",0,"{""version"":1,""segments"":[]}",0,"{""version"":1,""segments"":[]}",0,0,0,0,0,0,0,none,hit another bot and then missed a bunch of shots,shot a couple times but missed a lot,drove towards opponent zone but didn't do anything a d stationed outside of it,164,164,351,blue,0,0,None,None,None,0,None,None,None,1,5,0,0,1,None,1,0,17,164,142,0,0
2026orore_qm11,qm,1,11,frc6696,frc997,frc2930,frc2811,frc6696,frc6465,frc4488,blue,SK,depotWall1,0,0,0,1.086,"{""version"":1,""segments"":[{""start"":1774640616624,""stop"":1774640616812},{""start"":1774640617012,""stop"":1774640617910}]}",0,"{""version"":1,""segments"":[]}",Other,0,3.900000000000002,37.489,"{""version"":1,""segments"":[{""start"":1774640641622,""stop"":1774640646056},{""start"":1774640669776,""stop"":1774640681189},{""start"":1774640729833,""stop"":1774640734412},{""start"":1774640737283,""stop"":1774640738748},{""start"":1774640739181,""stop"":1774640739613},{""start"":1774640740226,""stop"":1774640740792},{""start"":1774640741496,""stop"":1774640741907},{""start"":1774640742348,""stop"":1774640743005},{""start"":1774640743314,""stop"":1774640743853},{""start"":1774640744253,""stop"":1774640744804},{""start"":1774640745172,""stop"":1774640745824},{""start"":1774640758747,""stop"":1774640760629},{""start"":1774640760780,""stop"":1774640766392},{""start"":1774640766840,""stop"":1774640767831},{""start"":1774640768174,""stop"":1774640768705},{""start"":1774640769076,""stop"":1774640769789},{""start"":1774640770188,""stop"":1774640771041},{""start"":1774640771714,""stop"":1774640772218},{""start"":1774640773366,""stop"":1774640773631},{""start"":1774640774031,""stop"":1774640774224},{""start"":1774640775009,""stop"":1774640775255}]}",24.717,"{""version"":1,""segments"":[{""start"":1774640650134,""stop"":1774640651764},{""start"":1774640652092,""stop"":1774640652583},{""start"":1774640653271,""stop"":1774640655955},{""start"":1774640656255,""stop"":1774640657306},{""start"":1774640657833,""stop"":1774640658093},{""start"":1774640658726,""stop"":1774640661275},{""start"":1774640661736,""stop"":1774640662314},{""start"":1774640662815,""stop"":1774640664432},{""start"":1774640664740,""stop"":1774640665451},{""start"":1774640665911,""stop"":1774640666421},{""start"":1774640667099,""stop"":1774640667988},{""start"":1774640668349,""stop"":1774640668716},{""start"":1774640669296,""stop"":1774640669407},{""start"":1774640701019,""stop"":1774640707546},{""start"":1774640707967,""stop"":1774640709085},{""start"":1774640710670,""stop"":1774640712307},{""start"":1774640715176,""stop"":1774640715794},{""start"":1774640723300,""stop"":1774640723998},{""start"":1774640752329,""stop"":1774640753000}]}",0.258,"{""version"":1,""segments"":[{""start"":1774640649608,""stop"":1774640649866}]}",0,0,0,0,0,0,0,none,Stated to collect but towards the end they slowed down and stopped moving,shoot really well,collected lots of balls and ferryed them.,164,351,351,blue,0,0,None,None,None,0,None,None,None,1,5,0,0,1,None,4,0,37,351,309,0,0
2026orore_qm11,qm,1,11,frc6465,frc997,frc2930,frc2811,frc6696,frc6465,frc4488,blue,SH,middle3,0,0,0,0,"{""version"":1,""segments"":[]}",0,"{""version"":1,""segments"":[]}",Other,0,0,4.054,"{""version"":1,""segments"":[{""start"":1774640670778,""stop"":1774640671287},{""start"":1774640671599,""stop"":1774640672547},{""start"":1774640676395,""stop"":1774640677633},{""start"":1774640681350,""stop"":1774640682709}]}",13.587,"{""version"":1,""segments"":[{""start"":1774640644368,""stop"":1774640649385},{""start"":1774640650083,""stop"":1774640652882},{""start"":1774640653499,""stop"":1774640655899},{""start"":1774640664255,""stop"":1774640664263},{""start"":1774640713767,""stop"":1774640714096},{""start"":1774640717124,""stop"":1774640720158}]}",0,"{""version"":1,""segments"":[]}",0,0,0,1,0,0,0,1,didn't move,Shot a lot but inconsistently. No defense at all during this point. ,played a tad of defense but retreated and just gained fuel to bring back to blue zone. ,164,351,351,blue,0,0,None,None,None,0,None,None,None,1,5,0,0,1,None,4,0,37,351,309,0,0
2026orore_qm11,qm,1,11,frc4488,frc997,frc2930,frc2811,frc6696,frc6465,frc4488,blue,AV,depot2,0,0,0,3.799,"{""version"":1,""segments"":[{""start"":1774640622656,""stop"":1774640624540},{""start"":1774640626154,""stop"":1774640627383},{""start"":1774640631939,""stop"":1774640632625}]}",0,"{""version"":1,""segments"":[]}",,0,0,25.08,"{""version"":1,""segments"":[{""start"":1774640646801,""stop"":1774640647170},{""start"":1774640670905,""stop"":1774640675931},{""start"":1774640678960,""stop"":1774640680418},{""start"":1774640688144,""stop"":1774640689919},{""start"":1774640696465,""stop"":1774640697320},{""start"":1774640719095,""stop"":1774640725090},{""start"":1774640731102,""stop"":1774640733185},{""start"":1774640738661,""stop"":1774640739228},{""start"":1774640741663,""stop"":1774640742230},{""start"":1774640751758,""stop"":1774640754415},{""start"":1774640762778,""stop"":1774640764503},{""start"":1774640773715,""stop"":1774640775718}]}",3.175,"{""version"":1,""segments"":[{""start"":1774640711159,""stop"":1774640714334}]}",0,"{""version"":1,""segments"":[]}",0,0,0,0,0,0,0,none,"They are fast and have a similar auto as us, but slower intake and balls fall out of hopper","They move fast and shoot fast, but their shots are very mistimed as the shoot in inactive times too",They collect very fast in their giant hopper but then they also drag the other balls in too,164,351,351,blue,0,0,None,None,None,0,None,None,None,1,5,0,0,1,None,4,0,37,351,309,0,0
2026orore_qm12,qm,1,12,frc1540,frc1540,frc1359,frc4662,frc6831,frc957,frc2557,red,EG,depotWall1,0,0,0,2.577,"{""version"":1,""segments"":[{""start"":1774645277444,""stop"":1774645279556},{""start"":1774645284945,""stop"":1774645285410}]}",0,"{""version"":1,""segments"":[]}",Auto 1,0,0,33.501,"{""version"":1,""segments"":[{""start"":1774645286445,""stop"":1774645288338},{""start"":1774645312976,""stop"":1774645320800},{""start"":1774645321301,""stop"":1774645321659},{""start"":1774645325058,""stop"":1774645341439},{""start"":1774645362229,""stop"":1774645362595},{""start"":1774645364220,""stop"":1774645365726},{""start"":1774645371024,""stop"":1774645371410},{""start"":1774645411033,""stop"":1774645414335},{""start"":1774645416879,""stop"":1774645418364}]}",11.133,"{""version"":1,""segments"":[{""start"":1774645295011,""stop"":1774645298278},{""start"":1774645300640,""stop"":1774645305286},{""start"":1774645323004,""stop"":1774645323143},{""start"":1774645344625,""stop"":1774645345124},{""start"":1774645394509,""stop"":1774645397091}]}",0,"{""version"":1,""segments"":[]}",0,0,0,0,0,0,0,none,,"Shot fast and consistently even while being played defense on, could score from any position in alliance zone, ",ferried with shooter ,313,313,141,red,0,0,None,None,None,30,None,Level3,None,1,20,0,0,3,None,4,0,58,313,235,30,0
2026orore_qm12,qm,1,12,frc1359,frc1540,frc1359,frc4662,frc6831,frc957,frc2557,red,AH,outpostWall5,0,0,0,3.194,"{""version"":1,""segments"":[{""start"":1774645274936,""stop"":1774645278130}]}",0,"{""version"":1,""segments"":[]}",,0,0,0,"{""version"":1,""segments"":[]}",2.092,"{""version"":1,""segments"":[{""start"":1774645439085,""stop"":1774645441177}]}",0,"{""version"":1,""segments"":[]}",0,0,0,0,0,0,0,3,"Scored lots of fuel into the hub, but was not able to get enough to win the au",Intake broke so attempted to play defense and push fuel out of the red alliance zone.,Played mediocre defense on 1540. I WAS SCOUTING SOTA BOTS MB!!!,313,313,141,red,0,0,None,None,None,30,None,Level3,None,1,20,0,0,3,None,4,0,58,313,235,30,0
2026orore_qm12,qm,1,12,frc4662,frc1540,frc1359,frc4662,frc6831,frc957,frc2557,red,AV,outpostWall5,0,0,0,0,"{""version"":1,""segments"":[]}",0,"{""version"":1,""segments"":[]}",,0,94.29999999999892,0,"{""version"":1,""segments"":[]}",0,"{""version"":1,""segments"":[]}",0,"{""version"":1,""segments"":[]}",0,0,0,1,0,1,1,3,They were stopped the entire time,They played defense at both times,They played decent defence and then powered down,313,313,141,red,0,0,None,None,None,30,None,Level3,None,1,20,0,0,3,None,4,0,58,313,235,30,0
2026orore_qm12,qm,1,12,frc6831,frc1540,frc1359,frc4662,frc6831,frc957,frc2557,blue,,depotWall1,0,0,0,0,"{""version"":1,""segments"":[]}",0,"{""version"":1,""segments"":[]}",,0,0,5.188,"{""version"":1,""segments"":[{""start"":1774645286344,""stop"":1774645287725},{""start"":1774645288746,""stop"":1774645289219},{""start"":1774645410333,""stop"":1774645411873},{""start"":1774645412103,""stop"":1774645412432},{""start"":1774645412742,""stop"":1774645413622},{""start"":1774645414276,""stop"":1774645414861}]}",0,"{""version"":1,""segments"":[]}",0,"{""version"":1,""segments"":[]}",37.700000000000266,0,0,0,0,1,0,1,Does nothing,"no ferrrying, got beached ","tried to play defense on opposing side however got beached again , was jdefending by tryin to offset shots ",313,141,141,red,0,0,None,None,None,0,None,None,None,1,15,0,1,1,None,1,0,19,141,107,0,0
2026orore_qm12,qm,1,12,frc957,frc1540,frc1359,frc4662,frc6831,frc957,frc2557,blue,,depotWall1,,,,,,,,,,,,,,,,,,,,,,,,,,,,313,141,141,red,0,0,None,None,None,0,None,None,None,1,15,0,1,1,None,1,0,19,141,107,0,0
2026orore_qm12,qm,1,12,frc2557,frc1540,frc1359,frc4662,frc6831,frc957,frc2557,blue,AE,outpost4,1,0,0,0,"{""version"":1,""segments"":[]}",0,"{""version"":1,""segments"":[]}",Auto 3,0,0,0,"{""version"":1,""segments"":[]}",0,"{""version"":1,""segments"":[]}",0,"{""version"":1,""segments"":[]}",0,0,0,1,0,1,0,4,"Ran into a team on the red alliance, most likely broke shooter","didn't shoot, played defense most of the time, was somewhat effective",same as active shift,313,141,141,red,0,0,None,None,None,0,None,None,None,1,15,0,1,1,None,1,0,19,141,107,0,0
2026orore_qm13,qm,1,13,frc5975,frc5975,frc2471,frc3669,frc2635,frc3636,frc2521,red,EG,outpost4,0,0,0,0,"{""version"":1,""segments"":[]}",0,"{""version"":1,""segments"":[]}",,0,0,0,"{""version"":1,""segments"":[]}",0,"{""version"":1,""segments"":[]}",0,"{""version"":1,""segments"":[]}",0,0,0,0,0,0,0,none,Inactive,"didn't play defense, just moved around, didn't shoot or collect, tried and failed to L1 climb in endgame","didn't play defense or collect, pushed balls into alliance zone two times",102,102,107,blue,0,0,None,None,None,0,None,None,None,0,5,0,0,0,None,0,0,58,102,39,0,0
2026orore_qm13,qm,1,13,frc2471,frc5975,frc2471,frc3669,frc2635,frc3636,frc2521,red,AH,outpostWall5,0,0,0,7.438,"{""version"":1,""segments"":[{""start"":1774645788487,""stop"":1774645791950},{""start"":1774645798105,""stop"":1774645802080}]}",0,"{""version"":1,""segments"":[]}",,0,8.299999999999986,2.801,"{""version"":1,""segments"":[{""start"":1774645813634,""stop"":1774645816117},{""start"":1774645892375,""stop"":1774645892693}]}",6.392,"{""version"":1,""segments"":[{""start"":1774645833082,""stop"":1774645839474}]}",0,"{""version"":1,""segments"":[]}",0,0,0,0,0,0,0,none,"A flawless auto, shooting lots of fuel and winning the auto.","Shooting into the hub, with the exception of the endgame, where their intake was broken by 3636 Generals.",Pushing fuel into the red alliance zone.,102,102,107,blue,0,0,None,None,None,0,None,None,None,0,5,0,0,0,None,0,0,58,102,39,0,0
2026orore_qm13,qm,1,13,frc3669,frc5975,frc2471,frc3669,frc2635,frc3636,frc2521,red,AV,depot2,0,0,0,0,"{""version"":1,""segments"":[]}",0,"{""version"":1,""segments"":[]}",,1,69.60000000000032,0,"{""version"":1,""segments"":[]}",0,"{""version"":1,""segments"":[]}",0,"{""version"":1,""segments"":[]}",0,0,0,0,0,0,0,none,They shot balls in every direction except the hub and then ran into the driver station,"They just ran around in circles. Didn't ferry, shoot and got smashed into the walls. The wall smashing might have broken them so that might be why",ran around in circles,102,102,107,blue,0,0,None,None,None,0,None,None,None,0,5,0,0,0,None,0,0,58,102,39,0,0
2026orore_qm13,qm,1,13,frc2635,frc5975,frc2471,frc3669,frc2635,frc3636,frc2521,blue,Em,middle3,0,0,0,1.356,"{""version"":1,""segments"":[{""start"":1774645784440,""stop"":1774645785796}]}",0,"{""version"":1,""segments"":[]}",,0,0,31.095,"{""version"":1,""segments"":[{""start"":1774645821136,""stop"":1774645823812},{""start"":1774645824146,""stop"":1774645827617},{""start"":1774645833307,""stop"":1774645834590},{""start"":1774645838006,""stop"":1774645839530},{""start"":1774645866447,""stop"":1774645869509},{""start"":1774645869578,""stop"":1774645872898},{""start"":1774645884394,""stop"":1774645886171},{""start"":1774645915377,""stop"":1774645924560},{""start"":1774645935189,""stop"":1774645939988}]}",0,"{""version"":1,""segments"":[]}",0,"{""version"":1,""segments"":[]}",0,0,0,0,0,0,0,none,Balls fell out trough the intkew,"Collected and shot the entretme, shooting one ball at a time",collected a full hopper to shoot during active shift ,102,107,107,blue,0,0,None,None,None,0,None,None,None,1,0,0,0,1,None,4,0,22,107,85,0,0
2026orore_qm13,qm,1,13,frc3636,frc5975,frc2471,frc3669,frc2635,frc3636,frc2521,blue,AB,depotWall1,0,0,0,2.021,"{""version"":1,""segments"":[{""start"":1774645795198,""stop"":1774645797219}]}",5.096,"{""version"":1,""segments"":[{""start"":1774645788904,""stop"":1774645794000}]}",,0,0,0,"{""version"":1,""segments"":[]}",0,"{""version"":1,""segments"":[]}",0,"{""version"":1,""segments"":[]}",0,0,0,1,0,1,1,5,shot some in,played defense in the alliance zone and pushed some fuel into alliance zone,"continued to play defense

",102,107,107,blue,0,0,None,None,None,0,None,None,None,1,0,0,0,1,None,4,0,22,107,85,0,0
2026orore_qm13,qm,1,13,frc2521,frc5975,frc2471,frc3669,frc2635,frc3636,frc2521,blue,AE,outpost4,0,0,0,1.884,"{""version"":1,""segments"":[{""start"":1774645789220,""stop"":1774645791104}]}",0,"{""version"":1,""segments"":[]}",Auto 1,0,0,0,"{""version"":1,""segments"":[]}",0,"{""version"":1,""segments"":[]}",0,"{""version"":1,""segments"":[]}",0,0,0,1,0,0,0,3,"shooter worked well and was fast, intake was very efficient","They didn't shoot for some reason, instead just ferried by pushing and giving fuel to human players. The human players did very good",same as active shift,102,107,107,blue,0,0,None,None,None,0,None,None,None,1,0,0,0,1,None,4,0,22,107,85,0,0
2026orore_qm14,qm,1,14,frc5970,frc5970,frc2811,frc4488,frc10444,frc9567,frc2898,red,EG,middle3,0,0,0,0,"{""version"":1,""segments"":[]}",0,"{""version"":1,""segments"":[]}",,0,79.49999999999976,0.704,"{""version"":1,""segments"":[{""start"":1774646300195,""stop"":1774646300899}]}",0,"{""version"":1,""segments"":[]}",0,"{""version"":1,""segments"":[]}",0,0,0,0,0,0,0,none,Inactive,"Not accurate shooter, shoots straight up very high (like above the top of the screen), just stopped moving about half through",stopped moving half way through the match,242,242,43,red,0,0,None,None,None,0,None,None,None,1,5,0,0,0,None,4,0,34,242,203,0,0
2026orore_qm14,qm,1,14,frc2811,frc5970,frc2811,frc4488,frc10444,frc9567,frc2898,red,AH,depotWall1,0,0,0,0,"{""version"":1,""segments"":[]}",0,"{""version"":1,""segments"":[]}",,0,0,34.41,"{""version"":1,""segments"":[{""start"":1774646316867,""stop"":1774646318868},{""start"":1774646319256,""stop"":1774646319568},{""start"":1774646322453,""stop"":1774646322927},{""start"":1774646327757,""stop"":1774646328293},{""start"":1774646330598,""stop"":1774646331501},{""start"":1774646332014,""stop"":1774646332172},{""start"":1774646333009,""stop"":1774646333124},{""start"":1774646333245,""stop"":1774646333324},{""start"":1774646333433,""stop"":1774646333504},{""start"":1774646333613,""stop"":1774646333721},{""start"":1774646333785,""stop"":1774646333864},{""start"":1774646333952,""stop"":1774646334024},{""start"":1774646334132,""stop"":1774646334192},{""start"":1774646334332,""stop"":1774646334421},{""start"":1774646334485,""stop"":1774646335420},{""start"":1774646335591,""stop"":1774646336230},{""start"":1774646337044,""stop"":1774646341520},{""start"":1774646373960,""stop"":1774646384233},{""start"":1774646385323,""stop"":1774646387483},{""start"":1774646399946,""stop"":1774646409200},{""start"":1774646419668,""stop"":1774646421284}]}",6.524,"{""version"":1,""segments"":[{""start"":1774646299341,""stop"":1774646301784},{""start"":1774646302112,""stop"":1774646302505},{""start"":1774646397680,""stop"":1774646401368}]}",0,"{""version"":1,""segments"":[]}",0,0,0,0,0,0,0,none,"Single swipe auto, scoring a few fuel.",Scoring fuel into the hub with a rather slow bps.,Collecting fuel from the neutral zone.,242,242,43,red,0,0,None,None,None,0,None,None,None,1,5,0,0,0,None,4,0,34,242,203,0,0
2026orore_qm14,qm,1,14,frc4488,frc5970,frc2811,frc4488,frc10444,frc9567,frc2898,red,AV,outpostWall5,0,0,0,4.194,"{""version"":1,""segments"":[{""start"":1774646264054,""stop"":1774646267227},{""start"":1774646276581,""stop"":1774646277602}]}",0,"{""version"":1,""segments"":[]}",,0,0,19.747,"{""version"":1,""segments"":[{""start"":1774646289362,""stop"":1774646290886},{""start"":1774646316665,""stop"":1774646321819},{""start"":1774646328163,""stop"":1774646328940},{""start"":1774646332694,""stop"":1774646336977},{""start"":1774646368182,""stop"":1774646369700},{""start"":1774646373779,""stop"":1774646374524},{""start"":1774646383535,""stop"":1774646385304},{""start"":1774646406834,""stop"":1774646409337},{""start"":1774646419654,""stop"":1774646421128}]}",1.276,"{""version"":1,""segments"":[{""start"":1774646306572,""stop"":1774646307848}]}",0,"{""version"":1,""segments"":[]}",24.60000000000008,0,0,0,0,0,0,none,Simialr auto to us but they take so time after done shooting,They have a very fast shooter and hooper and ferry by pushing the balls into their area,They collected and pushed balls into their area,242,242,43,red,0,0,None,None,None,0,None,None,None,1,5,0,0,0,None,4,0,34,242,203,0,0
2026orore_qm14,qm,1,14,frc10444,frc5970,frc2811,frc4488,frc10444,frc9567,frc2898,blue,em,middle3,0,0,0,3.116,"{""version"":1,""segments"":[{""start"":1774646279676,""stop"":1774646282792}]}",0,"{""version"":1,""segments"":[]}",,0,0,0,"{""version"":1,""segments"":[]}",0,"{""version"":1,""segments"":[]}",0,"{""version"":1,""segments"":[]}",0,,,,,,,,moves back a little and then overshot its entire hopper,trying to collect balls without intake down and active,"still,, trying to collect balls without an intake active.... uh...
oh they also seem slow too, they crawled aroundb the entire field",242,43,43,red,0,0,None,None,None,0,None,None,None,0,0,0,0,1,None,0,0,13,43,30,0,0
2026orore_qm14,qm,1,14,frc9567,frc5970,frc2811,frc4488,frc10444,frc9567,frc2898,blue,AB,depot2,0,0,0,3.32,"{""version"":1,""segments"":[{""start"":1774646257969,""stop"":1774646261289}]}",0,"{""version"":1,""segments"":[]}",,0,0,1.101,"{""version"":1,""segments"":[{""start"":1774646359840,""stop"":1774646360941}]}",3.005,"{""version"":1,""segments"":[{""start"":1774646361739,""stop"":1774646362067},{""start"":1774646376065,""stop"":1774646376256},{""start"":1774646376417,""stop"":1774646376937},{""start"":1774646377375,""stop"":1774646377402},{""start"":1774646377596,""stop"":1774646377622},{""start"":1774646377775,""stop"":1774646377821},{""start"":1774646377975,""stop"":1774646378002},{""start"":1774646378155,""stop"":1774646378193},{""start"":1774646378334,""stop"":1774646378374},{""start"":1774646378502,""stop"":1774646379143},{""start"":1774646379321,""stop"":1774646379803},{""start"":1774646380620,""stop"":1774646380980},{""start"":1774646381272,""stop"":1774646381493},{""start"":1774646381811,""stop"":1774646381869}]}",2.943,"{""version"":1,""segments"":[{""start"":1774646361180,""stop"":1774646361519},{""start"":1774646362757,""stop"":1774646362838},{""start"":1774646362977,""stop"":1774646363025},{""start"":1774646363137,""stop"":1774646364524},{""start"":1774646380061,""stop"":1774646380591},{""start"":1774646380934,""stop"":1774646381213},{""start"":1774646381592,""stop"":1774646381770},{""start"":1774646381978,""stop"":1774646382079}]}",3.900000000000002,0,0,0,0,0,0,none,shot a few in then didn't move for the rest of the time period,Pushed balls into they're alliance zone and did a lot of driving in circles,pushed balls into alliance zone,242,43,43,red,0,0,None,None,None,0,None,None,None,0,0,0,0,1,None,0,0,13,43,30,0,0
2026orore_qm14,qm,1,14,frc2898,frc5970,frc2811,frc4488,frc10444,frc9567,frc2898,blue,AE,outpostWall5,0,0,0,0,"{""version"":1,""segments"":[]}",0,"{""version"":1,""segments"":[]}",Auto 3,0,0,0,"{""version"":1,""segments"":[]}",0,"{""version"":1,""segments"":[]}",0,"{""version"":1,""segments"":[]}",0,0,0,1,0,0,0,2,"they intook, but stayed still instead of shooting",shooter was very slow and not accurate. they didn't get defended,their defense wasn't very effective and they only did a little bit,242,43,43,red,0,0,None,None,None,0,None,None,None,0,0,0,0,1,None,0,0,13,43,30,0,0
2026orore_qm15,qm,1,15,frc10991,frc10991,frc2733,frc2930,frc749,frc1425,frc1359,red,EG,depotWall1,0,0,0,1.376,"{""version"":1,""segments"":[{""start"":1774646835377,""stop"":1774646836753}]}",0,"{""version"":1,""segments"":[]}",Other,0,0,8.354,"{""version"":1,""segments"":[{""start"":1774646915867,""stop"":1774646918268},{""start"":1774646929306,""stop"":1774646932707},{""start"":1774646973212,""stop"":1774646974843},{""start"":1774646993449,""stop"":1774646994370}]}",1.369,"{""version"":1,""segments"":[{""start"":1774646949406,""stop"":1774646950775}]}",0,"{""version"":1,""segments"":[]}",0,0,0,0,0,0,0,none,Scored then collected then when back to score,"shot fairly well, saved beached team mate. ",collected fuel,112,112,207,blue,0,0,None,None,None,0,None,None,None,1,5,0,0,1,None,1,0,19,112,88,0,0
2026orore_qm15,qm,1,15,frc2733,frc10991,frc2733,frc2930,frc749,frc1425,frc1359,red,AH,middle3,0,0,0,0.313,"{""version"":1,""segments"":[{""start"":1774646834042,""stop"":1774646834355}]}",0,"{""version"":1,""segments"":[]}",,0,0,1.68,"{""version"":1,""segments"":[{""start"":1774646860565,""stop"":1774646862245}]}",0,"{""version"":1,""segments"":[]}",0,"{""version"":1,""segments"":[]}",17.899999999999984,0,0,0,0,1,0,1,Center auto. Simply leaving the beginning state.,"Beached on fuel for the first shift, and then decided to defend us during the remainder of the match, but was doing a terrible job.",Attempts to defend us but fails. We (1425) are a fixed shooter which is easier to defend but Pigmice did have some trouble defending us.,112,112,207,blue,0,0,None,None,None,0,None,None,None,1,5,0,0,1,None,1,0,19,112,88,0,0
2026orore_qm15,qm,1,15,frc2930,frc10991,frc2733,frc2930,frc749,frc1425,frc1359,red,AV,outpost4,0,0,0,0,"{""version"":1,""segments"":[]}",0,"{""version"":1,""segments"":[]}",,0,0,13.171,"{""version"":1,""segments"":[{""start"":1774646858294,""stop"":1774646861857},{""start"":1774646890604,""stop"":1774646891154},{""start"":1774646916084,""stop"":1774646919076},{""start"":1774646928419,""stop"":1774646930787},{""start"":1774646941077,""stop"":1774646941144},{""start"":1774646941722,""stop"":1774646942085},{""start"":1774646972909,""stop"":1774646973893},{""start"":1774646974802,""stop"":1774646975137},{""start"":1774646984083,""stop"":1774646985669},{""start"":1774646986177,""stop"":1774646986540}]}",3.961,"{""version"":1,""segments"":[{""start"":1774646899164,""stop"":1774646900826},{""start"":1774646902554,""stop"":1774646904168},{""start"":1774646977395,""stop"":1774646978080}]}",0,"{""version"":1,""segments"":[]}",0,0,0,0,0,0,0,none,Spent the entire time collecting,They score very slowly and 2 at a time,they have very fast and good ferrying,112,112,207,blue,0,0,None,None,None,0,None,None,None,1,5,0,0,1,None,1,0,19,112,88,0,0
2026orore_qm15,qm,1,15,frc749,frc10991,frc2733,frc2930,frc749,frc1425,frc1359,blue,,depotWall1,0,0,0,1.737,"{""version"":1,""segments"":[{""start"":1774646844881,""stop"":1774646845081},{""start"":1774646847032,""stop"":1774646847189},{""start"":1774646847193,""stop"":1774646847329},{""start"":1774646847332,""stop"":1774646847469},{""start"":1774646847472,""stop"":1774646847644},{""start"":1774646847648,""stop"":1774646847814},{""start"":1774646847818,""stop"":1774646847964},{""start"":1774646847967,""stop"":1774646848094},{""start"":1774646848096,""stop"":1774646848234},{""start"":1774646848237,""stop"":1774646848389},{""start"":1774646848394,""stop"":1774646848600}]}",0,"{""version"":1,""segments"":[]}",,0,0,12.013,"{""version"":1,""segments"":[{""start"":1774646902784,""stop"":1774646902871},{""start"":1774646903284,""stop"":1774646909091},{""start"":1774646952725,""stop"":1774646954391},{""start"":1774646956540,""stop"":1774646956831},{""start"":1774646972337,""stop"":1774646972453},{""start"":1774646973699,""stop"":1774646973903},{""start"":1774646974052,""stop"":1774646977894}]}",2.183,"{""version"":1,""segments"":[{""start"":1774646935634,""stop"":1774646937817}]}",0,"{""version"":1,""segments"":[]}",1.4000000000000001,0,0,0,0,0,0,none,"didnt totally see due to my tablet glitching out and needing to fix it, however ",collected and shot but was slow and had spent most time trying to line up its shots,collecting and i didnt even realize tey were ferrying because they had been slowly rolling them underneath the trench,112,207,207,blue,0,0,None,None,None,10,None,None,Level1,1,5,0,0,1,None,4,0,64,207,138,10,0
2026orore_qm15,qm,1,15,frc1425,frc10991,frc2733,frc2930,frc749,frc1425,frc1359,blue,AB,depotWall1,0,0,0,8.849,"{""version"":1,""segments"":[{""start"":1774646832523,""stop"":1774646836128},{""start"":1774646836279,""stop"":1774646836588},{""start"":1774646836759,""stop"":1774646836838},{""start"":1774646836939,""stop"":1774646837038},{""start"":1774646837139,""stop"":1774646837195},{""start"":1774646837277,""stop"":1774646837408},{""start"":1774646837578,""stop"":1774646837787},{""start"":1774646837838,""stop"":1774646837919},{""start"":1774646838077,""stop"":1774646838147},{""start"":1774646838285,""stop"":1774646838345},{""start"":1774646838497,""stop"":1774646838545},{""start"":1774646838696,""stop"":1774646838766},{""start"":1774646838877,""stop"":1774646838986},{""start"":1774646841047,""stop"":1774646841894},{""start"":1774646845088,""stop"":1774646848164}]}",0,"{""version"":1,""segments"":[]}",Other,0,0,10.553,"{""version"":1,""segments"":[{""start"":1774646865485,""stop"":1774646866587},{""start"":1774646888248,""stop"":1774646895178},{""start"":1774646910676,""stop"":1774646911916},{""start"":1774646996310,""stop"":1774646997591}]}",0,"{""version"":1,""segments"":[]}",6.371,"{""version"":1,""segments"":[{""start"":1774646871000,""stop"":1774646874226},{""start"":1774646874636,""stop"":1774646874735},{""start"":1774646874856,""stop"":1774646874925},{""start"":1774646875035,""stop"":1774646876273},{""start"":1774646877297,""stop"":1774646877406},{""start"":1774646877676,""stop"":1774646877723},{""start"":1774646997827,""stop"":1774646999410}]}",0,0,0,0,0,0,0,none,scored 2 hoppers of balls,scored more balls ,Collected more in the hopper and pushed more into alliance zone,112,207,207,blue,0,0,None,None,None,10,None,None,Level1,1,5,0,0,1,None,4,0,64,207,138,10,0
2026orore_qm15,qm,1,15,frc1359,frc10991,frc2733,frc2930,frc749,frc1425,frc1359,blue,AE,middle3,0,0,0,2.301,"{""version"":1,""segments"":[{""start"":1774646831368,""stop"":1774646833669}]}",0,"{""version"":1,""segments"":[]}",Auto 1,0,0,0,"{""version"":1,""segments"":[]}",0,"{""version"":1,""segments"":[]}",0,"{""version"":1,""segments"":[]}",0,10,0,0,0,0,0,none,"Their shooter worked okay, it was a little slow. unsucessful climb","Didn't shoot, even though they did in auto. they just wandered around aimlessly",they occasionally ferried by pushing ,112,207,207,blue,0,0,None,None,None,10,None,None,Level1,1,5,0,0,1,None,4,0,64,207,138,10,0
2026orore_qm16,qm,1,16,frc3674,frc3674,frc4915,frc9600,frc9430,frc6831,frc2550,red,EG,outpostWall5,0,0,0,2.961,"{""version"":1,""segments"":[{""start"":1774647341841,""stop"":1774647344333},{""start"":1774647382985,""stop"":1774647383454}]}",0,"{""version"":1,""segments"":[]}",Auto 1,0,79.49999999999976,32.627,"{""version"":1,""segments"":[{""start"":1774646300195,""stop"":1774646300899},{""start"":1774647384674,""stop"":1774647386495},{""start"":1774647389947,""stop"":1774647393021},{""start"":1774647393094,""stop"":1774647393201},{""start"":1774647398540,""stop"":1774647398603},{""start"":1774647398637,""stop"":1774647402279},{""start"":1774647431995,""stop"":1774647436156},{""start"":1774647442450,""stop"":1774647446424},{""start"":1774647453751,""stop"":1774647458900},{""start"":1774647468338,""stop"":1774647474985},{""start"":1774647476427,""stop"":1774647479712}]}",0,"{""version"":1,""segments"":[]}",0,"{""version"":1,""segments"":[]}",0,0,0,0,0,0,0,none,followed auto1,scored a lot fairly accurate ,"Climber was still up after auto and hit the trench, was about to climb in endgame, collocted",259,259,162,red,0,15,Level1,None,None,10,None,Level1,None,1,10,0,0,0,None,4,0,54,259,195,25,0
2026orore_qm16,qm,1,16,frc4915,frc3674,frc4915,frc9600,frc9430,frc6831,frc2550,red,AH,depotWall1,0,0,0,5.326,"{""version"":1,""segments"":[{""start"":1774647327894,""stop"":1774647331746},{""start"":1774647338810,""stop"":1774647339733},{""start"":1774647340081,""stop"":1774647340632}]}",0,"{""version"":1,""segments"":[]}",,0,0,0,"{""version"":1,""segments"":[]}",3.566,"{""version"":1,""segments"":[{""start"":1774647386755,""stop"":1774647387292},{""start"":1774647387731,""stop"":1774647387802},{""start"":1774647388019,""stop"":1774647388111},{""start"":1774647388304,""stop"":1774647388360},{""start"":1774647388567,""stop"":1774647388650},{""start"":1774647388781,""stop"":1774647388833},{""start"":1774647388961,""stop"":1774647389051},{""start"":1774647389134,""stop"":1774647389210},{""start"":1774647389293,""stop"":1774647389390},{""start"":1774647391705,""stop"":1774647392103},{""start"":1774647392460,""stop"":1774647392490},{""start"":1774647448063,""stop"":1774647449196},{""start"":1774647452159,""stop"":1774647452422},{""start"":1774647452639,""stop"":1774647452701},{""start"":1774647453110,""stop"":1774647453181},{""start"":1774647465738,""stop"":1774647466140},{""start"":1774647466406,""stop"":1774647466459}]}",0,"{""version"":1,""segments"":[]}",0,0,1,0,0,1,0,2,"Shot some fuel into the red hub, but after the autonomous period, their shooter stopped working.",Ferrying fuel over to their alliance's zone.,Ferrying fuel over to their alliance zone + defending Skynet with rather ok strategies. 2/5.,259,259,162,red,0,15,Level1,None,None,10,None,Level1,None,1,10,0,0,0,None,4,0,54,259,195,25,0
2026orore_qm16,qm,1,16,frc9600,frc3674,frc4915,frc9600,frc9430,frc6831,frc2550,red,AV,depot2,0,0,0,0,"{""version"":1,""segments"":[]}",0,"{""version"":1,""segments"":[]}",,0,0,19.558,"{""version"":1,""segments"":[{""start"":1774647394853,""stop"":1774647399606},{""start"":1774647432630,""stop"":1774647432953},{""start"":1774647433459,""stop"":1774647433750},{""start"":1774647433943,""stop"":1774647435509},{""start"":1774647435915,""stop"":1774647438026},{""start"":1774647438736,""stop"":1774647440383},{""start"":1774647443263,""stop"":1774647443508},{""start"":1774647470641,""stop"":1774647471907},{""start"":1774647472514,""stop"":1774647472825},{""start"":1774647473234,""stop"":1774647474723},{""start"":1774647474939,""stop"":1774647478621},{""start"":1774647480036,""stop"":1774647481372},{""start"":1774647482156,""stop"":1774647482694}]}",11.388,"{""version"":1,""segments"":[{""start"":1774647367372,""stop"":1774647378760}]}",0,"{""version"":1,""segments"":[]}",0,0,0,0,0,0,0,none,spent time collecting,They shoot not super accueratly or fast. ,They ferry and collect pretty fast. Decent bot,259,259,162,red,0,15,Level1,None,None,10,None,Level1,None,1,10,0,0,0,None,4,0,54,259,195,25,0
2026orore_qm16,qm,1,16,frc9430,frc3674,frc4915,frc9600,frc9430,frc6831,frc2550,blue,,depotWall1,0,0,0,4.912,"{""version"":1,""segments"":[{""start"":1774647325615,""stop"":1774647328299},{""start"":1774647335511,""stop"":1774647336194},{""start"":1774647337909,""stop"":1774647339454}]}",0,"{""version"":1,""segments"":[]}",,0,0.9999999999999999,18.113,"{""version"":1,""segments"":[{""start"":1774647357449,""stop"":1774647359849},{""start"":1774647363523,""stop"":1774647363673},{""start"":1774647367122,""stop"":1774647369922},{""start"":1774647372791,""stop"":1774647375690},{""start"":1774647377462,""stop"":1774647378184},{""start"":1774647402536,""stop"":1774647402660},{""start"":1774647403240,""stop"":1774647407548},{""start"":1774647415729,""stop"":1774647418961},{""start"":1774647423122,""stop"":1774647424600}]}",2.762,"{""version"":1,""segments"":[{""start"":1774647475373,""stop"":1774647478135}]}",0,"{""version"":1,""segments"":[]}",0,0,0,0,0,1,0,1,"collects full hopper immedaitely and go qand shoots,does this twice, runs ouyt of time on secon","collects and fills hopper using nearest balls possible, tries to get at least over halfway before shooting, extremely fast but fell off in efficient collecting and shooting at the middle of the match","collected a full hopper but then sat near their hub to be ready to shoot, at the shit before endgame they were pushing balls in manually through the trench",259,162,162,red,0,0,None,None,None,10,None,None,Level1,1,0,0,0,2,None,1,0,37,162,125,10,0
2026orore_qm16,qm,1,16,frc6831,frc3674,frc4915,frc9600,frc9430,frc6831,frc2550,blue,AB,middle3,0,0,0,1.623,"{""version"":1,""segments"":[{""start"":1774647322386,""stop"":1774647323201},{""start"":1774647323697,""stop"":1774647324505}]}",0,"{""version"":1,""segments"":[]}",Auto 1,0,0,5.224,"{""version"":1,""segments"":[{""start"":1774647406127,""stop"":1774647411351}]}",1.495,"{""version"":1,""segments"":[{""start"":1774647380035,""stop"":1774647380191},{""start"":1774647413486,""stop"":1774647414324},{""start"":1774647414485,""stop"":1774647414986}]}",12.305,"{""version"":1,""segments"":[{""start"":1774647415864,""stop"":1774647423146},{""start"":1774647423417,""stop"":1774647425233},{""start"":1774647459977,""stop"":1774647460178},{""start"":1774647460318,""stop"":1774647463324}]}",0,0,0,0,0,1,1,3,shot some in then didn't move ,shot a some fuel in then played defense,played defense,259,162,162,red,0,0,None,None,None,10,None,None,Level1,1,0,0,0,2,None,1,0,37,162,125,10,0
2026orore_qm16,qm,1,16,frc2550,frc3674,frc4915,frc9600,frc9430,frc6831,frc2550,blue,AE,outpost4,0,0,0,0,"{""version"":1,""segments"":[]}",0,"{""version"":1,""segments"":[]}",Auto 2,0,0,3.038,"{""version"":1,""segments"":[{""start"":1774647372179,""stop"":1774647372538},{""start"":1774647410730,""stop"":1774647412060},{""start"":1774647462488,""stop"":1774647463837}]}",0,"{""version"":1,""segments"":[]}",0,"{""version"":1,""segments"":[]}",0,10,1,0,0,0,0,none,"They got in position to shoot, but didn't actually do it",They shot a little but it was sad (very slow and inaccurate),ferried by pushing. Intake broke halfway through,259,162,162,red,0,0,None,None,None,10,None,None,Level1,1,0,0,0,2,None,1,0,37,162,125,10,0
2026orore_qm17,qm,1,17,frc2915,frc2915,frc8032,frc955,frc2990,frc997,frc6465,red,EG,middle3,0,0,0,0,"{""version"":1,""segments"":[]}",0,"{""version"":1,""segments"":[]}",Other,0,0,16.008,"{""version"":1,""segments"":[{""start"":1774647861736,""stop"":1774647862671},{""start"":1774647890929,""stop"":1774647895073},{""start"":1774647899264,""stop"":1774647899988},{""start"":1774647943378,""stop"":1774647945154},{""start"":1774647946755,""stop"":1774647948687},{""start"":1774647952903,""stop"":1774647953741},{""start"":1774647965139,""stop"":1774647970798}]}",0,"{""version"":1,""segments"":[]}",0,"{""version"":1,""segments"":[]}",0,,,,,,,,Inactive,"Fairly good shot, scored a good amount",Drives slowly and collects slowly,315,315,273,red,0,0,None,None,None,0,None,None,None,1,20,0,1,0,None,4,0,28,315,267,0,0
2026orore_qm17,qm,1,17,frc8032,frc2915,frc8032,frc955,frc2990,frc997,frc6465,red,AH,depotWall1,0,0,0,9.115,"{""version"":1,""segments"":[{""start"":1774647840203,""stop"":1774647848521},{""start"":1774647863669,""stop"":1774647864466}]}",0,"{""version"":1,""segments"":[]}",,0,0,24.135,"{""version"":1,""segments"":[{""start"":1774647869438,""stop"":1774647871409},{""start"":1774647871626,""stop"":1774647871657},{""start"":1774647872126,""stop"":1774647872168},{""start"":1774647890170,""stop"":1774647897420},{""start"":1774647962824,""stop"":1774647963976},{""start"":1774647972069,""stop"":1774647979197},{""start"":1774647983779,""stop"":1774647984321},{""start"":1774647985529,""stop"":1774647991478},{""start"":1774647995375,""stop"":1774647995415},{""start"":1774647995843,""stop"":1774647995873}]}",2.056,"{""version"":1,""segments"":[{""start"":1774647927721,""stop"":1774647929722},{""start"":1774647929958,""stop"":1774647930013}]}",0,"{""version"":1,""segments"":[]}",0,0,0,0,0,0,0,4,Double swipe auto to neutral zone.,8032 mainly focused on shooting fuel with the source of the opposing alliance zone. Shooting said fuel rapidly into the red hub.,Collecting fuel from the blue alliance zone.,315,315,273,red,0,0,None,None,None,0,None,None,None,1,20,0,1,0,None,4,0,28,315,267,0,0
2026orore_qm17,qm,1,17,frc955,frc2915,frc8032,frc955,frc2990,frc997,frc6465,red,AV,outpostWall5,0,0,0,0,"{""version"":1,""segments"":[]}",0,"{""version"":1,""segments"":[]}",,0,0,47.14,"{""version"":1,""segments"":[{""start"":1774647858839,""stop"":1774647862355},{""start"":1774647863683,""stop"":1774647864401},{""start"":1774647886895,""stop"":1774647888774},{""start"":1774647888954,""stop"":1774647894528},{""start"":1774647896233,""stop"":1774647906330},{""start"":1774647911697,""stop"":1774647913472},{""start"":1774647938179,""stop"":1774647947312},{""start"":1774647948161,""stop"":1774647948686},{""start"":1774647955653,""stop"":1774647956119},{""start"":1774647956478,""stop"":1774647957358},{""start"":1774647957754,""stop"":1774647958168},{""start"":1774647965786,""stop"":1774647967320},{""start"":1774647968140,""stop"":1774647968895},{""start"":1774647970737,""stop"":1774647970755},{""start"":1774647970756,""stop"":1774647970875},{""start"":1774647978947,""stop"":1774647981469},{""start"":1774647982395,""stop"":1774647983470},{""start"":1774647983723,""stop"":1774647986747},{""start"":1774647987188,""stop"":1774647988415},{""start"":1774647988926,""stop"":1774647989387},{""start"":1774647990531,""stop"":1774647991178},{""start"":1774647992832,""stop"":1774647993239},{""start"":1774647993959,""stop"":1774647994333}]}",2.692,"{""version"":1,""segments"":[{""start"":1774647868997,""stop"":1774647870523},{""start"":1774647878536,""stop"":1774647879702}]}",0,"{""version"":1,""segments"":[]}",0,0,0,0,0,0,0,none,They collected really fast then a-stopped,They were really fast and shot so much. They would shoot while moving back and collecting. Just won't stop shooting,The ferried really fast,315,315,273,red,0,0,None,None,None,0,None,None,None,1,20,0,1,0,None,4,0,28,315,267,0,0
2026orore_qm17,qm,1,17,frc2990,frc2915,frc8032,frc955,frc2990,frc997,frc6465,blue,em,depotWall1,1,0,0,0,"{""version"":1,""segments"":[]}",0,"{""version"":1,""segments"":[]}",,0,0,21.899,"{""version"":1,""segments"":[{""start"":1774647860266,""stop"":1774647864938},{""start"":1774647878788,""stop"":1774647881878},{""start"":1774647883352,""stop"":1774647883569},{""start"":1774647889486,""stop"":1774647890125},{""start"":1774647910831,""stop"":1774647915663},{""start"":1774647925192,""stop"":1774647927484},{""start"":1774647971256,""stop"":1774647972019},{""start"":1774647972220,""stop"":1774647972505},{""start"":1774647972674,""stop"":1774647972790},{""start"":1774647972965,""stop"":1774647973065},{""start"":1774647983265,""stop"":1774647987809},{""start"":1774647988105,""stop"":1774647988454}]}",0,"{""version"":1,""segments"":[]}",0,"{""version"":1,""segments"":[]}",0,0,0,0,0,0,0,none,rushed to enutral zone and got stuck in the middoe,"collected and shot balls as fast as possible,,, empties their entire hopper very fast","stole balls from the opponent side very fast and stole a lot, used them to fill a hopper before continuning to push balls with them through depot trench",315,273,273,red,0,0,None,None,None,0,None,None,None,1,15,0,1,1,None,1,0,25,273,233,0,0
2026orore_qm17,qm,1,17,frc997,frc2915,frc8032,frc955,frc2990,frc997,frc6465,blue,AB,outpostWall5,0,0,0,4.436,"{""version"":1,""segments"":[{""start"":1774647838210,""stop"":1774647841894},{""start"":1774647848605,""stop"":1774647849357}]}",2.866,"{""version"":1,""segments"":[{""start"":1774647831368,""stop"":1774647834234}]}",Auto 1,0,0,29.405,"{""version"":1,""segments"":[{""start"":1774647863302,""stop"":1774647866847},{""start"":1774647878258,""stop"":1774647883902},{""start"":1774647914262,""stop"":1774647916342},{""start"":1774647924501,""stop"":1774647927223},{""start"":1774647928968,""stop"":1774647929005},{""start"":1774647929708,""stop"":1774647929790},{""start"":1774647932090,""stop"":1774647933709},{""start"":1774647934189,""stop"":1774647934689},{""start"":1774647934928,""stop"":1774647935408},{""start"":1774647935847,""stop"":1774647935958},{""start"":1774647935997,""stop"":1774647936349},{""start"":1774647936438,""stop"":1774647936538},{""start"":1774647936638,""stop"":1774647936728},{""start"":1774647936798,""stop"":1774647936888},{""start"":1774647936998,""stop"":1774647937087},{""start"":1774647937197,""stop"":1774647937286},{""start"":1774647937378,""stop"":1774647937448},{""start"":1774647937598,""stop"":1774647937647},{""start"":1774647937777,""stop"":1774647937877},{""start"":1774647937998,""stop"":1774647938055},{""start"":1774647938177,""stop"":1774647938267},{""start"":1774647938397,""stop"":1774647938466},{""start"":1774647938577,""stop"":1774647938646},{""start"":1774647938777,""stop"":1774647938843},{""start"":1774647963814,""stop"":1774647966383},{""start"":1774647966891,""stop"":1774647969511},{""start"":1774647977645,""stop"":1774647978825},{""start"":1774647978923,""stop"":1774647983001},{""start"":1774647985101,""stop"":1774647985859}]}",0.649,"{""version"":1,""segments"":[{""start"":1774647861703,""stop"":1774647861837},{""start"":1774647916001,""stop"":1774647916100},{""start"":1774647935161,""stop"":1774647935260},{""start"":1774647985511,""stop"":1774647985828}]}",13.194,"{""version"":1,""segments"":[{""start"":1774647862209,""stop"":1774647863026},{""start"":1774647865979,""stop"":1774647866126},{""start"":1774647903355,""stop"":1774647908115},{""start"":1774647967083,""stop"":1774647967308},{""start"":1774647967411,""stop"":1774647969121},{""start"":1774647969601,""stop"":1774647975136}]}",0,0,0,0,0,0,0,none,shot all of they're fuel in went and got more fuel then shot those in,shot more in ,Collected fuel and waited for active shift to shoot,315,273,273,red,0,0,None,None,None,0,None,None,None,1,15,0,1,1,None,1,0,25,273,233,0,0
2026orore_qm17,qm,1,17,frc6465,frc2915,frc8032,frc955,frc2990,frc997,frc6465,blue,AE,middle3,0,0,0,0,"{""version"":1,""segments"":[]}",0,"{""version"":1,""segments"":[]}",Other,0,0.7999999999999999,1.319,"{""version"":1,""segments"":[{""start"":1774647883844,""stop"":1774647885163}]}",0,"{""version"":1,""segments"":[]}",0,"{""version"":1,""segments"":[]}",0,0,0,1,0,1,0,2,No auto,"They attempted to shoot, but it was sad and slow",they tried to play defense but it wasn't very effective,315,273,273,red,0,0,None,None,None,0,None,None,None,1,15,0,1,1,None,1,0,25,273,233,0,0
2026orore_qm18,qm,1,18,frc2557,frc2557,frc6696,frc2471,frc2521,frc5975,frc1540,red,,depotWall1,,,,,,,,,,,,,,,,,,,,,,,,,,,,372,372,334,red,0,0,None,None,None,0,None,None,None,1,5,0,0,0,None,5,1,74,372,293,0,0
2026orore_qm18,qm,1,18,frc6696,frc2557,frc6696,frc2471,frc2521,frc5975,frc1540,red,AH,depotWall1,0,0,0,0,"{""version"":1,""segments"":[]}",0,"{""version"":1,""segments"":[]}",,0,,,,,,,,,,,,,,,,,,,372,372,334,red,0,0,None,None,None,0,None,None,None,1,5,0,0,0,None,5,1,74,372,293,0,0
2026orore_qm18,qm,1,18,frc2471,frc2557,frc6696,frc2471,frc2521,frc5975,frc1540,red,,outpostWall5,0,0,0,2.427,"{""version"":1,""segments"":[{""start"":1774648330567,""stop"":1774648332994}]}",2.815,"{""version"":1,""segments"":[{""start"":1774648340174,""stop"":1774648342989}]}",,0,0,32.189,"{""version"":1,""segments"":[{""start"":1774648353745,""stop"":1774648355388},{""start"":1774648368745,""stop"":1774648369679},{""start"":1774648382172,""stop"":1774648385848},{""start"":1774648386145,""stop"":1774648386739},{""start"":1774648387000,""stop"":1774648387386},{""start"":1774648387722,""stop"":1774648388058},{""start"":1774648388359,""stop"":1774648388738},{""start"":1774648392185,""stop"":1774648392206},{""start"":1774648392207,""stop"":1774648392553},{""start"":1774648392770,""stop"":1774648392925},{""start"":1774648395379,""stop"":1774648395444},{""start"":1774648395706,""stop"":1774648395814},{""start"":1774648396560,""stop"":1774648396649},{""start"":1774648433940,""stop"":1774648436645},{""start"":1774648437321,""stop"":1774648438243},{""start"":1774648438773,""stop"":1774648440214},{""start"":1774648441211,""stop"":1774648442683},{""start"":1774648443652,""stop"":1774648444890},{""start"":1774648446125,""stop"":1774648447250},{""start"":1774648447554,""stop"":1774648449221},{""start"":1774648449629,""stop"":1774648450197},{""start"":1774648452868,""stop"":1774648454189},{""start"":1774648462131,""stop"":1774648462902},{""start"":1774648463668,""stop"":1774648464006},{""start"":1774648464437,""stop"":1774648466561},{""start"":1774648466834,""stop"":1774648467531},{""start"":1774648468153,""stop"":1774648468678},{""start"":1774648469028,""stop"":1774648469329},{""start"":1774648480228,""stop"":1774648484196},{""start"":1774648484791,""stop"":1774648485275},{""start"":1774648485900,""stop"":1774648487015},{""start"":1774648487308,""stop"":1774648487983}]}",10.902,"{""version"":1,""segments"":[{""start"":1774648358502,""stop"":1774648362744},{""start"":1774648363059,""stop"":1774648363895},{""start"":1774648365575,""stop"":1774648366287},{""start"":1774648367154,""stop"":1774648367375},{""start"":1774648369868,""stop"":1774648370368},{""start"":1774648371984,""stop"":1774648372243},{""start"":1774648372954,""stop"":1774648373191},{""start"":1774648410140,""stop"":1774648413656},{""start"":1774648415799,""stop"":1774648416178}]}",0,"{""version"":1,""segments"":[]}",0,0,0,0,0,0,0,none,They unloaded their hopper then ferried,Very fast shooting from the trench . They move while shooting,They ferry and collect ,372,372,334,red,0,0,None,None,None,0,None,None,None,1,5,0,0,0,None,5,1,74,372,293,0,0
2026orore_qm18,qm,1,18,frc2521,frc2557,frc6696,frc2471,frc2521,frc5975,frc1540,blue,em,outpost4,0,0,0,2.849,"{""version"":1,""segments"":[{""start"":1774648328986,""stop"":1774648331718},{""start"":1774648350098,""stop"":1774648350215}]}",1.817,"{""version"":1,""segments"":[{""start"":1774648395547,""stop"":1774648397364}]}",,0,0,20.2,"{""version"":1,""segments"":[{""start"":1774648360806,""stop"":1774648364396},{""start"":1774648408856,""stop"":1774648411970},{""start"":1774648421199,""stop"":1774648421565},{""start"":1774648422541,""stop"":1774648422998},{""start"":1774648423198,""stop"":1774648425592},{""start"":1774648460738,""stop"":1774648467181},{""start"":1774648474562,""stop"":1774648477301},{""start"":1774648478558,""stop"":1774648479240},{""start"":1774648483696,""stop"":1774648484111}]}",1.725,"{""version"":1,""segments"":[{""start"":1774648400106,""stop"":1774648401831}]}",0,"{""version"":1,""segments"":[]}",0,0,0,0,0,0,0,2,couldnt se but shot a little?,"shoot lots at a time, just overall efficeint, they can do more than 1 ball at once",ferrying bqalls with is body through the depot side trench,372,334,334,red,0,0,None,None,None,0,None,None,None,1,0,0,0,1,None,1,0,53,334,281,0,0
2026orore_qm18,qm,1,18,frc5975,frc2557,frc6696,frc2471,frc2521,frc5975,frc1540,blue,AB,middle3,0,0,0,0,"{""version"":1,""segments"":[]}",0,"{""version"":1,""segments"":[]}",,0,0,2.78,"{""version"":1,""segments"":[{""start"":1774648353191,""stop"":1774648353725},{""start"":1774648354157,""stop"":1774648354638},{""start"":1774648354749,""stop"":1774648355250},{""start"":1774648355408,""stop"":1774648355629},{""start"":1774648355767,""stop"":1774648355824},{""start"":1774648355948,""stop"":1774648355996},{""start"":1774648356106,""stop"":1774648356169},{""start"":1774648356267,""stop"":1774648356366},{""start"":1774648356427,""stop"":1774648356696},{""start"":1774648356767,""stop"":1774648356855},{""start"":1774648357594,""stop"":1774648357675},{""start"":1774648358688,""stop"":1774648359026}]}",8.945,"{""version"":1,""segments"":[{""start"":1774648365172,""stop"":1774648365970},{""start"":1774648375552,""stop"":1774648380766},{""start"":1774648383927,""stop"":1774648384025},{""start"":1774648384247,""stop"":1774648384517},{""start"":1774648384666,""stop"":1774648384734},{""start"":1774648384784,""stop"":1774648384881},{""start"":1774648385186,""stop"":1774648385290},{""start"":1774648385366,""stop"":1774648385445},{""start"":1774648385545,""stop"":1774648385604},{""start"":1774648385706,""stop"":1774648385814},{""start"":1774648385905,""stop"":1774648385995},{""start"":1774648386073,""stop"":1774648386164},{""start"":1774648386285,""stop"":1774648386383},{""start"":1774648386525,""stop"":1774648386613},{""start"":1774648386744,""stop"":1774648386823},{""start"":1774648386925,""stop"":1774648387003},{""start"":1774648387144,""stop"":1774648387239},{""start"":1774648387384,""stop"":1774648387472},{""start"":1774648388697,""stop"":1774648388754},{""start"":1774648388938,""stop"":1774648389026},{""start"":1774648391906,""stop"":1774648393104}]}",2.808,"{""version"":1,""segments"":[{""start"":1774648362455,""stop"":1774648362616},{""start"":1774648362755,""stop"":1774648364762},{""start"":1774648367460,""stop"":1774648368100}]}",0,0,0,1,0,1,1,3,didn't do any thing,shot they're hoppers in then played defense,played defense,372,334,334,red,0,0,None,None,None,0,None,None,None,1,0,0,0,1,None,1,0,53,334,281,0,0
2026orore_qm18,qm,1,18,frc1540,frc2557,frc6696,frc2471,frc2521,frc5975,frc1540,blue,AE,outpostWall5,0,0,0,0,"{""version"":1,""segments"":[]}",0,"{""version"":1,""segments"":[]}",,0,,,,,,,,,,,,,,,,,,,372,334,334,red,0,0,None,None,None,0,None,None,None,1,0,0,0,1,None,1,0,53,334,281,0,0
2026orore_qm19,qm,1,19,frc2930,frc2930,frc3669,frc9567,frc10444,frc749,frc9430,red,EG,depot2,0,0,0,0,"{""version"":1,""segments"":[]}",0,"{""version"":1,""segments"":[]}",,0,0,6.191,"{""version"":1,""segments"":[{""start"":1774648816715,""stop"":1774648817529},{""start"":1774648819205,""stop"":1774648819228},{""start"":1774648820009,""stop"":1774648820079},{""start"":1774648820738,""stop"":1774648821140},{""start"":1774648852267,""stop"":1774648853775},{""start"":1774648860545,""stop"":1774648863919}]}",8.209,"{""version"":1,""segments"":[{""start"":1774648823685,""stop"":1774648825220},{""start"":1774648884305,""stop"":1774648888349},{""start"":1774648889379,""stop"":1774648892009}]}",0,"{""version"":1,""segments"":[]}",0,0,0,0,0,0,0,none,Tried to intake fuel that wasn't there,"scored and collected within alliance zone. Quite accurate,","Ferried with shooter and by pushing fuel, can ferry fuel with shooter while collecting, not the best intake only got a few balks at aa time which slowed them down",72,72,188,blue,0,0,None,None,None,0,None,None,None,0,0,0,0,1,None,0,0,19,72,53,0,0
2026orore_qm19,qm,1,19,frc3669,frc2930,frc3669,frc9567,frc10444,frc749,frc9430,red,AH,outpostWall5,0,0,0,0,"{""version"":1,""segments"":[]}",0,"{""version"":1,""segments"":[]}",,1,0,0,"{""version"":1,""segments"":[]}",0,"{""version"":1,""segments"":[]}",0,"{""version"":1,""segments"":[]}",0,,,,,,,,Turret goes crazy: Shoots outside of the field.,Not able to shoot during the entire match after the auto issue.,Waiting for the next shift to begin.,72,72,188,blue,0,0,None,None,None,0,None,None,None,0,0,0,0,1,None,0,0,19,72,53,0,0
2026orore_qm19,qm,1,19,frc9567,frc2930,frc3669,frc9567,frc10444,frc749,frc9430,red,AV,middle3,0,0,0,1.188,"{""version"":1,""segments"":[{""start"":1774648762495,""stop"":1774648763683}]}",0,"{""version"":1,""segments"":[]}",,0,0,0,"{""version"":1,""segments"":[]}",0,"{""version"":1,""segments"":[]}",0,"{""version"":1,""segments"":[]}",4.5,0,0,0,0,0,0,none,shot their 8 then a-stopped,Good and fast bot. Their driver don't know what he is doing. they ran around,The ran arounbd,72,72,188,blue,0,0,None,None,None,0,None,None,None,0,0,0,0,1,None,0,0,19,72,53,0,0
2026orore_qm19,qm,1,19,frc10444,frc2930,frc3669,frc9567,frc10444,frc749,frc9430,blue,em,middle3,0,0,0,1.388,"{""version"":1,""segments"":[{""start"":1774648757460,""stop"":1774648757511},{""start"":1774648757551,""stop"":1774648757683},{""start"":1774648760008,""stop"":1774648761213}]}",0,"{""version"":1,""segments"":[]}",,0,0,0,"{""version"":1,""segments"":[]}",2.678,"{""version"":1,""segments"":[{""start"":1774648815809,""stop"":1774648816027},{""start"":1774648816598,""stop"":1774648819058}]}",0,"{""version"":1,""segments"":[]}",0,0,0,1,0,0,0,1,"moves back a little and undershoots most of its hopper, then moves back and forth a bit?","still moving slowly but a little faster this tine, no shooting, no collecting, they are realy just there for emotional support :( during ndgame they just kinda stopped infront of their depot side bump ","ferrying with its body through the depot trench, tries to offset surronding opponent robots if they're nearby",72,188,188,blue,0,0,None,None,None,0,None,None,None,1,5,0,0,0,None,4,0,34,188,149,0,0
2026orore_qm19,qm,1,19,frc749,frc2930,frc3669,frc9567,frc10444,frc749,frc9430,blue,AB,depot2,0,0,0,3.578,"{""version"":1,""segments"":[{""start"":1774648759789,""stop"":1774648759947},{""start"":1774648760536,""stop"":1774648763547},{""start"":1774648763985,""stop"":1774648764394}]}",0,"{""version"":1,""segments"":[]}",Other,0,0,22.539,"{""version"":1,""segments"":[{""start"":1774648819562,""stop"":1774648825365},{""start"":1774648837101,""stop"":1774648842413},{""start"":1774648861441,""stop"":1774648862369},{""start"":1774648872612,""stop"":1774648875594},{""start"":1774648877628,""stop"":1774648881205},{""start"":1774648905573,""stop"":1774648909510}]}",13.578,"{""version"":1,""segments"":[{""start"":1774648862580,""stop"":1774648863889},{""start"":1774648865877,""stop"":1774648876196},{""start"":1774648876347,""stop"":1774648877187},{""start"":1774648877345,""stop"":1774648877626},{""start"":1774648881760,""stop"":1774648882562},{""start"":1774648882759,""stop"":1774648882786}]}",4.655,"{""version"":1,""segments"":[{""start"":1774648864098,""stop"":1774648865697},{""start"":1774648883000,""stop"":1774648886056}]}",0,0,0,0,0,0,0,none,scored they're full hopper of fuel,shot all of they're fuel in,pushed fuel into they're alliance zone,72,188,188,blue,0,0,None,None,None,0,None,None,None,1,5,0,0,0,None,4,0,34,188,149,0,0
2026orore_qm19,qm,1,19,frc9430,frc2930,frc3669,frc9567,frc10444,frc749,frc9430,blue,AE,outpostWall5,0,0,0,3.554,"{""version"":1,""segments"":[{""start"":1774648763914,""stop"":1774648767468}]}",0,"{""version"":1,""segments"":[]}",Other,1,40.70000000000031,13.972,"{""version"":1,""segments"":[{""start"":1774648828651,""stop"":1774648829646},{""start"":1774648837090,""stop"":1774648838647},{""start"":1774648865692,""stop"":1774648869686},{""start"":1774648885506,""stop"":1774648888698},{""start"":1774648895570,""stop"":1774648897295},{""start"":1774648902000,""stop"":1774648903289},{""start"":1774648921497,""stop"":1774648922717}]}",0,"{""version"":1,""segments"":[]}",0,"{""version"":1,""segments"":[]}",0,0,0,0,0,0,0,none,it started well but they got stuck on the trench and stayed for the first part of the match,Their shooter was fast and efficient,They intook and it worked well (was fast and didn't push a lot). They did well against defense,72,188,188,blue,0,0,None,None,None,0,None,None,None,1,5,0,0,0,None,4,0,34,188,149,0,0
2026orore_qm2,qm,1,2,frc4915,frc4915,frc4662,frc6465,frc9567,frc2521,frc4488,red,LH,depotWall1,0,0,0,4.401,"{""version"":1,""segments"":[{""start"":1774635862201,""stop"":1774635865581},{""start"":1774635866251,""stop"":1774635867272}]}",0,"{""version"":1,""segments"":[]}",Other,0,4.100000000000001,24.424,"{""version"":1,""segments"":[{""start"":1774635909596,""stop"":1774635911858},{""start"":1774635913163,""stop"":1774635914078},{""start"":1774635942468,""stop"":1774635948199},{""start"":1774635951963,""stop"":1774635956314},{""start"":1774635957012,""stop"":1774635960168},{""start"":1774635993658,""stop"":1774635998774},{""start"":1774635999872,""stop"":1774636000905},{""start"":1774636002414,""stop"":1774636002709},{""start"":1774636003626,""stop"":1774636004350},{""start"":1774636019713,""stop"":1774636020554}]}",1.679,"{""version"":1,""segments"":[{""start"":1774635932256,""stop"":1774635932778},{""start"":1774635937192,""stop"":1774635938349}]}",0.832,"{""version"":1,""segments"":[{""start"":1774635926970,""stop"":1774635927625},{""start"":1774635931722,""stop"":1774635931899}]}",1.2,0,0,0,0,0,0,none,"High fire rate, high accuracy, one pass","moment of extremely low accuracy, high fire rate, temporarily broken at start","main focus was fuel collection, pushing fuel from nz, collecting fuel from opp",186,186,169,red,0,0,None,None,None,0,None,None,None,1,5,0,0,1,None,4,0,33,186,148,0,0
2026orore_qm2,qm,1,2,frc4662,frc4915,frc4662,frc6465,frc9567,frc2521,frc4488,red,HD,middle3,0,0,0,0,"{""version"":1,""segments"":[]}",0,"{""version"":1,""segments"":[]}",Other,0,2.0000000000000004,1.074,"{""version"":1,""segments"":[{""start"":1774635883848,""stop"":1774635884922}]}",0,"{""version"":1,""segments"":[]}",0,"{""version"":1,""segments"":[]}",0.9999999999999999,0,0,1,0,1,1,2,no auto ,"shooter and intake were not functioning/ messed up, focused on defense the whole time",focused on defense did not do the best job were able to hit other robots but were not disruptive and their driving could not keep up.,186,186,169,red,0,0,None,None,None,0,None,None,None,1,5,0,0,1,None,4,0,33,186,148,0,0
2026orore_qm2,qm,1,2,frc6465,frc4915,frc4662,frc6465,frc9567,frc2521,frc4488,red,np,outpost4,0,0,0,0,"{""version"":1,""segments"":[]}",0,"{""version"":1,""segments"":[]}",,0,0,8.215,"{""version"":1,""segments"":[{""start"":1774635898005,""stop"":1774635899169},{""start"":1774635901734,""stop"":1774635902232},{""start"":1774635902710,""stop"":1774635903120},{""start"":1774635904626,""stop"":1774635904924},{""start"":1774635906147,""stop"":1774635906465},{""start"":1774635906794,""stop"":1774635906998},{""start"":1774635907205,""stop"":1774635907395},{""start"":1774635909618,""stop"":1774635909932},{""start"":1774635910589,""stop"":1774635910672},{""start"":1774635910906,""stop"":1774635911119},{""start"":1774635913905,""stop"":1774635914482},{""start"":1774635915808,""stop"":1774635916153},{""start"":1774635955348,""stop"":1774635955754},{""start"":1774635956008,""stop"":1774635956323},{""start"":1774635956506,""stop"":1774635956785},{""start"":1774635957016,""stop"":1774635957182},{""start"":1774635957429,""stop"":1774635957604},{""start"":1774635957880,""stop"":1774635957963},{""start"":1774635966541,""stop"":1774635967056},{""start"":1774635967187,""stop"":1774635967606},{""start"":1774635967779,""stop"":1774635968018},{""start"":1774636009911,""stop"":1774636010586},{""start"":1774636011024,""stop"":1774636011353}]}",0,"{""version"":1,""segments"":[]}",0,"{""version"":1,""segments"":[]}",0,0,0,0,0,0,0,none,didnt move at all,scored a couple shots but their shots were very slow in terms of bps and they barely intaked fueld,drove in the neutral zone a bit but didn't contribute much besides that,186,186,169,red,0,0,None,None,None,0,None,None,None,1,5,0,0,1,None,4,0,33,186,148,0,0
2026orore_qm2,qm,1,2,frc9567,frc4915,frc4662,frc6465,frc9567,frc2521,frc4488,blue,SK,middle3,0,0,0,2.193,"{""version"":1,""segments"":[{""start"":1774635854621,""stop"":1774635854668},{""start"":1774635855901,""stop"":1774635856827},{""start"":1774635857450,""stop"":1774635858670}]}",0,"{""version"":1,""segments"":[]}",,0,0,1.818,"{""version"":1,""segments"":[{""start"":1774635971749,""stop"":1774635972938},{""start"":1774635973698,""stop"":1774635974327}]}",0.523,"{""version"":1,""segments"":[{""start"":1774635986158,""stop"":1774635986183},{""start"":1774635986784,""stop"":1774635987125},{""start"":1774635987205,""stop"":1774635987263},{""start"":1774635987742,""stop"":1774635987841}]}",0,"{""version"":1,""segments"":[]}",5.899999999999995,0,0,0,0,0,0,none,"Shot some ball but for the majority of the time, they didn't move",tried to collect and shoot but were not really making it in their hub,Went and tried to collect fuel but were not really consistent,186,169,169,red,0,0,None,None,None,0,None,None,None,1,5,0,0,1,None,1,0,44,169,120,0,0
2026orore_qm2,qm,1,2,frc2521,frc4915,frc4662,frc6465,frc9567,frc2521,frc4488,blue,SH,depot2,0,0,0,6.284,"{""version"":1,""segments"":[{""start"":1774635858625,""stop"":1774635860161},{""start"":1774635866675,""stop"":1774635869167},{""start"":1774635873843,""stop"":1774635876099}]}",2.833,"{""version"":1,""segments"":[{""start"":1774635865548,""stop"":1774635866217},{""start"":1774635871205,""stop"":1774635873369}]}",,0,0,7.954,"{""version"":1,""segments"":[{""start"":1774635888200,""stop"":1774635890278},{""start"":1774635919748,""stop"":1774635919896},{""start"":1774635920751,""stop"":1774635921141},{""start"":1774635921310,""stop"":1774635923190},{""start"":1774635929211,""stop"":1774635931022},{""start"":1774635939409,""stop"":1774635941056}]}",6.948,"{""version"":1,""segments"":[{""start"":1774635882724,""stop"":1774635886915},{""start"":1774635892985,""stop"":1774635893394},{""start"":1774635916685,""stop"":1774635917026},{""start"":1774635918605,""stop"":1774635918868},{""start"":1774635927305,""stop"":1774635928910},{""start"":1774635965672,""stop"":1774635965811}]}",1.668,"{""version"":1,""segments"":[{""start"":1774635894797,""stop"":1774635895196},{""start"":1774635896156,""stop"":1774635896533},{""start"":1774635905171,""stop"":1774635905633},{""start"":1774635909539,""stop"":1774635909827},{""start"":1774635911357,""stop"":1774635911499}]}",0,0,0,0,0,0,0,none,did not run into any other robots but immediately started shooting and grabbing fuel.,mainly grabbed intake from the neutral zone and shot the fuel into the hub. absoloutely no defense.,"had more defense while trying to keep the opposing teams out of the blue side. with some light physical contact. otherwise, mainly grabbed intake from the red zone.",186,169,169,red,0,0,None,None,None,0,None,None,None,1,5,0,0,1,None,1,0,44,169,120,0,0
2026orore_qm2,qm,1,2,frc4488,frc4915,frc4662,frc6465,frc9567,frc2521,frc4488,blue,ES,outpostWall5,1,0,0,3.831,"{""version"":1,""segments"":[{""start"":1774635861386,""stop"":1774635861975},{""start"":1774635862426,""stop"":1774635865668}]}",4.613,"{""version"":1,""segments"":[{""start"":1774635855739,""stop"":1774635857475},{""start"":1774635859623,""stop"":1774635860952},{""start"":1774635874208,""stop"":1774635875756}]}",Other,0,0,15.935,"{""version"":1,""segments"":[{""start"":1774635884829,""stop"":1774635887495},{""start"":1774635915081,""stop"":1774635919076},{""start"":1774635923968,""stop"":1774635924812},{""start"":1774635932804,""stop"":1774635935748},{""start"":1774635971406,""stop"":1774635975571},{""start"":1774635976786,""stop"":1774635978107}]}",37.3,"{""version"":1,""segments"":[{""start"":1774635882500,""stop"":1774635883285},{""start"":1774635883759,""stop"":1774635884078},{""start"":1774635884492,""stop"":1774635884602},{""start"":1774635890092,""stop"":1774635890111},{""start"":1774635890875,""stop"":1774635904440},{""start"":1774635905193,""stop"":1774635910392},{""start"":1774635944060,""stop"":1774635948500},{""start"":1774635950220,""stop"":1774635955846},{""start"":1774635956738,""stop"":1774635963975}]}",0,"{""version"":1,""segments"":[]}",0,10,0,0,0,0,0,none,after first cycle pause for a bit before going back to ferry more,very accurate but spent time not doing anything just kind of driving around in scoring zone attempted l one corner climb,ferried  but not the entire inactive shift,186,169,169,red,0,0,None,None,None,0,None,None,None,1,5,0,0,1,None,1,0,44,169,120,0,0
2026orore_qm20,qm,1,20,frc8032,frc8032,frc4915,frc6831,frc997,frc955,frc3674,red,HD,depotWall1,0,0,0,5.491,"{""version"":1,""segments"":[{""start"":1774649296923,""stop"":1774649302414}]}",0,"{""version"":1,""segments"":[]}",Auto 1,0,0,14.566,"{""version"":1,""segments"":[{""start"":1774649320625,""stop"":1774649321673},{""start"":1774649366028,""stop"":1774649369381},{""start"":1774649398164,""stop"":1774649402011},{""start"":1774649412869,""stop"":1774649413327},{""start"":1774649416604,""stop"":1774649418609},{""start"":1774649423724,""stop"":1774649424943},{""start"":1774649445016,""stop"":1774649445296},{""start"":1774649447255,""stop"":1774649449611}]}",0,"{""version"":1,""segments"":[]}",0,"{""version"":1,""segments"":[]}",0,0,0,1,0,1,0,4,Made one pass and made most of their hopper,"were able to shoot fast and against defense, empty hopper in 8 seconds. Intake was inconsistent but functionally working","focused on intaking more fuel, did not ferry. Played some defense, was quick and effective with it, delivered some good hits.",171,171,161,red,0,0,None,None,None,0,None,None,None,1,5,0,0,2,None,4,0,56,171,110,0,0
2026orore_qm20,qm,1,20,frc4915,frc8032,frc4915,frc6831,frc997,frc955,frc3674,red,PK,outpostWall5,0,0,0,0,"{""version"":1,""segments"":[]}",0,"{""version"":1,""segments"":[]}",Auto 1,1,0,24.38,"{""version"":1,""segments"":[{""start"":1774649315000,""stop"":1774649315830},{""start"":1774649345591,""stop"":1774649345653},{""start"":1774649347739,""stop"":1774649351515},{""start"":1774649356552,""stop"":1774649358394},{""start"":1774649361889,""stop"":1774649362533},{""start"":1774649364720,""stop"":1774649367832},{""start"":1774649369998,""stop"":1774649372778},{""start"":1774649410789,""stop"":1774649413043},{""start"":1774649424068,""stop"":1774649426582},{""start"":1774649427254,""stop"":1774649428118},{""start"":1774649431252,""stop"":1774649432316},{""start"":1774649445621,""stop"":1774649450259}]}",9.738,"{""version"":1,""segments"":[{""start"":1774649325101,""stop"":1774649326044},{""start"":1774649326574,""stop"":1774649328481},{""start"":1774649328718,""stop"":1774649330833},{""start"":1774649331218,""stop"":1774649333398},{""start"":1774649334127,""stop"":1774649334812},{""start"":1774649377907,""stop"":1774649378880},{""start"":1774649379145,""stop"":1774649380080}]}",0,"{""version"":1,""segments"":[]}",2.800000000000001,0,0,0,0,0,0,none,"Decent auto, able to collect well, smashed into trench and couldn't do second pass ","able to collect s large amount of balls snd hold for a while, good long range shooting though accuracy is not very consistent. Pretty bad under defense",ferrying is really useful and does it well snd collecting is good,171,171,161,red,0,0,None,None,None,0,None,None,None,1,5,0,0,2,None,4,0,56,171,110,0,0
2026orore_qm20,qm,1,20,frc6831,frc8032,frc4915,frc6831,frc997,frc955,frc3674,red,AV,middle3,0,0,0,0,"{""version"":1,""segments"":[]}",0,"{""version"":1,""segments"":[]}",,0,0,5.071,"{""version"":1,""segments"":[{""start"":1774649350467,""stop"":1774649351437},{""start"":1774649365546,""stop"":1774649365771},{""start"":1774649425546,""stop"":1774649427527},{""start"":1774649450330,""stop"":1774649452225}]}",0.507,"{""version"":1,""segments"":[{""start"":1774649333806,""stop"":1774649334313}]}",0,"{""version"":1,""segments"":[]}",0,,,,,,,,a-stopped,They started off strong and then got beat up by everyone else and broke down,tried to defend but got defended,171,171,161,red,0,0,None,None,None,0,None,None,None,1,5,0,0,2,None,4,0,56,171,110,0,0
2026orore_qm20,qm,1,20,frc997,frc8032,frc4915,frc6831,frc997,frc955,frc3674,blue,LH,outpostWall5,0,0,0,5.523,"{""version"":1,""segments"":[{""start"":1774649294835,""stop"":1774649297375},{""start"":1774649297985,""stop"":1774649299003},{""start"":1774649305354,""stop"":1774649307319}]}",0,"{""version"":1,""segments"":[]}",Auto 1,0,1.8000000000000005,1.015,"{""version"":1,""segments"":[{""start"":1774649318118,""stop"":1774649319133}]}",0,"{""version"":1,""segments"":[]}",0,"{""version"":1,""segments"":[]}",0,0,0,1,1,1,1,3,"moved, atempted to shoot but no fuel made it in the hub","layed defense well, unknown as to why they chose to play defense, did a pretty good job at preventing others from shooting ","

played defense well, did a pretty good job at preventing others from shooting 



",171,161,161,red,0,15,None,None,Level1,0,None,None,None,1,10,0,0,1,None,1,0,27,161,124,15,0
2026orore_qm20,qm,1,20,frc955,frc8032,frc4915,frc6831,frc997,frc955,frc3674,blue,CW,depotWall1,0,0,0,0,"{""version"":1,""segments"":[]}",0,"{""version"":1,""segments"":[]}",Auto 1,0,0,0,"{""version"":1,""segments"":[]}",0,"{""version"":1,""segments"":[]}",0,"{""version"":1,""segments"":[]}",0,0,0,1,0,1,0,2,they just sat there not moving ,intake might have broke because they kept on pushing fuel into own zone and playing defense terribly because they was playing defense on a turret bot,defense ,171,161,161,red,0,15,None,None,Level1,0,None,None,None,1,10,0,0,1,None,1,0,27,161,124,15,0
2026orore_qm20,qm,1,20,frc3674,frc8032,frc4915,frc6831,frc997,frc955,frc3674,blue,SK,middle3,0,0,1,2.38,"{""version"":1,""segments"":[{""start"":1774649293482,""stop"":1774649295862}]}",0,"{""version"":1,""segments"":[]}",Other,0,0,16.182,"{""version"":1,""segments"":[{""start"":1774649338619,""stop"":1774649341229},{""start"":1774649374465,""stop"":1774649375654},{""start"":1774649397122,""stop"":1774649398312},{""start"":1774649422396,""stop"":1774649423626},{""start"":1774649423734,""stop"":1774649425370},{""start"":1774649434176,""stop"":1774649437210},{""start"":1774649443435,""stop"":1774649446494},{""start"":1774649450156,""stop"":1774649450396},{""start"":1774649450463,""stop"":1774649452457}]}",0,"{""version"":1,""segments"":[]}",0,"{""version"":1,""segments"":[]}",0,0,0,0,0,0,0,none,did good in auto. were kind of slow but shot a lot of fuels,went and collected a lot of fuel. Then shot consistently and score a lot of points,went to collect fuel from the places and also from the opposite alliance. did a good job,171,161,161,red,0,15,None,None,Level1,0,None,None,None,1,10,0,0,1,None,1,0,27,161,124,15,0
2026orore_qm21,qm,1,21,frc6696,frc6696,frc2733,frc9600,frc10991,frc2811,frc957,red,HD ,outpostWall5,0,0,0,8.537,"{""version"":1,""segments"":[{""start"":1774649758665,""stop"":1774649762675},{""start"":1774649768179,""stop"":1774649772706}]}",0,"{""version"":1,""segments"":[]}",Other,0,0,57.253,"{""version"":1,""segments"":[{""start"":1774649781405,""stop"":1774649781627},{""start"":1774649811120,""stop"":1774649823173},{""start"":1774649826165,""stop"":1774649832110},{""start"":1774649832992,""stop"":1774649835008},{""start"":1774649835475,""stop"":1774649837152},{""start"":1774649863170,""stop"":1774649885294},{""start"":1774649895651,""stop"":1774649901187},{""start"":1774649903486,""stop"":1774649904684},{""start"":1774649907663,""stop"":1774649909192},{""start"":1774649909767,""stop"":1774649912236},{""start"":1774649913841,""stop"":1774649916325}]}",31.254,"{""version"":1,""segments"":[{""start"":1774649784394,""stop"":1774649790059},{""start"":1774649790380,""stop"":1774649790511},{""start"":1774649790732,""stop"":1774649790749},{""start"":1774649790931,""stop"":1774649790949},{""start"":1774649791131,""stop"":1774649791190},{""start"":1774649791379,""stop"":1774649792429},{""start"":1774649792617,""stop"":1774649792897},{""start"":1774649793070,""stop"":1774649793516},{""start"":1774649793978,""stop"":1774649794668},{""start"":1774649794848,""stop"":1774649795474},{""start"":1774649795635,""stop"":1774649802479},{""start"":1774649804407,""stop"":1774649806064},{""start"":1774649806424,""stop"":1774649806903},{""start"":1774649839995,""stop"":1774649840064},{""start"":1774649840104,""stop"":1774649842461},{""start"":1774649843494,""stop"":1774649847636},{""start"":1774649851589,""stop"":1774649855443},{""start"":1774649855972,""stop"":1774649856350},{""start"":1774649860074,""stop"":1774649860132},{""start"":1774649860200,""stop"":1774649860652},{""start"":1774649861341,""stop"":1774649862657},{""start"":1774649891668,""stop"":1774649892334}]}",0,"{""version"":1,""segments"":[]}",0,0,0,0,0,0,0,none,"Made most of their fuel, stopped shooting early",were able to be shooting most of their shift without any defense. Shoot at a average pace but their hopper stayed full and they intaked effectively ,"did a good job of ferrying and missed only a couple fuel, did not play defense ",373,373,223,red,0,0,None,None,None,0,None,None,None,1,20,0,1,0,None,4,0,61,373,292,0,0
2026orore_qm21,qm,1,21,frc2733,frc6696,frc2733,frc9600,frc10991,frc2811,frc957,red,PK,middle3,0,0,0,0,"{""version"":1,""segments"":[]}",0,"{""version"":1,""segments"":[]}",Other,0,0,0,"{""version"":1,""segments"":[]}",0,"{""version"":1,""segments"":[]}",0,"{""version"":1,""segments"":[]}",0,0,0,0,0,1,0,3,Did nothing,"most of their robot was dismantled, no hopper or shooter, literally had just an intake and bsttery, did good job pushing balls into their side from nz","decent defense, a little annoying though they were too light to have a major effect on the robot they were defending on",373,373,223,red,0,0,None,None,None,0,None,None,None,1,20,0,1,0,None,4,0,61,373,292,0,0
2026orore_qm21,qm,1,21,frc9600,frc6696,frc2733,frc9600,frc10991,frc2811,frc957,red,AV,depotWall1,0,0,0,7.9,"{""version"":1,""segments"":[{""start"":1774649763814,""stop"":1774649771714}]}",0,"{""version"":1,""segments"":[]}",,0,0,46.343,"{""version"":1,""segments"":[{""start"":1774649811422,""stop"":1774649820211},{""start"":1774649820813,""stop"":1774649826927},{""start"":1774649831972,""stop"":1774649836350},{""start"":1774649862485,""stop"":1774649869262},{""start"":1774649869314,""stop"":1774649870540},{""start"":1774649870661,""stop"":1774649870901},{""start"":1774649871041,""stop"":1774649871562},{""start"":1774649871790,""stop"":1774649872212},{""start"":1774649872412,""stop"":1774649872639},{""start"":1774649872865,""stop"":1774649873151},{""start"":1774649873375,""stop"":1774649873619},{""start"":1774649873873,""stop"":1774649874131},{""start"":1774649874356,""stop"":1774649874557},{""start"":1774649874813,""stop"":1774649875050},{""start"":1774649875249,""stop"":1774649875476},{""start"":1774649875723,""stop"":1774649875949},{""start"":1774649876135,""stop"":1774649876356},{""start"":1774649876581,""stop"":1774649876828},{""start"":1774649876987,""stop"":1774649877295},{""start"":1774649877487,""stop"":1774649877706},{""start"":1774649877930,""stop"":1774649878466},{""start"":1774649884311,""stop"":1774649885577},{""start"":1774649886096,""stop"":1774649886768},{""start"":1774649895506,""stop"":1774649896738},{""start"":1774649898564,""stop"":1774649899542},{""start"":1774649902356,""stop"":1774649903227},{""start"":1774649907585,""stop"":1774649916475},{""start"":1774649916844,""stop"":1774649917374}]}",0,"{""version"":1,""segments"":[]}",0,"{""version"":1,""segments"":[]}",0,0,0,0,0,0,0,none,Shoots like 1 per second,shoots faster but still pretty slow. ,They just colleted,373,373,223,red,0,0,None,None,None,0,None,None,None,1,20,0,1,0,None,4,0,61,373,292,0,0
2026orore_qm21,qm,1,21,frc10991,frc6696,frc2733,frc9600,frc10991,frc2811,frc957,blue,LH,middle3,0,0,0,1.198,"{""version"":1,""segments"":[{""start"":1774649754959,""stop"":1774649756157}]}",0,"{""version"":1,""segments"":[]}",Auto 2,0,0,13.763,"{""version"":1,""segments"":[{""start"":1774649791994,""stop"":1774649794389},{""start"":1774649794649,""stop"":1774649797349},{""start"":1774649808198,""stop"":1774649808526},{""start"":1774649838124,""stop"":1774649839072},{""start"":1774649840284,""stop"":1774649840790},{""start"":1774649841460,""stop"":1774649842808},{""start"":1774649844069,""stop"":1774649844737},{""start"":1774649846281,""stop"":1774649846753},{""start"":1774649852090,""stop"":1774649853645},{""start"":1774649887038,""stop"":1774649889591},{""start"":1774649903079,""stop"":1774649903235},{""start"":1774649915625,""stop"":1774649915722},{""start"":1774649916362,""stop"":1774649916399}]}",0,"{""version"":1,""segments"":[]}",0,"{""version"":1,""segments"":[]}",0,0,0,0,0,0,0,none,"moved back, shot pre loaded then ideled, low bps, mid acuracy","Atempted to shoot as much as possible, low bps, mid accuracy, ","atempted to intake and push fuel over, not super effective",373,223,223,red,0,0,None,None,None,0,None,None,None,1,15,0,1,1,None,1,0,33,223,175,0,0
2026orore_qm21,qm,1,21,frc2811,frc6696,frc2733,frc9600,frc10991,frc2811,frc957,blue,CW,outpostWall5,1,0,0,0,"{""version"":1,""segments"":[]}",0,"{""version"":1,""segments"":[]}",Auto 2,0,0,10.422,"{""version"":1,""segments"":[{""start"":1774649784908,""stop"":1774649786009},{""start"":1774649794940,""stop"":1774649796128},{""start"":1774649796627,""stop"":1774649796920},{""start"":1774649797754,""stop"":1774649797871},{""start"":1774649798261,""stop"":1774649798473},{""start"":1774649800582,""stop"":1774649800771},{""start"":1774649809410,""stop"":1774649810137},{""start"":1774649837149,""stop"":1774649838067},{""start"":1774649839231,""stop"":1774649839269},{""start"":1774649846262,""stop"":1774649847043},{""start"":1774649850311,""stop"":1774649850779},{""start"":1774649857300,""stop"":1774649858529},{""start"":1774649885506,""stop"":1774649886063},{""start"":1774649886564,""stop"":1774649887872},{""start"":1774649894843,""stop"":1774649894981},{""start"":1774649896933,""stop"":1774649897714},{""start"":1774649903368,""stop"":1774649903525},{""start"":1774649912950,""stop"":1774649913170}]}",0.303,"{""version"":1,""segments"":[{""start"":1774649825662,""stop"":1774649825781},{""start"":1774649827095,""stop"":1774649827210},{""start"":1774649827434,""stop"":1774649827503}]}",0,"{""version"":1,""segments"":[]}",0,0,0,0,0,0,0,none,they decided to go straight to a robot ,they shot a robot hoppers worth and collect near by fuel. Took a long time to collect because no real hopper ,Only filled up their hopper and getting set up to shoot,373,223,223,red,0,0,None,None,None,0,None,None,None,1,15,0,1,1,None,1,0,33,223,175,0,0
2026orore_qm21,qm,1,21,frc957,frc6696,frc2733,frc9600,frc10991,frc2811,frc957,blue,SK,depotWall1,0,0,0,2.713,"{""version"":1,""segments"":[{""start"":1774649763314,""stop"":1774649764118},{""start"":1774649766959,""stop"":1774649767783},{""start"":1774649768296,""stop"":1774649768428},{""start"":1774649769030,""stop"":1774649769478},{""start"":1774649770734,""stop"":1774649771100},{""start"":1774649772587,""stop"":1774649772726}]}",0,"{""version"":1,""segments"":[]}",Auto 2,0,0,23.206,"{""version"":1,""segments"":[{""start"":1774649818162,""stop"":1774649819194},{""start"":1774649837104,""stop"":1774649839293},{""start"":1774649840016,""stop"":1774649841225},{""start"":1774649843762,""stop"":1774649848687},{""start"":1774649856750,""stop"":1774649858426},{""start"":1774649859712,""stop"":1774649859942},{""start"":1774649885651,""stop"":1774649885871},{""start"":1774649886939,""stop"":1774649887674},{""start"":1774649887752,""stop"":1774649889764},{""start"":1774649897094,""stop"":1774649897205},{""start"":1774649897283,""stop"":1774649897641},{""start"":1774649900463,""stop"":1774649905062},{""start"":1774649910003,""stop"":1774649913226},{""start"":1774649915749,""stop"":1774649916436}]}",2.26,"{""version"":1,""segments"":[{""start"":1774649822719,""stop"":1774649824979}]}",0,"{""version"":1,""segments"":[]}",1.0999999999999999,0,0,0,0,0,0,none,had a good auto. scored a lot of balls and got lots of score,collected and shot a lot of balls. Scored really good,ferried from the neutral zone and collected a lot of balls,373,223,223,red,0,0,None,None,None,0,None,None,None,1,15,0,1,1,None,1,0,33,223,175,0,0
2026orore_qm22,qm,1,22,frc1540,frc1540,frc6465,frc5970,frc3636,frc2915,frc4662,red,HD,depotWall1,0,0,0,8.434,"{""version"":1,""segments"":[{""start"":1774650237626,""stop"":1774650241184},{""start"":1774650246430,""stop"":1774650251204},{""start"":1774650252361,""stop"":1774650252463}]}",0,"{""version"":1,""segments"":[]}",Auto 1,0,0,48.292,"{""version"":1,""segments"":[{""start"":1774650265045,""stop"":1774650265442},{""start"":1774650265957,""stop"":1774650267280},{""start"":1774650268939,""stop"":1774650269245},{""start"":1774650295273,""stop"":1774650305665},{""start"":1774650306087,""stop"":1774650314035},{""start"":1774650342560,""stop"":1774650351269},{""start"":1774650354087,""stop"":1774650357321},{""start"":1774650357766,""stop"":1774650358287},{""start"":1774650360040,""stop"":1774650364162},{""start"":1774650374542,""stop"":1774650377300},{""start"":1774650380134,""stop"":1774650383974},{""start"":1774650386207,""stop"":1774650390826},{""start"":1774650392127,""stop"":1774650392250}]}",18.889,"{""version"":1,""segments"":[{""start"":1774650269857,""stop"":1774650269965},{""start"":1774650272254,""stop"":1774650275609},{""start"":1774650278069,""stop"":1774650283014},{""start"":1774650283363,""stop"":1774650283743},{""start"":1774650285934,""stop"":1774650287158},{""start"":1774650287773,""stop"":1774650288570},{""start"":1774650293307,""stop"":1774650294784},{""start"":1774650321805,""stop"":1774650325983},{""start"":1774650327086,""stop"":1774650329198},{""start"":1774650332642,""stop"":1774650332955}]}",0,"{""version"":1,""segments"":[]}",0,0,0,0,0,0,0,none,"Uncontested during auto, got both passes off","did a good job of shooting this match, were more unaccurate than usual and were disrupted by defense. Clean intake, no jamming","able to ferry by shooting accurately, did not play defense",216,216,110,red,0,0,None,None,None,0,None,None,None,1,10,0,0,7,None,4,0,48,216,158,0,0
2026orore_qm22,qm,1,22,frc6465,frc1540,frc6465,frc5970,frc3636,frc2915,frc4662,red,PK,outpostWall5,0,0,0,0,"{""version"":1,""segments"":[]}",0,"{""version"":1,""segments"":[]}",Other,0,0,11.088,"{""version"":1,""segments"":[{""start"":1774650299445,""stop"":1774650304737},{""start"":1774650360692,""stop"":1774650365555},{""start"":1774650412407,""stop"":1774650412642},{""start"":1774650413057,""stop"":1774650413169},{""start"":1774650413230,""stop"":1774650413298},{""start"":1774650413450,""stop"":1774650413519},{""start"":1774650413682,""stop"":1774650413748},{""start"":1774650414399,""stop"":1774650414447},{""start"":1774650414957,""stop"":1774650415017},{""start"":1774650415491,""stop"":1774650415539},{""start"":1774650415955,""stop"":1774650416037},{""start"":1774650416424,""stop"":1774650416457},{""start"":1774650417015,""stop"":1774650417086},{""start"":1774650417495,""stop"":1774650417536}]}",0,"{""version"":1,""segments"":[]}",0,"{""version"":1,""segments"":[]}",0,0,0,0,0,0,0,none,Did nothing,"Shoots kind of OK but not very good, low bps and not the largest hopper",good driving and good collecting of balls though,216,216,110,red,0,0,None,None,None,0,None,None,None,1,10,0,0,7,None,4,0,48,216,158,0,0
2026orore_qm22,qm,1,22,frc5970,frc1540,frc6465,frc5970,frc3636,frc2915,frc4662,red,np,outpostWall5,0,0,0,0,"{""version"":1,""segments"":[]}",0,"{""version"":1,""segments"":[]}",,0,63.50000000000063,0,"{""version"":1,""segments"":[]}",0,"{""version"":1,""segments"":[]}",0,"{""version"":1,""segments"":[]}",0,,,,,,,,didnt move at all and had an interesting formation for starting,their rsl light was solid almost whole of match and they weren't moving,broken for almost entire match.,216,216,110,red,0,0,None,None,None,0,None,None,None,1,10,0,0,7,None,4,0,48,216,158,0,0
2026orore_qm22,qm,1,22,frc3636,frc1540,frc6465,frc5970,frc3636,frc2915,frc4662,blue,LH,outpostWall5,0,0,0,4.2,"{""version"":1,""segments"":[{""start"":1774650245864,""stop"":1774650249645},{""start"":1774650258825,""stop"":1774650259244}]}",0,"{""version"":1,""segments"":[]}",Auto 1,0,0,4.023,"{""version"":1,""segments"":[{""start"":1774650271744,""stop"":1774650273969},{""start"":1774650275851,""stop"":1774650276000},{""start"":1774650276632,""stop"":1774650277315},{""start"":1774650328225,""stop"":1774650329191}]}",0,"{""version"":1,""segments"":[]}",0,"{""version"":1,""segments"":[]}",4.699999999999999,0,0,1,0,1,0,2,Missed most fuel shot ,"Defense not really effective, unknown reason for just playing defense besides missing all fuel shot",Defense continues to not be really effective with opponet seemingly unfazed. ,216,110,110,red,0,0,None,None,None,0,None,None,None,0,35,0,0,2,None,0,0,16,110,59,0,0
2026orore_qm22,qm,1,22,frc2915,frc1540,frc6465,frc5970,frc3636,frc2915,frc4662,blue,CW,middle3,0,0,0,0,"{""version"":1,""segments"":[]}",0,"{""version"":1,""segments"":[]}",Other,0,0,13.735,"{""version"":1,""segments"":[{""start"":1774650286389,""stop"":1774650289076},{""start"":1774650289745,""stop"":1774650289946},{""start"":1774650290304,""stop"":1774650290806},{""start"":1774650291110,""stop"":1774650291531},{""start"":1774650291944,""stop"":1774650292271},{""start"":1774650320651,""stop"":1774650322717},{""start"":1774650323069,""stop"":1774650324069},{""start"":1774650324168,""stop"":1774650324556},{""start"":1774650329394,""stop"":1774650329513},{""start"":1774650329675,""stop"":1774650330094},{""start"":1774650333840,""stop"":1774650334138},{""start"":1774650335467,""stop"":1774650336010},{""start"":1774650368453,""stop"":1774650369222},{""start"":1774650369800,""stop"":1774650370121},{""start"":1774650370867,""stop"":1774650371295},{""start"":1774650371924,""stop"":1774650372414},{""start"":1774650373052,""stop"":1774650373593},{""start"":1774650373991,""stop"":1774650374473},{""start"":1774650375453,""stop"":1774650375724},{""start"":1774650380570,""stop"":1774650381379},{""start"":1774650391888,""stop"":1774650392541}]}",0,"{""version"":1,""segments"":[]}",0,"{""version"":1,""segments"":[]}",0,0,0,0,0,0,0,none,they just sat in front of the hub,"scored fuel slowly while getting some ferry fuel, no defense ","only filled up own hopper, no defense ",216,110,110,red,0,0,None,None,None,0,None,None,None,0,35,0,0,2,None,0,0,16,110,59,0,0
2026orore_qm22,qm,1,22,frc4662,frc1540,frc6465,frc5970,frc3636,frc2915,frc4662,blue,SK,depot2,0,0,0,0.629,"{""version"":1,""segments"":[{""start"":1774650234482,""stop"":1774650234560},{""start"":1774650234680,""stop"":1774650235101},{""start"":1774650235453,""stop"":1774650235583}]}",0,"{""version"":1,""segments"":[]}",Auto 1,0,0,3.608,"{""version"":1,""segments"":[{""start"":1774650274111,""stop"":1774650276222},{""start"":1774650281670,""stop"":1774650283167}]}",0.407,"{""version"":1,""segments"":[{""start"":1774650304191,""stop"":1774650304272},{""start"":1774650305984,""stop"":1774650306045},{""start"":1774650306271,""stop"":1774650306301},{""start"":1774650306519,""stop"":1774650306548},{""start"":1774650306757,""stop"":1774650306776},{""start"":1774650306916,""stop"":1774650306965},{""start"":1774650307154,""stop"":1774650307202},{""start"":1774650307352,""stop"":1774650307442}]}",0.27,"{""version"":1,""segments"":[{""start"":1774650308194,""stop"":1774650308334},{""start"":1774650308560,""stop"":1774650308690}]}",0,0,0,1,0,1,1,3,only shot very little balls and were not that good,"at the start they shot a good amount of balls but later on, they started to only play denfense on both the opposite zone and their alliance zone",played defense in the neutral zone,216,110,110,red,0,0,None,None,None,0,None,None,None,0,35,0,0,2,None,0,0,16,110,59,0,0
2026orore_qm23,qm,1,23,frc1359,frc1359,frc2898,frc2635,frc2990,frc1425,frc2550,red,HD,middle3,0,0,0,1.326,"{""version"":1,""segments"":[{""start"":1774650891202,""stop"":1774650892528}]}",0,"{""version"":1,""segments"":[]}",Other,0,0,9.544,"{""version"":1,""segments"":[{""start"":1774650907365,""stop"":1774650907463},{""start"":1774650952044,""stop"":1774650954319},{""start"":1774650955322,""stop"":1774650956060},{""start"":1774650956682,""stop"":1774650960128},{""start"":1774650997146,""stop"":1774650999472},{""start"":1774651001284,""stop"":1774651001945}]}",0,"{""version"":1,""segments"":[]}",0,"{""version"":1,""segments"":[]}",0,10,1,0,0,0,0,none,Went back and shoot a couple fuel,"spent most of their time intaking, were able to shoot but took a long time to empty a small hopper, were not defended","did not play defense or ferry, spent each off period intaking fuel to get a full hopper",104,104,227,blue,0,0,None,None,None,10,Level1,None,None,0,10,0,0,2,None,0,0,19,104,75,10,0
2026orore_qm23,qm,1,23,frc2898,frc1359,frc2898,frc2635,frc2990,frc1425,frc2550,red,PK,depotWall1,0,0,0,2.126,"{""version"":1,""segments"":[{""start"":1774650948551,""stop"":1774650950677}]}",0,"{""version"":1,""segments"":[]}",,0,0,14.771,"{""version"":1,""segments"":[{""start"":1774650952374,""stop"":1774650959890},{""start"":1774650960779,""stop"":1774650962823},{""start"":1774651011611,""stop"":1774651016822}]}",0,"{""version"":1,""segments"":[]}",0,"{""version"":1,""segments"":[]}",0,0,0,0,0,0,0,none,Collected but couldn't really shoot ,"has shooting issues, shoots really high and misses, not the best shooting and can't collect as fast or hold enough balls. Middle of the pack bot","just collected, nothing much else",104,104,227,blue,0,0,None,None,None,10,Level1,None,None,0,10,0,0,2,None,0,0,19,104,75,10,0
2026orore_qm23,qm,1,23,frc2635,frc1359,frc2898,frc2635,frc2990,frc1425,frc2550,red,np,outpost4,0,0,0,0,"{""version"":1,""segments"":[]}",0,"{""version"":1,""segments"":[]}",,0,0,14.831,"{""version"":1,""segments"":[{""start"":1774650953912,""stop"":1774650955848},{""start"":1774650964034,""stop"":1774650966742},{""start"":1774651003003,""stop"":1774651005738},{""start"":1774651014196,""stop"":1774651018069},{""start"":1774651022098,""stop"":1774651022114},{""start"":1774651023891,""stop"":1774651023905},{""start"":1774651024746,""stop"":1774651024766},{""start"":1774651025056,""stop"":1774651025085},{""start"":1774651025228,""stop"":1774651025259},{""start"":1774651025388,""stop"":1774651025439},{""start"":1774651025560,""stop"":1774651025597},{""start"":1774651025719,""stop"":1774651025757},{""start"":1774651025867,""stop"":1774651025905},{""start"":1774651026020,""stop"":1774651026057},{""start"":1774651026179,""stop"":1774651026225},{""start"":1774651026359,""stop"":1774651026384},{""start"":1774651039560,""stop"":1774651039616},{""start"":1774651042567,""stop"":1774651044951},{""start"":1774651046579,""stop"":1774651047336}]}",0,"{""version"":1,""segments"":[]}",0,"{""version"":1,""segments"":[]}",0,0,0,0,0,0,0,none,didnt move at all,i missed a bit bc 1425 was beached for a bit but they were a decent team with frequent shooting,they didn't do anything,104,104,227,blue,0,0,None,None,None,10,Level1,None,None,0,10,0,0,2,None,0,0,19,104,75,10,0
2026orore_qm23,qm,1,23,frc2990,frc1359,frc2898,frc2635,frc2990,frc1425,frc2550,blue,LH,outpostWall5,0,0,0,2.636,"{""version"":1,""segments"":[{""start"":1774650924047,""stop"":1774650924936},{""start"":1774650925287,""stop"":1774650925416},{""start"":1774650927773,""stop"":1774650929391}]}",0,"{""version"":1,""segments"":[]}",Other,0,0,30.28,"{""version"":1,""segments"":[{""start"":1774650930782,""stop"":1774650931458},{""start"":1774650934027,""stop"":1774650934064},{""start"":1774650935661,""stop"":1774650937880},{""start"":1774650938409,""stop"":1774650938804},{""start"":1774650939710,""stop"":1774650940346},{""start"":1774650940895,""stop"":1774650941234},{""start"":1774650963198,""stop"":1774650968277},{""start"":1774650975879,""stop"":1774650979324},{""start"":1774650979744,""stop"":1774650981968},{""start"":1774650982329,""stop"":1774650984105},{""start"":1774651020161,""stop"":1774651025431},{""start"":1774651031148,""stop"":1774651036169},{""start"":1774651042156,""stop"":1774651045319}]}",1.355,"{""version"":1,""segments"":[{""start"":1774650946432,""stop"":1774650947787}]}",0.914,"{""version"":1,""segments"":[{""start"":1774650957376,""stop"":1774650958290}]}",0,0,0,0,0,0,0,none,Came out from trench and shot a tiny bit not to the hub then did nothing ,Main focus was scoring in an efficent and timley manner,did good pushing fuel to the aliance zone also worked on intaking,104,227,227,blue,0,0,None,None,None,0,None,None,None,1,10,0,0,2,None,4,0,18,227,199,0,0
2026orore_qm23,qm,1,23,frc1425,frc1359,frc2898,frc2635,frc2990,frc1425,frc2550,blue,CW,depotWall1,0,0,0,0,"{""version"":1,""segments"":[]}",0,"{""version"":1,""segments"":[]}",Nz & Depo,0,0,16.548,"{""version"":1,""segments"":[{""start"":1774650940373,""stop"":1774650941930},{""start"":1774650973636,""stop"":1774650974141},{""start"":1774650974515,""stop"":1774650978240},{""start"":1774651023566,""stop"":1774651024286},{""start"":1774651024505,""stop"":1774651024892},{""start"":1774651025265,""stop"":1774651026748},{""start"":1774651028153,""stop"":1774651031768},{""start"":1774651036958,""stop"":1774651038364},{""start"":1774651039402,""stop"":1774651042552}]}",1.297,"{""version"":1,""segments"":[{""start"":1774650953712,""stop"":1774650954841},{""start"":1774651006260,""stop"":1774651006428}]}",0,"{""version"":1,""segments"":[]}",24.200000000000074,0,0,0,0,0,0,none,they got beached on fuel on swing one,"they kept shooting but eject slowly 5 secs before suppose to score, no defense ",ejecting fuel into own zone ,104,227,227,blue,0,0,None,None,None,0,None,None,None,1,10,0,0,2,None,4,0,18,227,199,0,0
2026orore_qm23,qm,1,23,frc2550,frc1359,frc2898,frc2635,frc2990,frc1425,frc2550,blue,SK,middle3,0,0,0,1.797,"{""version"":1,""segments"":[{""start"":1774650883238,""stop"":1774650883287},{""start"":1774650884090,""stop"":1774650884458},{""start"":1774650884714,""stop"":1774650886094}]}",0,"{""version"":1,""segments"":[]}",,0,0,0,"{""version"":1,""segments"":[]}",3.541,"{""version"":1,""segments"":[{""start"":1774650946745,""stop"":1774650947550},{""start"":1774650980212,""stop"":1774650982948}]}",0,"{""version"":1,""segments"":[]}",0,0,0,1,0,1,0,3,shot very little and did not shot fast,hopper broke and this resulted in them playing defense aganist the other team for the majority of the match and they did a good job,still played defense,104,227,227,blue,0,0,None,None,None,0,None,None,None,1,10,0,0,2,None,4,0,18,227,199,0,0
2026orore_qm24,qm,1,24,frc4488,frc4488,frc9600,frc9430,frc2557,frc10991,frc5975,red,HD,depotWall1,0,0,0,6.166,"{""version"":1,""segments"":[{""start"":1774651362421,""stop"":1774651367353},{""start"":1774651373722,""stop"":1774651374956}]}",0,"{""version"":1,""segments"":[]}",Auto 1,0,0,22.981,"{""version"":1,""segments"":[{""start"":1774651415444,""stop"":1774651421691},{""start"":1774651427157,""stop"":1774651427878},{""start"":1774651432903,""stop"":1774651434330},{""start"":1774651437480,""stop"":1774651438397},{""start"":1774651462598,""stop"":1774651466438},{""start"":1774651474879,""stop"":1774651477367},{""start"":1774651483282,""stop"":1774651483494},{""start"":1774651486436,""stop"":1774651486711},{""start"":1774651503685,""stop"":1774651507144},{""start"":1774651514215,""stop"":1774651515580},{""start"":1774651516679,""stop"":1774651516838},{""start"":1774651517559,""stop"":1774651519430}]}",4.579,"{""version"":1,""segments"":[{""start"":1774651401296,""stop"":1774651402597},{""start"":1774651402990,""stop"":1774651404667},{""start"":1774651411997,""stop"":1774651413598}]}",0,"{""version"":1,""segments"":[]}",0,0,0,0,0,0,0,none,Were able to shoot a full hopper,able to shoot well and intake well with no defense. Fuel moved well through their robot,were able to ferry while moving and did a good job of setting up their active shifts and being ready for them,396,396,124,red,0,0,None,None,None,0,None,None,None,1,0,0,0,2,None,5,1,69,396,327,0,0
2026orore_qm24,qm,1,24,frc9600,frc4488,frc9600,frc9430,frc2557,frc10991,frc5975,red,PK,depot2,0,0,0,3.168,"{""version"":1,""segments"":[{""start"":1774651361624,""stop"":1774651364418},{""start"":1774651365674,""stop"":1774651366048}]}",0,"{""version"":1,""segments"":[]}",Other,0,0,54.11,"{""version"":1,""segments"":[{""start"":1774651385610,""stop"":1774651388403},{""start"":1774651388790,""stop"":1774651389042},{""start"":1774651415765,""stop"":1774651426896},{""start"":1774651427198,""stop"":1774651428994},{""start"":1774651433842,""stop"":1774651434365},{""start"":1774651434539,""stop"":1774651437744},{""start"":1774651438118,""stop"":1774651440569},{""start"":1774651464043,""stop"":1774651478027},{""start"":1774651500082,""stop"":1774651502750},{""start"":1774651503786,""stop"":1774651511755},{""start"":1774651512978,""stop"":1774651520316}]}",3.176,"{""version"":1,""segments"":[{""start"":1774651400088,""stop"":1774651403264}]}",0,"{""version"":1,""segments"":[]}",0,0,0,0,0,0,0,none,Drove forward and shot preload,"good shooting, low bps but able to put up large number of balls over time. Decent accuracy but consistently long on shots",large hopper and able to collect a lot,396,396,124,red,0,0,None,None,None,0,None,None,None,1,0,0,0,2,None,5,1,69,396,327,0,0
2026orore_qm24,qm,1,24,frc9430,frc4488,frc9600,frc9430,frc2557,frc10991,frc5975,red,np,outpostWall5,0,0,0,5.418,"{""version"":1,""segments"":[{""start"":1774651364524,""stop"":1774651366080},{""start"":1774651367266,""stop"":1774651367582},{""start"":1774651373602,""stop"":1774651376718},{""start"":1774651377007,""stop"":1774651377239},{""start"":1774651377410,""stop"":1774651377510},{""start"":1774651377766,""stop"":1774651377817},{""start"":1774651378009,""stop"":1774651378027},{""start"":1774651378177,""stop"":1774651378206}]}",0,"{""version"":1,""segments"":[]}",Other,0,0,25.572,"{""version"":1,""segments"":[{""start"":1774651419177,""stop"":1774651422311},{""start"":1774651424788,""stop"":1774651426298},{""start"":1774651433222,""stop"":1774651437543},{""start"":1774651440628,""stop"":1774651441925},{""start"":1774651462345,""stop"":1774651462429},{""start"":1774651463258,""stop"":1774651469128},{""start"":1774651477221,""stop"":1774651480376},{""start"":1774651488968,""stop"":1774651490349},{""start"":1774651499940,""stop"":1774651502416},{""start"":1774651518642,""stop"":1774651520986}]}",0,"{""version"":1,""segments"":[]}",0,"{""version"":1,""segments"":[]}",0,0,0,0,0,0,0,none,pretty decent auto with many fuel scored,scored many fuel very rapidly,did nothing,396,396,124,red,0,0,None,None,None,0,None,None,None,1,0,0,0,2,None,5,1,69,396,327,0,0
2026orore_qm24,qm,1,24,frc2557,frc4488,frc9600,frc9430,frc2557,frc10991,frc5975,blue,LH,outpost4,0,0,0,1.115,"{""version"":1,""segments"":[{""start"":1774651361583,""stop"":1774651362069},{""start"":1774651362149,""stop"":1774651362778}]}",0,"{""version"":1,""segments"":[]}",Other,0,0,13.373,"{""version"":1,""segments"":[{""start"":1774651382919,""stop"":1774651383273},{""start"":1774651384281,""stop"":1774651385589},{""start"":1774651388858,""stop"":1774651390113},{""start"":1774651390487,""stop"":1774651390953},{""start"":1774651406838,""stop"":1774651408372},{""start"":1774651414509,""stop"":1774651414691},{""start"":1774651436457,""stop"":1774651436574},{""start"":1774651444707,""stop"":1774651445747},{""start"":1774651455204,""stop"":1774651455747},{""start"":1774651457141,""stop"":1774651457491},{""start"":1774651459228,""stop"":1774651460648},{""start"":1774651491164,""stop"":1774651491899},{""start"":1774651492698,""stop"":1774651493380},{""start"":1774651494995,""stop"":1774651495814},{""start"":1774651497911,""stop"":1774651497989},{""start"":1774651505153,""stop"":1774651507470},{""start"":1774651513606,""stop"":1774651513779}]}",2.628,"{""version"":1,""segments"":[{""start"":1774651425552,""stop"":1774651427148},{""start"":1774651437941,""stop"":1774651438428},{""start"":1774651477050,""stop"":1774651477276},{""start"":1774651479531,""stop"":1774651479850}]}",0,"{""version"":1,""segments"":[]}",0,0,0,0,0,0,0,none,"inefeicent, stopped mid intake with 7sec left",low accuracy with initial slow ball speed but high bps when it has fuel in the hopper,"ferried by pushing fuel, occasional misfire ",396,124,124,red,0,0,None,None,None,0,None,None,None,1,10,0,0,0,None,1,0,32,124,82,0,0
2026orore_qm24,qm,1,24,frc10991,frc4488,frc9600,frc9430,frc2557,frc10991,frc5975,blue,CW,depotWall1,0,0,0,1.016,"{""version"":1,""segments"":[{""start"":1774651363525,""stop"":1774651364015},{""start"":1774651371465,""stop"":1774651371991}]}",0,"{""version"":1,""segments"":[]}",Auto 1,0,0,13.158,"{""version"":1,""segments"":[{""start"":1774651381360,""stop"":1774651381666},{""start"":1774651381838,""stop"":1774651382467},{""start"":1774651382937,""stop"":1774651383306},{""start"":1774651383756,""stop"":1774651383974},{""start"":1774651384416,""stop"":1774651384612},{""start"":1774651386117,""stop"":1774651386247},{""start"":1774651402816,""stop"":1774651403944},{""start"":1774651404322,""stop"":1774651404854},{""start"":1774651405615,""stop"":1774651405855},{""start"":1774651406557,""stop"":1774651406889},{""start"":1774651407469,""stop"":1774651407729},{""start"":1774651408529,""stop"":1774651408831},{""start"":1774651440236,""stop"":1774651440709},{""start"":1774651449925,""stop"":1774651450973},{""start"":1774651452166,""stop"":1774651452444},{""start"":1774651452945,""stop"":1774651453562},{""start"":1774651453724,""stop"":1774651454283},{""start"":1774651454504,""stop"":1774651454912},{""start"":1774651489714,""stop"":1774651491275},{""start"":1774651492544,""stop"":1774651493462},{""start"":1774651493752,""stop"":1774651494232},{""start"":1774651501533,""stop"":1774651502810},{""start"":1774651512559,""stop"":1774651513456}]}",0,"{""version"":1,""segments"":[]}",0,"{""version"":1,""segments"":[]}",0,0,0,0,0,0,0,none,they did made they 8 but not enough time to get all of the 1st swipe in,shooting slow but also very inaccurate because they kept on over shoot because no reliable transfer between intake to shooter. No defense ,collect hoppers worth and get ready to shoot,396,124,124,red,0,0,None,None,None,0,None,None,None,1,10,0,0,0,None,1,0,32,124,82,0,0
2026orore_qm24,qm,1,24,frc5975,frc4488,frc9600,frc9430,frc2557,frc10991,frc5975,blue,SK,middle3,0,0,0,0,"{""version"":1,""segments"":[]}",0,"{""version"":1,""segments"":[]}",,0,0,0.601,"{""version"":1,""segments"":[{""start"":1774651385005,""stop"":1774651385185},{""start"":1774651385942,""stop"":1774651386122},{""start"":1774651388072,""stop"":1774651388252},{""start"":1774651401695,""stop"":1774651401756}]}",0,"{""version"":1,""segments"":[]}",0,"{""version"":1,""segments"":[]}",0,0,0,1,0,1,0,1,did not move or shoot anything at all,went to the other alliance to paly defense but were not really good at playing defense,moved around in attempt to move the fuel around but were not really sucessful,396,124,124,red,0,0,None,None,None,0,None,None,None,1,10,0,0,0,None,1,0,32,124,82,0,0
2026orore_qm25,qm,1,25,frc5970,frc5970,frc2521,frc10444,frc955,frc2930,frc6465,red,HD,outpostWall5,0,0,0,0,"{""version"":1,""segments"":[]}",0,"{""version"":1,""segments"":[]}",Other,0,0,0,"{""version"":1,""segments"":[]}",0.876,"{""version"":1,""segments"":[{""start"":1774651879886,""stop"":1774651880762}]}",0,"{""version"":1,""segments"":[]}",0,0,0,1,0,1,1,4,No auto,Intake was not functioning well only able to intake and ferry 10 fuel,focused on defense was able to cause lot's of disturbance with the other alliance with solo defense,67,67,162,blue,0,0,None,None,None,0,None,None,None,0,5,0,0,0,None,0,0,24,67,38,0,0
2026orore_qm25,qm,1,25,frc2521,frc5970,frc2521,frc10444,frc955,frc2930,frc6465,red,PK,depot2,0,0,0,4.122,"{""version"":1,""segments"":[{""start"":1774651827182,""stop"":1774651828472},{""start"":1774651828917,""stop"":1774651831749}]}",3.655,"{""version"":1,""segments"":[{""start"":1774651837627,""stop"":1774651841282}]}",,0,0,22.621,"{""version"":1,""segments"":[{""start"":1774651855906,""stop"":1774651859119},{""start"":1774651865952,""stop"":1774651868168},{""start"":1774651916676,""stop"":1774651919950},{""start"":1774651928618,""stop"":1774651931225},{""start"":1774651957866,""stop"":1774651961777},{""start"":1774651968466,""stop"":1774651973885},{""start"":1774651976651,""stop"":1774651976966},{""start"":1774651983968,""stop"":1774651985634}]}",0.579,"{""version"":1,""segments"":[{""start"":1774651887495,""stop"":1774651888074}]}",0,"{""version"":1,""segments"":[]}",0,0,0,0,0,0,0,none,"Ok auto,collects, shoots some snd ferries a bunch","good shooting, able to put up a large amounts of balls though sccuracy is not the best, throws a lot of balls at hub and hopes they go in","good collecting and ferrying though they seem to keep forgetting they can't fit under the trench, attempts then backs away",67,67,162,blue,0,0,None,None,None,0,None,None,None,0,5,0,0,0,None,0,0,24,67,38,0,0
2026orore_qm25,qm,1,25,frc10444,frc5970,frc2521,frc10444,frc955,frc2930,frc6465,red,np,middle3,0,0,0,0,"{""version"":1,""segments"":[]}",0,"{""version"":1,""segments"":[]}",,0,0,0,"{""version"":1,""segments"":[]}",0,"{""version"":1,""segments"":[]}",0,"{""version"":1,""segments"":[]}",0,,,,,,,,didnt move at all,didnt move at all but rsl light was blnking,didnt move at all,67,67,162,blue,0,0,None,None,None,0,None,None,None,0,5,0,0,0,None,0,0,24,67,38,0,0
2026orore_qm25,qm,1,25,frc955,frc5970,frc2521,frc10444,frc955,frc2930,frc6465,blue,LH,depotWall1,0,0,0,7.367,"{""version"":1,""segments"":[{""start"":1774651825915,""stop"":1774651830270},{""start"":1774651835970,""stop"":1774651838982}]}",0,"{""version"":1,""segments"":[]}",Auto 1,0,0,22.319,"{""version"":1,""segments"":[{""start"":1774651851148,""stop"":1774651853910},{""start"":1774651878922,""stop"":1774651881246},{""start"":1774651881506,""stop"":1774651883604},{""start"":1774651884889,""stop"":1774651885499},{""start"":1774651886100,""stop"":1774651887293},{""start"":1774651887993,""stop"":1774651888852},{""start"":1774651889444,""stop"":1774651890242},{""start"":1774651893516,""stop"":1774651894791},{""start"":1774651895816,""stop"":1774651897571},{""start"":1774651939842,""stop"":1774651942965},{""start"":1774651946734,""stop"":1774651947115},{""start"":1774651947448,""stop"":1774651950819},{""start"":1774651951804,""stop"":1774651952105},{""start"":1774651952457,""stop"":1774651953521},{""start"":1774651956225,""stop"":1774651956422},{""start"":1774651973114,""stop"":1774651973322}]}",1.912,"{""version"":1,""segments"":[{""start"":1774651861940,""stop"":1774651863188},{""start"":1774651877916,""stop"":1774651878580}]}",2.072,"{""version"":1,""segments"":[{""start"":1774651913928,""stop"":1774651916000}]}",1.9000000000000006,,,,,,,,"Great auto, didnt score many points but it was very efficent ","Did great while getting defended, decent bps ","Main focus was ferrying with a mostly efficent method, did go over to opposition                                                       zone to continue ferrying ",67,162,162,blue,0,0,None,None,None,0,None,None,None,1,0,0,0,1,None,4,0,53,162,109,0,0
2026orore_qm25,qm,1,25,frc2930,frc5970,frc2521,frc10444,frc955,frc2930,frc6465,blue,CW,outpost4,0,0,0,1.205,"{""version"":1,""segments"":[{""start"":1774651827115,""stop"":1774651827160},{""start"":1774651828388,""stop"":1774651828497},{""start"":1774651828934,""stop"":1774651829268},{""start"":1774651835151,""stop"":1774651835868}]}",0,"{""version"":1,""segments"":[]}",Auto 1,0,0,0.778,"{""version"":1,""segments"":[{""start"":1774651883116,""stop"":1774651883417},{""start"":1774651959034,""stop"":1774651959222},{""start"":1774651974138,""stop"":1774651974286},{""start"":1774651981016,""stop"":1774651981086},{""start"":1774651981275,""stop"":1774651981346}]}",8.2,"{""version"":1,""segments"":[{""start"":1774651850531,""stop"":1774651851448},{""start"":1774651851510,""stop"":1774651851778},{""start"":1774651852236,""stop"":1774651852387},{""start"":1774651853660,""stop"":1774651854621},{""start"":1774651854812,""stop"":1774651855349},{""start"":1774651855719,""stop"":1774651856079},{""start"":1774651856789,""stop"":1774651857103},{""start"":1774651860339,""stop"":1774651860598},{""start"":1774651862736,""stop"":1774651863047},{""start"":1774651863328,""stop"":1774651863597},{""start"":1774651863955,""stop"":1774651864168},{""start"":1774651865120,""stop"":1774651865288},{""start"":1774651866291,""stop"":1774651866526},{""start"":1774651866880,""stop"":1774651866981},{""start"":1774651869163,""stop"":1774651869288},{""start"":1774651874828,""stop"":1774651874886},{""start"":1774651875028,""stop"":1774651875116},{""start"":1774651875208,""stop"":1774651875255},{""start"":1774651875428,""stop"":1774651875475},{""start"":1774651883876,""stop"":1774651884505},{""start"":1774651885567,""stop"":1774651885702},{""start"":1774651887708,""stop"":1774651887813},{""start"":1774651888870,""stop"":1774651889015},{""start"":1774651890114,""stop"":1774651890333},{""start"":1774651899230,""stop"":1774651899329},{""start"":1774651903868,""stop"":1774651903886},{""start"":1774651905729,""stop"":1774651905774},{""start"":1774651906175,""stop"":1774651906229},{""start"":1774651906447,""stop"":1774651906475},{""start"":1774651907006,""stop"":1774651907089},{""start"":1774651907266,""stop"":1774651907325},{""start"":1774651907926,""stop"":1774651907996},{""start"":1774651908245,""stop"":1774651908282},{""start"":1774651909100,""stop"":1774651909170},{""start"":1774651909780,""stop"":1774651909849},{""start"":1774651910558,""stop"":1774651910577},{""start"":1774651911541,""stop"":1774651911631},{""start"":1774651912088,""stop"":1774651912128},{""start"":1774651912648,""stop"":1774651912701},{""start"":1774651913942,""stop"":1774651913960},{""start"":1774651914806,""stop"":1774651914854},{""start"":1774651915386,""stop"":1774651915446},{""start"":1774651915693,""stop"":1774651915722},{""start"":1774651931637,""stop"":1774651931833},{""start"":1774651932015,""stop"":1774651932077},{""start"":1774651932756,""stop"":1774651932793},{""start"":1774651933255,""stop"":1774651933255},{""start"":1774651933732,""stop"":1774651933771},{""start"":1774651934113,""stop"":1774651934189},{""start"":1774651934514,""stop"":1774651934582},{""start"":1774651934873,""stop"":1774651934935},{""start"":1774651940782,""stop"":1774651940791}]}",0,"{""version"":1,""segments"":[]}",0,0,0,0,0,0,0,none,"they kinda got suck on bump but recovering from that, ","they just ferry the whole match with no defense, until last 15 they did shoot a few in",ferry ,67,162,162,blue,0,0,None,None,None,0,None,None,None,1,0,0,0,1,None,4,0,53,162,109,0,0
2026orore_qm25,qm,1,25,frc6465,frc5970,frc2521,frc10444,frc955,frc2930,frc6465,blue,SK,outpostWall5,0,0,0,0,"{""version"":1,""segments"":[]}",0,"{""version"":1,""segments"":[]}",Other,0,0.8999999999999999,0.971,"{""version"":1,""segments"":[{""start"":1774651881138,""stop"":1774651881436},{""start"":1774651884546,""stop"":1774651884716},{""start"":1774651885784,""stop"":1774651885916},{""start"":1774651887052,""stop"":1774651887153},{""start"":1774651888122,""stop"":1774651888252},{""start"":1774651891055,""stop"":1774651891195}]}",1.142,"{""version"":1,""segments"":[{""start"":1774651856268,""stop"":1774651857410}]}",0,"{""version"":1,""segments"":[]}",0,0,0,1,0,1,0,2,had no auto,never shot only defended,defended,67,162,162,blue,0,0,None,None,None,0,None,None,None,1,0,0,0,1,None,4,0,53,162,109,0,0
2026orore_qm26,qm,1,26,frc3636,frc3636,frc9567,frc6831,frc4662,frc2635,frc6696,red,HD,depotWall1,0,0,0,0,"{""version"":1,""segments"":[]}",0,"{""version"":1,""segments"":[]}",Auto 1,1,70.30000000000028,14.123,"{""version"":1,""segments"":[{""start"":1774652329084,""stop"":1774652331356},{""start"":1774652342326,""stop"":1774652349903},{""start"":1774652352883,""stop"":1774652357157}]}",7.349,"{""version"":1,""segments"":[{""start"":1774652363056,""stop"":1774652365748},{""start"":1774652366237,""stop"":1774652366427},{""start"":1774652366916,""stop"":1774652371383}]}",0,"{""version"":1,""segments"":[]}",14.399999999999965,0,0,0,0,0,0,none,Caught in trench,"Played good offense against no defense, intaked well but shoot slow","focused on ferrying fuel, was able to fill up hopper for the active shift",55,55,158,blue,0,0,None,None,None,0,None,None,None,0,0,0,0,0,None,0,0,18,55,37,0,0
2026orore_qm26,qm,1,26,frc9567,frc3636,frc9567,frc6831,frc4662,frc2635,frc6696,red,PK,outpost4,0,0,0,1.453,"{""version"":1,""segments"":[{""start"":1774652300879,""stop"":1774652302332}]}",0,"{""version"":1,""segments"":[]}",Other,0,0,4.057,"{""version"":1,""segments"":[{""start"":1774652439920,""stop"":1774652442761},{""start"":1774652446260,""stop"":1774652446615},{""start"":1774652447073,""stop"":1774652447934}]}",0,"{""version"":1,""segments"":[]}",0,"{""version"":1,""segments"":[]}",5.999999999999995,,,,,,,,Didn't move just shot preload,"not the best robot, cant really collect a lot of balls, can't shoot much or accurately, decent driving but just wandered aimlessly, collecting balls but not really shoot","idk, same as active ig",55,55,158,blue,0,0,None,None,None,0,None,None,None,0,0,0,0,0,None,0,0,18,55,37,0,0
2026orore_qm26,qm,1,26,frc6831,frc3636,frc9567,frc6831,frc4662,frc2635,frc6696,red,np,middle3,0,0,0,3.269,"{""version"":1,""segments"":[{""start"":1774652299999,""stop"":1774652301592},{""start"":1774652304035,""stop"":1774652305373},{""start"":1774652305932,""stop"":1774652306270}]}",0,"{""version"":1,""segments"":[]}",,0,53.900000000000496,0,"{""version"":1,""segments"":[]}",0,"{""version"":1,""segments"":[]}",0,"{""version"":1,""segments"":[]}",12.099999999999973,0,0,1,0,1,0,3,they didnt move,they were beached and their robot is very unstale and likes to tip,their rsl light was solid and they weren't moving,55,55,158,blue,0,0,None,None,None,0,None,None,None,0,0,0,0,0,None,0,0,18,55,37,0,0
2026orore_qm26,qm,1,26,frc4662,frc3636,frc9567,frc6831,frc4662,frc2635,frc6696,blue,LH,middle3,0,0,0,1.151,"{""version"":1,""segments"":[{""start"":1774652298379,""stop"":1774652299162},{""start"":1774652299844,""stop"":1774652300212}]}",0,"{""version"":1,""segments"":[]}",Other,0,0,4.217,"{""version"":1,""segments"":[{""start"":1774652369577,""stop"":1774652370876},{""start"":1774652374047,""stop"":1774652374893},{""start"":1774652376056,""stop"":1774652376946},{""start"":1774652418345,""stop"":1774652418504},{""start"":1774652419650,""stop"":1774652419979},{""start"":1774652424079,""stop"":1774652424371},{""start"":1774652424700,""stop"":1774652424850},{""start"":1774652425199,""stop"":1774652425279},{""start"":1774652425749,""stop"":1774652425786},{""start"":1774652426724,""stop"":1774652426782},{""start"":1774652427203,""stop"":1774652427280}]}",0.85,"{""version"":1,""segments"":[{""start"":1774652403141,""stop"":1774652403676},{""start"":1774652403735,""stop"":1774652403773},{""start"":1774652404494,""stop"":1774652404675},{""start"":1774652404828,""stop"":1774652404924}]}",1.615,"{""version"":1,""segments"":[{""start"":1774652443042,""stop"":1774652444657}]}",0,,,,,,,,Did not move and shot from same position,"moved, and shot a tiny bit but had really low bps and had to rock back and fourth  to shoot",Ferried fuel from NZ & Opp zone to alliance zone. ,55,158,158,blue,0,0,None,None,None,0,None,None,None,1,0,0,0,0,None,4,0,19,158,139,0,0
2026orore_qm26,qm,1,26,frc2635,frc3636,frc9567,frc6831,frc4662,frc2635,frc6696,blue,CW,depot2,0,0,0,1.242,"{""version"":1,""segments"":[{""start"":1774652299468,""stop"":1774652300108},{""start"":1774652300902,""stop"":1774652301129},{""start"":1774652312326,""stop"":1774652312675},{""start"":1774652315914,""stop"":1774652315940}]}",0,"{""version"":1,""segments"":[]}",Auto 1,0,0,3.492,"{""version"":1,""segments"":[{""start"":1774652371770,""stop"":1774652371778},{""start"":1774652372079,""stop"":1774652372350},{""start"":1774652381097,""stop"":1774652381612},{""start"":1774652382380,""stop"":1774652382662},{""start"":1774652383944,""stop"":1774652384245},{""start"":1774652407538,""stop"":1774652407636},{""start"":1774652408503,""stop"":1774652409023},{""start"":1774652409482,""stop"":1774652409551},{""start"":1774652409841,""stop"":1774652409911},{""start"":1774652410301,""stop"":1774652410401},{""start"":1774652410679,""stop"":1774652410685},{""start"":1774652411139,""stop"":1774652411186},{""start"":1774652411580,""stop"":1774652411685},{""start"":1774652411939,""stop"":1774652412018},{""start"":1774652412698,""stop"":1774652412788},{""start"":1774652413158,""stop"":1774652413247},{""start"":1774652414010,""stop"":1774652414095},{""start"":1774652423172,""stop"":1774652423218},{""start"":1774652424034,""stop"":1774652424151},{""start"":1774652425386,""stop"":1774652425455},{""start"":1774652450271,""stop"":1774652450421},{""start"":1774652450659,""stop"":1774652450779},{""start"":1774652451824,""stop"":1774652451904},{""start"":1774652452735,""stop"":1774652452785},{""start"":1774652453558,""stop"":1774652453683}]}",0,"{""version"":1,""segments"":[]}",0,"{""version"":1,""segments"":[]}",0,0,0,0,0,0,0,none,didn't collect all of the depot ,"pushing fuel and very slow at collecting, ",pushing fuel,55,158,158,blue,0,0,None,None,None,0,None,None,None,1,0,0,0,0,None,4,0,19,158,139,0,0
2026orore_qm26,qm,1,26,frc6696,frc3636,frc9567,frc6831,frc4662,frc2635,frc6696,blue,SK,outpostWall5,0,0,0,0,"{""version"":1,""segments"":[]}",0,"{""version"":1,""segments"":[]}",Other,1,0,12.43,"{""version"":1,""segments"":[{""start"":1774652328082,""stop"":1774652329272},{""start"":1774652330044,""stop"":1774652330193},{""start"":1774652330945,""stop"":1774652331402},{""start"":1774652358526,""stop"":1774652360178},{""start"":1774652360914,""stop"":1774652361877},{""start"":1774652362232,""stop"":1774652362887},{""start"":1774652363857,""stop"":1774652364363},{""start"":1774652370238,""stop"":1774652370364},{""start"":1774652376223,""stop"":1774652376402},{""start"":1774652377386,""stop"":1774652377567},{""start"":1774652382200,""stop"":1774652382229},{""start"":1774652416344,""stop"":1774652418862},{""start"":1774652419178,""stop"":1774652420309},{""start"":1774652442400,""stop"":1774652442461},{""start"":1774652453390,""stop"":1774652453818},{""start"":1774652455222,""stop"":1774652456027},{""start"":1774652456193,""stop"":1774652456938},{""start"":1774652457214,""stop"":1774652457869}]}",5.473,"{""version"":1,""segments"":[{""start"":1774652340409,""stop"":1774652341976},{""start"":1774652342593,""stop"":1774652343042},{""start"":1774652343577,""stop"":1774652344694},{""start"":1774652355346,""stop"":1774652357497},{""start"":1774652358030,""stop"":1774652358219}]}",0,"{""version"":1,""segments"":[]}",0,0,0,0,0,0,0,none,hit the trench so had to A stop the robot,shot a lot of balls and consistently,went to collect balls and shoot them during the active shift,55,158,158,blue,0,0,None,None,None,0,None,None,None,1,0,0,0,0,None,4,0,19,158,139,0,0
2026orore_qm27,qm,1,27,frc2811,frc2811,frc2557,frc3674,frc2915,frc2990,frc3669,red,HD,depotWall1,0,0,0,1.222,"{""version"":1,""segments"":[{""start"":1774652781243,""stop"":1774652782465}]}",0,"{""version"":1,""segments"":[]}",Auto 2,0,0,61.623,"{""version"":1,""segments"":[{""start"":1774652803364,""stop"":1774652805571},{""start"":1774652807539,""stop"":1774652808820},{""start"":1774652809209,""stop"":1774652811208},{""start"":1774652812265,""stop"":1774652814439},{""start"":1774652815040,""stop"":1774652817487},{""start"":1774652817816,""stop"":1774652818186},{""start"":1774652818736,""stop"":1774652819006},{""start"":1774652820718,""stop"":1774652822815},{""start"":1774652827282,""stop"":1774652832964},{""start"":1774652860461,""stop"":1774652864235},{""start"":1774652865951,""stop"":1774652867065},{""start"":1774652867646,""stop"":1774652867823},{""start"":1774652869726,""stop"":1774652870361},{""start"":1774652871313,""stop"":1774652872419},{""start"":1774652873047,""stop"":1774652885945},{""start"":1774652908899,""stop"":1774652925093},{""start"":1774652925950,""stop"":1774652927032},{""start"":1774652930397,""stop"":1774652935977},{""start"":1774652938978,""stop"":1774652939514}]}",13.742,"{""version"":1,""segments"":[{""start"":1774652853596,""stop"":1774652857342},{""start"":1774652891148,""stop"":1774652897656},{""start"":1774652898734,""stop"":1774652899145},{""start"":1774652900848,""stop"":1774652903925}]}",0,"{""version"":1,""segments"":[]}",0,0,0,0,0,0,0,none,Shoot fuel then stopped,were able to intake well and had a large hopper. Were able to shoot consistently for long period of times but at a slow speed ,ferried well were able collect fuel,358,358,147,red,0,0,None,None,None,0,None,None,None,1,5,0,0,0,None,4,0,32,358,321,0,0
2026orore_qm27,qm,1,27,frc2557,frc2811,frc2557,frc3674,frc2915,frc2990,frc3669,red,PK,outpost4,0,0,0,4.075,"{""version"":1,""segments"":[{""start"":1774652782994,""stop"":1774652786507},{""start"":1774652793912,""stop"":1774652794474}]}",0,"{""version"":1,""segments"":[]}",,0,0,13.784,"{""version"":1,""segments"":[{""start"":1774652818086,""stop"":1774652819540},{""start"":1774652820917,""stop"":1774652823239},{""start"":1774652829627,""stop"":1774652830662},{""start"":1774652831318,""stop"":1774652831761},{""start"":1774652868423,""stop"":1774652870107},{""start"":1774652877561,""stop"":1774652877799},{""start"":1774652880150,""stop"":1774652881788},{""start"":1774652921287,""stop"":1774652922842},{""start"":1774652936180,""stop"":1774652939595}]}",0,"{""version"":1,""segments"":[]}",0,"{""version"":1,""segments"":[]}",0,0,0,0,0,0,0,none,"collected some, shot some but just spun in a circle for about 5 seconds for no reason","good shooting, able to unload a lot of balls really quickly into the hub with decent accuracy. ok collecting but not the best strategy from drive team, not collecting when they should and not shooting at the right spots","just pushes balls instead of collecting them, not efficient or smart with time",358,358,147,red,0,0,None,None,None,0,None,None,None,1,5,0,0,0,None,4,0,32,358,321,0,0
2026orore_qm27,qm,1,27,frc3674,frc2811,frc2557,frc3674,frc2915,frc2990,frc3669,red,np,outpostWall5,0,0,0,7.294,"{""version"":1,""segments"":[{""start"":1774652783129,""stop"":1774652785649},{""start"":1774652789289,""stop"":1774652794063}]}",0,"{""version"":1,""segments"":[]}",Other,0,0,24.521,"{""version"":1,""segments"":[{""start"":1774652812072,""stop"":1774652817126},{""start"":1774652827427,""stop"":1774652833240},{""start"":1774652862598,""stop"":1774652867026},{""start"":1774652876017,""stop"":1774652877592},{""start"":1774652911924,""stop"":1774652913982},{""start"":1774652919908,""stop"":1774652921864},{""start"":1774652928798,""stop"":1774652930422},{""start"":1774652938727,""stop"":1774652940740}]}",1.692,"{""version"":1,""segments"":[{""start"":1774652893857,""stop"":1774652893881},{""start"":1774652894383,""stop"":1774652895482},{""start"":1774652901936,""stop"":1774652902505}]}",0,"{""version"":1,""segments"":[]}",0,,,,,,,,their auto was pretty good and rapid,they made many shots and were very efficient,"they ""ferried"" by pushing fuel into their own zone",358,358,147,red,0,0,None,None,None,0,None,None,None,1,5,0,0,0,None,4,0,32,358,321,0,0
2026orore_qm27,qm,1,27,frc2915,frc2811,frc2557,frc3674,frc2915,frc2990,frc3669,blue,LH,middle3,0,0,0,0,"{""version"":1,""segments"":[]}",0,"{""version"":1,""segments"":[]}",Other,0,0,15.769,"{""version"":1,""segments"":[{""start"":1774652843974,""stop"":1774652846837},{""start"":1774652847106,""stop"":1774652855772},{""start"":1774652856453,""stop"":1774652856809},{""start"":1774652895493,""stop"":1774652895970},{""start"":1774652896380,""stop"":1774652897061},{""start"":1774652899483,""stop"":1774652901583},{""start"":1774652904534,""stop"":1774652904761},{""start"":1774652905313,""stop"":1774652905595},{""start"":1774652907119,""stop"":1774652907236}]}",3.092,"{""version"":1,""segments"":[{""start"":1774652821301,""stop"":1774652824393}]}",0,"{""version"":1,""segments"":[]}",0,,,,,,,,Did nothing ,"Periods of active but just sitting there, takes time to get accurate, low bps ",okay at ferrying with med bps and med hoper capacity.  ,358,147,147,red,0,0,None,None,None,0,None,None,None,1,0,0,0,1,None,1,0,46,147,101,0,0
2026orore_qm27,qm,1,27,frc2990,frc2811,frc2557,frc3674,frc2915,frc2990,frc3669,blue,CW,outpostWall5,0,0,0,4.951,"{""version"":1,""segments"":[{""start"":1774652773923,""stop"":1774652774001},{""start"":1774652783594,""stop"":1774652784142},{""start"":1774652785604,""stop"":1774652789929}]}",0,"{""version"":1,""segments"":[]}",Auto 1,0,98.59999999999867,11.557,"{""version"":1,""segments"":[{""start"":1774652911037,""stop"":1774652915494},{""start"":1774652921744,""stop"":1774652925559},{""start"":1774652932171,""stop"":1774652934658},{""start"":1774652938638,""stop"":1774652939436}]}",0,"{""version"":1,""segments"":[]}",0,"{""version"":1,""segments"":[]}",0,0,0,0,0,0,0,none,had a very good auto and accurate ,they broke down until came back but they was inaccurate when shooting ,connection issues?,358,147,147,red,0,0,None,None,None,0,None,None,None,1,0,0,0,1,None,1,0,46,147,101,0,0
2026orore_qm27,qm,1,27,frc3669,frc2811,frc2557,frc3674,frc2915,frc2990,frc3669,blue,SK ,depotWall1,0,0,0,3.167,"{""version"":1,""segments"":[{""start"":1774652789210,""stop"":1774652790172},{""start"":1774652790359,""stop"":1774652790926},{""start"":1774652791538,""stop"":1774652792729},{""start"":1774652794511,""stop"":1774652794958}]}",0,"{""version"":1,""segments"":[]}",Other,0,0,8.167,"{""version"":1,""segments"":[{""start"":1774652841283,""stop"":1774652841793},{""start"":1774652859186,""stop"":1774652859407},{""start"":1774652860513,""stop"":1774652861109},{""start"":1774652866764,""stop"":1774652866835},{""start"":1774652867091,""stop"":1774652869154},{""start"":1774652869261,""stop"":1774652869500},{""start"":1774652869806,""stop"":1774652870025},{""start"":1774652881536,""stop"":1774652881885},{""start"":1774652888118,""stop"":1774652888495},{""start"":1774652888702,""stop"":1774652889566},{""start"":1774652901314,""stop"":1774652901999},{""start"":1774652902443,""stop"":1774652902851},{""start"":1774652905742,""stop"":1774652906111},{""start"":1774652906327,""stop"":1774652906576},{""start"":1774652906882,""stop"":1774652907101},{""start"":1774652911967,""stop"":1774652912157},{""start"":1774652914256,""stop"":1774652914703},{""start"":1774652935900,""stop"":1774652935991}]}",0,"{""version"":1,""segments"":[]}",0,"{""version"":1,""segments"":[]}",0,0,0,0,0,0,0,none,really slow. but went to collect from the depot,shot well. sometimes would stop in the middle and slow down,collected fuel and pushed it to the alliance,358,147,147,red,0,0,None,None,None,0,None,None,None,1,0,0,0,1,None,1,0,46,147,101,0,0
2026orore_qm28,qm,1,28,frc2733,frc2733,frc1540,frc2898,frc4488,frc4915,frc997,red,HD,middle3,0,0,0,0,"{""version"":1,""segments"":[]}",0,"{""version"":1,""segments"":[]}",Auto 2,0,17.799999999999983,0.986,"{""version"":1,""segments"":[{""start"":1774653471670,""stop"":1774653472656}]}",0.611,"{""version"":1,""segments"":[{""start"":1774653486923,""stop"":1774653487534}]}",0,"{""version"":1,""segments"":[]}",1.5000000000000002,0,0,0,0,1,0,1,Did not shoot or intake,Could intake initially but then intake got jammed. Got s few fuel off then did not shot anymore,tried to intake fuel but intake was broken. Attempted defense but it was not really effective,151,151,359,blue,0,0,None,None,None,0,None,None,None,1,25,0,3,0,None,1,0,39,151,87,0,0
2026orore_qm28,qm,1,28,frc1540,frc2733,frc1540,frc2898,frc4488,frc4915,frc997,red,PK,depotWall1,0,0,0,9.625,"{""version"":1,""segments"":[{""start"":1774653444314,""stop"":1774653444495},{""start"":1774653447472,""stop"":1774653451702},{""start"":1774653456762,""stop"":1774653461513},{""start"":1774653462660,""stop"":1774653463123}]}",0,"{""version"":1,""segments"":[]}",Auto 1,0,0,18.527,"{""version"":1,""segments"":[{""start"":1774653482269,""stop"":1774653484192},{""start"":1774653484801,""stop"":1774653493823},{""start"":1774653498201,""stop"":1774653502234},{""start"":1774653531724,""stop"":1774653534177},{""start"":1774653543976,""stop"":1774653544418},{""start"":1774653553183,""stop"":1774653553837}]}",19.576,"{""version"":1,""segments"":[{""start"":1774653472954,""stop"":1774653480483},{""start"":1774653504228,""stop"":1774653515893},{""start"":1774653529015,""stop"":1774653529397}]}",0,"{""version"":1,""segments"":[]}",5.799999999999995,0,0,0,0,0,0,none,"Auto was kinda off, not really at best, missed a bunch not the fastest shooting like normal","really fast collecting and shooting, putting up large amounts of balls easily, intake broke down midway throuigh match, couldn't collect at all, spent endgame pushing balls to human player",collected and shot while they could until intake stopped working,151,151,359,blue,0,0,None,None,None,0,None,None,None,1,25,0,3,0,None,1,0,39,151,87,0,0
2026orore_qm28,qm,1,28,frc2898,frc2733,frc1540,frc2898,frc4488,frc4915,frc997,red,np,outpostWall5,0,0,0,0,"{""version"":1,""segments"":[]}",0,"{""version"":1,""segments"":[]}",,0,0,0,"{""version"":1,""segments"":[]}",0,"{""version"":1,""segments"":[]}",0,"{""version"":1,""segments"":[]}",0,0,0,0,0,1,0,3,didnt move at all,they didn't do anything useful and tried to ferry but shot the balls straight up and out of the field and even some into their opponent's zone,they tried to play defense but not very well,151,151,359,blue,0,0,None,None,None,0,None,None,None,1,25,0,3,0,None,1,0,39,151,87,0,0
2026orore_qm28,qm,1,28,frc4488,frc2733,frc1540,frc2898,frc4488,frc4915,frc997,blue,LH v                               ,middle3,0,0,0,2.197,"{""version"":1,""segments"":[{""start"":1774653442826,""stop"":1774653445023}]}",0,"{""version"":1,""segments"":[]}",Other,0,0,16.186,"{""version"":1,""segments"":[{""start"":1774653501028,""stop"":1774653504784},{""start"":1774653505345,""stop"":1774653506436},{""start"":1774653520263,""stop"":1774653520514},{""start"":1774653547902,""stop"":1774653553111},{""start"":1774653573386,""stop"":1774653575230},{""start"":1774653599900,""stop"":1774653602414},{""start"":1774653603869,""stop"":1774653605390}]}",0,"{""version"":1,""segments"":[]}",0,"{""version"":1,""segments"":[]}",0,0,0,0,0,0,0,none,"Stayed in place, good fire rate ","High BPS, Mid/High accuracy, good shooter design",Good at ferrying by pushing. good while getting defended. ,151,359,359,blue,0,0,None,None,None,0,None,None,None,1,45,0,0,5,None,4,0,44,359,270,0,0
2026orore_qm28,qm,1,28,frc4915,frc2733,frc1540,frc2898,frc4488,frc4915,frc997,blue,CW,depotWall1,0,0,0,5.628,"{""version"":1,""segments"":[{""start"":1774653449538,""stop"":1774653452437},{""start"":1774653452712,""stop"":1774653453503},{""start"":1774653460329,""stop"":1774653462267}]}",0,"{""version"":1,""segments"":[]}",Auto 1,0,0,35.712,"{""version"":1,""segments"":[{""start"":1774653467420,""stop"":1774653467767},{""start"":1774653467899,""stop"":1774653468947},{""start"":1774653500984,""stop"":1774653506087},{""start"":1774653506686,""stop"":1774653507586},{""start"":1774653508084,""stop"":1774653508946},{""start"":1774653509284,""stop"":1774653510544},{""start"":1774653511002,""stop"":1774653511425},{""start"":1774653512217,""stop"":1774653513196},{""start"":1774653514187,""stop"":1774653515765},{""start"":1774653516214,""stop"":1774653516812},{""start"":1774653517640,""stop"":1774653519187},{""start"":1774653519485,""stop"":1774653519936},{""start"":1774653520338,""stop"":1774653520853},{""start"":1774653522278,""stop"":1774653525846},{""start"":1774653553811,""stop"":1774653553899},{""start"":1774653553928,""stop"":1774653554429},{""start"":1774653554698,""stop"":1774653555388},{""start"":1774653556630,""stop"":1774653556943},{""start"":1774653557734,""stop"":1774653562211},{""start"":1774653562591,""stop"":1774653563608},{""start"":1774653563999,""stop"":1774653565248},{""start"":1774653565556,""stop"":1774653566166},{""start"":1774653566467,""stop"":1774653567366},{""start"":1774653568429,""stop"":1774653568947},{""start"":1774653573899,""stop"":1774653574333},{""start"":1774653574539,""stop"":1774653577008},{""start"":1774653601639,""stop"":1774653602640},{""start"":1774653603791,""stop"":1774653606058}]}",9.631,"{""version"":1,""segments"":[{""start"":1774653477364,""stop"":1774653478516},{""start"":1774653479267,""stop"":1774653479915},{""start"":1774653480186,""stop"":1774653480834},{""start"":1774653481778,""stop"":1774653482267},{""start"":1774653483949,""stop"":1774653484250},{""start"":1774653485669,""stop"":1774653487150},{""start"":1774653487575,""stop"":1774653488096},{""start"":1774653488850,""stop"":1774653489241},{""start"":1774653490452,""stop"":1774653491302},{""start"":1774653491680,""stop"":1774653491752},{""start"":1774653534094,""stop"":1774653534165},{""start"":1774653535070,""stop"":1774653536651},{""start"":1774653537089,""stop"":1774653537578},{""start"":1774653538269,""stop"":1774653538787},{""start"":1774653540129,""stop"":1774653540548}]}",1.206,"{""version"":1,""segments"":[{""start"":1774653545077,""stop"":1774653545172},{""start"":1774653546088,""stop"":1774653547199}]}",0,0,0,0,0,0,0,none,they had good passes but inaccurate shooting,"they shot very fast but most of the time inaccurate because over shoot, no defense ","ferry fast cycles, and stealing fuel, ",151,359,359,blue,0,0,None,None,None,0,None,None,None,1,45,0,0,5,None,4,0,44,359,270,0,0
2026orore_qm28,qm,1,28,frc997,frc2733,frc1540,frc2898,frc4488,frc4915,frc997,blue,SK,outpostWall5,0,0,0,7.102,"{""version"":1,""segments"":[{""start"":1774653450949,""stop"":1774653456112},{""start"":1774653459805,""stop"":1774653460630},{""start"":1774653460905,""stop"":1774653461224},{""start"":1774653461856,""stop"":1774653462651}]}",0,"{""version"":1,""segments"":[]}",,0,0,21.299,"{""version"":1,""segments"":[{""start"":1774653502645,""stop"":1774653509810},{""start"":1774653514127,""stop"":1774653515033},{""start"":1774653515178,""stop"":1774653516968},{""start"":1774653521231,""stop"":1774653525600},{""start"":1774653552852,""stop"":1774653553227},{""start"":1774653558529,""stop"":1774653559185},{""start"":1774653566732,""stop"":1774653568587},{""start"":1774653568991,""stop"":1774653569439},{""start"":1774653569616,""stop"":1774653569706},{""start"":1774653569903,""stop"":1774653569954},{""start"":1774653570151,""stop"":1774653570251},{""start"":1774653570369,""stop"":1774653570509},{""start"":1774653570596,""stop"":1774653570737},{""start"":1774653605644,""stop"":1774653608746},{""start"":1774653609142,""stop"":1774653609253}]}",4.036,"{""version"":1,""segments"":[{""start"":1774653481394,""stop"":1774653483420},{""start"":1774653582331,""stop"":1774653584341}]}",0,"{""version"":1,""segments"":[]}",0,,,,,,,,auto was really good and scored a lot of points,shot consistently and good shots. scored most of their shoots,collect balls and ferried them to the other alliance,151,359,359,blue,0,0,None,None,None,0,None,None,None,1,45,0,0,5,None,4,0,44,359,270,0,0
2026orore_qm29,qm,1,29,frc8032,frc8032,frc1359,frc2471,frc957,frc749,frc2550,red,HD,depotWall1,0,0,0,5.253,"{""version"":1,""segments"":[{""start"":1774653888575,""stop"":1774653893828}]}",0,"{""version"":1,""segments"":[]}",Auto 1,0,0,16.337,"{""version"":1,""segments"":[{""start"":1774653911524,""stop"":1774653912817},{""start"":1774653913368,""stop"":1774653913548},{""start"":1774653948169,""stop"":1774653953177},{""start"":1774653994071,""stop"":1774653999162},{""start"":1774654011499,""stop"":1774654013455},{""start"":1774654027803,""stop"":1774654028900},{""start"":1774654029868,""stop"":1774654030745},{""start"":1774654039178,""stop"":1774654040013}]}",0,"{""version"":1,""segments"":[]}",0,"{""version"":1,""segments"":[]}",0,0,0,0,0,1,1,3,Got most of hopper out,"were able to shoot fast and accurately, had a large hopper capacity but intake was a little slow and sometime fuel got stuck in their hopper",focused on defense was able to cause disruption to shooting robots and was able to steal fuel ,270,270,175,red,0,0,None,None,None,10,None,Level1,None,1,5,0,0,2,None,4,0,87,270,178,10,0
2026orore_qm29,qm,1,29,frc1359,frc8032,frc1359,frc2471,frc957,frc749,frc2550,red,PK,depotWall1,0,0,0,0,"{""version"":1,""segments"":[]}",0,"{""version"":1,""segments"":[]}",,0,0,1.147,"{""version"":1,""segments"":[{""start"":1774653958941,""stop"":1774653960088}]}",0,"{""version"":1,""segments"":[]}",0,"{""version"":1,""segments"":[]}",0,10,1,0,0,0,0,none,"missed auto, tablet stopped working, mb","didn't really do much most of the match, has trouble collecting and shooting balls, what few balls it did shoot mostly missed, not the best",same as above,270,270,175,red,0,0,None,None,None,10,None,Level1,None,1,5,0,0,2,None,4,0,87,270,178,10,0
2026orore_qm29,qm,1,29,frc2471,frc8032,frc1359,frc2471,frc957,frc749,frc2550,red,np,outpostWall5,0,0,0,6.319,"{""version"":1,""segments"":[{""start"":1774653888185,""stop"":1774653891022},{""start"":1774653897805,""stop"":1774653898118},{""start"":1774653898227,""stop"":1774653901396}]}",0,"{""version"":1,""segments"":[]}",Auto 1,0,0,23.253,"{""version"":1,""segments"":[{""start"":1774653912530,""stop"":1774653914302},{""start"":1774653944920,""stop"":1774653948415},{""start"":1774653950962,""stop"":1774653952076},{""start"":1774653952443,""stop"":1774653952835},{""start"":1774653953172,""stop"":1774653954222},{""start"":1774653954662,""stop"":1774653955113},{""start"":1774653955970,""stop"":1774653957926},{""start"":1774653963095,""stop"":1774653964076},{""start"":1774653964209,""stop"":1774653964488},{""start"":1774653964588,""stop"":1774653964849},{""start"":1774653964948,""stop"":1774653965336},{""start"":1774653965528,""stop"":1774653965787},{""start"":1774653998890,""stop"":1774654000584},{""start"":1774654000953,""stop"":1774654003951},{""start"":1774654004624,""stop"":1774654005380},{""start"":1774654009562,""stop"":1774654011664},{""start"":1774654011864,""stop"":1774654012495},{""start"":1774654012596,""stop"":1774654013135},{""start"":1774654013315,""stop"":1774654013723},{""start"":1774654040427,""stop"":1774654040699},{""start"":1774654040768,""stop"":1774654040829},{""start"":1774654041029,""stop"":1774654041478},{""start"":1774654041689,""stop"":1774654042061},{""start"":1774654042247,""stop"":1774654042580},{""start"":1774654042866,""stop"":1774654043106}]}",11.207,"{""version"":1,""segments"":[{""start"":1774653931724,""stop"":1774653932503},{""start"":1774653942773,""stop"":1774653943047},{""start"":1774653943612,""stop"":1774653943687},{""start"":1774653943827,""stop"":1774653943887},{""start"":1774653972857,""stop"":1774653973607},{""start"":1774653973767,""stop"":1774653974164},{""start"":1774653974287,""stop"":1774653976745},{""start"":1774653976989,""stop"":1774653980640},{""start"":1774653982490,""stop"":1774653984916},{""start"":1774653985120,""stop"":1774653985386},{""start"":1774653986015,""stop"":1774653986086}]}",0,"{""version"":1,""segments"":[]}",0,,,,,,,,great auto with many fueld scored,great shots with many fuel scored,great and efficient ferrying,270,270,175,red,0,0,None,None,None,10,None,Level1,None,1,5,0,0,2,None,4,0,87,270,178,10,0
2026orore_qm29,qm,1,29,frc957,frc8032,frc1359,frc2471,frc957,frc749,frc2550,blue,LH,depotWall1,1,0,0,5.222,"{""version"":1,""segments"":[{""start"":1774653886682,""stop"":1774653891072},{""start"":1774653894257,""stop"":1774653894634},{""start"":1774653895335,""stop"":1774653895582},{""start"":1774653897731,""stop"":1774653897810},{""start"":1774653900031,""stop"":1774653900160}]}",0,"{""version"":1,""segments"":[]}",Auto 2,0,0,17.529,"{""version"":1,""segments"":[{""start"":1774653920032,""stop"":1774653923519},{""start"":1774653935473,""stop"":1774653939589},{""start"":1774653980547,""stop"":1774653982969},{""start"":1774653983671,""stop"":1774653985288},{""start"":1774654017101,""stop"":1774654018638},{""start"":1774654019208,""stop"":1774654020216},{""start"":1774654021464,""stop"":1774654021851},{""start"":1774654022804,""stop"":1774654023953},{""start"":1774654033560,""stop"":1774654033837},{""start"":1774654039583,""stop"":1774654040767},{""start"":1774654041483,""stop"":1774654041720},{""start"":1774654042478,""stop"":1774654042586}]}",6.5,"{""version"":1,""segments"":[{""start"":1774653955995,""stop"":1774653957009},{""start"":1774653996435,""stop"":1774653999837},{""start"":1774654000227,""stop"":1774654000786},{""start"":1774654001318,""stop"":1774654002843}]}",0,"{""version"":1,""segments"":[]}",0,,,,,,,,"ok, not very efficent. ","didnt do great getting defended, mid fire rate ",did some ferrying but also had periods of doing nothing. ,270,175,175,red,0,0,None,None,None,10,None,None,Level1,1,10,0,0,1,None,1,0,42,175,123,10,0
2026orore_qm29,qm,1,29,frc749,frc8032,frc1359,frc2471,frc957,frc749,frc2550,blue,CW,outpost4,0,0,0,1.915,"{""version"":1,""segments"":[{""start"":1774653880116,""stop"":1774653880723},{""start"":1774653881616,""stop"":1774653882105},{""start"":1774653882664,""stop"":1774653883283},{""start"":1774653883822,""stop"":1774653884022}]}",0,"{""version"":1,""segments"":[]}",Auto 1,0,2.800000000000001,2.481,"{""version"":1,""segments"":[{""start"":1774653953292,""stop"":1774653953338},{""start"":1774653953812,""stop"":1774653954181},{""start"":1774653967256,""stop"":1774653968344},{""start"":1774653968455,""stop"":1774653969433}]}",0,"{""version"":1,""segments"":[]}",0,"{""version"":1,""segments"":[]}",0,0,0,0,0,0,0,none,just shot pre load but missed some,"kept on trying to line up but soon noticed that fuel jams the shooter, intake broke after that",trying to push fuel,270,175,175,red,0,0,None,None,None,10,None,None,Level1,1,10,0,0,1,None,1,0,42,175,123,10,0
2026orore_qm29,qm,1,29,frc2550,frc8032,frc1359,frc2471,frc957,frc749,frc2550,blue,SK,middle3,0,0,0,1.615,"{""version"":1,""segments"":[{""start"":1774653878122,""stop"":1774653878213},{""start"":1774653878717,""stop"":1774653878767},{""start"":1774653882045,""stop"":1774653882414},{""start"":1774653882788,""stop"":1774653883117},{""start"":1774653883422,""stop"":1774653883691},{""start"":1774653883967,""stop"":1774653884474}]}",0,"{""version"":1,""segments"":[]}",,0,0,1.839,"{""version"":1,""segments"":[{""start"":1774654023047,""stop"":1774654024187},{""start"":1774654024822,""stop"":1774654025141},{""start"":1774654025696,""stop"":1774654026076}]}",6.029,"{""version"":1,""segments"":[{""start"":1774653920834,""stop"":1774653922309},{""start"":1774653925850,""stop"":1774653926743},{""start"":1774653926781,""stop"":1774653926882},{""start"":1774653928188,""stop"":1774653928338},{""start"":1774653928778,""stop"":1774653930758},{""start"":1774653938087,""stop"":1774653938178},{""start"":1774653974842,""stop"":1774653976181}]}",1.897,"{""version"":1,""segments"":[{""start"":1774653968561,""stop"":1774653970079},{""start"":1774653974119,""stop"":1774653974498}]}",0,10,1,1,0,0,0,none,only shot a few fuel,played defense most of the time; were fairly okay,played defense most of the time,270,175,175,red,0,0,None,None,None,10,None,None,Level1,1,10,0,0,1,None,1,0,42,175,123,10,0
2026orore_qm3,qm,1,3,frc3674,frc3674,frc1425,frc3636,frc2733,frc2811,frc2550,red,LH,outpostWall5,0,15,1,3.672,"{""version"":1,""segments"":[{""start"":1774636345305,""stop"":1774636348977}]}",0,"{""version"":1,""segments"":[]}",Other,0,0,24.218,"{""version"":1,""segments"":[{""start"":1774636398327,""stop"":1774636402039},{""start"":1774636411429,""stop"":1774636414983},{""start"":1774636417220,""stop"":1774636418004},{""start"":1774636450181,""stop"":1774636456341},{""start"":1774636472977,""stop"":1774636475924},{""start"":1774636482411,""stop"":1774636485829},{""start"":1774636493403,""stop"":1774636497046}]}",1.737,"{""version"":1,""segments"":[{""start"":1774636381962,""stop"":1774636383699}]}",0,"{""version"":1,""segments"":[]}",0,0,0,0,0,0,0,none,"High intake rate, MEd bps, high accuracy, did l1 climb","main focus was scouring, efficient ","efficient intake,pushed fuel to alliance zone ",297,297,106,red,0,15,Level1,None,None,0,None,None,None,1,40,0,0,0,None,4,0,94,297,163,15,0
2026orore_qm3,qm,1,3,frc1425,frc3674,frc1425,frc3636,frc2733,frc2811,frc2550,red,HD,depotWall1,0,0,0,7.592,"{""version"":1,""segments"":[{""start"":1774636342467,""stop"":1774636346218},{""start"":1774636354136,""stop"":1774636357977}]}",0,"{""version"":1,""segments"":[]}",2nz Bump,0,0,25.759,"{""version"":1,""segments"":[{""start"":1774636369231,""stop"":1774636373224},{""start"":1774636398514,""stop"":1774636400887},{""start"":1774636406929,""stop"":1774636410557},{""start"":1774636417509,""stop"":1774636421733},{""start"":1774636422851,""stop"":1774636422994},{""start"":1774636448127,""stop"":1774636449723},{""start"":1774636455720,""stop"":1774636456442},{""start"":1774636463290,""stop"":1774636469947},{""start"":1774636485609,""stop"":1774636486567},{""start"":1774636494111,""stop"":1774636494694},{""start"":1774636500873,""stop"":1774636501755}]}",0,"{""version"":1,""segments"":[]}",8.243,"{""version"":1,""segments"":[{""start"":1774636381702,""stop"":1774636382724},{""start"":1774636387236,""stop"":1774636391607},{""start"":1774636431797,""stop"":1774636434647}]}",0,0,0,0,0,0,0,none,"quick and fast, 2 passes ","good intaking, large hopper, fast shooter",ferried with the shooter,297,297,106,red,0,15,Level1,None,None,0,None,None,None,1,40,0,0,0,None,4,0,94,297,163,15,0
2026orore_qm3,qm,1,3,frc3636,frc3674,frc1425,frc3636,frc2733,frc2811,frc2550,red,np,middle3,0,0,0,2.279,"{""version"":1,""segments"":[{""start"":1774636338853,""stop"":1774636341132}]}",0,"{""version"":1,""segments"":[]}",Other,0,0,0,"{""version"":1,""segments"":[]}",0,"{""version"":1,""segments"":[]}",0,"{""version"":1,""segments"":[]}",0,,,,,,,,decent auto with a couple scored and a simple auto,didn't contribute much and got stuck on ramp and they pinned a team playing defense on us,i think they might've been frozen for a bit of time,297,297,106,red,0,15,Level1,None,None,0,None,None,None,1,40,0,0,0,None,4,0,94,297,163,15,0
2026orore_qm3,qm,1,3,frc2733,frc3674,frc1425,frc3636,frc2733,frc2811,frc2550,blue,SK,outpostWall5,0,0,0,1.432,"{""version"":1,""segments"":[{""start"":1774636339890,""stop"":1774636341322}]}",0,"{""version"":1,""segments"":[]}",Other,0,0,7.338,"{""version"":1,""segments"":[{""start"":1774636435692,""stop"":1774636439006},{""start"":1774636439642,""stop"":1774636440276},{""start"":1774636472280,""stop"":1774636473421},{""start"":1774636494559,""stop"":1774636495826},{""start"":1774636496921,""stop"":1774636496973},{""start"":1774636497022,""stop"":1774636497498},{""start"":1774636499232,""stop"":1774636499373},{""start"":1774636500015,""stop"":1774636500216},{""start"":1774636502718,""stop"":1774636502830}]}",0.586,"{""version"":1,""segments"":[{""start"":1774636429533,""stop"":1774636430119}]}",0,"{""version"":1,""segments"":[]}",0,0,0,0,0,1,0,2,Shot some fuel in auto but stayed still for most of the match,went to collect fuel to the other alliance. But shoot really slow and not many balls,went to play defense,297,106,106,red,0,0,None,None,None,0,None,None,None,1,0,0,2,2,None,1,0,22,106,84,0,0
2026orore_qm3,qm,1,3,frc2811,frc3674,frc1425,frc3636,frc2733,frc2811,frc2550,blue,SH,depotWall1,0,0,0,0,"{""version"":1,""segments"":[]}",0,"{""version"":1,""segments"":[]}",Other,0,0,3.76,"{""version"":1,""segments"":[{""start"":1774636370898,""stop"":1774636370998},{""start"":1774636374602,""stop"":1774636376282},{""start"":1774636380024,""stop"":1774636382004}]}",3.461,"{""version"":1,""segments"":[{""start"":1774636366432,""stop"":1774636367531},{""start"":1774636395991,""stop"":1774636396693},{""start"":1774636457737,""stop"":1774636459397}]}",0.148,"{""version"":1,""segments"":[{""start"":1774636410278,""stop"":1774636410426}]}",0,0,0,1,0,0,0,2,they did not move at all,attempted to shoot but missed a lot and was consistently cornered by 3636. no defense during this shift. ,Attempted to play defense but was cornered a lot. More of an offense move. Gathered some intake but barely got any. ,297,106,106,red,0,0,None,None,None,0,None,None,None,1,0,0,2,2,None,1,0,22,106,84,0,0
2026orore_qm3,qm,1,3,frc2550,frc3674,frc1425,frc3636,frc2733,frc2811,frc2550,blue,ES,depot2,0,0,0,0,"{""version"":1,""segments"":[]}",0,"{""version"":1,""segments"":[]}",,0,0,0,"{""version"":1,""segments"":[]}",13.25,"{""version"":1,""segments"":[{""start"":1774636414299,""stop"":1774636415480},{""start"":1774636484853,""stop"":1774636496483},{""start"":1774636499346,""stop"":1774636499785}]}",0,"{""version"":1,""segments"":[]}",7.099999999999991,0,0,0,0,1,0,1,moved but shooting missed,played defense poorly,ferried in the back end of the match ,297,106,106,red,0,0,None,None,None,0,None,None,None,1,0,0,2,2,None,1,0,22,106,84,0,0
2026orore_qm30,qm,1,30,frc2557,frc2557,frc6465,frc9430,frc1425,frc9600,frc4662,red,HD,outpost4,0,0,0,2.514,"{""version"":1,""segments"":[{""start"":1774654393853,""stop"":1774654396367}]}",0,"{""version"":1,""segments"":[]}",Auto 3,0,0,0,"{""version"":1,""segments"":[]}",0,"{""version"":1,""segments"":[]}",0,"{""version"":1,""segments"":[]}",0,0,0,0,0,0,0,none,Shoot one hopper,were in the neutral zone drifting around not able to play offense,tried to play defense just ended up blocking the trench,212,212,269,blue,0,0,None,None,None,0,None,None,None,1,0,0,0,0,None,1,0,53,212,159,0,0
2026orore_qm30,qm,1,30,frc6465,frc2557,frc6465,frc9430,frc1425,frc9600,frc4662,red,Em,middle3,0,0,0,0,"{""version"":1,""segments"":[]}",0,"{""version"":1,""segments"":[]}",,0,0,11.53,"{""version"":1,""segments"":[{""start"":1774654429630,""stop"":1774654430365},{""start"":1774654431940,""stop"":1774654436081},{""start"":1774654480750,""stop"":1774654484189},{""start"":1774654497726,""stop"":1774654498436},{""start"":1774654524782,""stop"":1774654525217},{""start"":1774654526899,""stop"":1774654528969}]}",0,"{""version"":1,""segments"":[]}",0,"{""version"":1,""segments"":[]}",0,0,0,0,0,0,0,none,Did nothing,Not that fast at trying to refuel hopper during active but empties nopper relatively fast,filled up hopper and manually pushed balls into their side,212,212,269,blue,0,0,None,None,None,0,None,None,None,1,0,0,0,0,None,1,0,53,212,159,0,0
2026orore_qm30,qm,1,30,frc9430,frc2557,frc6465,frc9430,frc1425,frc9600,frc4662,red,np,depotWall1,0,0,0,5.796,"{""version"":1,""segments"":[{""start"":1774654395166,""stop"":1774654397254},{""start"":1774654404233,""stop"":1774654407941}]}",0,"{""version"":1,""segments"":[]}",,0,0,18.405,"{""version"":1,""segments"":[{""start"":1774654428218,""stop"":1774654432979},{""start"":1774654442350,""stop"":1774654444354},{""start"":1774654444715,""stop"":1774654445055},{""start"":1774654484963,""stop"":1774654487346},{""start"":1774654488287,""stop"":1774654488461},{""start"":1774654493234,""stop"":1774654494506},{""start"":1774654494741,""stop"":1774654494907},{""start"":1774654495113,""stop"":1774654495256},{""start"":1774654534556,""stop"":1774654534608},{""start"":1774654534651,""stop"":1774654537875},{""start"":1774654538601,""stop"":1774654542487}]}",12.742,"{""version"":1,""segments"":[{""start"":1774654538610,""stop"":1774654542111},{""start"":1774654542374,""stop"":1774654551615}]}",0,"{""version"":1,""segments"":[]}",0,,,,,,,,great automode with many fuel scored,great at shooting and they shot very frequently,they were good at ferrying,212,212,269,blue,0,0,None,None,None,0,None,None,None,1,0,0,0,0,None,1,0,53,212,159,0,0
2026orore_qm30,qm,1,30,frc1425,frc2557,frc6465,frc9430,frc1425,frc9600,frc4662,blue,LH,depotWall1,0,0,0,7.179,"{""version"":1,""segments"":[{""start"":1774654391608,""stop"":1774654394089},{""start"":1774654394476,""stop"":1774654394909},{""start"":1774654401349,""stop"":1774654405614}]}",0,"{""version"":1,""segments"":[]}",Nz & Depo,0,0,30.245,"{""version"":1,""segments"":[{""start"":1774654418430,""stop"":1774654420767},{""start"":1774654447736,""stop"":1774654452615},{""start"":1774654458731,""stop"":1774654462413},{""start"":1774654500096,""stop"":1774654505907},{""start"":1774654512203,""stop"":1774654515920},{""start"":1774654526640,""stop"":1774654530640},{""start"":1774654541197,""stop"":1774654543346},{""start"":1774654543894,""stop"":1774654547564}]}",0,"{""version"":1,""segments"":[]}",0,"{""version"":1,""segments"":[]}",0,,,,,,,,Very efficent and accurate auto ,main  focus was shooting with good accuracy and bps ,"appeared when ferrying to not use intake to conserve energy (smart), otherwise doing really good",212,269,269,blue,0,0,None,None,None,0,None,None,None,1,0,0,0,0,None,4,0,58,269,211,0,0
2026orore_qm30,qm,1,30,frc9600,frc2557,frc6465,frc9430,frc1425,frc9600,frc4662,blue,AH,outpostWall5,0,0,0,2.659,"{""version"":1,""segments"":[{""start"":1774654398293,""stop"":1774654400952}]}",0,"{""version"":1,""segments"":[]}",,0,0,42.209,"{""version"":1,""segments"":[{""start"":1774654412579,""stop"":1774654414938},{""start"":1774654445186,""stop"":1774654445967},{""start"":1774654448107,""stop"":1774654448476},{""start"":1774654450094,""stop"":1774654455024},{""start"":1774654459398,""stop"":1774654469391},{""start"":1774654498912,""stop"":1774654507133},{""start"":1774654513904,""stop"":1774654523695},{""start"":1774654543489,""stop"":1774654549254}]}",0.17,"{""version"":1,""segments"":[{""start"":1774654481988,""stop"":1774654482014},{""start"":1774654482208,""stop"":1774654482256},{""start"":1774654482407,""stop"":1774654482466},{""start"":1774654482627,""stop"":1774654482647},{""start"":1774654482807,""stop"":1774654482824}]}",0,"{""version"":1,""segments"":[]}",0,0,0,0,0,0,0,none,"Single swipe into the neutral zone, slow bps, not able to empty hopper.",Shot slowly into the blue hub.,Collection of fuel into their hopper.,212,269,269,blue,0,0,None,None,None,0,None,None,None,1,0,0,0,0,None,4,0,58,269,211,0,0
2026orore_qm30,qm,1,30,frc4662,frc2557,frc6465,frc9430,frc1425,frc9600,frc4662,blue,SK,middle3,0,0,0,1.069,"{""version"":1,""segments"":[{""start"":1774654390370,""stop"":1774654391297},{""start"":1774654391539,""stop"":1774654391681}]}",0,"{""version"":1,""segments"":[]}",Auto 1,0,0,1.116,"{""version"":1,""segments"":[{""start"":1774654560662,""stop"":1774654560743},{""start"":1774654560941,""stop"":1774654561041},{""start"":1774654565832,""stop"":1774654565923},{""start"":1774654566347,""stop"":1774654567191}]}",0,"{""version"":1,""segments"":[]}",0,"{""version"":1,""segments"":[]}",132.99999999999673,0,0,1,0,1,0,2,only shot some fuel,played defense; not that good,played defense,212,269,269,blue,0,0,None,None,None,0,None,None,None,1,0,0,0,0,None,4,0,58,269,211,0,0
2026orore_qm31,qm,1,31,frc2930,frc2930,frc3674,frc2990,frc955,frc2898,frc3636,red,HD,depot2,0,0,0,2.217,"{""version"":1,""segments"":[{""start"":1774654833897,""stop"":1774654834945},{""start"":1774654836022,""stop"":1774654837191}]}",0,"{""version"":1,""segments"":[]}",Auto 1,0,0,2.466,"{""version"":1,""segments"":[{""start"":1774654858392,""stop"":1774654859162},{""start"":1774654862693,""stop"":1774654863465},{""start"":1774654864774,""stop"":1774654865049},{""start"":1774654865468,""stop"":1774654866117}]}",6.943,"{""version"":1,""segments"":[{""start"":1774654879975,""stop"":1774654883679},{""start"":1774654898050,""stop"":1774654898242},{""start"":1774654916863,""stop"":1774654917873},{""start"":1774654919461,""stop"":1774654919545},{""start"":1774654919637,""stop"":1774654919705},{""start"":1774654920746,""stop"":1774654920774},{""start"":1774654921778,""stop"":1774654921813},{""start"":1774654963998,""stop"":1774654965726},{""start"":1774654993105,""stop"":1774654993159},{""start"":1774654993889,""stop"":1774654993929}]}",0.933,"{""version"":1,""segments"":[{""start"":1774654937737,""stop"":1774654938670}]}",3.4000000000000017,0,0,0,0,1,0,1,Shoot 8 preloaded fuel,"Intake had some trouble, ferried teammates and was able to shoot well",barely played any defense and focused on ferrying ,252,252,297,blue,0,0,None,None,None,0,None,None,None,1,0,0,2,0,None,1,0,35,252,217,0,0
2026orore_qm31,qm,1,31,frc3674,frc2930,frc3674,frc2990,frc955,frc2898,frc3636,red,Em,depot2,0,0,0,7.506,"{""version"":1,""segments"":[{""start"":1774654836018,""stop"":1774654840337},{""start"":1774654846602,""stop"":1774654849789}]}",0,"{""version"":1,""segments"":[]}",,0,0,24.745,"{""version"":1,""segments"":[{""start"":1774654867791,""stop"":1774654871294},{""start"":1774654871874,""stop"":1774654873113},{""start"":1774654873712,""stop"":1774654874631},{""start"":1774654882775,""stop"":1774654886398},{""start"":1774654918067,""stop"":1774654921603},{""start"":1774654937602,""stop"":1774654940070},{""start"":1774654965798,""stop"":1774654971970},{""start"":1774654981406,""stop"":1774654982594},{""start"":1774654992642,""stop"":1774654994739}]}",3.251,"{""version"":1,""segments"":[{""start"":1774654897549,""stop"":1774654899926},{""start"":1774654910908,""stop"":1774654911157},{""start"":1774654915760,""stop"":1774654916352},{""start"":1774654936753,""stop"":1774654936786}]}",0,"{""version"":1,""segments"":[]}",0,0,0,0,0,0,0,none,"Very fast, went to neutral, filled hopper, then shot and repeated ",collected nearby balls and shot rather efficiently ,manually pushed balls through their trench to their side ,252,252,297,blue,0,0,None,None,None,0,None,None,None,1,0,0,2,0,None,1,0,35,252,217,0,0
2026orore_qm31,qm,1,31,frc2990,frc2930,frc3674,frc2990,frc955,frc2898,frc3636,red,np,depot2,0,0,0,2.449,"{""version"":1,""segments"":[{""start"":1774654834844,""stop"":1774654835828},{""start"":1774654836777,""stop"":1774654838242}]}",0,"{""version"":1,""segments"":[]}",,0,0,1.92,"{""version"":1,""segments"":[{""start"":1774654859265,""stop"":1774654860226},{""start"":1774654862732,""stop"":1774654862898},{""start"":1774654868030,""stop"":1774654868823}]}",6.778,"{""version"":1,""segments"":[{""start"":1774654875185,""stop"":1774654876006},{""start"":1774654877881,""stop"":1774654878387},{""start"":1774654883247,""stop"":1774654884244},{""start"":1774654884509,""stop"":1774654884831},{""start"":1774654900130,""stop"":1774654900682},{""start"":1774654901511,""stop"":1774654901895},{""start"":1774654917621,""stop"":1774654918078},{""start"":1774654920743,""stop"":1774654921349},{""start"":1774654964510,""stop"":1774654965367},{""start"":1774654965808,""stop"":1774654966425},{""start"":1774654994991,""stop"":1774654995650}]}",3,"{""version"":1,""segments"":[{""start"":1774654935673,""stop"":1774654936614},{""start"":1774654943941,""stop"":1774654944724},{""start"":1774654957308,""stop"":1774654957949},{""start"":1774654962443,""stop"":1774654963078}]}",8.899999999999984,0,0,0,0,0,0,none,decent auto with very few fuel scored,decent shots,great at ferrying and capable of ferrying over the net,252,252,297,blue,0,0,None,None,None,0,None,None,None,1,0,0,2,0,None,1,0,35,252,217,0,0
2026orore_qm31,qm,1,31,frc955,frc2930,frc3674,frc2990,frc955,frc2898,frc3636,blue,,,,,,,,,,,,,,,,,,,,,,,,,,,,,,252,297,297,blue,0,0,None,None,None,0,None,None,None,1,30,0,0,0,None,4,0,47,297,220,0,0
2026orore_qm31,qm,1,31,frc2898,frc2930,frc3674,frc2990,frc955,frc2898,frc3636,blue,AH,middle3,0,0,0,0,"{""version"":1,""segments"":[]}",0,"{""version"":1,""segments"":[]}",,0,0,0,"{""version"":1,""segments"":[]}",0,"{""version"":1,""segments"":[]}",0,"{""version"":1,""segments"":[]}",3.1000000000000014,0,0,1,0,1,0,2,Attempts to shoot depot fuel but gets a-stopped.,Plays defense in neutral to stop red robots in pursuit of expensive oil.,"Plays defense in the opposing alliance zone. Attempts to stop 2990 from shooting, but is not able to for long enough. ",252,297,297,blue,0,0,None,None,None,0,None,None,None,1,30,0,0,0,None,4,0,47,297,220,0,0
2026orore_qm31,qm,1,31,frc3636,frc2930,frc3674,frc2990,frc955,frc2898,frc3636,blue,SK,outpostWall5,0,0,0,0,"{""version"":1,""segments"":[]}",0,"{""version"":1,""segments"":[]}",,0,0,1.15,"{""version"":1,""segments"":[{""start"":1774654939916,""stop"":1774654941066}]}",0,"{""version"":1,""segments"":[]}",0,"{""version"":1,""segments"":[]}",111.89999999999792,0,0,0,0,0,0,none,did not move in auto,did not move; were really slow; did not shoot,were beached for most of the time,252,297,297,blue,0,0,None,None,None,0,None,None,None,1,30,0,0,0,None,4,0,47,297,220,0,0
2026orore_qm32,qm,1,32,frc8032,frc8032,frc2550,frc5975,frc9567,frc5970,frc997,red,Av,depot2,0,0,0,1.391,"{""version"":1,""segments"":[{""start"":1774656943216,""stop"":1774656944607}]}",0,"{""version"":1,""segments"":[]}",,0,0.7,20.719,"{""version"":1,""segments"":[{""start"":1774656977648,""stop"":1774656980516},{""start"":1774656989635,""stop"":1774656990161},{""start"":1774656990584,""stop"":1774656991734},{""start"":1774656992038,""stop"":1774656993291},{""start"":1774657023136,""stop"":1774657025449},{""start"":1774657026990,""stop"":1774657029918},{""start"":1774657039054,""stop"":1774657040606},{""start"":1774657042849,""stop"":1774657043754},{""start"":1774657075548,""stop"":1774657082772}]}",0,"{""version"":1,""segments"":[]}",0,"{""version"":1,""segments"":[]}",0,0,0,0,0,1,1,none,They tried to intake but it didn't work and shot their 8,They got defended pretty hard and weren't able to shoot as much but still made stuff in,They collected and defended,72,72,190,blue,0,0,None,None,None,0,None,None,None,0,0,0,0,1,None,0,0,23,72,49,0,0
2026orore_qm32,qm,1,32,frc2550,frc8032,frc2550,frc5975,frc9567,frc5970,frc997,red,Em,depot2,0,0,0,0,"{""version"":1,""segments"":[]}",0,"{""version"":1,""segments"":[]}",,0,0,10.329,"{""version"":1,""segments"":[{""start"":1774656988110,""stop"":1774656988153},{""start"":1774656988227,""stop"":1774656988293},{""start"":1774656988374,""stop"":1774656988433},{""start"":1774656988494,""stop"":1774656988565},{""start"":1774656988646,""stop"":1774656988713},{""start"":1774656988786,""stop"":1774656988845},{""start"":1774656988934,""stop"":1774656990304},{""start"":1774656997225,""stop"":1774656998695},{""start"":1774656999601,""stop"":1774657001038},{""start"":1774657031359,""stop"":1774657035001},{""start"":1774657036818,""stop"":1774657037654},{""start"":1774657068747,""stop"":1774657069029},{""start"":1774657069222,""stop"":1774657069381},{""start"":1774657069550,""stop"":1774657069721},{""start"":1774657075418,""stop"":1774657076015}]}",0,"{""version"":1,""segments"":[]}",0,"{""version"":1,""segments"":[]}",0,0,0,0,0,1,0,3,Zoned out sorry,"was good, shoots decently fast and did standard stuff really , didn't really know what to do to defend against someone on their side and kept shooting while being bumped",went over and played defense on the right side and pinned the spartans to the wall for a few seconds,72,72,190,blue,0,0,None,None,None,0,None,None,None,0,0,0,0,1,None,0,0,23,72,49,0,0
2026orore_qm32,qm,1,32,frc5975,frc8032,frc2550,frc5975,frc9567,frc5970,frc997,red,EG,middle3,0,0,0,0,"{""version"":1,""segments"":[]}",0,"{""version"":1,""segments"":[]}",,0,0,4.43,"{""version"":1,""segments"":[{""start"":1774657028502,""stop"":1774657031915},{""start"":1774657034508,""stop"":1774657035525}]}",0,"{""version"":1,""segments"":[]}",0,"{""version"":1,""segments"":[]}",0,,,,,,,,inactive,"played defense, defense bot.","they played defense at the other alliances trench and bump by stopping robots from crossing over, they also when into the other alliance zone",72,72,190,blue,0,0,None,None,None,0,None,None,None,0,0,0,0,1,None,0,0,23,72,49,0,0
2026orore_qm32,qm,1,32,frc9567,frc8032,frc2550,frc5975,frc9567,frc5970,frc997,blue,,depotWall1,0,0,0,2.711,"{""version"":1,""segments"":[{""start"":1774656936773,""stop"":1774656939484}]}",0,"{""version"":1,""segments"":[]}",,0,0,4.932,"{""version"":1,""segments"":[{""start"":1774657060980,""stop"":1774657061214},{""start"":1774657061485,""stop"":1774657061704},{""start"":1774657061854,""stop"":1774657061934},{""start"":1774657062064,""stop"":1774657063518},{""start"":1774657064932,""stop"":1774657065282},{""start"":1774657065481,""stop"":1774657065642},{""start"":1774657066052,""stop"":1774657066470},{""start"":1774657066690,""stop"":1774657066850},{""start"":1774657067070,""stop"":1774657067559},{""start"":1774657074704,""stop"":1774657074981},{""start"":1774657075171,""stop"":1774657075311},{""start"":1774657075537,""stop"":1774657075777},{""start"":1774657075936,""stop"":1774657076236},{""start"":1774657076876,""stop"":1774657076965},{""start"":1774657077065,""stop"":1774657077146},{""start"":1774657077235,""stop"":1774657077325},{""start"":1774657077435,""stop"":1774657077516},{""start"":1774657077655,""stop"":1774657077724}]}",0,"{""version"":1,""segments"":[]}",6.493,"{""version"":1,""segments"":[{""start"":1774657040524,""stop"":1774657045439},{""start"":1774657046359,""stop"":1774657047937}]}",0,0,0,1,0,0,0,2,shot some in then didnt move,shot some in and pushed a lot of fuel into theyre alliance zone,played defense and ferried balls into theyre alliance zone,72,190,190,blue,0,0,None,None,None,0,None,None,None,1,5,0,0,0,None,4,0,33,190,152,0,0
2026orore_qm32,qm,1,32,frc5970,frc8032,frc2550,frc5975,frc9567,frc5970,frc997,blue,,depotWall1,0,0,0,7.093,"{""version"":1,""segments"":[{""start"":1774657430148,""stop"":1774657433216},{""start"":1774657441390,""stop"":1774657445415}]}",0,"{""version"":1,""segments"":[]}",,0,0,10.119,"{""version"":1,""segments"":[{""start"":1774657470140,""stop"":1774657474237},{""start"":1774657478033,""stop"":1774657483932},{""start"":1774657486517,""stop"":1774657486573},{""start"":1774657486883,""stop"":1774657486911},{""start"":1774657487122,""stop"":1774657487161}]}",0.699,"{""version"":1,""segments"":[{""start"":1774657494125,""stop"":1774657494824}]}",0,"{""version"":1,""segments"":[]}",0,0,0,1,0,1,1,4,no auto played.,"played defense in neutral zone against opponent team to prevent ferrying. Didn't intake or score any fuel for duration of match, defense whole time excluding auto. Focused on one robot at a time for defense, mainly interfered with scoring.",played defense in opponent zone to prevent scoring in teleop and endgame.,72,190,190,blue,0,0,None,None,None,0,None,None,None,1,5,0,0,0,None,4,0,33,190,152,0,0
2026orore_qm32,qm,1,32,frc997,frc8032,frc2550,frc5975,frc9567,frc5970,frc997,blue,,depotWall1,,,,,,,,,,,,,,,,,,,,,,,,,,,,72,190,190,blue,0,0,None,None,None,0,None,None,None,1,5,0,0,0,None,4,0,33,190,152,0,0
2026orore_qm33,qm,1,33,frc2521,frc2521,frc2471,frc2733,frc2811,frc2635,frc4915,red,AV,outpost4,1,0,0,2.211,"{""version"":1,""segments"":[{""start"":1774657435633,""stop"":1774657437844}]}",0,"{""version"":1,""segments"":[]}",,0,0,18.389,"{""version"":1,""segments"":[{""start"":1774657489694,""stop"":1774657492433},{""start"":1774657499528,""stop"":1774657502285},{""start"":1774657512173,""stop"":1774657513590},{""start"":1774657557333,""stop"":1774657557762},{""start"":1774657558322,""stop"":1774657559069},{""start"":1774657559368,""stop"":1774657560341},{""start"":1774657560693,""stop"":1774657561160},{""start"":1774657561410,""stop"":1774657561780},{""start"":1774657562078,""stop"":1774657562698},{""start"":1774657569352,""stop"":1774657571446},{""start"":1774657578303,""stop"":1774657581882},{""start"":1774657588922,""stop"":1774657591119}]}",4.81,"{""version"":1,""segments"":[{""start"":1774657479971,""stop"":1774657480020},{""start"":1774657480640,""stop"":1774657483471},{""start"":1774657521320,""stop"":1774657523250}]}",0,"{""version"":1,""segments"":[]}",0.6,0,0,0,0,0,0,none,They were beached,They spend a lot of time aimlessly roaming in the name of ferrying but it don't look like it they co tinted ferrying and rarely shot up,They loved pushing balls into their zone and even their opponents zone,346,346,295,red,0,0,None,None,None,0,None,None,None,1,0,0,0,0,None,4,0,79,346,267,0,0
2026orore_qm33,qm,1,33,frc2471,frc2521,frc2471,frc2733,frc2811,frc2635,frc4915,red,Em,outpostWall5,1,0,0,5.172,"{""version"":1,""segments"":[{""start"":1774657436612,""stop"":1774657439268},{""start"":1774657447048,""stop"":1774657449564}]}",0,"{""version"":1,""segments"":[]}",,0,0,48.273,"{""version"":1,""segments"":[{""start"":1774657489533,""stop"":1774657500841},{""start"":1774657506606,""stop"":1774657510109},{""start"":1774657511108,""stop"":1774657511651},{""start"":1774657514965,""stop"":1774657515888},{""start"":1774657520136,""stop"":1774657521973},{""start"":1774657524608,""stop"":1774657526109},{""start"":1774657528686,""stop"":1774657530219},{""start"":1774657539983,""stop"":1774657546821},{""start"":1774657548010,""stop"":1774657548545},{""start"":1774657550141,""stop"":1774657553872},{""start"":1774657558097,""stop"":1774657558149},{""start"":1774657559557,""stop"":1774657559881},{""start"":1774657575010,""stop"":1774657581958},{""start"":1774657584342,""stop"":1774657590899},{""start"":1774657591267,""stop"":1774657593407}]}",0,"{""version"":1,""segments"":[]}",0,"{""version"":1,""segments"":[]}",0,0,0,0,1,0,0,4,"Collected and shot , repeated and almost lifted a robot","Can shoot while moving with incredible accuracy, they go to the left side of their alliance with the human players and continously get balls from them and follow the wall to maximize balls, they shoot insanely fast too, and can hold lots,  they got rammed into on their side and it didnt really even matter while they were shooting due to their insane accuracy","filled up their hopper, pushing balls over on their side, typical stuff,,,",346,346,295,red,0,0,None,None,None,0,None,None,None,1,0,0,0,0,None,4,0,79,346,267,0,0
2026orore_qm33,qm,1,33,frc2733,frc2521,frc2471,frc2733,frc2811,frc2635,frc4915,red,EG,middle3,0,0,0,3.558,"{""version"":1,""segments"":[{""start"":1774657439318,""stop"":1774657442876}]}",0,"{""version"":1,""segments"":[]}",Auto 2,0,3.2000000000000015,0,"{""version"":1,""segments"":[]}",0,"{""version"":1,""segments"":[]}",0,"{""version"":1,""segments"":[]}",0,,,,,,,,ran out of fuel to shoot quickly,was inactive for about the first 5 seconds of teleop,played good defense in other alliance zone by getting in the way and pushing shooting robots. mostly a defense bot. ,346,346,295,red,0,0,None,None,None,0,None,None,None,1,0,0,0,0,None,4,0,79,346,267,0,0
2026orore_qm33,qm,1,33,frc2811,frc2521,frc2471,frc2733,frc2811,frc2635,frc4915,blue,AB,depotWall1,1,0,0,0,"{""version"":1,""segments"":[]}",0,"{""version"":1,""segments"":[]}",Other,0,0,26.536,"{""version"":1,""segments"":[{""start"":1774657474046,""stop"":1774657475206},{""start"":1774657475426,""stop"":1774657475555},{""start"":1774657475765,""stop"":1774657475866},{""start"":1774657476045,""stop"":1774657476460},{""start"":1774657476637,""stop"":1774657476877},{""start"":1774657477118,""stop"":1774657477246},{""start"":1774657477456,""stop"":1774657477587},{""start"":1774657477817,""stop"":1774657477917},{""start"":1774657478236,""stop"":1774657478326},{""start"":1774657478528,""stop"":1774657478615},{""start"":1774657478835,""stop"":1774657478936},{""start"":1774657479155,""stop"":1774657479235},{""start"":1774657479455,""stop"":1774657479545},{""start"":1774657479815,""stop"":1774657479884},{""start"":1774657480184,""stop"":1774657480254},{""start"":1774657480554,""stop"":1774657480623},{""start"":1774657480894,""stop"":1774657480963},{""start"":1774657484692,""stop"":1774657484751},{""start"":1774657517577,""stop"":1774657517996},{""start"":1774657520891,""stop"":1774657520940},{""start"":1774657521321,""stop"":1774657526644},{""start"":1774657534161,""stop"":1774657539582},{""start"":1774657570361,""stop"":1774657578009},{""start"":1774657583683,""stop"":1774657585826},{""start"":1774657589384,""stop"":1774657591729}]}",0,"{""version"":1,""segments"":[]}",0,"{""version"":1,""segments"":[]}",0,0,0,0,0,1,0,3,shot a lot in then ran into one of theyre team mates and hit the a stop,scorred a ton of balls in and consistently got nearly entire hoppers of balls in,did play some defence and did fery,346,295,295,red,0,0,None,None,None,0,None,None,None,1,0,0,0,0,None,1,0,29,295,266,0,0
2026orore_qm33,qm,1,33,frc2635,frc2521,frc2471,frc2733,frc2811,frc2635,frc4915,blue,BP,depot2,0,0,0,7.093,"{""version"":1,""segments"":[{""start"":1774657430148,""stop"":1774657433216},{""start"":1774657441390,""stop"":1774657445415}]}",0,"{""version"":1,""segments"":[]}",,0,0,10.119,"{""version"":1,""segments"":[{""start"":1774657470140,""stop"":1774657474237},{""start"":1774657478033,""stop"":1774657483932},{""start"":1774657486517,""stop"":1774657486573},{""start"":1774657486883,""stop"":1774657486911},{""start"":1774657487122,""stop"":1774657487161}]}",0.699,"{""version"":1,""segments"":[{""start"":1774657494125,""stop"":1774657494824}]}",0,"{""version"":1,""segments"":[]}",0,0,0,1,0,1,1,4,no auto played.,"played defense in neutral zone against opponent team to prevent ferrying. Didn't intake or score any fuel for duration of match, defense whole time excluding auto. Focused on one robot at a time for defense, mainly interfered with scoring.",played defense in opponent zone to prevent scoring in teleop and endgame.,346,295,295,red,0,0,None,None,None,0,None,None,None,1,0,0,0,0,None,1,0,29,295,266,0,0
2026orore_qm33,qm,1,33,frc4915,frc2521,frc2471,frc2733,frc2811,frc2635,frc4915,blue,AE,outpostWall5,1,0,0,0,"{""version"":1,""segments"":[]}",0,"{""version"":1,""segments"":[]}",Auto 1,0,0,32.859,"{""version"":1,""segments"":[{""start"":1774657462577,""stop"":1774657467730},{""start"":1774657474813,""stop"":1774657478698},{""start"":1774657479172,""stop"":1774657479342},{""start"":1774657479648,""stop"":1774657482691},{""start"":1774657527172,""stop"":1774657529660},{""start"":1774657536813,""stop"":1774657538033},{""start"":1774657562720,""stop"":1774657566684},{""start"":1774657568030,""stop"":1774657571797},{""start"":1774657572478,""stop"":1774657573559},{""start"":1774657574301,""stop"":1774657577394},{""start"":1774657583852,""stop"":1774657586172},{""start"":1774657591502,""stop"":1774657594177}]}",5.646,"{""version"":1,""segments"":[{""start"":1774657455968,""stop"":1774657457020},{""start"":1774657495400,""stop"":1774657496412},{""start"":1774657496628,""stop"":1774657497551},{""start"":1774657497877,""stop"":1774657498790},{""start"":1774657500066,""stop"":1774657501792},{""start"":1774657509755,""stop"":1774657509775}]}",0,"{""version"":1,""segments"":[]}",0,0,0,0,0,0,0,none,Ran into a team member,Their shooter worked well and was fairly accurate. They responded well to defense,ferried by shooting and prepared fuel for shooting,346,295,295,red,0,0,None,None,None,0,None,None,None,1,0,0,0,0,None,1,0,29,295,266,0,0
2026orore_qm34,qm,1,34,frc6831,frc6831,frc10444,frc1425,frc749,frc6696,frc1540,red,AV,depotWall1,0,0,0,4.748,"{""version"":1,""segments"":[{""start"":1774657926839,""stop"":1774657931587}]}",0,"{""version"":1,""segments"":[]}",,0,0,0,"{""version"":1,""segments"":[]}",0,"{""version"":1,""segments"":[]}",0,"{""version"":1,""segments"":[]}",0,,,,,,,,Shot its 8 then stopped,They played decent defense and let 1425 cook,they still played defense,174,174,481,blue,0,0,None,None,None,0,None,None,None,1,5,0,0,0,None,1,0,57,174,112,0,0
2026orore_qm34,qm,1,34,frc10444,frc6831,frc10444,frc1425,frc749,frc6696,frc1540,red,Em,noShow,0,0,0,0,"{""version"":1,""segments"":[]}",0,"{""version"":1,""segments"":[]}",,0,,,,,,,,,,,,,,,,Bro didn't show up,,,174,174,481,blue,0,0,None,None,None,0,None,None,None,1,5,0,0,0,None,1,0,57,174,112,0,0
2026orore_qm34,qm,1,34,frc1425,frc6831,frc10444,frc1425,frc749,frc6696,frc1540,red,EG,depotWall1,0,0,0,8.491,"{""version"":1,""segments"":[{""start"":1774657925590,""stop"":1774657929159},{""start"":1774657935984,""stop"":1774657940906}]}",0,"{""version"":1,""segments"":[]}",Nz & Depo,0,0,26.846,"{""version"":1,""segments"":[{""start"":1774657955573,""stop"":1774657959431},{""start"":1774657966854,""stop"":1774657970499},{""start"":1774657980673,""stop"":1774657981052},{""start"":1774658013180,""stop"":1774658015580},{""start"":1774658018339,""stop"":1774658021488},{""start"":1774658061123,""stop"":1774658067438},{""start"":1774658073277,""stop"":1774658073953},{""start"":1774658074620,""stop"":1774658075978},{""start"":1774658076429,""stop"":1774658078051},{""start"":1774658078864,""stop"":1774658082308}]}",4.377,"{""version"":1,""segments"":[{""start"":1774658044841,""stop"":1774658049218}]}",0,"{""version"":1,""segments"":[]}",0,,,,,,,,"good auto, scored a lot of fuel.","got stuck on bump for a second, shoot well and fast, was short of the hub a few times.","collected and ferried well, ",174,174,481,blue,0,0,None,None,None,0,None,None,None,1,5,0,0,0,None,1,0,57,174,112,0,0
2026orore_qm34,qm,1,34,frc749,frc6831,frc10444,frc1425,frc749,frc6696,frc1540,blue,AB,depotWall1,0,0,0,0,"{""version"":1,""segments"":[]}",0,"{""version"":1,""segments"":[]}",Other,0,0,20.348,"{""version"":1,""segments"":[{""start"":1774657990400,""stop"":1774657992096},{""start"":1774658056054,""stop"":1774658059115},{""start"":1774658061626,""stop"":1774658062176},{""start"":1774658063830,""stop"":1774658063886},{""start"":1774658063966,""stop"":1774658064190},{""start"":1774658064604,""stop"":1774658064778},{""start"":1774658065466,""stop"":1774658065555},{""start"":1774658065875,""stop"":1774658066431},{""start"":1774658066897,""stop"":1774658067030},{""start"":1774658067102,""stop"":1774658067189},{""start"":1774658069681,""stop"":1774658069720},{""start"":1774658069863,""stop"":1774658082050},{""start"":1774658082622,""stop"":1774658084118}]}",2.283,"{""version"":1,""segments"":[{""start"":1774658008201,""stop"":1774658008341},{""start"":1774658008511,""stop"":1774658008725},{""start"":1774658010015,""stop"":1774658011894},{""start"":1774658012419,""stop"":1774658012469}]}",11.45,"{""version"":1,""segments"":[{""start"":1774657994129,""stop"":1774657999260},{""start"":1774658007042,""stop"":1774658008070},{""start"":1774658012519,""stop"":1774658015135},{""start"":1774658059967,""stop"":1774658060308},{""start"":1774658060447,""stop"":1774658061416},{""start"":1774658067383,""stop"":1774658068022},{""start"":1774658084341,""stop"":1774658085067}]}",0,0,0,0,0,0,0,none,scorred then didnt do anything,scorred a lot ,ferried lots of fuel into its alliance zone,174,481,481,blue,0,0,None,None,None,0,None,None,None,1,0,0,0,1,None,5,1,75,481,406,0,0
2026orore_qm34,qm,1,34,frc6696,frc6831,frc10444,frc1425,frc749,frc6696,frc1540,blue,Bp,outpostWall5,0,0,0,10.347,"{""version"":1,""segments"":[{""start"":1774657921621,""stop"":1774657922389},{""start"":1774657924766,""stop"":1774657928972},{""start"":1774657934432,""stop"":1774657939805}]}",6.024,"{""version"":1,""segments"":[{""start"":1774657922999,""stop"":1774657924785},{""start"":1774657930034,""stop"":1774657934272}]}",,0,0,70.975,"{""version"":1,""segments"":[{""start"":1774657979328,""stop"":1774657980533},{""start"":1774657985891,""stop"":1774657996110},{""start"":1774657997526,""stop"":1774657997794},{""start"":1774657997925,""stop"":1774658001004},{""start"":1774658008740,""stop"":1774658009162},{""start"":1774658018595,""stop"":1774658055587},{""start"":1774658065438,""stop"":1774658084228}]}",18.465,"{""version"":1,""segments"":[{""start"":1774657959964,""stop"":1774657967936},{""start"":1774657969049,""stop"":1774657975025},{""start"":1774658060702,""stop"":1774658065219}]}",0,"{""version"":1,""segments"":[]}",0,0,0,0,0,0,0,none,,"Got stuck on hump multiple times, needed teammate help to get unstuck. Had little down time and was active on field entire match",ferried from middle into,174,481,481,blue,0,0,None,None,None,0,None,None,None,1,0,0,0,1,None,5,1,75,481,406,0,0
2026orore_qm34,qm,1,34,frc1540,frc6831,frc10444,frc1425,frc749,frc6696,frc1540,blue,AE,depotWall1,0,0,0,0,"{""version"":1,""segments"":[]}",0.753,"{""version"":1,""segments"":[{""start"":1774657954266,""stop"":1774657955019}]}",Auto 1,0,0,40.97,"{""version"":1,""segments"":[{""start"":1774657984864,""stop"":1774657993535},{""start"":1774657995634,""stop"":1774657998420},{""start"":1774657999012,""stop"":1774658003165},{""start"":1774658029062,""stop"":1774658030529},{""start"":1774658035462,""stop"":1774658045134},{""start"":1774658045448,""stop"":1774658047857},{""start"":1774658047984,""stop"":1774658048064},{""start"":1774658051174,""stop"":1774658054396},{""start"":1774658069661,""stop"":1774658077535},{""start"":1774658082575,""stop"":1774658083211}]}",5.977,"{""version"":1,""segments"":[{""start"":1774657960880,""stop"":1774657965369},{""start"":1774657969677,""stop"":1774657971165}]}",0,"{""version"":1,""segments"":[]}",0,0,0,0,0,0,0,none,Got beached in auto,shooter was accurate and they responded well to defense,focused on ferrying,174,481,481,blue,0,0,None,None,None,0,None,None,None,1,0,0,0,1,None,5,1,75,481,406,0,0
2026orore_qm35,qm,1,35,frc957,frc957,frc1359,frc3669,frc4488,frc2915,frc10991,red,AV,depotWall1,0,0,0,9.549,"{""version"":1,""segments"":[{""start"":1774658356316,""stop"":1774658360532},{""start"":1774658363466,""stop"":1774658368799}]}",0,"{""version"":1,""segments"":[]}",,0,0,8.274,"{""version"":1,""segments"":[{""start"":1774658409133,""stop"":1774658414244},{""start"":1774658430643,""stop"":1774658432496},{""start"":1774658485993,""stop"":1774658487303}]}",6.137,"{""version"":1,""segments"":[{""start"":1774658386846,""stop"":1774658389015},{""start"":1774658432781,""stop"":1774658435234},{""start"":1774658481621,""stop"":1774658483136}]}",0,"{""version"":1,""segments"":[]}",0,0,0,1,0,0,1,none,They ,started off strong then broke and started pushing balls in and defending,They shot and ferryied,108,108,231,blue,0,0,None,None,None,10,None,Level1,None,0,0,0,0,1,None,0,0,39,108,69,10,0
2026orore_qm35,qm,1,35,frc1359,frc957,frc1359,frc3669,frc4488,frc2915,frc10991,red,Em,middle3,0,0,0,0,"{""version"":1,""segments"":[]}",0,"{""version"":1,""segments"":[]}",,0,0,2.527,"{""version"":1,""segments"":[{""start"":1774658493651,""stop"":1774658496178}]}",0,"{""version"":1,""segments"":[]}",0,"{""version"":1,""segments"":[]}",0,10,1,0,0,1,0,3,?,"i dont really understand what they were doing, i didnt see them doing much at all, just kind of, going around, not doing anything, it looked like they were trying to pik up balls but couldnt?",same thing as active,108,108,231,blue,0,0,None,None,None,10,None,Level1,None,0,0,0,0,1,None,0,0,39,108,69,10,0
2026orore_qm35,qm,1,35,frc3669,frc957,frc1359,frc3669,frc4488,frc2915,frc10991,red,EG,outpostWall5,0,0,0,0,"{""version"":1,""segments"":[]}",0,"{""version"":1,""segments"":[]}",,0,0,0,"{""version"":1,""segments"":[]}",0,"{""version"":1,""segments"":[]}",0,"{""version"":1,""segments"":[]}",0,0,0,0,0,0,0,none,shot the preloaded fuel out of the field then didn't move.,fuel falls out of shallow hopper and they loss as much fuel as they collect because of it. so they couldn't shoot,pushed fuel into outpost.,108,108,231,blue,0,0,None,None,None,10,None,Level1,None,0,0,0,0,1,None,0,0,39,108,69,10,0
2026orore_qm35,qm,1,35,frc4488,frc957,frc1359,frc3669,frc4488,frc2915,frc10991,blue,AB,depotWall1,0,0,0,6.813,"{""version"":1,""segments"":[{""start"":1774658357083,""stop"":1774658357330},{""start"":1774658357449,""stop"":1774658362884},{""start"":1774658367871,""stop"":1774658369002}]}",2.393,"{""version"":1,""segments"":[{""start"":1774658354422,""stop"":1774658354669},{""start"":1774658354892,""stop"":1774658356169},{""start"":1774658369422,""stop"":1774658370291}]}",Auto 1,0,0,32.525,"{""version"":1,""segments"":[{""start"":1774658382631,""stop"":1774658383610},{""start"":1774658383722,""stop"":1774658385320},{""start"":1774658394375,""stop"":1774658400219},{""start"":1774658400644,""stop"":1774658407484},{""start"":1774658443876,""stop"":1774658452187},{""start"":1774658452550,""stop"":1774658453135},{""start"":1774658483746,""stop"":1774658486240},{""start"":1774658498705,""stop"":1774658501160},{""start"":1774658501431,""stop"":1774658501783},{""start"":1774658507044,""stop"":1774658509284},{""start"":1774658509343,""stop"":1774658509644},{""start"":1774658510136,""stop"":1774658510662}]}",18.815,"{""version"":1,""segments"":[{""start"":1774658424560,""stop"":1774658443375}]}",5.284,"{""version"":1,""segments"":[{""start"":1774658516887,""stop"":1774658522171}]}",0,0,0,0,0,0,0,none,shot some fuel in went and got more shot it in got more and shot it in,shot lots of fuel in,ferried tons of fuel into theyre alliance zone,108,231,231,blue,0,0,None,None,None,0,None,None,None,1,5,0,0,0,None,4,0,37,231,189,0,0
2026orore_qm35,qm,1,35,frc2915,frc957,frc1359,frc3669,frc4488,frc2915,frc10991,blue,Bp,middle3,0,0,0,0.054,"{""version"":1,""segments"":[{""start"":1774658351013,""stop"":1774658351067}]}",0,"{""version"":1,""segments"":[]}",,1,1.7000000000000004,0.079,"{""version"":1,""segments"":[{""start"":1774658385050,""stop"":1774658385129}]}",11.657,"{""version"":1,""segments"":[{""start"":1774658436247,""stop"":1774658445366},{""start"":1774658471841,""stop"":1774658474379}]}",0,"{""version"":1,""segments"":[]}",0,0,0,0,0,0,0,none,"moved backward and hit tower, then nothing","Didn't score for duration of match, shooter seemed to be malfunctioning. Ferried from neutral zone into alliance zone, was fairly slow and remained in one section of the field for majority of match not really doing anything mentionable.",,108,231,231,blue,0,0,None,None,None,0,None,None,None,1,5,0,0,0,None,4,0,37,231,189,0,0
2026orore_qm35,qm,1,35,frc10991,frc957,frc1359,frc3669,frc4488,frc2915,frc10991,blue,AE,outpostWall5,0,0,0,1.55,"{""version"":1,""segments"":[{""start"":1774658353395,""stop"":1774658354556},{""start"":1774658366254,""stop"":1774658366643}]}",0,"{""version"":1,""segments"":[]}",Auto 1,0,0,19.712,"{""version"":1,""segments"":[{""start"":1774658391577,""stop"":1774658391935},{""start"":1774658399473,""stop"":1774658401367},{""start"":1774658401762,""stop"":1774658402368},{""start"":1774658449011,""stop"":1774658451272},{""start"":1774658451805,""stop"":1774658452064},{""start"":1774658487680,""stop"":1774658490921},{""start"":1774658492792,""stop"":1774658493149},{""start"":1774658499033,""stop"":1774658506891},{""start"":1774658509802,""stop"":1774658512499},{""start"":1774658512972,""stop"":1774658513153}]}",0,"{""version"":1,""segments"":[]}",0,"{""version"":1,""segments"":[]}",0,0,0,0,0,0,0,none,"went well, nothing out of the ordinary",shooter was very fast and accurate,They wandered around not really doing anything,108,231,231,blue,0,0,None,None,None,0,None,None,None,1,5,0,0,0,None,4,0,37,231,189,0,0
2026orore_qm36,qm,1,36,frc4915,frc4915,frc9430,frc5975,frc2811,frc8032,frc4662,red,Np,depotWall1,0,0,0,0,"{""version"":1,""segments"":[]}",0,"{""version"":1,""segments"":[]}",,0,0,36.738,"{""version"":1,""segments"":[{""start"":1774659038964,""stop"":1774659044175},{""start"":1774659045490,""stop"":1774659046466},{""start"":1774659046796,""stop"":1774659047817},{""start"":1774659060740,""stop"":1774659063201},{""start"":1774659089713,""stop"":1774659091184},{""start"":1774659096405,""stop"":1774659098965},{""start"":1774659101109,""stop"":1774659103172},{""start"":1774659104130,""stop"":1774659106403},{""start"":1774659107955,""stop"":1774659111051},{""start"":1774659112727,""stop"":1774659112881},{""start"":1774659113032,""stop"":1774659113244},{""start"":1774659113405,""stop"":1774659113564},{""start"":1774659113752,""stop"":1774659113891},{""start"":1774659114104,""stop"":1774659114271},{""start"":1774659114495,""stop"":1774659114629},{""start"":1774659140177,""stop"":1774659141003},{""start"":1774659141850,""stop"":1774659143594},{""start"":1774659144067,""stop"":1774659145205},{""start"":1774659145560,""stop"":1774659147443},{""start"":1774659148826,""stop"":1774659148952},{""start"":1774659150565,""stop"":1774659153043},{""start"":1774659153496,""stop"":1774659155001},{""start"":1774659155474,""stop"":1774659156208},{""start"":1774659157170,""stop"":1774659157524},{""start"":1774659164461,""stop"":1774659168314}]}",7.173,"{""version"":1,""segments"":[{""start"":1774659078622,""stop"":1774659080657},{""start"":1774659084025,""stop"":1774659084702},{""start"":1774659120127,""stop"":1774659120236},{""start"":1774659121201,""stop"":1774659121549},{""start"":1774659122030,""stop"":1774659123005},{""start"":1774659123518,""stop"":1774659123741},{""start"":1774659133623,""stop"":1774659136429}]}",1.636,"{""version"":1,""segments"":[{""start"":1774659131642,""stop"":1774659133278}]}",0,0,0,0,0,0,0,none,Didn't move at all,great at shooting,great ferrying,236,236,238,blue,0,0,None,None,None,0,None,None,None,1,25,0,0,0,None,1,0,26,236,185,0,0
2026orore_qm36,qm,1,36,frc9430,frc4915,frc9430,frc5975,frc2811,frc8032,frc4662,red,em,outpostWall5,0,0,0,4.714,"{""version"":1,""segments"":[{""start"":1774659010161,""stop"":1774659011523},{""start"":1774659021700,""stop"":1774659025052}]}",0,"{""version"":1,""segments"":[]}",,0,0,8.438,"{""version"":1,""segments"":[{""start"":1774659043229,""stop"":1774659048229},{""start"":1774659071467,""stop"":1774659074662},{""start"":1774659076367,""stop"":1774659076610}]}",0,"{""version"":1,""segments"":[]}",0,"{""version"":1,""segments"":[]}",0,0,0,1,0,0,0,none,,,,236,236,238,blue,0,0,None,None,None,0,None,None,None,1,25,0,0,0,None,1,0,26,236,185,0,0
2026orore_qm36,qm,1,36,frc5975,frc4915,frc9430,frc5975,frc2811,frc8032,frc4662,red,EG,middle3,0,0,0,0,"{""version"":1,""segments"":[]}",0,"{""version"":1,""segments"":[]}",Other,0,0,0,"{""version"":1,""segments"":[]}",0,"{""version"":1,""segments"":[]}",0,"{""version"":1,""segments"":[]}",0,,,,,,,,inactive,"Pushed fuel into outpost for human player to score, didn't use shooter at all",Played defense by getting in the other alliances way in all zones,236,236,238,blue,0,0,None,None,None,0,None,None,None,1,25,0,0,0,None,1,0,26,236,185,0,0
2026orore_qm36,qm,1,36,frc2811,frc4915,frc9430,frc5975,frc2811,frc8032,frc4662,blue,AB,depotWall1,0,0,0,6.763,"{""version"":1,""segments"":[{""start"":1774659007963,""stop"":1774659012223},{""start"":1774659017272,""stop"":1774659019775}]}",3.155,"{""version"":1,""segments"":[{""start"":1774659013487,""stop"":1774659016642}]}",Auto 2,0,0,41.051,"{""version"":1,""segments"":[{""start"":1774659063592,""stop"":1774659067960},{""start"":1774659070869,""stop"":1774659071102},{""start"":1774659071292,""stop"":1774659071471},{""start"":1774659073314,""stop"":1774659083514},{""start"":1774659083755,""stop"":1774659084473},{""start"":1774659086915,""stop"":1774659086982},{""start"":1774659087142,""stop"":1774659087232},{""start"":1774659087352,""stop"":1774659088741},{""start"":1774659088821,""stop"":1774659088890},{""start"":1774659089210,""stop"":1774659089720},{""start"":1774659115465,""stop"":1774659125366},{""start"":1774659134990,""stop"":1774659140854},{""start"":1774659150114,""stop"":1774659155771},{""start"":1774659166436,""stop"":1774659168242}]}",15.992,"{""version"":1,""segments"":[{""start"":1774659033137,""stop"":1774659035491},{""start"":1774659096167,""stop"":1774659100945},{""start"":1774659101164,""stop"":1774659101244},{""start"":1774659101283,""stop"":1774659110063}]}",26.416,"{""version"":1,""segments"":[{""start"":1774659038811,""stop"":1774659042088},{""start"":1774659091134,""stop"":1774659092970},{""start"":1774659093309,""stop"":1774659093878},{""start"":1774659094079,""stop"":1774659094539},{""start"":1774659094708,""stop"":1774659095197},{""start"":1774659095398,""stop"":1774659095767},{""start"":1774659126950,""stop"":1774659134821},{""start"":1774659146550,""stop"":1774659149794},{""start"":1774659157703,""stop"":1774659166004}]}",0,0,0,0,0,0,0,none,scorred got more then scorred,scored lots,ferried a lot of fuel,236,238,238,blue,0,0,None,None,None,0,None,None,None,1,0,0,0,5,None,4,0,56,238,182,0,0
2026orore_qm36,qm,1,36,frc8032,frc4915,frc9430,frc5975,frc2811,frc8032,frc4662,blue,bp,outpostWall5,0,0,0,8.076,"{""version"":1,""segments"":[{""start"":1774659011458,""stop"":1774659012479},{""start"":1774659012657,""stop"":1774659019712}]}",5.397,"{""version"":1,""segments"":[{""start"":1774659005644,""stop"":1774659011041}]}",Auto 1,0,0,22.035,"{""version"":1,""segments"":[{""start"":1774659040996,""stop"":1774659041504},{""start"":1774659043665,""stop"":1774659044583},{""start"":1774659046783,""stop"":1774659047382},{""start"":1774659067025,""stop"":1774659068592},{""start"":1774659068704,""stop"":1774659073409},{""start"":1774659084973,""stop"":1774659090746},{""start"":1774659120153,""stop"":1774659121423},{""start"":1774659121874,""stop"":1774659125332},{""start"":1774659136584,""stop"":1774659139821}]}",7.852,"{""version"":1,""segments"":[{""start"":1774659033881,""stop"":1774659040266},{""start"":1774659094770,""stop"":1774659094869},{""start"":1774659095828,""stop"":1774659096350},{""start"":1774659117495,""stop"":1774659118341}]}",0,"{""version"":1,""segments"":[]}",0,0,0,1,0,0,0,4,"went to middle to get fuel, scored, went back to middle","shot consistently and accurately, played mostly defense near end of game",Fast ferrying,236,238,238,blue,0,0,None,None,None,0,None,None,None,1,0,0,0,5,None,4,0,56,238,182,0,0
2026orore_qm36,qm,1,36,frc4662,frc4915,frc9430,frc5975,frc2811,frc8032,frc4662,blue,AE,middle3,0,0,0,0,"{""version"":1,""segments"":[]}",0,"{""version"":1,""segments"":[]}",Other,0,0,0,"{""version"":1,""segments"":[]}",0,"{""version"":1,""segments"":[]}",0,"{""version"":1,""segments"":[]}",0,0,0,1,0,1,0,4,No auto,"Didn't shoot or intake (broken?), so focused on defense",Focused on defense,236,238,238,blue,0,0,None,None,None,0,None,None,None,1,0,0,0,5,None,4,0,56,238,182,0,0
2026orore_qm37,qm,1,37,frc5970,frc5970,frc2990,frc2733,frc2930,frc6831,frc2471,red,Np,depotWall1,0,0,0,0,"{""version"":1,""segments"":[]}",0,"{""version"":1,""segments"":[]}",,0,0,0,"{""version"":1,""segments"":[]}",0,"{""version"":1,""segments"":[]}",0,"{""version"":1,""segments"":[]}",0,0,0,0,0,1,1,5,Didn't move,amazing defense played against mean machine,,165,165,167,blue,0,0,None,None,None,0,None,None,None,1,5,0,0,0,None,1,0,32,165,128,0,0
2026orore_qm37,qm,1,37,frc2990,frc5970,frc2990,frc2733,frc2930,frc6831,frc2471,red,em,outpostWall5,0,0,0,4.855,"{""version"":1,""segments"":[{""start"":1774659448514,""stop"":1774659453369}]}",0,"{""version"":1,""segments"":[]}",,0,0,32.742,"{""version"":1,""segments"":[{""start"":1774659465481,""stop"":1774659468534},{""start"":1774659471920,""stop"":1774659472248},{""start"":1774659473987,""stop"":1774659475048},{""start"":1774659482483,""stop"":1774659485896},{""start"":1774659496673,""stop"":1774659498828},{""start"":1774659526137,""stop"":1774659531064},{""start"":1774659535779,""stop"":1774659541093},{""start"":1774659570934,""stop"":1774659575877},{""start"":1774659579319,""stop"":1774659580196},{""start"":1774659584087,""stop"":1774659589098},{""start"":1774659598350,""stop"":1774659600010}]}",1.543,"{""version"":1,""segments"":[{""start"":1774659554992,""stop"":1774659556535}]}",0,"{""version"":1,""segments"":[]}",0,0,0,0,0,0,0,none,"Collected a bit, and shot, repeated but went depper into neutral on the secondnpass",they were relatively OK I think the way they move their intake during shooting is inefficient snd they can't hold full capacity to leave space fornthemmto juggle,funneled balls by moving them manually through trench,165,165,167,blue,0,0,None,None,None,0,None,None,None,1,5,0,0,0,None,1,0,32,165,128,0,0
2026orore_qm37,qm,1,37,frc2733,frc5970,frc2990,frc2733,frc2930,frc6831,frc2471,red,EG,middle3,0,0,0,0,"{""version"":1,""segments"":[]}",0,"{""version"":1,""segments"":[]}",,0,0,0,"{""version"":1,""segments"":[]}",1.081,"{""version"":1,""segments"":[{""start"":1774659469459,""stop"":1774659470540}]}",0,"{""version"":1,""segments"":[]}",0,,,,,,,,Inactive,"Didn't intake or shoot but continued to push fuel into alliance zone, was helpful at ferrying ",Pushed fuel into alliance zone effectively,165,165,167,blue,0,0,None,None,None,0,None,None,None,1,5,0,0,0,None,1,0,32,165,128,0,0
2026orore_qm37,qm,1,37,frc2930,frc5970,frc2990,frc2733,frc2930,frc6831,frc2471,blue,AB,depotWall1,0,0,0,2.212,"{""version"":1,""segments"":[{""start"":1774659441788,""stop"":1774659444000}]}",0,"{""version"":1,""segments"":[]}",,0,0,17.981,"{""version"":1,""segments"":[{""start"":1774659463856,""stop"":1774659465129},{""start"":1774659488022,""stop"":1774659488386},{""start"":1774659521814,""stop"":1774659524933},{""start"":1774659525146,""stop"":1774659526778},{""start"":1774659526979,""stop"":1774659528187},{""start"":1774659545930,""stop"":1774659546200},{""start"":1774659549294,""stop"":1774659549363},{""start"":1774659550223,""stop"":1774659550382},{""start"":1774659552113,""stop"":1774659555570},{""start"":1774659556140,""stop"":1774659556199},{""start"":1774659556720,""stop"":1774659558049},{""start"":1774659558237,""stop"":1774659558387},{""start"":1774659558637,""stop"":1774659559805},{""start"":1774659560116,""stop"":1774659561045},{""start"":1774659563414,""stop"":1774659563615},{""start"":1774659564638,""stop"":1774659564697},{""start"":1774659565081,""stop"":1774659565137},{""start"":1774659565560,""stop"":1774659565666},{""start"":1774659570084,""stop"":1774659570154},{""start"":1774659570494,""stop"":1774659570553},{""start"":1774659570753,""stop"":1774659570802},{""start"":1774659570973,""stop"":1774659572711},{""start"":1774659579555,""stop"":1774659579853},{""start"":1774659580074,""stop"":1774659580143},{""start"":1774659580299,""stop"":1774659580389}]}",7.79,"{""version"":1,""segments"":[{""start"":1774659528497,""stop"":1774659528637},{""start"":1774659530645,""stop"":1774659532673},{""start"":1774659532785,""stop"":1774659534201},{""start"":1774659534471,""stop"":1774659536449},{""start"":1774659537284,""stop"":1774659537664},{""start"":1774659538043,""stop"":1774659538253},{""start"":1774659538363,""stop"":1774659538602},{""start"":1774659538702,""stop"":1774659538915},{""start"":1774659539012,""stop"":1774659539030},{""start"":1774659544317,""stop"":1774659545485}]}",3.128,"{""version"":1,""segments"":[{""start"":1774659529688,""stop"":1774659530375},{""start"":1774659537833,""stop"":1774659537894},{""start"":1774659539112,""stop"":1774659539171},{""start"":1774659539263,""stop"":1774659539512},{""start"":1774659539612,""stop"":1774659539682},{""start"":1774659539781,""stop"":1774659539852},{""start"":1774659539971,""stop"":1774659540011},{""start"":1774659540304,""stop"":1774659540360},{""start"":1774659540501,""stop"":1774659540570},{""start"":1774659540684,""stop"":1774659540750},{""start"":1774659540920,""stop"":1774659541749},{""start"":1774659541899,""stop"":1774659542320},{""start"":1774659542430,""stop"":1774659542508},{""start"":1774659542661,""stop"":1774659542741},{""start"":1774659542852,""stop"":1774659542921},{""start"":1774659543062,""stop"":1774659543103},{""start"":1774659543248,""stop"":1774659543283},{""start"":1774659543587,""stop"":1774659543657},{""start"":1774659543837,""stop"":1774659543875},{""start"":1774659544017,""stop"":1774659544056}]}",0,0,0,0,0,0,0,none,"didnt do anything, shot one or two balls out at the goal (missed)",shot a lot in ,"ferried a lot of fuel
",165,167,167,blue,0,0,None,None,None,0,None,None,None,1,0,0,0,1,None,4,0,44,167,123,0,0
2026orore_qm37,qm,1,37,frc6831,frc5970,frc2990,frc2733,frc2930,frc6831,frc2471,blue,SK,middle3,0,0,0,1.219,"{""version"":1,""segments"":[{""start"":1774659441242,""stop"":1774659442461}]}",0,"{""version"":1,""segments"":[]}",Auto 1,0,0,0,"{""version"":1,""segments"":[]}",1.136,"{""version"":1,""segments"":[{""start"":1774659471590,""stop"":1774659472726}]}",0,"{""version"":1,""segments"":[]}",8.799999999999985,0,0,1,0,1,0,3,"shoot only a few fuel in auto and did not move after, stayed still",went to collect fuel and were really slow. Also got stuck and were unable to move,went to play defense and were okay at it,165,167,167,blue,0,0,None,None,None,0,None,None,None,1,0,0,0,1,None,4,0,44,167,123,0,0
2026orore_qm37,qm,1,37,frc2471,frc5970,frc2990,frc2733,frc2930,frc6831,frc2471,blue,AE,outpostWall5,0,0,0,2.098,"{""version"":1,""segments"":[{""start"":1774659445265,""stop"":1774659447363}]}",0,"{""version"":1,""segments"":[]}",,1,0.6,30.227,"{""version"":1,""segments"":[{""start"":1774659464186,""stop"":1774659464504},{""start"":1774659464651,""stop"":1774659467714},{""start"":1774659468347,""stop"":1774659468566},{""start"":1774659512414,""stop"":1774659517141},{""start"":1774659554233,""stop"":1774659555876},{""start"":1774659562716,""stop"":1774659563322},{""start"":1774659566679,""stop"":1774659568512},{""start"":1774659578513,""stop"":1774659579595},{""start"":1774659581990,""stop"":1774659589433},{""start"":1774659590477,""stop"":1774659595132},{""start"":1774659596730,""stop"":1774659601368}]}",4.707,"{""version"":1,""segments"":[{""start"":1774659534593,""stop"":1774659539300}]}",0,"{""version"":1,""segments"":[]}",0,0,0,0,0,0,0,none,Hit the trench at the end,"Shooter was very fast and accurate. They got defended a lot, which hindered them",Intook and ferried,165,167,167,blue,0,0,None,None,None,0,None,None,None,1,0,0,0,1,None,4,0,44,167,123,0,0
2026orore_qm38,qm,1,38,frc1359,frc1359,frc2550,frc10991,frc3674,frc1540,frc10444,red,,middle3,0,0,0,2.906,"{""version"":1,""segments"":[{""start"":1774659932809,""stop"":1774659935715}]}",0,"{""version"":1,""segments"":[]}",Other,0,0,0,"{""version"":1,""segments"":[]}",0,"{""version"":1,""segments"":[]}",0,"{""version"":1,""segments"":[]}",0,0,0,0,0,0,0,none,Didn't do much and missed all their shots,Sweeper fuel into their zone,,112,112,304,blue,0,0,None,None,None,20,Level1,Level1,None,0,0,0,0,1,None,0,0,32,112,80,20,0
2026orore_qm38,qm,1,38,frc2550,frc1359,frc2550,frc10991,frc3674,frc1540,frc10444,red,em,depotWall1,0,0,0,0,"{""version"":1,""segments"":[]}",0,"{""version"":1,""segments"":[]}",,0,0,10.867,"{""version"":1,""segments"":[{""start"":1774659984754,""stop"":1774659985683},{""start"":1774660014643,""stop"":1774660015148},{""start"":1774660015289,""stop"":1774660017080},{""start"":1774660020408,""stop"":1774660021256},{""start"":1774660031886,""stop"":1774660032768},{""start"":1774660062884,""stop"":1774660068796}]}",3.295,"{""version"":1,""segments"":[{""start"":1774659997518,""stop"":1774660000813}]}",0,"{""version"":1,""segments"":[]}",0,10,1,0,0,0,0,none,Moved back but shot too week to even get the balls out,Got balls bjt took too long most of the time to even shoot tbem in time,pushed balls through trench to their side ,112,112,304,blue,0,0,None,None,None,20,Level1,Level1,None,0,0,0,0,1,None,0,0,32,112,80,20,0
2026orore_qm38,qm,1,38,frc10991,frc1359,frc2550,frc10991,frc3674,frc1540,frc10444,red,EG,outpostWall5,0,0,0,2.795,"{""version"":1,""segments"":[{""start"":1774659943128,""stop"":1774659945224},{""start"":1774659973141,""stop"":1774659973840}]}",0,"{""version"":1,""segments"":[]}",Other,0,0,8.892,"{""version"":1,""segments"":[{""start"":1774659975346,""stop"":1774659977564},{""start"":1774659983940,""stop"":1774659985006},{""start"":1774660032193,""stop"":1774660034737},{""start"":1774660065157,""stop"":1774660068221}]}",2.439,"{""version"":1,""segments"":[{""start"":1774660000480,""stop"":1774660002919}]}",0,"{""version"":1,""segments"":[]}",0,,,,,,,,"Scored, intake in neutral zone, scored","Fairly good shooter, intake for briefly jammed",Pushed fuel into alliance zone,112,112,304,blue,0,0,None,None,None,20,Level1,Level1,None,0,0,0,0,1,None,0,0,32,112,80,20,0
2026orore_qm38,qm,1,38,frc3674,frc1359,frc2550,frc10991,frc3674,frc1540,frc10444,blue,AB,depotWall1,0,0,0,2.63,"{""version"":1,""segments"":[{""start"":1774659944857,""stop"":1774659947487}]}",0,"{""version"":1,""segments"":[]}",Other,0,0,24.829,"{""version"":1,""segments"":[{""start"":1774659968162,""stop"":1774659970048},{""start"":1774659995160,""stop"":1774660006014},{""start"":1774660006638,""stop"":1774660009107},{""start"":1774660066259,""stop"":1774660070094},{""start"":1774660070776,""stop"":1774660071210},{""start"":1774660071360,""stop"":1774660071429},{""start"":1774660071540,""stop"":1774660071609},{""start"":1774660071689,""stop"":1774660071789},{""start"":1774660071859,""stop"":1774660071949},{""start"":1774660072059,""stop"":1774660072117},{""start"":1774660072251,""stop"":1774660072369},{""start"":1774660072408,""stop"":1774660072518},{""start"":1774660072638,""stop"":1774660072739},{""start"":1774660072859,""stop"":1774660072971},{""start"":1774660073481,""stop"":1774660073570},{""start"":1774660073720,""stop"":1774660073780},{""start"":1774660073970,""stop"":1774660074029},{""start"":1774660074220,""stop"":1774660074300},{""start"":1774660074480,""stop"":1774660074559},{""start"":1774660074759,""stop"":1774660074849},{""start"":1774660075020,""stop"":1774660075109},{""start"":1774660075261,""stop"":1774660075348},{""start"":1774660075470,""stop"":1774660075578},{""start"":1774660075948,""stop"":1774660076049},{""start"":1774660076188,""stop"":1774660076268},{""start"":1774660076388,""stop"":1774660076467},{""start"":1774660076620,""stop"":1774660076678},{""start"":1774660076809,""stop"":1774660076897},{""start"":1774660076997,""stop"":1774660077067},{""start"":1774660077877,""stop"":1774660077966},{""start"":1774660078126,""stop"":1774660078195},{""start"":1774660078496,""stop"":1774660078575},{""start"":1774660078705,""stop"":1774660078754},{""start"":1774660079077,""stop"":1774660080743},{""start"":1774660080954,""stop"":1774660081283},{""start"":1774660081616,""stop"":1774660081682},{""start"":1774660081812,""stop"":1774660082132},{""start"":1774660082276,""stop"":1774660082313},{""start"":1774660082437,""stop"":1774660082620},{""start"":1774660082663,""stop"":1774660082782},{""start"":1774660082912,""stop"":1774660082982},{""start"":1774660083534,""stop"":1774660083691},{""start"":1774660083833,""stop"":1774660083907}]}",6.652,"{""version"":1,""segments"":[{""start"":1774659970249,""stop"":1774659974313},{""start"":1774660064190,""stop"":1774660065381},{""start"":1774660070244,""stop"":1774660070623},{""start"":1774660084444,""stop"":1774660085462}]}",6.184,"{""version"":1,""segments"":[{""start"":1774659974563,""stop"":1774659975112},{""start"":1774659975411,""stop"":1774659975711},{""start"":1774660063735,""stop"":1774660064081},{""start"":1774660085614,""stop"":1774660086152},{""start"":1774660086645,""stop"":1774660086832},{""start"":1774660087102,""stop"":1774660087631},{""start"":1774660090189,""stop"":1774660090938},{""start"":1774660091560,""stop"":1774660092178},{""start"":1774660092647,""stop"":1774660095015}]}",0,0,0,0,0,0,0,none,shot some in then didnt move ,shot lots in ,ferried by pushing balls and hopper and shooter,112,304,304,blue,0,0,None,None,None,0,None,None,None,1,5,0,0,0,None,4,0,78,304,221,0,0
2026orore_qm38,qm,1,38,frc1540,frc1359,frc2550,frc10991,frc3674,frc1540,frc10444,blue,,depotWall1,0,0,0,0,"{""version"":1,""segments"":[]}",0,"{""version"":1,""segments"":[]}",Auto 1,0,,,,,,,,,,,,,,,,,,,112,304,304,blue,0,0,None,None,None,0,None,None,None,1,5,0,0,0,None,4,0,78,304,221,0,0
2026orore_qm38,qm,1,38,frc10444,frc1359,frc2550,frc10991,frc3674,frc1540,frc10444,blue,AE,middle3,0,0,0,1.259,"{""version"":1,""segments"":[{""start"":1774659927671,""stop"":1774659928930}]}",0,"{""version"":1,""segments"":[]}",Auto 1,0,0,0,"{""version"":1,""segments"":[]}",0,"{""version"":1,""segments"":[]}",0,"{""version"":1,""segments"":[]}",0,0,0,0,0,0,0,none,their shooter wasn't very accurate,Intake didn't work so they wandered around not really doing anything,same as active,112,304,304,blue,0,0,None,None,None,0,None,None,None,1,5,0,0,0,None,4,0,78,304,221,0,0
2026orore_qm39,qm,1,39,frc2915,frc2915,frc2635,frc749,frc2521,frc955,frc6696,red,Np,middle3,0,0,0,2.801,"{""version"":1,""segments"":[{""start"":1774660394624,""stop"":1774660396319},{""start"":1774660396792,""stop"":1774660397898}]}",0,"{""version"":1,""segments"":[]}",,0,0,9.342,"{""version"":1,""segments"":[{""start"":1774660449536,""stop"":1774660450192},{""start"":1774660482975,""stop"":1774660484300},{""start"":1774660484790,""stop"":1774660488676},{""start"":1774660489111,""stop"":1774660490853},{""start"":1774660491080,""stop"":1774660492813}]}",0,"{""version"":1,""segments"":[]}",0,"{""version"":1,""segments"":[]}",0,0,0,0,0,0,0,none,Decent shots in auto,they were decent in shooting,they did absolutely nothing,110,110,379,blue,0,0,None,None,None,0,None,None,None,1,0,0,0,1,None,1,0,30,110,80,0,0
2026orore_qm39,qm,1,39,frc2635,frc2915,frc2635,frc749,frc2521,frc955,frc6696,red,em,outpost4,0,0,0,4.997,"{""version"":1,""segments"":[{""start"":1774660395165,""stop"":1774660397981},{""start"":1774660410134,""stop"":1774660411443},{""start"":1774660411823,""stop"":1774660412695}]}",0,"{""version"":1,""segments"":[]}",,0,0,20.413,"{""version"":1,""segments"":[{""start"":1774660437258,""stop"":1774660439762},{""start"":1774660440243,""stop"":1774660440641},{""start"":1774660440881,""stop"":1774660441302},{""start"":1774660441822,""stop"":1774660442120},{""start"":1774660442340,""stop"":1774660442580},{""start"":1774660442740,""stop"":1774660443293},{""start"":1774660453694,""stop"":1774660454499},{""start"":1774660476943,""stop"":1774660477516},{""start"":1774660478265,""stop"":1774660479838},{""start"":1774660481153,""stop"":1774660482596},{""start"":1774660487923,""stop"":1774660489021},{""start"":1774660492805,""stop"":1774660493987},{""start"":1774660496823,""stop"":1774660497625},{""start"":1774660530950,""stop"":1774660536980},{""start"":1774660542299,""stop"":1774660542356},{""start"":1774660551651,""stop"":1774660554087}]}",0,"{""version"":1,""segments"":[]}",0,"{""version"":1,""segments"":[]}",0,0,0,0,0,0,0,1,One ball at a time?,"They shoot very very slowly, one ball at a timenit seems like, they collect and move overall slow",I'm gonna be real they didn't do much at all just small ferrying,110,110,379,blue,0,0,None,None,None,0,None,None,None,1,0,0,0,1,None,1,0,30,110,80,0,0
2026orore_qm39,qm,1,39,frc749,frc2915,frc2635,frc749,frc2521,frc955,frc6696,red,EG,outpost4,0,0,0,0,"{""version"":1,""segments"":[]}",0,"{""version"":1,""segments"":[]}",Other,0,0,5.96,"{""version"":1,""segments"":[{""start"":1774660550929,""stop"":1774660556889}]}",2.617,"{""version"":1,""segments"":[{""start"":1774660523845,""stop"":1774660526462}]}",0,"{""version"":1,""segments"":[]}",0,,,,,,,,Shot preloaded fuel,"Jammed shooter at one point, shooter started working again ","played defense by stealing fuel from other alliance zone, ferried fuel with intake",110,110,379,blue,0,0,None,None,None,0,None,None,None,1,0,0,0,1,None,1,0,30,110,80,0,0
2026orore_qm39,qm,1,39,frc2521,frc2915,frc2635,frc749,frc2521,frc955,frc6696,blue,AB,middle3,1,0,0,0,"{""version"":1,""segments"":[]}",0,"{""version"":1,""segments"":[]}",Other,0,0,18.361,"{""version"":1,""segments"":[{""start"":1774660453922,""stop"":1774660457568},{""start"":1774660470261,""stop"":1774660476942},{""start"":1774660514140,""stop"":1774660522174}]}",2.127,"{""version"":1,""segments"":[{""start"":1774660488869,""stop"":1774660490996}]}",10.674,"{""version"":1,""segments"":[{""start"":1774660417969,""stop"":1774660420177},{""start"":1774660477767,""stop"":1774660480262},{""start"":1774660482585,""stop"":1774660482793},{""start"":1774660482912,""stop"":1774660488066},{""start"":1774660491861,""stop"":1774660492470}]}",0,0,0,1,0,0,0,2,shot some in then went to get more and got stuck on a team mate,shot a lot in,may have been unintentional but played defense in nuetral zone and ferried lots of balls into alliance zone,110,379,379,blue,0,0,None,None,None,0,None,None,None,1,5,0,0,0,None,5,1,72,379,302,0,0
2026orore_qm39,qm,1,39,frc955,frc2915,frc2635,frc749,frc2521,frc955,frc6696,blue,SK,depotWall1,0,0,0,7.124,"{""version"":1,""segments"":[{""start"":1774660396662,""stop"":1774660401727},{""start"":1774660411818,""stop"":1774660413877}]}",0,"{""version"":1,""segments"":[]}",Auto 1,0,0,2.475,"{""version"":1,""segments"":[{""start"":1774660423802,""stop"":1774660426277}]}",3.452,"{""version"":1,""segments"":[{""start"":1774660441962,""stop"":1774660442839},{""start"":1774660484546,""stop"":1774660484814},{""start"":1774660485405,""stop"":1774660485845},{""start"":1774660528164,""stop"":1774660530031}]}",0,"{""version"":1,""segments"":[]}",0,,,,,,,,shot good in auto,"was shooting good but then in the middle, something broke and they gave fuel to the other alliance",pushed the balls into their alliance zone,110,379,379,blue,0,0,None,None,None,0,None,None,None,1,5,0,0,0,None,5,1,72,379,302,0,0
2026orore_qm39,qm,1,39,frc6696,frc2915,frc2635,frc749,frc2521,frc955,frc6696,blue,AE,outpostWall5,0,0,0,3.716,"{""version"":1,""segments"":[{""start"":1774660398617,""stop"":1774660402333}]}",0,"{""version"":1,""segments"":[]}",Other,0,0,54.204,"{""version"":1,""segments"":[{""start"":1774660422076,""stop"":1774660424852},{""start"":1774660432987,""stop"":1774660433910},{""start"":1774660434661,""stop"":1774660435685},{""start"":1774660452355,""stop"":1774660466504},{""start"":1774660466561,""stop"":1774660467237},{""start"":1774660467275,""stop"":1774660467358},{""start"":1774660467394,""stop"":1774660468516},{""start"":1774660469938,""stop"":1774660475703},{""start"":1774660504440,""stop"":1774660515132},{""start"":1774660516557,""stop"":1774660516796},{""start"":1774660517478,""stop"":1774660519086},{""start"":1774660519202,""stop"":1774660519521},{""start"":1774660519696,""stop"":1774660519747},{""start"":1774660525082,""stop"":1774660525261},{""start"":1774660537329,""stop"":1774660549597},{""start"":1774660550120,""stop"":1774660550962},{""start"":1774660552834,""stop"":1774660554322}]}",13.683,"{""version"":1,""segments"":[{""start"":1774660436890,""stop"":1774660438992},{""start"":1774660443805,""stop"":1774660446363},{""start"":1774660480079,""stop"":1774660481952},{""start"":1774660487786,""stop"":1774660489313},{""start"":1774660492898,""stop"":1774660495981},{""start"":1774660502835,""stop"":1774660503947},{""start"":1774660531266,""stop"":1774660532694}]}",0,"{""version"":1,""segments"":[]}",0,0,0,0,0,0,0,none,stopped mid-auto,spent pretty much the whole time scoring,focused on ferrying,110,379,379,blue,0,0,None,None,None,0,None,None,None,1,5,0,0,0,None,5,1,72,379,302,0,0
2026orore_qm4,qm,1,4,frc5970,frc5970,frc9430,frc957,frc1359,frc6831,frc2990,red,LH,middle3,0,0,0,0,"{""version"":1,""segments"":[]}",0,"{""version"":1,""segments"":[]}",,0,0,2.572,"{""version"":1,""segments"":[{""start"":1774637075435,""stop"":1774637076641},{""start"":1774637206489,""stop"":1774637207855}]}",4.211,"{""version"":1,""segments"":[{""start"":1774637112778,""stop"":1774637114595},{""start"":1774637136362,""stop"":1774637138369},{""start"":1774637156200,""stop"":1774637156587}]}",0.537,"{""version"":1,""segments"":[{""start"":1774637168504,""stop"":1774637168956},{""start"":1774637169321,""stop"":1774637169406}]}",0,0,0,0,0,0,0,none,Did nothing,"Shy, just sat around and occasionally shot some fuel, med accuracy ","ferried from all zones, high fuel speed",229,229,152,red,0,0,None,None,None,0,None,None,None,1,5,0,0,0,None,4,0,63,229,161,0,0
2026orore_qm4,qm,1,4,frc9430,frc5970,frc9430,frc957,frc1359,frc6831,frc2990,red,HD,outpostWall5,0,0,0,3.5,"{""version"":1,""segments"":[{""start"":1774637050934,""stop"":1774637054434}]}",0,"{""version"":1,""segments"":[]}",Auto 1,1,0,18.246,"{""version"":1,""segments"":[{""start"":1774637073019,""stop"":1774637073343},{""start"":1774637073883,""stop"":1774637074512},{""start"":1774637104762,""stop"":1774637107656},{""start"":1774637113683,""stop"":1774637116494},{""start"":1774637122053,""stop"":1774637124687},{""start"":1774637156894,""stop"":1774637160096},{""start"":1774637171850,""stop"":1774637174780},{""start"":1774637194542,""stop"":1774637197364}]}",0,"{""version"":1,""segments"":[]}",0,"{""version"":1,""segments"":[]}",3.900000000000002,0,0,0,0,0,0,none,"Stuck in trench during 2nd pass, good auto","shoot good and intake was a little inconsistent but was solid, had a solid hopper. were accurate when undefended, but when defended or farther away were not accurate. ","Did not ferry, just collected more fuel and at some times were just waiting for something to happen",229,229,152,red,0,0,None,None,None,0,None,None,None,1,5,0,0,0,None,4,0,63,229,161,0,0
2026orore_qm4,qm,1,4,frc957,frc5970,frc9430,frc957,frc1359,frc6831,frc2990,red,np,depotWall1,0,0,0,8.196,"{""version"":1,""segments"":[{""start"":1774636733563,""stop"":1774636733780},{""start"":1774637053316,""stop"":1774637055899},{""start"":1774637059412,""stop"":1774637064808}]}",0,"{""version"":1,""segments"":[]}",Auto 2,0,0,25.66,"{""version"":1,""segments"":[{""start"":1774637102750,""stop"":1774637108900},{""start"":1774637116485,""stop"":1774637119023},{""start"":1774637124483,""stop"":1774637126561},{""start"":1774637163879,""stop"":1774637166513},{""start"":1774637167042,""stop"":1774637172795},{""start"":1774637181842,""stop"":1774637183133},{""start"":1774637184769,""stop"":1774637186364},{""start"":1774637189240,""stop"":1774637189839},{""start"":1774637198450,""stop"":1774637201472}]}",11.053,"{""version"":1,""segments"":[{""start"":1774637083021,""stop"":1774637085353},{""start"":1774637089639,""stop"":1774637093707},{""start"":1774637138770,""stop"":1774637143423}]}",0,"{""version"":1,""segments"":[]}",0,0,0,0,0,0,0,none,great auto with many fuel scored,they had some great shooting and their intake wasn't great but it certainly was effective and their shots were very low,they were amazing with ferrying,229,229,152,red,0,0,None,None,None,0,None,None,None,1,5,0,0,0,None,4,0,63,229,161,0,0
2026orore_qm4,qm,1,4,frc1359,frc5970,frc9430,frc957,frc1359,frc6831,frc2990,blue,SK,middle3,0,0,0,0,"{""version"":1,""segments"":[]}",0,"{""version"":1,""segments"":[]}",,0,,,,,,,,,,,,,,,,No show,no show,no show,229,152,152,red,0,0,None,None,None,0,None,None,None,1,0,0,0,1,None,1,0,39,152,113,0,0
2026orore_qm4,qm,1,4,frc6831,frc5970,frc9430,frc957,frc1359,frc6831,frc2990,blue,,depotWall1,0,0,0,2.769,"{""version"":1,""segments"":[{""start"":1774637048398,""stop"":1774637051167}]}",0.657,"{""version"":1,""segments"":[{""start"":1774636937384,""stop"":1774636938041}]}",Auto 1,0,0,0,"{""version"":1,""segments"":[]}",6.77,"{""version"":1,""segments"":[{""start"":1774637074177,""stop"":1774637077681},{""start"":1774637084803,""stop"":1774637088069}]}",1.079,"{""version"":1,""segments"":[{""start"":1774637121372,""stop"":1774637122451}]}",3.5000000000000018,0,0,1,0,1,0,3,did not move ,played defense on the opponents and attempted to gather intake from the neutral zone,"they played very heavy defense in the opponents zone, received many fouls and kind of body slammed the other team. its kind of mean",229,152,152,red,0,0,None,None,None,0,None,None,None,1,0,0,0,1,None,1,0,39,152,113,0,0
2026orore_qm4,qm,1,4,frc2990,frc5970,frc9430,frc957,frc1359,frc6831,frc2990,blue,ES,depotWall1,0,0,0,8.3,"{""version"":1,""segments"":[{""start"":1774637051929,""stop"":1774637060229}]}",6.992,"{""version"":1,""segments"":[{""start"":1774637044521,""stop"":1774637044579},{""start"":1774637046839,""stop"":1774637050996},{""start"":1774637064102,""stop"":1774637065376},{""start"":1774637065464,""stop"":1774637066967}]}",Auto 1,0,0,49.361,"{""version"":1,""segments"":[{""start"":1774637073560,""stop"":1774637079826},{""start"":1774637096325,""stop"":1774637103672},{""start"":1774637129211,""stop"":1774637139026},{""start"":1774637144349,""stop"":1774637151643},{""start"":1774637179504,""stop"":1774637182932},{""start"":1774637185262,""stop"":1774637186145},{""start"":1774637188684,""stop"":1774637199890},{""start"":1774637205997,""stop"":1774637209119}]}",44.733,"{""version"":1,""segments"":[{""start"":1774637070927,""stop"":1774637073699},{""start"":1774637082339,""stop"":1774637091814},{""start"":1774637109144,""stop"":1774637119644},{""start"":1774637120766,""stop"":1774637125138},{""start"":1774637126345,""stop"":1774637126485},{""start"":1774637143289,""stop"":1774637143718},{""start"":1774637159098,""stop"":1774637172026},{""start"":1774637172522,""stop"":1774637176639}]}",0,"{""version"":1,""segments"":[]}",0.2,0,0,0,0,0,0,none,a little slow but scored with accuracy,would start shooting to early during shiftslower shooting,ferried with good hopper capcity,229,152,152,red,0,0,None,None,None,0,None,None,None,1,0,0,0,1,None,1,0,39,152,113,0,0
2026orore_qm40,qm,1,40,frc997,frc997,frc957,frc3636,frc2898,frc9600,frc2557,red,Np,outpostWall5,0,0,0,7.674,"{""version"":1,""segments"":[{""start"":1774660935234,""stop"":1774660938980},{""start"":1774660939235,""stop"":1774660940521},{""start"":1774660946363,""stop"":1774660946940},{""start"":1774660947133,""stop"":1774660949198}]}",0,"{""version"":1,""segments"":[]}",Auto 1,0,0,17.485,"{""version"":1,""segments"":[{""start"":1774660953169,""stop"":1774660958043},{""start"":1774660993780,""stop"":1774660999779},{""start"":1774661003368,""stop"":1774661005829},{""start"":1774661009903,""stop"":1774661011529},{""start"":1774661038609,""stop"":1774661040286},{""start"":1774661050667,""stop"":1774661051515}]}",0,"{""version"":1,""segments"":[]}",0,"{""version"":1,""segments"":[]}",0,0,0,0,0,0,0,none,Pretty good auto with a substantial amount of fuel scored,amazing at shooting but played pretty mediocre against defense,ferried by sweeping fuel,164,164,104,red,0,0,None,None,None,0,None,None,None,1,15,0,0,2,None,4,0,46,164,103,0,0
2026orore_qm40,qm,1,40,frc957,frc997,frc957,frc3636,frc2898,frc9600,frc2557,red,PK,depotWall1,0,0,0,6.491,"{""version"":1,""segments"":[{""start"":1774660935568,""stop"":1774660938581},{""start"":1774660943575,""stop"":1774660947053}]}",0,"{""version"":1,""segments"":[]}",Auto 2,0,0,23.449,"{""version"":1,""segments"":[{""start"":1774660997579,""stop"":1774661001443},{""start"":1774661008485,""stop"":1774661013971},{""start"":1774661038716,""stop"":1774661038825},{""start"":1774661039406,""stop"":1774661043041},{""start"":1774661050129,""stop"":1774661050810},{""start"":1774661052385,""stop"":1774661054422},{""start"":1774661060956,""stop"":1774661063810},{""start"":1774661064805,""stop"":1774661065599},{""start"":1774661078101,""stop"":1774661080635},{""start"":1774661091178,""stop"":1774661092633}]}",8.187,"{""version"":1,""segments"":[{""start"":1774660964431,""stop"":1774660966491},{""start"":1774660966834,""stop"":1774660969519},{""start"":1774661021384,""stop"":1774661021568},{""start"":1774661021858,""stop"":1774661025116}]}",0,"{""version"":1,""segments"":[]}",0,0,0,0,0,0,0,none,"decent auto accuracy, speedy, didnt fully collect depot","good shooting, pretty fast and accurate, bad under defense and can't shoot properly when defended on","driver seems confused when driving around, doesn't seem like they know what they are doing at times",164,164,104,red,0,0,None,None,None,0,None,None,None,1,15,0,0,2,None,4,0,46,164,103,0,0
2026orore_qm40,qm,1,40,frc3636,frc997,frc957,frc3636,frc2898,frc9600,frc2557,red,HD,middle3,0,0,0,0.695,"{""version"":1,""segments"":[{""start"":1774660929206,""stop"":1774660929901}]}",0,"{""version"":1,""segments"":[]}",Auto 2,0,0,1.556,"{""version"":1,""segments"":[{""start"":1774661083127,""stop"":1774661084683}]}",0,"{""version"":1,""segments"":[]}",0,"{""version"":1,""segments"":[]}",0,0,0,1,0,1,0,4,scored no fuel,focused on defending the other alliance and messing with their fuel collection. were able to shoot decently well but did not intake a lot of fuel,"played good defense, made it so other teams had a harder time intaking, hit them to interfer with shooting and moved fuel out of their zone to other zones",164,164,104,red,0,0,None,None,None,0,None,None,None,1,15,0,0,2,None,4,0,46,164,103,0,0
2026orore_qm40,qm,1,40,frc2898,frc997,frc957,frc3636,frc2898,frc9600,frc2557,blue,AH,middle3,0,0,0,0,"{""version"":1,""segments"":[]}",0,"{""version"":1,""segments"":[]}",Auto 2,0,0,0.546,"{""version"":1,""segments"":[{""start"":1774660957523,""stop"":1774660958069}]}",0,"{""version"":1,""segments"":[]}",0,"{""version"":1,""segments"":[]}",0,0,0,0,0,1,0,2,Move then a-stop.,Mainly playing defense on the enemies being 997 & 957 because their intake malfunctioned.,Mainly playing defense on the enemies being 997 & 957.,164,104,104,red,0,0,None,None,None,0,None,None,None,0,10,0,0,3,None,0,0,40,104,54,0,0
2026orore_qm40,qm,1,40,frc9600,frc997,frc957,frc3636,frc2898,frc9600,frc2557,blue,SK,depotWall1,0,0,0,5.18,"{""version"":1,""segments"":[{""start"":1774660937470,""stop"":1774660938930},{""start"":1774660939456,""stop"":1774660939767},{""start"":1774660940273,""stop"":1774660941225},{""start"":1774660941705,""stop"":1774660944162}]}",0,"{""version"":1,""segments"":[]}",Other,0,0,17.421,"{""version"":1,""segments"":[{""start"":1774660958812,""stop"":1774660960156},{""start"":1774660979397,""stop"":1774660980415},{""start"":1774660982159,""stop"":1774660984066},{""start"":1774660984497,""stop"":1774660985156},{""start"":1774661015919,""stop"":1774661016456},{""start"":1774661018189,""stop"":1774661020066},{""start"":1774661020367,""stop"":1774661021315},{""start"":1774661022058,""stop"":1774661022300},{""start"":1774661022766,""stop"":1774661023007},{""start"":1774661023377,""stop"":1774661023646},{""start"":1774661024117,""stop"":1774661024456},{""start"":1774661026566,""stop"":1774661026635},{""start"":1774661027669,""stop"":1774661027770},{""start"":1774661029729,""stop"":1774661029904},{""start"":1774661033146,""stop"":1774661033332},{""start"":1774661040117,""stop"":1774661040385},{""start"":1774661073695,""stop"":1774661079001},{""start"":1774661079589,""stop"":1774661080161},{""start"":1774661087946,""stop"":1774661088135},{""start"":1774661088902,""stop"":1774661089150},{""start"":1774661089409,""stop"":1774661089570},{""start"":1774661089741,""stop"":1774661089869},{""start"":1774661090022,""stop"":1774661090410},{""start"":1774661090761,""stop"":1774661091010}]}",0,"{""version"":1,""segments"":[]}",0,"{""version"":1,""segments"":[]}",0,0,0,0,0,0,0,none,had a good auto,scored lots of balls but they were really really slow to shoot,collected fuel and stored them for the active phase. ,164,104,104,red,0,0,None,None,None,0,None,None,None,0,10,0,0,3,None,0,0,40,104,54,0,0
2026orore_qm40,qm,1,40,frc2557,frc997,frc957,frc3636,frc2898,frc9600,frc2557,blue,CW,outpost4,0,0,0,4.322,"{""version"":1,""segments"":[{""start"":1774660934132,""stop"":1774660936807},{""start"":1774660943460,""stop"":1774660945107}]}",0,"{""version"":1,""segments"":[]}",Auto 2,0,0,1.76,"{""version"":1,""segments"":[{""start"":1774660961610,""stop"":1774660962442},{""start"":1774660962629,""stop"":1774660963178},{""start"":1774660963414,""stop"":1774660963793}]}",0,"{""version"":1,""segments"":[]}",0,"{""version"":1,""segments"":[]}",0,,,,,,,,inaccurate shooting and got nothing on 2nd pass,"trying to collect but intake was jammed with fuel, they did have some defense they basically held the opponent under the trench",played defender but failed at doing defensive ,164,104,104,red,0,0,None,None,None,0,None,None,None,0,10,0,0,3,None,0,0,40,104,54,0,0
2026orore_qm41,qm,1,41,frc6465,frc6465,frc9567,frc1425,frc3669,frc4488,frc6831,red,,outpost4,0,0,0,0,"{""version"":1,""segments"":[]}",0,"{""version"":1,""segments"":[]}",,0,0,5.211,"{""version"":1,""segments"":[{""start"":1774662613143,""stop"":1774662616022},{""start"":1774662617606,""stop"":1774662619938}]}",0,"{""version"":1,""segments"":[]}",0,"{""version"":1,""segments"":[]}",0,0,0,0,0,0,0,none,Didn't move at all,they attempted some shots but missed most,,263,263,199,red,0,0,None,None,None,0,None,None,None,1,0,0,0,0,None,4,0,60,263,203,0,0
2026orore_qm41,qm,1,41,frc9567,frc6465,frc9567,frc1425,frc3669,frc4488,frc6831,red,PK,middle3,0,0,0,2.7,"{""version"":1,""segments"":[{""start"":1774662466832,""stop"":1774662469532}]}",0,"{""version"":1,""segments"":[]}",Auto 2,0,0,1.437,"{""version"":1,""segments"":[{""start"":1774662532729,""stop"":1774662533702},{""start"":1774662536454,""stop"":1774662536918}]}",0,"{""version"":1,""segments"":[]}",0,"{""version"":1,""segments"":[]}",0,0,0,0,0,0,0,none,drove back and shot,"didnt really do much, just in the way. Shot a couple balls but not very well. kinda confused the whole match",,263,263,199,red,0,0,None,None,None,0,None,None,None,1,0,0,0,0,None,4,0,60,263,203,0,0
2026orore_qm41,qm,1,41,frc1425,frc6465,frc9567,frc1425,frc3669,frc4488,frc6831,red,HD,depotWall1,0,0,0,8.738,"{""version"":1,""segments"":[{""start"":1774662470402,""stop"":1774662474298},{""start"":1774662480843,""stop"":1774662485685}]}",0,"{""version"":1,""segments"":[]}",Nz & Depo,0,0,33.925,"{""version"":1,""segments"":[{""start"":1774662496080,""stop"":1774662496311},{""start"":1774662498224,""stop"":1774662498465},{""start"":1774662498926,""stop"":1774662499575},{""start"":1774662651553,""stop"":1774662662745},{""start"":1774662680027,""stop"":1774662696139},{""start"":1774662698874,""stop"":1774662701430},{""start"":1774662708415,""stop"":1774662711359}]}",15.563,"{""version"":1,""segments"":[{""start"":1774662663382,""stop"":1774662673766},{""start"":1774662674135,""stop"":1774662679314}]}",0,"{""version"":1,""segments"":[]}",0,0,0,0,0,0,0,none,10/10,absalote cinema,lockdown DDDDDDDDDDDDDDDDDD,263,263,199,red,0,0,None,None,None,0,None,None,None,1,0,0,0,0,None,4,0,60,263,203,0,0
2026orore_qm41,qm,1,41,frc3669,frc6465,frc9567,frc1425,frc3669,frc4488,frc6831,blue,AH,depotWall1,0,0,0,0,"{""version"":1,""segments"":[]}",0,"{""version"":1,""segments"":[]}",,1,0,5.543,"{""version"":1,""segments"":[{""start"":1774662517588,""stop"":1774662517830},{""start"":1774662518429,""stop"":1774662518815},{""start"":1774662551181,""stop"":1774662552535},{""start"":1774662554138,""stop"":1774662554296},{""start"":1774662607778,""stop"":1774662608762},{""start"":1774662615328,""stop"":1774662616450},{""start"":1774662622026,""stop"":1774662622184},{""start"":1774662622333,""stop"":1774662623472}]}",0,"{""version"":1,""segments"":[]}",0,"{""version"":1,""segments"":[]}",0,0,0,0,0,0,0,none,High centered on bump during auto.,Rather slow bps with small boosts of fuel.,Collecting minimal fuel in the neutral zone.,263,199,199,red,0,0,None,None,None,0,None,None,None,1,0,0,0,0,None,1,0,34,199,165,0,0
2026orore_qm41,qm,1,41,frc4488,frc6465,frc9567,frc1425,frc3669,frc4488,frc6831,blue,SK,outpostWall5,0,0,0,6.095,"{""version"":1,""segments"":[{""start"":1774662472807,""stop"":1774662476094},{""start"":1774662481432,""stop"":1774662481458},{""start"":1774662481982,""stop"":1774662484764}]}",0,"{""version"":1,""segments"":[]}",Auto 1,0,0,21.712,"{""version"":1,""segments"":[{""start"":1774662499839,""stop"":1774662505017},{""start"":1774662520900,""stop"":1774662521118},{""start"":1774662521527,""stop"":1774662522208},{""start"":1774662549131,""stop"":1774662552556},{""start"":1774662554480,""stop"":1774662555272},{""start"":1774662556568,""stop"":1774662556880},{""start"":1774662566439,""stop"":1774662566858},{""start"":1774662567018,""stop"":1774662569776},{""start"":1774662609829,""stop"":1774662614962},{""start"":1774662619460,""stop"":1774662620660},{""start"":1774662621631,""stop"":1774662622170},{""start"":1774662627572,""stop"":1774662628209},{""start"":1774662628423,""stop"":1774662628843}]}",0,"{""version"":1,""segments"":[]}",0,"{""version"":1,""segments"":[]}",0,0,0,0,0,0,0,none,had a good auto,shot a good amount; but got slow when they entered the neutral zone,went to collect lots of fuels,263,199,199,red,0,0,None,None,None,0,None,None,None,1,0,0,0,0,None,1,0,34,199,165,0,0
2026orore_qm41,qm,1,41,frc6831,frc6465,frc9567,frc1425,frc3669,frc4488,frc6831,blue,CW,middle3,0,0,0,1.125,"{""version"":1,""segments"":[{""start"":1774662468816,""stop"":1774662469941}]}",0,"{""version"":1,""segments"":[]}",Auto 1,0,0,1.025,"{""version"":1,""segments"":[{""start"":1774662605717,""stop"":1774662606742}]}",0,"{""version"":1,""segments"":[]}",0,"{""version"":1,""segments"":[]}",1.5000000000000002,0,0,1,0,0,0,1,they had a good auto,"they pushed fuel into their own area the whole match, then shot one hoppers worth",they collected a hopper full and out take it in ownnzone,263,199,199,red,0,0,None,None,None,0,None,None,None,1,0,0,0,0,None,1,0,34,199,165,0,0
2026orore_qm42,qm,1,42,frc4915,frc4915,frc10444,frc6696,frc2471,frc2550,frc5970,red,Np,outpostWall5,0,0,0,5.505,"{""version"":1,""segments"":[{""start"":1774663127300,""stop"":1774663128085},{""start"":1774663128319,""stop"":1774663129284},{""start"":1774663129436,""stop"":1774663129975},{""start"":1774663137062,""stop"":1774663140156},{""start"":1774663140451,""stop"":1774663140573}]}",0,"{""version"":1,""segments"":[]}",Auto 1,0,26.900000000000112,20.928,"{""version"":1,""segments"":[{""start"":1774663181213,""stop"":1774663187978},{""start"":1774663189855,""stop"":1774663192116},{""start"":1774663192776,""stop"":1774663193668},{""start"":1774663196819,""stop"":1774663199375},{""start"":1774663199731,""stop"":1774663201252},{""start"":1774663201673,""stop"":1774663201940},{""start"":1774663271320,""stop"":1774663275943},{""start"":1774663283254,""stop"":1774663283511},{""start"":1774663283632,""stop"":1774663285418}]}",11.447,"{""version"":1,""segments"":[{""start"":1774663160542,""stop"":1774663162078},{""start"":1774663162227,""stop"":1774663163165},{""start"":1774663163365,""stop"":1774663163665},{""start"":1774663164126,""stop"":1774663164959},{""start"":1774663165595,""stop"":1774663166640},{""start"":1774663166885,""stop"":1774663168167},{""start"":1774663168347,""stop"":1774663169218},{""start"":1774663169534,""stop"":1774663170277},{""start"":1774663171052,""stop"":1774663172157},{""start"":1774663172877,""stop"":1774663173627},{""start"":1774663176019,""stop"":1774663176285},{""start"":1774663221424,""stop"":1774663222958},{""start"":1774663223184,""stop"":1774663223428}]}",2.414,"{""version"":1,""segments"":[{""start"":1774663217676,""stop"":1774663218624},{""start"":1774663218793,""stop"":1774663220101},{""start"":1774663220573,""stop"":1774663220731}]}",0,,,,,,,,They had a good auto with many fuel scored,they were great at shooting but didn't play amazing against defense,They were great at ferrying from virtually anywhere,220,220,168,red,0,0,None,None,None,0,None,None,None,1,5,0,0,1,None,4,0,73,220,142,0,0
2026orore_qm42,qm,1,42,frc10444,frc4915,frc10444,frc6696,frc2471,frc2550,frc5970,red,PK,middle3,0,0,0,0,"{""version"":1,""segments"":[]}",0,"{""version"":1,""segments"":[]}",Other,0,0,0,"{""version"":1,""segments"":[]}",0,"{""version"":1,""segments"":[]}",0,"{""version"":1,""segments"":[]}",0,,,,,,,,Did nothing,"sat in the same spot the entire match, moved around a couple inches but had issues",,220,220,168,red,0,0,None,None,None,0,None,None,None,1,5,0,0,1,None,4,0,73,220,142,0,0
2026orore_qm42,qm,1,42,frc6696,frc4915,frc10444,frc6696,frc2471,frc2550,frc5970,red,HD,depotWall1,0,0,0,9.44,"{""version"":1,""segments"":[{""start"":1774663125870,""stop"":1774663130497},{""start"":1774663135931,""stop"":1774663140744}]}",0,"{""version"":1,""segments"":[]}",Other,0,79.49999999999976,19.157,"{""version"":1,""segments"":[{""start"":1774663152106,""stop"":1774663155311},{""start"":1774663159274,""stop"":1774663159844},{""start"":1774663179386,""stop"":1774663187427},{""start"":1774663189376,""stop"":1774663192699},{""start"":1774663197606,""stop"":1774663198645},{""start"":1774663199321,""stop"":1774663200977},{""start"":1774663203744,""stop"":1774663205067}]}",11.546,"{""version"":1,""segments"":[{""start"":1774663160550,""stop"":1774663164315},{""start"":1774663164757,""stop"":1774663168503},{""start"":1774663171878,""stop"":1774663175913}]}",0,"{""version"":1,""segments"":[]}",0,0,0,0,0,0,0,none,"good auto, both shooting cycles made it",were effective at shooting and collecting until they stopped moving,focused on ferrying fuel and skirmished for fuel in the neutral zone ,220,220,168,red,0,0,None,None,None,0,None,None,None,1,5,0,0,1,None,4,0,73,220,142,0,0
2026orore_qm42,qm,1,42,frc2471,frc4915,frc10444,frc6696,frc2471,frc2550,frc5970,blue,AH,depotWall1,0,0,0,6.104,"{""version"":1,""segments"":[{""start"":1774663130550,""stop"":1774663134530},{""start"":1774663135003,""stop"":1774663137062},{""start"":1774663137896,""stop"":1774663137961}]}",0,"{""version"":1,""segments"":[]}",Auto 2,0,0,39.229,"{""version"":1,""segments"":[{""start"":1774663151143,""stop"":1774663152910},{""start"":1774663159992,""stop"":1774663165747},{""start"":1774663205076,""stop"":1774663212685},{""start"":1774663213655,""stop"":1774663217175},{""start"":1774663219726,""stop"":1774663220600},{""start"":1774663224587,""stop"":1774663225116},{""start"":1774663226101,""stop"":1774663226458},{""start"":1774663254824,""stop"":1774663265491},{""start"":1774663265972,""stop"":1774663267809},{""start"":1774663274459,""stop"":1774663279036},{""start"":1774663282437,""stop"":1774663284174}]}",15.548,"{""version"":1,""segments"":[{""start"":1774663149947,""stop"":1774663150954},{""start"":1774663178208,""stop"":1774663179695},{""start"":1774663179995,""stop"":1774663180655},{""start"":1774663181154,""stop"":1774663181853},{""start"":1774663183427,""stop"":1774663183784},{""start"":1774663188961,""stop"":1774663190916},{""start"":1774663233950,""stop"":1774663239314},{""start"":1774663240628,""stop"":1774663243834},{""start"":1774663248269,""stop"":1774663248748},{""start"":1774663249198,""stop"":1774663249287},{""start"":1774663249406,""stop"":1774663249454},{""start"":1774663249627,""stop"":1774663249664},{""start"":1774663249826,""stop"":1774663249886},{""start"":1774663250076,""stop"":1774663250137},{""start"":1774663250296,""stop"":1774663250335}]}",0,"{""version"":1,""segments"":[]}",0,0,0,0,0,0,0,none,"Double swipe, but not enough to beat 6696 auto.",Shooting a lot of fuel into the blue hub.,Ferrying from the neutral zone.,220,168,168,red,0,0,None,None,None,0,None,None,None,1,5,0,0,1,None,1,0,29,168,134,0,0
2026orore_qm42,qm,1,42,frc2550,frc4915,frc10444,frc6696,frc2471,frc2550,frc5970,blue,CW,middle3,0,0,0,0.279,"{""version"":1,""segments"":[{""start"":1774663120933,""stop"":1774663121212}]}",0,"{""version"":1,""segments"":[]}",Auto 2,0,0,10.799,"{""version"":1,""segments"":[{""start"":1774663162744,""stop"":1774663162851},{""start"":1774663163403,""stop"":1774663164183},{""start"":1774663164622,""stop"":1774663165010},{""start"":1774663165784,""stop"":1774663166484},{""start"":1774663166903,""stop"":1774663167431},{""start"":1774663167882,""stop"":1774663168322},{""start"":1774663168928,""stop"":1774663169422},{""start"":1774663169900,""stop"":1774663170424},{""start"":1774663178459,""stop"":1774663178628},{""start"":1774663208313,""stop"":1774663209871},{""start"":1774663211063,""stop"":1774663211372},{""start"":1774663212001,""stop"":1774663212164},{""start"":1774663212590,""stop"":1774663212711},{""start"":1774663212862,""stop"":1774663212951},{""start"":1774663213330,""stop"":1774663213423},{""start"":1774663213599,""stop"":1774663213686},{""start"":1774663214019,""stop"":1774663214138},{""start"":1774663214319,""stop"":1774663214396},{""start"":1774663214540,""stop"":1774663214599},{""start"":1774663216372,""stop"":1774663216569},{""start"":1774663216730,""stop"":1774663216848},{""start"":1774663216990,""stop"":1774663217058},{""start"":1774663217229,""stop"":1774663217290},{""start"":1774663217438,""stop"":1774663217538},{""start"":1774663217727,""stop"":1774663217816},{""start"":1774663218029,""stop"":1774663218108},{""start"":1774663218209,""stop"":1774663218312},{""start"":1774663218447,""stop"":1774663218526},{""start"":1774663218689,""stop"":1774663218749},{""start"":1774663218948,""stop"":1774663219010},{""start"":1774663219168,""stop"":1774663219247},{""start"":1774663219468,""stop"":1774663219529},{""start"":1774663220155,""stop"":1774663220248},{""start"":1774663224710,""stop"":1774663224883},{""start"":1774663225270,""stop"":1774663225384},{""start"":1774663225562,""stop"":1774663225639},{""start"":1774663225802,""stop"":1774663225848},{""start"":1774663225981,""stop"":1774663226070},{""start"":1774663226361,""stop"":1774663226387},{""start"":1774663226667,""stop"":1774663226677},{""start"":1774663226919,""stop"":1774663226957},{""start"":1774663227540,""stop"":1774663227602},{""start"":1774663256362,""stop"":1774663256563},{""start"":1774663256882,""stop"":1774663257002},{""start"":1774663257249,""stop"":1774663257303},{""start"":1774663257420,""stop"":1774663257502},{""start"":1774663257641,""stop"":1774663257709},{""start"":1774663257848,""stop"":1774663257929},{""start"":1774663258753,""stop"":1774663258760},{""start"":1774663258912,""stop"":1774663258974},{""start"":1774663259472,""stop"":1774663259541},{""start"":1774663260132,""stop"":1774663260230},{""start"":1774663260618,""stop"":1774663260721},{""start"":1774663261259,""stop"":1774663261360},{""start"":1774663261511,""stop"":1774663261580},{""start"":1774663261750,""stop"":1774663261820},{""start"":1774663262110,""stop"":1774663262191},{""start"":1774663262389,""stop"":1774663262416},{""start"":1774663262669,""stop"":1774663262757},{""start"":1774663269321,""stop"":1774663269429},{""start"":1774663272718,""stop"":1774663272853},{""start"":1774663273597,""stop"":1774663273723},{""start"":1774663274216,""stop"":1774663274306},{""start"":1774663274804,""stop"":1774663274885},{""start"":1774663275748,""stop"":1774663275850},{""start"":1774663277359,""stop"":1774663277385},{""start"":1774663277539,""stop"":1774663277600}]}",1.053,"{""version"":1,""segments"":[{""start"":1774663184831,""stop"":1774663185400},{""start"":1774663185757,""stop"":1774663185932},{""start"":1774663186795,""stop"":1774663187104}]}",0,"{""version"":1,""segments"":[]}",0,0,0,0,0,0,0,none,They A stopped to not get in the way of a fellow member ,"they mostly ferry fuel / push fuel, when they shoot they over shoot alot",ferry fuel,220,168,168,red,0,0,None,None,None,0,None,None,None,1,5,0,0,1,None,1,0,29,168,134,0,0
2026orore_qm42,qm,1,42,frc5970,frc4915,frc10444,frc6696,frc2471,frc2550,frc5970,blue,SK,middle3,0,0,0,1.474,"{""version"":1,""segments"":[{""start"":1774663126926,""stop"":1774663128100},{""start"":1774663128287,""stop"":1774663128587}]}",0,"{""version"":1,""segments"":[]}",,0,0,0,"{""version"":1,""segments"":[]}",0,"{""version"":1,""segments"":[]}",0,"{""version"":1,""segments"":[]}",0,0,0,0,0,1,0,4,not really a good auto,went and played defense for the majority of the time. And did a good job because it was stopping the fuel going to the human player and all the 3 robots stopped at one point,played defense,220,168,168,red,0,0,None,None,None,0,None,None,None,1,5,0,0,1,None,1,0,29,168,134,0,0
2026orore_qm43,qm,1,43,frc10991,frc10991,frc997,frc1540,frc9430,frc2521,frc3674,red,Np,middle3,0,0,0,0.993,"{""version"":1,""segments"":[{""start"":1774663561697,""stop"":1774663562690}]}",0,"{""version"":1,""segments"":[]}",,0,0,0,"{""version"":1,""segments"":[]}",3.028,"{""version"":1,""segments"":[{""start"":1774663643859,""stop"":1774663643903},{""start"":1774663644057,""stop"":1774663645495},{""start"":1774663680100,""stop"":1774663681646}]}",0,"{""version"":1,""segments"":[]}",0,,,,,,,,Shot a couple and missed most,ferried a lot but were very mediocre,ferried mediocre,411,411,351,red,0,0,None,None,None,0,None,None,None,1,10,0,0,0,None,5,1,65,411,336,0,0
2026orore_qm43,qm,1,43,frc997,frc10991,frc997,frc1540,frc9430,frc2521,frc3674,red,,outpostWall5,0,0,0,4.122,"{""version"":1,""segments"":[{""start"":1774663566930,""stop"":1774663570102},{""start"":1774663584154,""stop"":1774663585104}]}",0,"{""version"":1,""segments"":[]}",Auto 1,0,0,39.354,"{""version"":1,""segments"":[{""start"":1774663576764,""stop"":1774663578720},{""start"":1774663582264,""stop"":1774663582845},{""start"":1774663594356,""stop"":1774663599245},{""start"":1774663604304,""stop"":1774663609084},{""start"":1774663614663,""stop"":1774663617458},{""start"":1774663646784,""stop"":1774663649896},{""start"":1774663653288,""stop"":1774663656330},{""start"":1774663657600,""stop"":1774663658854},{""start"":1774663664821,""stop"":1774663667979},{""start"":1774663692905,""stop"":1774663696749},{""start"":1774663699063,""stop"":1774663699922},{""start"":1774663705423,""stop"":1774663709072},{""start"":1774663711219,""stop"":1774663713220},{""start"":1774663719778,""stop"":1774663723212}]}",0,"{""version"":1,""segments"":[]}",0,"{""version"":1,""segments"":[]}",0,0,0,0,0,1,0,3,"good auto, able to get some balls and shoot fast","really good shooting bot, able to unload a lot of balls fast, intake is kinda slow though but driving and shooting is good",played a little defense on opponent zone then grabbed fuel and left. not enough defense or heavy enough to be more than a mild annoyance,411,411,351,red,0,0,None,None,None,0,None,None,None,1,10,0,0,0,None,5,1,65,411,336,0,0
2026orore_qm43,qm,1,43,frc1540,frc10991,frc997,frc1540,frc9430,frc2521,frc3674,red,HD,depotWall1,0,0,0,9.525,"{""version"":1,""segments"":[{""start"":1774663562427,""stop"":1774663566369},{""start"":1774663572042,""stop"":1774663577625}]}",0,"{""version"":1,""segments"":[]}",Auto 1,0,0,47.012,"{""version"":1,""segments"":[{""start"":1774663605168,""stop"":1774663617669},{""start"":1774663620518,""stop"":1774663620641},{""start"":1774663641972,""stop"":1774663645445},{""start"":1774663645783,""stop"":1774663648051},{""start"":1774663650419,""stop"":1774663652561},{""start"":1774663653286,""stop"":1774663654161},{""start"":1774663656541,""stop"":1774663658815},{""start"":1774663660685,""stop"":1774663662477},{""start"":1774663662823,""stop"":1774663663064},{""start"":1774663663657,""stop"":1774663665333},{""start"":1774663665671,""stop"":1774663667291},{""start"":1774663692382,""stop"":1774663707042},{""start"":1774663714637,""stop"":1774663715083},{""start"":1774663715490,""stop"":1774663716531},{""start"":1774663718008,""stop"":1774663719518},{""start"":1774663723575,""stop"":1774663723945}]}",26.316,"{""version"":1,""segments"":[{""start"":1774663585261,""stop"":1774663586852},{""start"":1774663587183,""stop"":1774663592320},{""start"":1774663595847,""stop"":1774663596727},{""start"":1774663601857,""stop"":1774663603326},{""start"":1774663603740,""stop"":1774663604450},{""start"":1774663621340,""stop"":1774663622102},{""start"":1774663623098,""stop"":1774663625660},{""start"":1774663626013,""stop"":1774663626510},{""start"":1774663627696,""stop"":1774663627841},{""start"":1774663628606,""stop"":1774663628743},{""start"":1774663630640,""stop"":1774663631205},{""start"":1774663631537,""stop"":1774663631701},{""start"":1774663631895,""stop"":1774663631977},{""start"":1774663632137,""stop"":1774663632371},{""start"":1774663632605,""stop"":1774663632873},{""start"":1774663633772,""stop"":1774663633997},{""start"":1774663672569,""stop"":1774663678256},{""start"":1774663679663,""stop"":1774663679897},{""start"":1774663680291,""stop"":1774663682498},{""start"":1774663682872,""stop"":1774663684904},{""start"":1774663685210,""stop"":1774663685938}]}",0,"{""version"":1,""segments"":[]}",0,0,0,0,0,0,0,none,got 2 hoppers shoot in,"were able to shoot most of their periods, were able to intake pilled fuel effectively, were not defended ",did a good job of ferrying were constantly shooting with fuel spread all around,411,411,351,red,0,0,None,None,None,0,None,None,None,1,10,0,0,0,None,5,1,65,411,336,0,0
2026orore_qm43,qm,1,43,frc9430,frc10991,frc997,frc1540,frc9430,frc2521,frc3674,blue,AH,depotWall1,0,0,0,4.1,"{""version"":1,""segments"":[{""start"":1774663563635,""stop"":1774663566371},{""start"":1774663575634,""stop"":1774663576998}]}",0,"{""version"":1,""segments"":[]}",,0,0,23.954,"{""version"":1,""segments"":[{""start"":1774663616995,""stop"":1774663619030},{""start"":1774663624696,""stop"":1774663627944},{""start"":1774663631981,""stop"":1774663632318},{""start"":1774663632557,""stop"":1774663633262},{""start"":1774663633656,""stop"":1774663633806},{""start"":1774663637372,""stop"":1774663639369},{""start"":1774663639920,""stop"":1774663640311},{""start"":1774663667446,""stop"":1774663669053},{""start"":1774663674316,""stop"":1774663678730},{""start"":1774663685131,""stop"":1774663687768},{""start"":1774663703632,""stop"":1774663706499},{""start"":1774663717474,""stop"":1774663721040}]}",2.727,"{""version"":1,""segments"":[{""start"":1774663647491,""stop"":1774663648930},{""start"":1774663654174,""stop"":1774663655462}]}",0,"{""version"":1,""segments"":[]}",0,0,0,0,0,0,0,none,Double swipe with a drum shooter. Winning the auto.,Collecting and shooting as much fuel as possible using the Citrus Circuits style drum.,Ferrying fuel into the alliance zone.,411,351,351,red,0,0,None,None,None,0,None,None,None,1,0,0,0,2,None,1,0,79,351,272,0,0
2026orore_qm43,qm,1,43,frc2521,frc10991,frc997,frc1540,frc9430,frc2521,frc3674,blue,DS,middle3,0,0,0,2.937,"{""version"":1,""segments"":[{""start"":1774663565475,""stop"":1774663565975},{""start"":1774663574241,""stop"":1774663576678}]}",0,"{""version"":1,""segments"":[]}",Other,0,0,23.631,"{""version"":1,""segments"":[{""start"":1774663616436,""stop"":1774663617517},{""start"":1774663619543,""stop"":1774663620874},{""start"":1774663623682,""stop"":1774663624950},{""start"":1774663626192,""stop"":1774663627581},{""start"":1774663628272,""stop"":1774663629979},{""start"":1774663631970,""stop"":1774663633207},{""start"":1774663635735,""stop"":1774663636346},{""start"":1774663643028,""stop"":1774663644787},{""start"":1774663668680,""stop"":1774663669659},{""start"":1774663670186,""stop"":1774663670965},{""start"":1774663671604,""stop"":1774663675102},{""start"":1774663675904,""stop"":1774663677405},{""start"":1774663680123,""stop"":1774663680604},{""start"":1774663684360,""stop"":1774663685394},{""start"":1774663685926,""stop"":1774663687392},{""start"":1774663690211,""stop"":1774663691732},{""start"":1774663695780,""stop"":1774663696301},{""start"":1774663710715,""stop"":1774663712183}]}",5.342,"{""version"":1,""segments"":[{""start"":1774663587007,""stop"":1774663587042},{""start"":1774663590394,""stop"":1774663591547},{""start"":1774663596541,""stop"":1774663597427},{""start"":1774663606797,""stop"":1774663607857},{""start"":1774663651696,""stop"":1774663653904}]}",0,"{""version"":1,""segments"":[]}",0.6,0,0,0,0,0,0,none,,,,411,351,351,red,0,0,None,None,None,0,None,None,None,1,0,0,0,2,None,1,0,79,351,272,0,0
2026orore_qm43,qm,1,43,frc3674,frc10991,frc997,frc1540,frc9430,frc2521,frc3674,blue,SK,outpostWall5,0,0,0,7.944,"{""version"":1,""segments"":[{""start"":1774663562879,""stop"":1774663566707},{""start"":1774663573213,""stop"":1774663577329}]}",0,"{""version"":1,""segments"":[]}",Auto 1,0,0,26.466,"{""version"":1,""segments"":[{""start"":1774663588923,""stop"":1774663590406},{""start"":1774663622550,""stop"":1774663626110},{""start"":1774663629873,""stop"":1774663630512},{""start"":1774663630540,""stop"":1774663634208},{""start"":1774663641003,""stop"":1774663641819},{""start"":1774663665458,""stop"":1774663669156},{""start"":1774663673815,""stop"":1774663674979},{""start"":1774663676269,""stop"":1774663679352},{""start"":1774663685549,""stop"":1774663687947},{""start"":1774663709985,""stop"":1774663715305},{""start"":1774663721631,""stop"":1774663722268}]}",0,"{""version"":1,""segments"":[]}",0,"{""version"":1,""segments"":[]}",0,,,,,,,,overall good auto; did really good; went under the trench slowly,collected and shot balls; but didn't ferry them or push them to their alliance partners,Collected balls from the opposite alliance,411,351,351,red,0,0,None,None,None,0,None,None,None,1,0,0,0,2,None,1,0,79,351,272,0,0
2026orore_qm44,qm,1,44,frc1425,frc1425,frc955,frc2733,frc9567,frc2557,frc1359,red,Np,depotWall1,1,0,0,8.484,"{""version"":1,""segments"":[{""start"":1774664124067,""stop"":1774664128139},{""start"":1774664128193,""stop"":1774664128271},{""start"":1774664136140,""stop"":1774664140474}]}",0,"{""version"":1,""segments"":[]}",Nz & Depo,0,0,36.244,"{""version"":1,""segments"":[{""start"":1774664149890,""stop"":1774664154724},{""start"":1774664178262,""stop"":1774664188522},{""start"":1774664189904,""stop"":1774664195036},{""start"":1774664195488,""stop"":1774664198984},{""start"":1774664203311,""stop"":1774664208983},{""start"":1774664229519,""stop"":1774664229793},{""start"":1774664246338,""stop"":1774664248932},{""start"":1774664250022,""stop"":1774664250092},{""start"":1774664250316,""stop"":1774664250398},{""start"":1774664250631,""stop"":1774664250738},{""start"":1774664251068,""stop"":1774664251151},{""start"":1774664254220,""stop"":1774664255038},{""start"":1774664255309,""stop"":1774664255677},{""start"":1774664293828,""stop"":1774664296282}]}",0,"{""version"":1,""segments"":[]}",0,"{""version"":1,""segments"":[]}",0,0,0,0,0,0,0,none,Amazing 50point,amazing at shots but we blocked some fuel from rolling into our zone,we played well with sweeping fuel,443,443,72,red,0,0,None,None,None,0,None,None,None,1,0,0,0,0,None,5,1,102,443,341,0,0
2026orore_qm44,qm,1,44,frc955,frc1425,frc955,frc2733,frc9567,frc2557,frc1359,red,PK,outpostWall5,0,0,0,7.922,"{""version"":1,""segments"":[{""start"":1774664125908,""stop"":1774664129957},{""start"":1774664136904,""stop"":1774664140777}]}",0,"{""version"":1,""segments"":[]}",Auto 1,0,0,49.727,"{""version"":1,""segments"":[{""start"":1774664150891,""stop"":1774664153575},{""start"":1774664177449,""stop"":1774664191710},{""start"":1774664194693,""stop"":1774664200989},{""start"":1774664201430,""stop"":1774664203847},{""start"":1774664230928,""stop"":1774664237165},{""start"":1774664237851,""stop"":1774664238694},{""start"":1774664239971,""stop"":1774664245412},{""start"":1774664250843,""stop"":1774664253965},{""start"":1774664262509,""stop"":1774664263472},{""start"":1774664264502,""stop"":1774664266435},{""start"":1774664273088,""stop"":1774664276699},{""start"":1774664282856,""stop"":1774664284775}]}",2.641,"{""version"":1,""segments"":[{""start"":1774664211179,""stop"":1774664213820}]}",0,"{""version"":1,""segments"":[]}",0,,,,,,,,grabbed up large amounts of balls from nz and shot well,"really accurate shooting, able to unload large amounts of fuel into hub well, good at outpost and range shots with turret. Has a little trouble with intake and is a little slow there",,443,443,72,red,0,0,None,None,None,0,None,None,None,1,0,0,0,0,None,5,1,102,443,341,0,0
2026orore_qm44,qm,1,44,frc2733,frc1425,frc955,frc2733,frc9567,frc2557,frc1359,red,HD,middle3,0,0,0,1.328,"{""version"":1,""segments"":[{""start"":1774664122361,""stop"":1774664122711},{""start"":1774664123243,""stop"":1774664123607},{""start"":1774664124560,""stop"":1774664124836},{""start"":1774664128064,""stop"":1774664128161},{""start"":1774664128644,""stop"":1774664128885}]}",0,"{""version"":1,""segments"":[]}",Auto 2,0,0,0.673,"{""version"":1,""segments"":[{""start"":1774664258989,""stop"":1774664259662}]}",1.627,"{""version"":1,""segments"":[{""start"":1774664213008,""stop"":1774664214635}]}",0,"{""version"":1,""segments"":[]}",0,0,0,1,0,0,1,3,shoot 6 fuel in then stopped,shoot a little bit but focused on ferrying fuel with the intake and moving around fuel with their bumpers,played defense by moving fuel around and checking the other robots.,443,443,72,red,0,0,None,None,None,0,None,None,None,1,0,0,0,0,None,5,1,102,443,341,0,0
2026orore_qm44,qm,1,44,frc9567,frc1425,frc955,frc2733,frc9567,frc2557,frc1359,blue,AH,depot2,0,0,0,2.014,"{""version"":1,""segments"":[{""start"":1774664119700,""stop"":1774664121714}]}",0,"{""version"":1,""segments"":[]}",Auto 1,0,0,5.046,"{""version"":1,""segments"":[{""start"":1774664215990,""stop"":1774664221036}]}",0,"{""version"":1,""segments"":[]}",0,"{""version"":1,""segments"":[]}",36.200000000000244,0,0,0,0,0,0,none,Shoots preloads.,Shot 8 fuel into the blue hub.,Kinda roamed around.,443,72,72,red,0,0,None,None,None,10,None,None,Level1,0,0,0,0,0,None,0,0,34,72,38,10,0
2026orore_qm44,qm,1,44,frc2557,frc1425,frc955,frc2733,frc9567,frc2557,frc1359,blue,DS,outpost4,0,0,0,3.086,"{""version"":1,""segments"":[{""start"":1774664125038,""stop"":1774664128124}]}",0,"{""version"":1,""segments"":[]}",Auto 2,0,0,1.81,"{""version"":1,""segments"":[{""start"":1774664171216,""stop"":1774664171718},{""start"":1774664172095,""stop"":1774664172804},{""start"":1774664174935,""stop"":1774664175036},{""start"":1774664207271,""stop"":1774664207580},{""start"":1774664208424,""stop"":1774664208613}]}",0.152,"{""version"":1,""segments"":[{""start"":1774664168269,""stop"":1774664168396},{""start"":1774664185262,""stop"":1774664185287}]}",0,"{""version"":1,""segments"":[]}",0,0,0,0,0,0,0,none,Shot and them collected from neutral zone. Then got stuck ontge bump,tried shooting but ended up pushing balls to outpost instead ,pushing balls back to alliance zone,443,72,72,red,0,0,None,None,None,10,None,None,Level1,0,0,0,0,0,None,0,0,34,72,38,10,0
2026orore_qm44,qm,1,44,frc1359,frc1425,frc955,frc2733,frc9567,frc2557,frc1359,blue,SK,middle3,0,0,0,3.124,"{""version"":1,""segments"":[{""start"":1774664121374,""stop"":1774664124028},{""start"":1774664124424,""stop"":1774664124634},{""start"":1774664124831,""stop"":1774664125002},{""start"":1774664125139,""stop"":1774664125228}]}",0,"{""version"":1,""segments"":[]}",Auto 1,0,0,1.331,"{""version"":1,""segments"":[{""start"":1774664207355,""stop"":1774664208468},{""start"":1774664217205,""stop"":1774664217423}]}",1.991,"{""version"":1,""segments"":[{""start"":1774664190405,""stop"":1774664192396}]}",0,"{""version"":1,""segments"":[]}",0,10,1,0,0,0,0,none,shot really less balls,"shot okay, but slow and missed a lot","collected balls, but were slow",443,72,72,red,0,0,None,None,None,10,None,None,Level1,0,0,0,0,0,None,0,0,34,72,38,10,0
2026orore_qm45,qm,1,45,frc2635,frc2635,frc2930,frc4488,frc4662,frc957,frc5975,red,Np,depot2,0,0,0,1.644,"{""version"":1,""segments"":[{""start"":1774664557471,""stop"":1774664558009},{""start"":1774664558905,""stop"":1774664559023},{""start"":1774664568121,""stop"":1774664568919},{""start"":1774664569441,""stop"":1774664569631}]}",0,"{""version"":1,""segments"":[]}",,0,0,2.761,"{""version"":1,""segments"":[{""start"":1774664715920,""stop"":1774664717644},{""start"":1774664718780,""stop"":1774664719817}]}",0.491,"{""version"":1,""segments"":[{""start"":1774664720198,""stop"":1774664720689}]}",0,"{""version"":1,""segments"":[]}",0,0,0,0,0,1,0,2,Mediocre auto with a couple shots,shot a couple times missed most,not their best match with a lot missed and only a couple ferried,176,176,160,red,0,0,None,None,None,0,None,None,None,1,15,0,0,1,None,4,0,42,176,119,0,0
2026orore_qm45,qm,1,45,frc2930,frc2635,frc2930,frc4488,frc4662,frc957,frc5975,red,PK,depot2,0,0,0,0,"{""version"":1,""segments"":[]}",0,"{""version"":1,""segments"":[]}",Other,0,0,17.353,"{""version"":1,""segments"":[{""start"":1774664583455,""stop"":1774664584831},{""start"":1774664588153,""stop"":1774664589208},{""start"":1774664612872,""stop"":1774664613814},{""start"":1774664627686,""stop"":1774664630639},{""start"":1774664634559,""stop"":1774664635753},{""start"":1774664669584,""stop"":1774664669905},{""start"":1774664670306,""stop"":1774664671298},{""start"":1774664672356,""stop"":1774664672624},{""start"":1774664678843,""stop"":1774664679380},{""start"":1774664679520,""stop"":1774664681338},{""start"":1774664685982,""stop"":1774664687330},{""start"":1774664698714,""stop"":1774664699061},{""start"":1774664700316,""stop"":1774664701782},{""start"":1774664710316,""stop"":1774664713052}]}",3.532,"{""version"":1,""segments"":[{""start"":1774664603314,""stop"":1774664605326},{""start"":1774664653033,""stop"":1774664653911},{""start"":1774664654769,""stop"":1774664655411}]}",0,"{""version"":1,""segments"":[]}",0,,,,,,,,Did nothing,"somewhat accurate shooting, able to get some in, really jerky driving, intake is shaky and very hard to collect with so they don't get much in. Didn't do much except shoot a couple balls from time to time",tried to collect from nz a lot but intake didn't intake very well,176,176,160,red,0,0,None,None,None,0,None,None,None,1,15,0,0,1,None,4,0,42,176,119,0,0
2026orore_qm45,qm,1,45,frc4488,frc2635,frc2930,frc4488,frc4662,frc957,frc5975,red,HD,outpostWall5,0,0,0,7.774,"{""version"":1,""segments"":[{""start"":1774664559476,""stop"":1774664561572},{""start"":1774664572741,""stop"":1774664573124},{""start"":1774664611529,""stop"":1774664616824}]}",2.261,"{""version"":1,""segments"":[{""start"":1774664600116,""stop"":1774664602176},{""start"":1774664602715,""stop"":1774664602845},{""start"":1774664668246,""stop"":1774664668317}]}",Auto 1,0,0,13.952,"{""version"":1,""segments"":[{""start"":1774664626872,""stop"":1774664626953},{""start"":1774664627436,""stop"":1774664630802},{""start"":1774664643349,""stop"":1774664643435},{""start"":1774664643926,""stop"":1774664645898},{""start"":1774664662439,""stop"":1774664665442},{""start"":1774664676346,""stop"":1774664680191},{""start"":1774664686651,""stop"":1774664687020},{""start"":1774664699177,""stop"":1774664699801},{""start"":1774664708778,""stop"":1774664709253},{""start"":1774664716807,""stop"":1774664716938}]}",7.889,"{""version"":1,""segments"":[{""start"":1774664631433,""stop"":1774664637474},{""start"":1774664646604,""stop"":1774664648452}]}",0,"{""version"":1,""segments"":[]}",2.3000000000000007,0,0,0,0,0,0,none,"collected 2 hoppers and shoot them, they did not ferry, that was a missclick","were effective, able to shoot pretty fast and did not have difficulties intaking, there robot went a little haywire after a hard hit but recovered quickly","were able to ferry pretty well, but focused on filling up their hopper ",176,176,160,red,0,0,None,None,None,0,None,None,None,1,15,0,0,1,None,4,0,42,176,119,0,0
2026orore_qm45,qm,1,45,frc4662,frc2635,frc2930,frc4488,frc4662,frc957,frc5975,blue,AH,outpostWall5,0,0,0,3.442,"{""version"":1,""segments"":[{""start"":1774664553872,""stop"":1774664557314}]}",0,"{""version"":1,""segments"":[]}",Other,0,0,0.625,"{""version"":1,""segments"":[{""start"":1774664689153,""stop"":1774664689778}]}",0,"{""version"":1,""segments"":[]}",0,"{""version"":1,""segments"":[]}",0,0,0,0,0,1,0,1,Shot 4 fuel into the hub.,Roamed around the opposing alliance zone in pursuit of stopping the red alliance from shooting.,Roamed around the opposing alliance zone in pursuit of stopping the red alliance from shooting.,176,160,160,red,0,0,None,None,None,0,None,None,None,1,5,0,0,3,None,1,0,33,160,122,0,0
2026orore_qm45,qm,1,45,frc957,frc2635,frc2930,frc4488,frc4662,frc957,frc5975,blue,DS,depotWall1,0,0,0,6.705,"{""version"":1,""segments"":[{""start"":1774664558913,""stop"":1774664562838},{""start"":1774664566036,""stop"":1774664568816}]}",0,"{""version"":1,""segments"":[]}",Auto 2,0,0,37.489,"{""version"":1,""segments"":[{""start"":1774664576927,""stop"":1774664577309},{""start"":1774664591014,""stop"":1774664595167},{""start"":1774664595597,""stop"":1774664598655},{""start"":1774664606737,""stop"":1774664610890},{""start"":1774664636756,""stop"":1774664645628},{""start"":1774664647547,""stop"":1774664647575},{""start"":1774664647648,""stop"":1774664649986},{""start"":1774664655598,""stop"":1774664662354},{""start"":1774664691154,""stop"":1774664691463},{""start"":1774664697545,""stop"":1774664701070},{""start"":1774664706802,""stop"":1774664709338},{""start"":1774664715410,""stop"":1774664716328},{""start"":1774664717721,""stop"":1774664718182}]}",6.748,"{""version"":1,""segments"":[{""start"":1774664586346,""stop"":1774664587569},{""start"":1774664620657,""stop"":1774664625613},{""start"":1774664678982,""stop"":1774664679551}]}",0,"{""version"":1,""segments"":[]}",0,0,0,0,0,0,0,none,"nz, tgen shoot, depot, then shoot, did pretty well",s hooting plus collecting. Stayed close to depot,pushing and ferrying,176,160,160,red,0,0,None,None,None,0,None,None,None,1,5,0,0,3,None,1,0,33,160,122,0,0
2026orore_qm45,qm,1,45,frc5975,frc2635,frc2930,frc4488,frc4662,frc957,frc5975,blue,SK,middle3,0,0,0,7.721,"{""version"":1,""segments"":[{""start"":1774664581594,""stop"":1774664585830},{""start"":1774664608742,""stop"":1774664611453},{""start"":1774664615728,""stop"":1774664615886},{""start"":1774664623080,""stop"":1774664623696}]}",0.156,"{""version"":1,""segments"":[{""start"":1774664624349,""stop"":1774664624505}]}",Auto 1,0,0,7.209,"{""version"":1,""segments"":[{""start"":1774664627034,""stop"":1774664629345},{""start"":1774664639551,""stop"":1774664644449}]}",2.379,"{""version"":1,""segments"":[{""start"":1774664629704,""stop"":1774664630531},{""start"":1774664679737,""stop"":1774664681289}]}",0,"{""version"":1,""segments"":[]}",1.3,0,0,0,0,0,0,none,Did not move in auto (*** Wrong input),Very slow; did not shoot much,Barely collected. Just kept moving,176,160,160,red,0,0,None,None,None,0,None,None,None,1,5,0,0,3,None,1,0,33,160,122,0,0
2026orore_qm46,qm,1,46,frc2898,frc2898,frc3669,frc749,frc2915,frc2811,frc6465,red,Np,middle3,0,0,0,0.936,"{""version"":1,""segments"":[{""start"":1774665078942,""stop"":1774665079214},{""start"":1774665079583,""stop"":1774665079954},{""start"":1774665080219,""stop"":1774665080512}]}",0,"{""version"":1,""segments"":[]}",,0,0,0,"{""version"":1,""segments"":[]}",0,"{""version"":1,""segments"":[]}",0,"{""version"":1,""segments"":[]}",0,0,0,0,0,1,1,3,Didn't do much,they played mediocre defense,they played mediocre defense,110,110,143,blue,0,0,None,None,None,0,None,None,None,1,10,0,0,1,None,1,0,28,110,72,0,0
2026orore_qm46,qm,1,46,frc3669,frc2898,frc3669,frc749,frc2915,frc2811,frc6465,red,,outpostWall5,0,0,0,0,"{""version"":1,""segments"":[]}",0,"{""version"":1,""segments"":[]}",Other,1,0,0,"{""version"":1,""segments"":[]}",1.769,"{""version"":1,""segments"":[{""start"":1774665128834,""stop"":1774665130603}]}",0,"{""version"":1,""segments"":[]}",0,,,,,,,,"Spewed preload randomly, slammed into trench and stopped","not te best robot, really slow and all its shots were wildly off, made none in, really long shots, just pushed balls to their side and fed human players",same as up,110,110,143,blue,0,0,None,None,None,0,None,None,None,1,10,0,0,1,None,1,0,28,110,72,0,0
2026orore_qm46,qm,1,46,frc749,frc2898,frc3669,frc749,frc2915,frc2811,frc6465,red,HD,depot2,0,0,0,1.37,"{""version"":1,""segments"":[{""start"":1774665075248,""stop"":1774665076377},{""start"":1774665078330,""stop"":1774665078454},{""start"":1774665079020,""stop"":1774665079137}]}",0,"{""version"":1,""segments"":[]}",Auto 1,0,0,16.501,"{""version"":1,""segments"":[{""start"":1774665109364,""stop"":1774665110351},{""start"":1774665156818,""stop"":1774665160516},{""start"":1774665188519,""stop"":1774665193037},{""start"":1774665212216,""stop"":1774665216248},{""start"":1774665231179,""stop"":1774665234383},{""start"":1774665235163,""stop"":1774665235225}]}",0,"{""version"":1,""segments"":[]}",0,"{""version"":1,""segments"":[]}",1.5000000000000002,0,0,0,0,0,0,none,Shoot then stopped ,were good at intaking but struggled with shooting because of and indexing issue causing fuel to get jammed,focused on Intaking fuel and contesting it in the neutral zone,110,110,143,blue,0,0,None,None,None,0,None,None,None,1,10,0,0,1,None,1,0,28,110,72,0,0
2026orore_qm46,qm,1,46,frc2915,frc2898,frc3669,frc749,frc2915,frc2811,frc6465,blue,AH,middle3,0,0,0,0,"{""version"":1,""segments"":[]}",0,"{""version"":1,""segments"":[]}",,0,0,8.143,"{""version"":1,""segments"":[{""start"":1774665105806,""stop"":1774665106473},{""start"":1774665162820,""stop"":1774665164257},{""start"":1774665167339,""stop"":1774665167374},{""start"":1774665167466,""stop"":1774665169600},{""start"":1774665173948,""stop"":1774665175248},{""start"":1774665177568,""stop"":1774665177971},{""start"":1774665216458,""stop"":1774665218282},{""start"":1774665233556,""stop"":1774665233899}]}",5.107,"{""version"":1,""segments"":[{""start"":1774665150670,""stop"":1774665153054},{""start"":1774665198409,""stop"":1774665199484},{""start"":1774665199984,""stop"":1774665201632}]}",0,"{""version"":1,""segments"":[]}",0,,,,,,,,a stop,shooting into blue hub with low bps,ferried from nz,110,143,143,blue,0,0,None,None,None,0,None,None,None,1,5,0,0,2,None,4,0,19,143,119,0,0
2026orore_qm46,qm,1,46,frc2811,frc2898,frc3669,frc749,frc2915,frc2811,frc6465,blue,DS,depotWall1,0,0,0,5.596,"{""version"":1,""segments"":[{""start"":1774665072166,""stop"":1774665073635},{""start"":1774665079128,""stop"":1774665081895},{""start"":1774665088597,""stop"":1774665089957}]}",0,"{""version"":1,""segments"":[]}",Auto 2,0,0,33.207,"{""version"":1,""segments"":[{""start"":1774665106114,""stop"":1774665110291},{""start"":1774665110842,""stop"":1774665111770},{""start"":1774665115474,""stop"":1774665116773},{""start"":1774665117060,""stop"":1774665117833},{""start"":1774665118778,""stop"":1774665120858},{""start"":1774665121148,""stop"":1774665122109},{""start"":1774665125926,""stop"":1774665126873},{""start"":1774665152771,""stop"":1774665156568},{""start"":1774665157206,""stop"":1774665159473},{""start"":1774665161297,""stop"":1774665162177},{""start"":1774665162736,""stop"":1774665163572},{""start"":1774665173531,""stop"":1774665175379},{""start"":1774665205396,""stop"":1774665207773},{""start"":1774665208501,""stop"":1774665209331},{""start"":1774665218276,""stop"":1774665219179},{""start"":1774665219737,""stop"":1774665221887},{""start"":1774665222486,""stop"":1774665223746},{""start"":1774665227771,""stop"":1774665228832},{""start"":1774665229117,""stop"":1774665230490},{""start"":1774665230836,""stop"":1774665231788},{""start"":1774665234417,""stop"":1774665235185},{""start"":1774665235795,""stop"":1774665236535}]}",2.697,"{""version"":1,""segments"":[{""start"":1774665097429,""stop"":1774665097528},{""start"":1774665142897,""stop"":1774665143737},{""start"":1774665144478,""stop"":1774665146236}]}",0,"{""version"":1,""segments"":[]}",0,0,0,0,0,0,0,none,"did well, shot p reload and then intake from nz and shot",was shooting prettywell,ferrying and up against defense ,110,143,143,blue,0,0,None,None,None,0,None,None,None,1,5,0,0,2,None,4,0,19,143,119,0,0
2026orore_qm46,qm,1,46,frc6465,frc2898,frc3669,frc749,frc2915,frc2811,frc6465,blue,CW,outpostWall5,0,0,0,0,"{""version"":1,""segments"":[]}",0,"{""version"":1,""segments"":[]}",Other,0,0,2.13,"{""version"":1,""segments"":[{""start"":1774665166790,""stop"":1774665167894},{""start"":1774665183590,""stop"":1774665183659},{""start"":1774665184128,""stop"":1774665184377},{""start"":1774665218538,""stop"":1774665219246}]}",0,"{""version"":1,""segments"":[]}",0,"{""version"":1,""segments"":[]}",0,0,0,0,0,0,0,none,just sat on a end wall,terrible at avoiding defense didn't get many shots up because of that jammed intake with fuel they also was very inaccurate with shooting ,pushing fuel into own zone,110,143,143,blue,0,0,None,None,None,0,None,None,None,1,5,0,0,2,None,4,0,19,143,119,0,0
2026orore_qm47,qm,1,47,frc9600,frc9600,frc8032,frc9567,frc2990,frc3636,frc10444,red,Np,depotWall1,0,0,0,3.487,"{""version"":1,""segments"":[{""start"":1774665559948,""stop"":1774665561582},{""start"":1774665561782,""stop"":1774665561832},{""start"":1774665561982,""stop"":1774665562062},{""start"":1774665562181,""stop"":1774665563500},{""start"":1774665563674,""stop"":1774665564020},{""start"":1774665565111,""stop"":1774665565169}]}",0,"{""version"":1,""segments"":[]}",,0,69.20000000000034,8.042,"{""version"":1,""segments"":[{""start"":1774665581032,""stop"":1774665581329},{""start"":1774665581498,""stop"":1774665582037},{""start"":1774665582358,""stop"":1774665582756},{""start"":1774665584074,""stop"":1774665584197},{""start"":1774665608497,""stop"":1774665612648},{""start"":1774665617546,""stop"":1774665617858},{""start"":1774665630740,""stop"":1774665631335},{""start"":1774665633340,""stop"":1774665634967}]}",0,"{""version"":1,""segments"":[]}",0,"{""version"":1,""segments"":[]}",0,0,0,0,0,0,0,none,Decent auto with some fuel scored,we're good but broke down,brokedown,163,163,154,red,0,0,None,None,None,0,None,None,None,1,5,0,0,1,None,4,0,45,163,113,0,0
2026orore_qm47,qm,1,47,frc8032,frc9600,frc8032,frc9567,frc2990,frc3636,frc10444,red,PK,outpostWall5,0,0,0,5.121,"{""version"":1,""segments"":[{""start"":1774665559335,""stop"":1774665564456}]}",0,"{""version"":1,""segments"":[]}",Auto 1,0,0,23.945,"{""version"":1,""segments"":[{""start"":1774665612010,""stop"":1774665619157},{""start"":1774665619666,""stop"":1774665622834},{""start"":1774665681472,""stop"":1774665683465},{""start"":1774665687514,""stop"":1774665690927},{""start"":1774665697766,""stop"":1774665701345},{""start"":1774665706831,""stop"":1774665711476}]}",0,"{""version"":1,""segments"":[]}",0,"{""version"":1,""segments"":[]}",0,,,,,,,,"shoots well, collects a lot but really hesitates a lot, has the paths for it but waits around for nothing a lot","good shooting, able to get a good stream of balls when it gets going, very vulnerable to defense though and gets pushed around easily","shoots well, collects well, etc.",163,163,154,red,0,0,None,None,None,0,None,None,None,1,5,0,0,1,None,4,0,45,163,113,0,0
2026orore_qm47,qm,1,47,frc9567,frc9600,frc8032,frc9567,frc2990,frc3636,frc10444,red,HD,middle3,0,0,0,0,"{""version"":1,""segments"":[]}",0,"{""version"":1,""segments"":[]}",Auto 2,0,0,3.605,"{""version"":1,""segments"":[{""start"":1774665551622,""stop"":1774665554276},{""start"":1774665673941,""stop"":1774665674884},{""start"":1774665676329,""stop"":1774665676337}]}",1.29,"{""version"":1,""segments"":[{""start"":1774665658359,""stop"":1774665659272},{""start"":1774665696666,""stop"":1774665696719},{""start"":1774665697396,""stop"":1774665697720}]}",0,"{""version"":1,""segments"":[]}",0,0,0,1,0,0,0,1,Made 4,"Did not do much, struggled with intaking and shooting, had difficulty moving accurately. Were able to score little bit ",Tried to play defense but had issues with driving,163,163,154,red,0,0,None,None,None,0,None,None,None,1,5,0,0,1,None,4,0,45,163,113,0,0
2026orore_qm47,qm,1,47,frc2990,frc9600,frc8032,frc9567,frc2990,frc3636,frc10444,blue,AH,outpostWall5,0,0,0,4.811,"{""version"":1,""segments"":[{""start"":1774665557215,""stop"":1774665562026}]}",0,"{""version"":1,""segments"":[]}",Auto 1,0,0,31.979,"{""version"":1,""segments"":[{""start"":1774665578743,""stop"":1774665582360},{""start"":1774665590971,""stop"":1774665596132},{""start"":1774665601667,""stop"":1774665605478},{""start"":1774665633330,""stop"":1774665636169},{""start"":1774665644870,""stop"":1774665649960},{""start"":1774665656712,""stop"":1774665658506},{""start"":1774665684547,""stop"":1774665690113},{""start"":1774665706907,""stop"":1774665711008}]}",0,"{""version"":1,""segments"":[]}",0,"{""version"":1,""segments"":[]}",0,0,0,0,0,0,0,none,double swipe with lots of fuel entering the hub,fairly accurate shots,"never ferry fuel over during ia shifts, only push",163,154,154,red,0,0,None,None,None,0,None,None,None,1,5,0,0,1,None,1,0,31,154,118,0,0
2026orore_qm47,qm,1,47,frc3636,frc9600,frc8032,frc9567,frc2990,frc3636,frc10444,blue,DS,depotWall1,0,0,0,4.863,"{""version"":1,""segments"":[{""start"":1774665562549,""stop"":1774665567412}]}",0,"{""version"":1,""segments"":[]}",Auto 1,0,0,2.805,"{""version"":1,""segments"":[{""start"":1774665593927,""stop"":1774665596166},{""start"":1774665603237,""stop"":1774665603283},{""start"":1774665699277,""stop"":1774665699797}]}",0,"{""version"":1,""segments"":[]}",0,"{""version"":1,""segments"":[]}",0.4,0,0,0,0,0,0,4,went to nz and shot collected balls didn't miss many,played a lot of defense and failed to shoot ,same as active ,163,154,154,red,0,0,None,None,None,0,None,None,None,1,5,0,0,1,None,1,0,31,154,118,0,0
2026orore_qm47,qm,1,47,frc10444,frc9600,frc8032,frc9567,frc2990,frc3636,frc10444,blue,CW,noShow,0,0,0,0,"{""version"":1,""segments"":[]}",0,"{""version"":1,""segments"":[]}",,0,0,0,"{""version"":1,""segments"":[]}",0,"{""version"":1,""segments"":[]}",0,"{""version"":1,""segments"":[]}",0,0,0,0,0,0,0,none,,,,163,154,154,red,0,0,None,None,None,0,None,None,None,1,5,0,0,1,None,1,0,31,154,118,0,0
2026orore_qm48,qm,1,48,frc955,frc955,frc10991,frc5970,frc2733,frc4488,frc957,red,Np,outpostWall5,0,0,0,7.39,"{""version"":1,""segments"":[{""start"":1774666076374,""stop"":1774666080489},{""start"":1774666085938,""stop"":1774666089213}]}",0,"{""version"":1,""segments"":[]}",Auto 1,0,0,30.395,"{""version"":1,""segments"":[{""start"":1774666101088,""stop"":1774666101104},{""start"":1774666101694,""stop"":1774666104183},{""start"":1774666127551,""stop"":1774666134586},{""start"":1774666135970,""stop"":1774666139537},{""start"":1774666142680,""stop"":1774666143316},{""start"":1774666143505,""stop"":1774666147726},{""start"":1774666148563,""stop"":1774666150860},{""start"":1774666151269,""stop"":1774666154137},{""start"":1774666195144,""stop"":1774666198491},{""start"":1774666198691,""stop"":1774666199052},{""start"":1774666199464,""stop"":1774666199930},{""start"":1774666215146,""stop"":1774666217973},{""start"":1774666223601,""stop"":1774666223866}]}",6.791,"{""version"":1,""segments"":[{""start"":1774666118890,""stop"":1774666123347},{""start"":1774666218352,""stop"":1774666219759},{""start"":1774666219952,""stop"":1774666220499},{""start"":1774666220726,""stop"":1774666220891},{""start"":1774666221361,""stop"":1774666221437},{""start"":1774666221596,""stop"":1774666221664},{""start"":1774666221885,""stop"":1774666221956}]}",0,"{""version"":1,""segments"":[]}",0,0,0,0,0,0,0,none,Great auto with many fuel scored,amazing shooting very accurate,great ferrying and efficient,241,241,256,blue,0,0,None,None,None,0,None,None,None,1,10,0,0,1,None,1,0,48,241,183,0,0
2026orore_qm48,qm,1,48,frc10991,frc955,frc10991,frc5970,frc2733,frc4488,frc957,red,"AM
",depotWall1,1,0,0,1.917,"{""version"":1,""segments"":[{""start"":1774665882741,""stop"":1774665883567},{""start"":1774666076089,""stop"":1774666076239},{""start"":1774666076481,""stop"":1774666076566},{""start"":1774666078564,""stop"":1774666078906},{""start"":1774666088206,""stop"":1774666088720}]}",0,"{""version"":1,""segments"":[]}",Auto 1,0,0,19.069,"{""version"":1,""segments"":[{""start"":1774666131554,""stop"":1774666133206},{""start"":1774666134085,""stop"":1774666134978},{""start"":1774666144109,""stop"":1774666145770},{""start"":1774666152670,""stop"":1774666153628},{""start"":1774666154030,""stop"":1774666154587},{""start"":1774666182097,""stop"":1774666182653},{""start"":1774666183521,""stop"":1774666187227},{""start"":1774666196723,""stop"":1774666198219},{""start"":1774666207677,""stop"":1774666208200},{""start"":1774666208281,""stop"":1774666211078},{""start"":1774666223350,""stop"":1774666223416},{""start"":1774666223537,""stop"":1774666223615},{""start"":1774666231570,""stop"":1774666234965},{""start"":1774666238604,""stop"":1774666238682},{""start"":1774666238997,""stop"":1774666239073},{""start"":1774666239242,""stop"":1774666239292},{""start"":1774666239422,""stop"":1774666239493},{""start"":1774666239602,""stop"":1774666239681},{""start"":1774666239802,""stop"":1774666239874},{""start"":1774666240237,""stop"":1774666240312},{""start"":1774666240433,""stop"":1774666240500},{""start"":1774666240653,""stop"":1774666240699},{""start"":1774666240981,""stop"":1774666241040},{""start"":1774666241945,""stop"":1774666242003}]}",3.814,"{""version"":1,""segments"":[{""start"":1774666121406,""stop"":1774666122169},{""start"":1774666122830,""stop"":1774666123738},{""start"":1774666167490,""stop"":1774666168814},{""start"":1774666169162,""stop"":1774666169981}]}",0,"{""version"":1,""segments"":[]}",0,0,0,0,0,0,0,none,"Shot one load and intaked in nz decently, not much hopper capacity. ",Collected and shot their balls decently well. Couldn't hold that many balls so they didn't end up scoring much.,not that great at veryying with their shooter. Is pretty fast and can sweep balls well.,241,241,256,blue,0,0,None,None,None,0,None,None,None,1,10,0,0,1,None,1,0,48,241,183,0,0
2026orore_qm48,qm,1,48,frc5970,frc955,frc10991,frc5970,frc2733,frc4488,frc957,red,HD,middle3,0,0,0,0,"{""version"":1,""segments"":[]}",0,"{""version"":1,""segments"":[]}",Auto 1,0,0,0.918,"{""version"":1,""segments"":[{""start"":1774666100643,""stop"":1774666101561}]}",0,"{""version"":1,""segments"":[]}",0,"{""version"":1,""segments"":[]}",0,0,0,1,0,1,1,4,did nto shoot,played defense,"was able to be really effective at cloging up the trenches, disrupted scoring robots and made linups harder ",241,241,256,blue,0,0,None,None,None,0,None,None,None,1,10,0,0,1,None,1,0,48,241,183,0,0
2026orore_qm48,qm,1,48,frc2733,frc955,frc10991,frc5970,frc2733,frc4488,frc957,blue,AH,middle3,0,0,0,2.472,"{""version"":1,""segments"":[{""start"":1774666072225,""stop"":1774666073597},{""start"":1774666073880,""stop"":1774666074980}]}",0.353,"{""version"":1,""segments"":[{""start"":1774666124019,""stop"":1774666124043},{""start"":1774666124625,""stop"":1774666124725},{""start"":1774666125105,""stop"":1774666125334}]}",Auto 2,0,0,0,"{""version"":1,""segments"":[]}",0.394,"{""version"":1,""segments"":[{""start"":1774666244954,""stop"":1774666245023},{""start"":1774666245644,""stop"":1774666245743},{""start"":1774666246156,""stop"":1774666246382}]}",0,"{""version"":1,""segments"":[]}",0,0,0,1,0,1,0,2,"shot 4 fuel, low scoring auto",played defense in opposing alliance zone,played defense in opposing alliance zone,241,256,256,blue,0,0,None,None,None,0,None,None,None,1,5,0,0,2,None,4,0,42,256,209,0,0
2026orore_qm48,qm,1,48,frc4488,frc955,frc10991,frc5970,frc2733,frc4488,frc957,blue,SH,outpostWall5,0,0,0,1.205,"{""version"":1,""segments"":[{""start"":1774666078377,""stop"":1774666079135},{""start"":1774666079605,""stop"":1774666080052}]}",0,"{""version"":1,""segments"":[]}",Auto 1,0,0,12.682,"{""version"":1,""segments"":[{""start"":1774666109253,""stop"":1774666113568},{""start"":1774666121764,""stop"":1774666122522},{""start"":1774666123594,""stop"":1774666123654},{""start"":1774666171624,""stop"":1774666171836},{""start"":1774666176604,""stop"":1774666176640},{""start"":1774666204199,""stop"":1774666211500}]}",7.942,"{""version"":1,""segments"":[{""start"":1774666098728,""stop"":1774666099169},{""start"":1774666099285,""stop"":1774666099294},{""start"":1774666099488,""stop"":1774666100735},{""start"":1774666104145,""stop"":1774666104414},{""start"":1774666104765,""stop"":1774666104973},{""start"":1774666128241,""stop"":1774666128488},{""start"":1774666143966,""stop"":1774666146487},{""start"":1774666188127,""stop"":1774666191127}]}",0,"{""version"":1,""segments"":[]}",0,0,0,0,1,0,0,2,shot for a bit and then didn't move,shot and gathered fuel rapidly. Got rammed by other robots but kept moving,played some defense but ultimately did not do much. Rapidly grabbed fuel but got moved and shoved. ,241,256,256,blue,0,0,None,None,None,0,None,None,None,1,5,0,0,2,None,4,0,42,256,209,0,0
2026orore_qm48,qm,1,48,frc957,frc955,frc10991,frc5970,frc2733,frc4488,frc957,blue,,depotWall1,,,,,,,,,,,,,,,,,,,,,,,,,,,,241,256,256,blue,0,0,None,None,None,0,None,None,None,1,5,0,0,2,None,4,0,42,256,209,0,0
2026orore_qm49,qm,1,49,frc997,frc997,frc6696,frc2898,frc9430,frc4662,frc2930,red,Np,outpostWall5,0,0,0,5.465,"{""version"":1,""segments"":[{""start"":1774666495001,""stop"":1774666495219},{""start"":1774666566631,""stop"":1774666568088},{""start"":1774666568766,""stop"":1774666568846},{""start"":1774666569089,""stop"":1774666569254},{""start"":1774666569387,""stop"":1774666569514},{""start"":1774666569635,""stop"":1774666569714},{""start"":1774666569847,""stop"":1774666569872},{""start"":1774666569994,""stop"":1774666570045},{""start"":1774666570154,""stop"":1774666570193},{""start"":1774666570293,""stop"":1774666570345},{""start"":1774666570454,""stop"":1774666570506},{""start"":1774666570587,""stop"":1774666570665},{""start"":1774666570766,""stop"":1774666570825},{""start"":1774666570945,""stop"":1774666571013},{""start"":1774666571085,""stop"":1774666571173},{""start"":1774666571286,""stop"":1774666571331},{""start"":1774666571426,""stop"":1774666571492},{""start"":1774666571585,""stop"":1774666571644},{""start"":1774666571962,""stop"":1774666572052},{""start"":1774666576308,""stop"":1774666578875}]}",0,"{""version"":1,""segments"":[]}",Auto 1,0,0,29.747,"{""version"":1,""segments"":[{""start"":1774666586314,""stop"":1774666587859},{""start"":1774666595002,""stop"":1774666596487},{""start"":1774666596662,""stop"":1774666597806},{""start"":1774666610328,""stop"":1774666616502},{""start"":1774666643856,""stop"":1774666648693},{""start"":1774666651968,""stop"":1774666652920},{""start"":1774666653924,""stop"":1774666654263},{""start"":1774666662375,""stop"":1774666666839},{""start"":1774666694751,""stop"":1774666701201},{""start"":1774666720547,""stop"":1774666722904}]}",0,"{""version"":1,""segments"":[]}",0,"{""version"":1,""segments"":[]}",0,0,0,0,0,0,0,none,great at auto with many fuel scored,they played great against defense and scored a ton,they swept fuel into their own zone,338,338,172,red,0,0,None,None,None,0,None,None,None,1,0,0,0,1,None,4,0,54,338,284,0,0
2026orore_qm49,qm,1,49,frc6696,frc997,frc6696,frc2898,frc9430,frc4662,frc2930,red,PK,depotWall1,0,0,0,10.421,"{""version"":1,""segments"":[{""start"":1774666565822,""stop"":1774666570552},{""start"":1774666574312,""stop"":1774666580003}]}",0,"{""version"":1,""segments"":[]}",Other,0,0,58.003,"{""version"":1,""segments"":[{""start"":1774666595503,""stop"":1774666599442},{""start"":1774666600155,""stop"":1774666612678},{""start"":1774666613766,""stop"":1774666614291},{""start"":1774666616159,""stop"":1774666618489},{""start"":1774666643018,""stop"":1774666654302},{""start"":1774666655200,""stop"":1774666657911},{""start"":1774666658290,""stop"":1774666659879},{""start"":1774666662935,""stop"":1774666667607},{""start"":1774666683425,""stop"":1774666684442},{""start"":1774666688635,""stop"":1774666688810},{""start"":1774666695199,""stop"":1774666711346},{""start"":1774666722540,""stop"":1774666723631}]}",11.782,"{""version"":1,""segments"":[{""start"":1774666588929,""stop"":1774666591518},{""start"":1774666636607,""stop"":1774666639112},{""start"":1774666671014,""stop"":1774666672639},{""start"":1774666674426,""stop"":1774666675441},{""start"":1774666676818,""stop"":1774666677240},{""start"":1774666680175,""stop"":1774666682526},{""start"":1774666685937,""stop"":1774666686519},{""start"":1774666689097,""stop"":1774666689790}]}",0,"{""version"":1,""segments"":[]}",0,,,,,,,,"really fast bot, double swipe auto","really fast shooter, puts up large amounts of balls pretty quickly. should pick, lots of shots are long but doesn't really matter because they put up so many","collects well, went to opponent zone and grabbed some there, needs a more decisive drive team tho, kept jumping from one thing to another randomly without focusing on just collect from nz for example",338,338,172,red,0,0,None,None,None,0,None,None,None,1,0,0,0,1,None,4,0,54,338,284,0,0
2026orore_qm49,qm,1,49,frc2898,frc997,frc6696,frc2898,frc9430,frc4662,frc2930,red,HD,middle3,0,0,0,0.675,"{""version"":1,""segments"":[{""start"":1774666563462,""stop"":1774666564137}]}",0,"{""version"":1,""segments"":[]}",Auto 2,0,0,0,"{""version"":1,""segments"":[]}",0,"{""version"":1,""segments"":[]}",0,"{""version"":1,""segments"":[]}",0,0,0,1,0,1,1,3,shot a couple fuel,stayed on defense messed with other alliance ferrying,"made it harder for other alliance to shoot and collect, mildly interfered with all robots and di good solo D",338,338,172,red,0,0,None,None,None,0,None,None,None,1,0,0,0,1,None,4,0,54,338,284,0,0
2026orore_qm49,qm,1,49,frc9430,frc997,frc6696,frc2898,frc9430,frc4662,frc2930,blue,"AM
",depotWall1,0,0,0,5.971,"{""version"":1,""segments"":[{""start"":1774666562969,""stop"":1774666566553},{""start"":1774666578398,""stop"":1774666578974},{""start"":1774666579069,""stop"":1774666580880}]}",0,"{""version"":1,""segments"":[]}",Other,0,0,14.191,"{""version"":1,""segments"":[{""start"":1774666612577,""stop"":1774666614024},{""start"":1774666627745,""stop"":1774666629465},{""start"":1774666643814,""stop"":1774666643873},{""start"":1774666644065,""stop"":1774666645007},{""start"":1774666649992,""stop"":1774666650357},{""start"":1774666666679,""stop"":1774666671082},{""start"":1774666676831,""stop"":1774666677381},{""start"":1774666679035,""stop"":1774666680847},{""start"":1774666688934,""stop"":1774666691827}]}",6.802,"{""version"":1,""segments"":[{""start"":1774666595890,""stop"":1774666596756},{""start"":1774666597519,""stop"":1774666598247},{""start"":1774666650757,""stop"":1774666652165},{""start"":1774666658979,""stop"":1774666661124},{""start"":1774666696834,""stop"":1774666697520},{""start"":1774666697920,""stop"":1774666698889}]}",0,"{""version"":1,""segments"":[]}",0,0,0,0,0,0,0,none,"Pretty good intki by and shooting
","Wasn't very good against the defense, but was able to shoo gas and score.
","Ferried pretty well and fast.
",338,172,172,red,0,0,None,None,None,0,None,None,None,1,5,0,0,0,None,1,0,64,172,103,0,0
2026orore_qm49,qm,1,49,frc4662,frc997,frc6696,frc2898,frc9430,frc4662,frc2930,blue,SH,middle3,0,0,0,0,"{""version"":1,""segments"":[]}",0,"{""version"":1,""segments"":[]}",Other,0,0,0,"{""version"":1,""segments"":[]}",0,"{""version"":1,""segments"":[]}",2.145,"{""version"":1,""segments"":[{""start"":1774666588336,""stop"":1774666589123},{""start"":1774666589154,""stop"":1774666589243},{""start"":1774666603809,""stop"":1774666605078}]}",0,0,0,1,0,1,1,3,did not move ,wandered around attempting to gain intake but failed. Also hut the other robots a lot,Same as active ,338,172,172,red,0,0,None,None,None,0,None,None,None,1,5,0,0,0,None,1,0,64,172,103,0,0
2026orore_qm49,qm,1,49,frc2930,frc997,frc6696,frc2898,frc9430,frc4662,frc2930,blue,MC,outpostWall5,0,0,0,0,"{""version"":1,""segments"":[]}",0,"{""version"":1,""segments"":[]}",,0,0,0,"{""version"":1,""segments"":[]}",0,"{""version"":1,""segments"":[]}",0,"{""version"":1,""segments"":[]}",0,0,0,0,0,0,0,none,,"has weird intake that is double but tbh sucks
Doesn't put too many balls in but seems to be a problem of the intake and not the shooter
Idk they are not amazing","sorry I didn't scout the actual balls mb, just saw them at the end",338,172,172,red,0,0,None,None,None,0,None,None,None,1,5,0,0,0,None,1,0,64,172,103,0,0
2026orore_qm5,qm,1,5,frc5975,frc5975,frc749,frc997,frc955,frc2471,frc10444,red,LH,middle3,0,0,0,0,"{""version"":1,""segments"":[]}",0,"{""version"":1,""segments"":[]}",Other,0,0,0,"{""version"":1,""segments"":[]}",0,"{""version"":1,""segments"":[]}",0,"{""version"":1,""segments"":[]}",0,0,0,0,0,1,1,2,Did nothing ,"played defense bc intake appeared to not work, defense was not great, they attempted to disrupt accuracy but were mostly unsuccessful ","Attempted climb but was unsuccessful, pushed fuel to their zone, continued defense as said above ",186,186,370,blue,0,0,None,None,None,0,None,None,None,1,25,0,0,0,None,1,0,15,186,146,0,0
2026orore_qm5,qm,1,5,frc749,frc5975,frc749,frc997,frc955,frc2471,frc10444,red,HD,depot2,0,0,0,1.74,"{""version"":1,""segments"":[{""start"":1774637491622,""stop"":1774637492303},{""start"":1774637492933,""stop"":1774637493992}]}",0,"{""version"":1,""segments"":[]}",Auto 1,0,0,15.745,"{""version"":1,""segments"":[{""start"":1774637532016,""stop"":1774637532068},{""start"":1774637534844,""stop"":1774637538506},{""start"":1774637540902,""stop"":1774637547349},{""start"":1774637593043,""stop"":1774637597382},{""start"":1774637639447,""stop"":1774637640692}]}",0,"{""version"":1,""segments"":[]}",1.224,"{""version"":1,""segments"":[{""start"":1774637558159,""stop"":1774637559383}]}",2.2000000000000006,0,0,0,0,0,0,none,shoot a little bit then stopped ,"had a decent intake and a large hopper but they had slow shooting, slow driving and were not effective half their shift","focused on collecting fuel, did not play defense, ferried with the bumper a little bit",186,186,370,blue,0,0,None,None,None,0,None,None,None,1,25,0,0,0,None,1,0,15,186,146,0,0
2026orore_qm5,qm,1,5,frc997,frc5975,frc749,frc997,frc955,frc2471,frc10444,red,np,outpostWall5,0,0,0,3.433,"{""version"":1,""segments"":[{""start"":1774637498176,""stop"":1774637498315},{""start"":1774637498416,""stop"":1774637501453},{""start"":1774637511546,""stop"":1774637511803}]}",0,"{""version"":1,""segments"":[]}",Auto 1,0,0,26.727,"{""version"":1,""segments"":[{""start"":1774637522499,""stop"":1774637525861},{""start"":1774637540275,""stop"":1774637544396},{""start"":1774637549206,""stop"":1774637551170},{""start"":1774637574645,""stop"":1774637578528},{""start"":1774637587497,""stop"":1774637590220},{""start"":1774637591332,""stop"":1774637592753},{""start"":1774637593591,""stop"":1774637593707},{""start"":1774637595911,""stop"":1774637597179},{""start"":1774637625633,""stop"":1774637626946},{""start"":1774637627674,""stop"":1774637629865},{""start"":1774637630274,""stop"":1774637630974},{""start"":1774637631160,""stop"":1774637631706},{""start"":1774637631874,""stop"":1774637632143},{""start"":1774637632353,""stop"":1774637632493},{""start"":1774637632779,""stop"":1774637632892},{""start"":1774637633098,""stop"":1774637633122},{""start"":1774637633652,""stop"":1774637633941},{""start"":1774637634072,""stop"":1774637634181},{""start"":1774637634378,""stop"":1774637634379},{""start"":1774637634651,""stop"":1774637634730},{""start"":1774637634903,""stop"":1774637634969},{""start"":1774637635123,""stop"":1774637635220},{""start"":1774637635351,""stop"":1774637635450},{""start"":1774637635737,""stop"":1774637635820},{""start"":1774637636107,""stop"":1774637636209},{""start"":1774637636498,""stop"":1774637636581},{""start"":1774637653537,""stop"":1774637655102}]}",0,"{""version"":1,""segments"":[]}",0,"{""version"":1,""segments"":[]}",0,0,0,1,0,0,1,2,great auto with a substantial amount of fuel scored,their shots were great and they scored efficiently,wasn't sure if they were tryna play defense but if they were it wasn't great,186,186,370,blue,0,0,None,None,None,0,None,None,None,1,25,0,0,0,None,1,0,15,186,146,0,0
2026orore_qm5,qm,1,5,frc955,frc5975,frc749,frc997,frc955,frc2471,frc10444,blue,SK,depotWall1,1,0,0,5.231,"{""version"":1,""segments"":[{""start"":1774637501960,""stop"":1774637504279},{""start"":1774637506614,""stop"":1774637509526}]}",0,"{""version"":1,""segments"":[]}",,0,0,24.383,"{""version"":1,""segments"":[{""start"":1774637520483,""stop"":1774637523913},{""start"":1774637548332,""stop"":1774637550201},{""start"":1774637556931,""stop"":1774637557598},{""start"":1774637557867,""stop"":1774637558195},{""start"":1774637558748,""stop"":1774637559125},{""start"":1774637560128,""stop"":1774637560276},{""start"":1774637567829,""stop"":1774637568647},{""start"":1774637569208,""stop"":1774637569654},{""start"":1774637596954,""stop"":1774637596989},{""start"":1774637597041,""stop"":1774637598071},{""start"":1774637604553,""stop"":1774637605627},{""start"":1774637605820,""stop"":1774637606709},{""start"":1774637607063,""stop"":1774637607121},{""start"":1774637608537,""stop"":1774637608704},{""start"":1774637610535,""stop"":1774637610601},{""start"":1774637627174,""stop"":1774637627740},{""start"":1774637627950,""stop"":1774637628700},{""start"":1774637629855,""stop"":1774637629894},{""start"":1774637630004,""stop"":1774637630285},{""start"":1774637633586,""stop"":1774637633655},{""start"":1774637633885,""stop"":1774637634584},{""start"":1774637634834,""stop"":1774637637654},{""start"":1774637638315,""stop"":1774637638734},{""start"":1774637641056,""stop"":1774637642029},{""start"":1774637643013,""stop"":1774637643566},{""start"":1774637645187,""stop"":1774637645836},{""start"":1774637647940,""stop"":1774637648219},{""start"":1774637648662,""stop"":1774637649845},{""start"":1774637650667,""stop"":1774637651012},{""start"":1774637651096,""stop"":1774637651144},{""start"":1774637651928,""stop"":1774637652044},{""start"":1774637652495,""stop"":1774637652656},{""start"":1774637653194,""stop"":1774637653993},{""start"":1774637654999,""stop"":1774637656713},{""start"":1774637657104,""stop"":1774637657513},{""start"":1774637657863,""stop"":1774637657972}]}",1.574,"{""version"":1,""segments"":[{""start"":1774637583213,""stop"":1774637584787}]}",0,"{""version"":1,""segments"":[]}",0,0,0,0,0,0,0,none,Auto was very fast and very good.,they shot lots of balls and were very reliable,"went to collect balls and were very successful 
",186,370,370,blue,0,0,None,None,None,0,None,None,None,1,0,0,1,2,None,5,1,92,370,278,0,0
2026orore_qm5,qm,1,5,frc2471,frc5975,frc749,frc997,frc955,frc2471,frc10444,blue,SH,outpostWall5,0,0,0,3.614,"{""version"":1,""segments"":[{""start"":1774637495260,""stop"":1774637495528},{""start"":1774637496898,""stop"":1774637500244}]}",3.005,"{""version"":1,""segments"":[{""start"":1774637495679,""stop"":1774637496737},{""start"":1774637502033,""stop"":1774637503980}]}",Auto 1,0,0,24.414,"{""version"":1,""segments"":[{""start"":1774637516544,""stop"":1774637519290},{""start"":1774637519629,""stop"":1774637520261},{""start"":1774637550305,""stop"":1774637569517},{""start"":1774637614788,""stop"":1774637616161},{""start"":1774637616587,""stop"":1774637617038}]}",27.74,"{""version"":1,""segments"":[{""start"":1774637523188,""stop"":1774637538276},{""start"":1774637539184,""stop"":1774637540675},{""start"":1774637544443,""stop"":1774637549920},{""start"":1774637585972,""stop"":1774637586175},{""start"":1774637586245,""stop"":1774637590012},{""start"":1774637591616,""stop"":1774637592344},{""start"":1774637607856,""stop"":1774637607957},{""start"":1774637608415,""stop"":1774637608809},{""start"":1774637613649,""stop"":1774637614121},{""start"":1774637614468,""stop"":1774637614487}]}",0,"{""version"":1,""segments"":[]}",0,0,0,0,0,0,0,none,immediately started shooting and gathering intake,ran to get fuel and shot for most of the time. Did not affiliate with the other teams. ,Ran to the neutral zone and part of the opponents zone and shot intake back to the blue side. Absolutely 0 defense. ,186,370,370,blue,0,0,None,None,None,0,None,None,None,1,0,0,1,2,None,5,1,92,370,278,0,0
2026orore_qm5,qm,1,5,frc10444,frc5975,frc749,frc997,frc955,frc2471,frc10444,blue,ES,middle3,0,0,0,0,"{""version"":1,""segments"":[]}",0,"{""version"":1,""segments"":[]}",Auto 1,0,0,0,"{""version"":1,""segments"":[]}",0,"{""version"":1,""segments"":[]}",0,"{""version"":1,""segments"":[]}",0,0,0,0,0,0,0,none,none,smashed into bump and Broke spent entire match not doing much,no ferrying,186,370,370,blue,0,0,None,None,None,0,None,None,None,1,0,0,1,2,None,5,1,92,370,278,0,0
2026orore_qm50,qm,1,50,frc2550,frc2550,frc3636,frc2557,frc2811,frc749,frc2990,red,np,middle3,0,0,0,1.228,"{""version"":1,""segments"":[{""start"":1774667198506,""stop"":1774667199734}]}",0,"{""version"":1,""segments"":[]}",,0,0,12.648,"{""version"":1,""segments"":[{""start"":1774667249320,""stop"":1774667250763},{""start"":1774667251372,""stop"":1774667251732},{""start"":1774667285137,""stop"":1774667290130},{""start"":1774667337157,""stop"":1774667338096},{""start"":1774667339937,""stop"":1774667340769},{""start"":1774667341147,""stop"":1774667342499},{""start"":1774667342993,""stop"":1774667343610},{""start"":1774667343844,""stop"":1774667344107},{""start"":1774667345424,""stop"":1774667345557},{""start"":1774667353699,""stop"":1774667355055},{""start"":1774667356083,""stop"":1774667356320},{""start"":1774667356818,""stop"":1774667356941}]}",0.689,"{""version"":1,""segments"":[{""start"":1774667311899,""stop"":1774667311974},{""start"":1774667312730,""stop"":1774667313344}]}",2.609,"{""version"":1,""segments"":[{""start"":1774667316484,""stop"":1774667317732},{""start"":1774667318838,""stop"":1774667319823},{""start"":1774667320629,""stop"":1774667321005}]}",0,10,0,0,0,0,0,none,"expelled fuel but didn't really ""shoot""",shot decently,ferried pretty well from opponent zone,126,126,209,blue,0,0,None,None,None,10,Level1,None,None,1,5,0,0,2,None,1,0,24,126,97,10,0
2026orore_qm50,qm,1,50,frc3636,frc2550,frc3636,frc2557,frc2811,frc749,frc2990,red,PK,depotWall1,1,0,0,2.679,"{""version"":1,""segments"":[{""start"":1774667213367,""stop"":1774667216046}]}",0,"{""version"":1,""segments"":[]}",Auto 1,0,0,7.144,"{""version"":1,""segments"":[{""start"":1774667225425,""stop"":1774667228489},{""start"":1774667295889,""stop"":1774667297092},{""start"":1774667300267,""stop"":1774667301101},{""start"":1774667302703,""stop"":1774667303501},{""start"":1774667304369,""stop"":1774667304671},{""start"":1774667354845,""stop"":1774667355788}]}",5.316,"{""version"":1,""segments"":[{""start"":1774667246354,""stop"":1774667249395},{""start"":1774667308895,""stop"":1774667309747},{""start"":1774667337957,""stop"":1774667339380}]}",1.174,"{""version"":1,""segments"":[{""start"":1774667340387,""stop"":1774667341561}]}",0,0,0,1,0,1,1,5,collected balls but wasnt able to shoot well,"issues with their shooter, all of their shots were really really long, going all over the place including in ferry. Brilliant defense, but intake was slow and missed all their shots",played really good defense on 2990 and slowed them down significantly,126,126,209,blue,0,0,None,None,None,10,Level1,None,None,1,5,0,0,2,None,1,0,24,126,97,10,0
2026orore_qm50,qm,1,50,frc2557,frc2550,frc3636,frc2557,frc2811,frc749,frc2990,red,HD,outpostWall5,0,0,0,2.716,"{""version"":1,""segments"":[{""start"":1774667199412,""stop"":1774667199919},{""start"":1774667208554,""stop"":1774667209525},{""start"":1774667220718,""stop"":1774667221515},{""start"":1774667224925,""stop"":1774667225366}]}",0,"{""version"":1,""segments"":[]}",Auto 2,0,0,14.453,"{""version"":1,""segments"":[{""start"":1774667227250,""stop"":1774667228642},{""start"":1774667229381,""stop"":1774667229504},{""start"":1774667237663,""stop"":1774667239676},{""start"":1774667249268,""stop"":1774667250218},{""start"":1774667256470,""stop"":1774667256694},{""start"":1774667258209,""stop"":1774667258303},{""start"":1774667283319,""stop"":1774667284654},{""start"":1774667291053,""stop"":1774667292277},{""start"":1774667300796,""stop"":1774667301817},{""start"":1774667303281,""stop"":1774667303569},{""start"":1774667308428,""stop"":1774667308645},{""start"":1774667343478,""stop"":1774667347489},{""start"":1774667355189,""stop"":1774667356222},{""start"":1774667362370,""stop"":1774667362898}]}",3.487,"{""version"":1,""segments"":[{""start"":1774667316222,""stop"":1774667319709}]}",0,"{""version"":1,""segments"":[]}",0,0,0,0,0,0,0,none,got off their full auto,were able to shoot fast and clear out their hopper quickly. Had a small hopper and struggled intaking which reduced it's output,"ferried with bumper by moving fuel around, other wise focused on filling up their hoppe",126,126,209,blue,0,0,None,None,None,10,Level1,None,None,1,5,0,0,2,None,1,0,24,126,97,10,0
2026orore_qm50,qm,1,50,frc2811,frc2550,frc3636,frc2557,frc2811,frc749,frc2990,blue,DS,depotWall1,0,0,0,3.673,"{""version"":1,""segments"":[{""start"":1774667212729,""stop"":1774667215976},{""start"":1774667216821,""stop"":1774667217247}]}",0,"{""version"":1,""segments"":[]}",Auto 2,0,0,18.235,"{""version"":1,""segments"":[{""start"":1774667229420,""stop"":1774667229604},{""start"":1774667263607,""stop"":1774667265904},{""start"":1774667271876,""stop"":1774667273975},{""start"":1774667275467,""stop"":1774667275504},{""start"":1774667277680,""stop"":1774667278010},{""start"":1774667293030,""stop"":1774667293054},{""start"":1774667311580,""stop"":1774667311948},{""start"":1774667312508,""stop"":1774667312951},{""start"":1774667313330,""stop"":1774667314089},{""start"":1774667314829,""stop"":1774667315265},{""start"":1774667315516,""stop"":1774667317387},{""start"":1774667325907,""stop"":1774667327694},{""start"":1774667329185,""stop"":1774667329917},{""start"":1774667343589,""stop"":1774667349225},{""start"":1774667349596,""stop"":1774667350005},{""start"":1774667360002,""stop"":1774667360825}]}",10.144,"{""version"":1,""segments"":[{""start"":1774667232515,""stop"":1774667239228},{""start"":1774667250848,""stop"":1774667254279}]}",0,"{""version"":1,""segments"":[]}",0,0,0,0,0,0,0,none,Drove slowly but then scores and intake in the nz then shoot collected balls into the hub,worked to collect full hopper and shoot close to the hub to fight again defense,worked on ferrrying from from nz,126,209,209,blue,0,0,None,None,None,0,None,None,None,1,10,0,0,1,None,4,0,57,209,142,0,0
2026orore_qm50,qm,1,50,frc749,frc2550,frc3636,frc2557,frc2811,frc749,frc2990,blue,SH & MV,middle3,0,0,0,0.588,"{""version"":1,""segments"":[{""start"":1774667264653,""stop"":1774667265241}]}",0,"{""version"":1,""segments"":[]}",Other,0,0,2.357,"{""version"":1,""segments"":[{""start"":1774667266554,""stop"":1774667268911}]}",6.515,"{""version"":1,""segments"":[{""start"":1774667294964,""stop"":1774667295046},{""start"":1774667295283,""stop"":1774667295372},{""start"":1774667295443,""stop"":1774667295532},{""start"":1774667295643,""stop"":1774667295691},{""start"":1774667295803,""stop"":1774667295850},{""start"":1774667295950,""stop"":1774667295991},{""start"":1774667296103,""stop"":1774667296149},{""start"":1774667296263,""stop"":1774667296281},{""start"":1774667299968,""stop"":1774667304735},{""start"":1774667343292,""stop"":1774667343560},{""start"":1774667343672,""stop"":1774667344692}]}",0,"{""version"":1,""segments"":[]}",0,0,0,0,1,0,0,1,didn't move,collected intake and shot. No defense but got body slammed a lot. ,got slammed a lot and tried to gather fuel but didnt get much. ,126,209,209,blue,0,0,None,None,None,0,None,None,None,1,10,0,0,1,None,4,0,57,209,142,0,0
2026orore_qm50,qm,1,50,frc2990,frc2550,frc3636,frc2557,frc2811,frc749,frc2990,blue,MC,outpostWall5,1,0,0,5.798,"{""version"":1,""segments"":[{""start"":1774667206180,""stop"":1774667211978}]}",0,"{""version"":1,""segments"":[]}",,0,0,13.269,"{""version"":1,""segments"":[{""start"":1774667228105,""stop"":1774667231673},{""start"":1774667263980,""stop"":1774667265477},{""start"":1774667276760,""stop"":1774667278149},{""start"":1774667304589,""stop"":1774667307593},{""start"":1774667322700,""stop"":1774667323475},{""start"":1774667327159,""stop"":1774667329033},{""start"":1774667344040,""stop"":1774667345202}]}",0.973,"{""version"":1,""segments"":[{""start"":1774667260829,""stop"":1774667261802}]}",0,"{""version"":1,""segments"":[]}",0,0,0,0,0,0,0,none,"Decent side auto, but not what we are looking for in elims","got heavily defended by generals, seemed like only kinda accurate and kinda fast. 
Seemed to like giving some balls to human player",Didn't ferry at all but did shove some under so idk,126,209,209,blue,0,0,None,None,None,0,None,None,None,1,10,0,0,1,None,4,0,57,209,142,0,0
2026orore_qm51,qm,1,51,frc2635,frc2635,frc6465,frc8032,frc1540,frc3669,frc4915,red,np,depot2,0,0,0,1.733,"{""version"":1,""segments"":[{""start"":1774667674515,""stop"":1774667675515},{""start"":1774667676617,""stop"":1774667677350}]}",0,"{""version"":1,""segments"":[]}",Auto 1,0,0,18.082,"{""version"":1,""segments"":[{""start"":1774667704974,""stop"":1774667714209},{""start"":1774667747027,""stop"":1774667749037},{""start"":1774667749329,""stop"":1774667750946},{""start"":1774667752281,""stop"":1774667752918},{""start"":1774667767657,""stop"":1774667768238},{""start"":1774667768548,""stop"":1774667769038},{""start"":1774667769488,""stop"":1774667769847},{""start"":1774667801814,""stop"":1774667804027},{""start"":1774667804682,""stop"":1774667805121},{""start"":1774667805665,""stop"":1774667805739},{""start"":1774667806151,""stop"":1774667806578}]}",0,"{""version"":1,""segments"":[]}",0,"{""version"":1,""segments"":[]}",0,0,0,0,0,0,0,none,mid ah auto,mid ah shots,swept fuel in a mid way,226,226,463,blue,0,0,None,None,None,0,None,None,None,1,20,0,0,2,None,1,0,44,226,162,0,0
2026orore_qm51,qm,1,51,frc6465,frc2635,frc6465,frc8032,frc1540,frc3669,frc4915,red,PK,middle3,0,0,0,0,"{""version"":1,""segments"":[]}",0,"{""version"":1,""segments"":[]}",Other,0,0,24.557,"{""version"":1,""segments"":[{""start"":1774667696667,""stop"":1774667704005},{""start"":1774667714006,""stop"":1774667714961},{""start"":1774667754287,""stop"":1774667754490},{""start"":1774667757294,""stop"":1774667761905},{""start"":1774667762713,""stop"":1774667763576},{""start"":1774667790059,""stop"":1774667790195},{""start"":1774667793541,""stop"":1774667803992}]}",0,"{""version"":1,""segments"":[]}",0,"{""version"":1,""segments"":[]}",0,,,,,,,,Did nothing,"slow robot, not a lot of functionality, shoots somewhat accurately but intake is not very good and was not able to collect that many balls, good robot otherwise","ran around collecting but seemed a little lost, didnt have much idea what to do",226,226,463,blue,0,0,None,None,None,0,None,None,None,1,20,0,0,2,None,1,0,44,226,162,0,0
2026orore_qm51,qm,1,51,frc8032,frc2635,frc6465,frc8032,frc1540,frc3669,frc4915,red,HD,outpostWall5,0,0,0,3.47,"{""version"":1,""segments"":[{""start"":1774667666650,""stop"":1774667670063},{""start"":1774667673024,""stop"":1774667673048},{""start"":1774667674728,""stop"":1774667674761}]}",0,"{""version"":1,""segments"":[]}",Auto 1,0,0,17.497,"{""version"":1,""segments"":[{""start"":1774667701309,""stop"":1774667703621},{""start"":1774667742948,""stop"":1774667748465},{""start"":1774667793994,""stop"":1774667799465},{""start"":1774667813258,""stop"":1774667816471},{""start"":1774667819883,""stop"":1774667820867}]}",0,"{""version"":1,""segments"":[]}",1.422,"{""version"":1,""segments"":[{""start"":1774667729351,""stop"":1774667730773}]}",0,0,0,1,0,1,0,3,Only go one pass,Was able to shoot fast and intake well,focused on ferrying but stole fuel and defended the opposing side while doing i,226,226,463,blue,0,0,None,None,None,0,None,None,None,1,20,0,0,2,None,1,0,44,226,162,0,0
2026orore_qm51,qm,1,51,frc1540,frc2635,frc6465,frc8032,frc1540,frc3669,frc4915,blue,DS,depotWall1,0,0,0,10.168,"{""version"":1,""segments"":[{""start"":1774667661794,""stop"":1774667665891},{""start"":1774667670911,""stop"":1774667676982}]}",0,"{""version"":1,""segments"":[]}",Auto 1,0,0,69.1,"{""version"":1,""segments"":[{""start"":1774667686215,""stop"":1774667691160},{""start"":1774667719327,""stop"":1774667742016},{""start"":1774667766740,""stop"":1774667789913},{""start"":1774667792615,""stop"":1774667793242},{""start"":1774667795415,""stop"":1774667795554},{""start"":1774667798074,""stop"":1774667802903},{""start"":1774667803876,""stop"":1774667810731},{""start"":1774667811271,""stop"":1774667817114}]}",35.762,"{""version"":1,""segments"":[{""start"":1774667694598,""stop"":1774667707565},{""start"":1774667710027,""stop"":1774667710417},{""start"":1774667710806,""stop"":1774667712683},{""start"":1774667743895,""stop"":1774667761150},{""start"":1774667761450,""stop"":1774667761487},{""start"":1774667761562,""stop"":1774667761730},{""start"":1774667762159,""stop"":1774667765227}]}",0,"{""version"":1,""segments"":[]}",0,0,0,0,0,0,0,none,Really good intake from nz twice and shot balls fast and accurately,collected and shot on the move,ferrrying from nz,226,463,463,blue,0,0,None,None,None,0,None,None,None,1,10,0,1,1,None,5,1,85,463,368,0,0
2026orore_qm51,qm,1,51,frc3669,frc2635,frc6465,frc8032,frc1540,frc3669,frc4915,blue,SH,depot2,0,0,0,0,"{""version"":1,""segments"":[]}",0,"{""version"":1,""segments"":[]}",Other,0,0,0,"{""version"":1,""segments"":[]}",6.474,"{""version"":1,""segments"":[{""start"":1774667689245,""stop"":1774667689492},{""start"":1774667690004,""stop"":1774667693668},{""start"":1774667729416,""stop"":1774667729964},{""start"":1774667739820,""stop"":1774667740137},{""start"":1774667792248,""stop"":1774667793946}]}",0,"{""version"":1,""segments"":[]}",3.600000000000002,0,0,0,0,0,0,none,moved to the right and then stopped,got beached and barely moved ,got shoved and gathered some intake. But didn't use it to shoot. ,226,463,463,blue,0,0,None,None,None,0,None,None,None,1,10,0,1,1,None,5,1,85,463,368,0,0
2026orore_qm51,qm,1,51,frc4915,frc2635,frc6465,frc8032,frc1540,frc3669,frc4915,blue,MC,outpostWall5,0,0,0,4.204,"{""version"":1,""segments"":[{""start"":1774667663087,""stop"":1774667665635},{""start"":1774667672727,""stop"":1774667674383}]}",0,"{""version"":1,""segments"":[]}",,0,0,33.955,"{""version"":1,""segments"":[{""start"":1774667687330,""stop"":1774667689066},{""start"":1774667716808,""stop"":1774667718326},{""start"":1774667719007,""stop"":1774667719227},{""start"":1774667719840,""stop"":1774667721576},{""start"":1774667723149,""stop"":1774667728768},{""start"":1774667730034,""stop"":1774667734643},{""start"":1774667737821,""stop"":1774667740082},{""start"":1774667767473,""stop"":1774667777135},{""start"":1774667779212,""stop"":1774667779877},{""start"":1774667781372,""stop"":1774667782028},{""start"":1774667788485,""stop"":1774667789537},{""start"":1774667814422,""stop"":1774667818367},{""start"":1774667822070,""stop"":1774667822346}]}",5.637,"{""version"":1,""segments"":[{""start"":1774667698119,""stop"":1774667698982},{""start"":1774667699991,""stop"":1774667700478},{""start"":1774667702586,""stop"":1774667703510},{""start"":1774667705896,""stop"":1774667706789},{""start"":1774667708204,""stop"":1774667708344},{""start"":1774667708689,""stop"":1774667709484},{""start"":1774667709740,""stop"":1774667710613},{""start"":1774667711384,""stop"":1774667712046}]}",0,"{""version"":1,""segments"":[]}",0,,,,,,,,"obv very good, idk kinda a normal double swipe","has shoot on the move, very good and fast but not the most accurate whe moving","normal, ferrying and collecting things",226,463,463,blue,0,0,None,None,None,0,None,None,None,1,10,0,1,1,None,5,1,85,463,368,0,0
2026orore_qm52,qm,1,52,frc6831,frc6831,frc3674,frc2915,frc2521,frc1359,frc9600,red,np,middle3,0,0,0,4.265,"{""version"":1,""segments"":[{""start"":1774668153310,""stop"":1774668157575}]}",0,"{""version"":1,""segments"":[]}",,0,0,1.675,"{""version"":1,""segments"":[{""start"":1774668308846,""stop"":1774668310521}]}",0,"{""version"":1,""segments"":[]}",0,"{""version"":1,""segments"":[]}",0,0,0,0,0,0,0,none,pretty bad auto with a couple shots and most of them were missed,very unstable and tippy,got manhandled by sert and didnt handle defense very well,230,230,179,red,0,15,None,Level1,None,0,None,None,None,1,0,0,0,0,None,4,0,42,230,188,15,0
2026orore_qm52,qm,1,52,frc3674,frc6831,frc3674,frc2915,frc2521,frc1359,frc9600,red,,,,,,,,,,,,,,,,,,,,,,,,,,,,,,230,230,179,red,0,15,None,Level1,None,0,None,None,None,1,0,0,0,0,None,4,0,42,230,188,15,0
2026orore_qm52,qm,1,52,frc2915,frc6831,frc3674,frc2915,frc2521,frc1359,frc9600,red,HD,depotWall1,0,0,0,0,"{""version"":1,""segments"":[]}",0,"{""version"":1,""segments"":[]}",Other,0,0,7.809,"{""version"":1,""segments"":[{""start"":1774668214827,""stop"":1774668215269},{""start"":1774668216557,""stop"":1774668217022},{""start"":1774668217784,""stop"":1774668218315},{""start"":1774668218705,""stop"":1774668219796},{""start"":1774668222279,""stop"":1774668222406},{""start"":1774668273632,""stop"":1774668276665},{""start"":1774668298553,""stop"":1774668298778},{""start"":1774668299228,""stop"":1774668300077},{""start"":1774668309827,""stop"":1774668310873}]}",4.617,"{""version"":1,""segments"":[{""start"":1774668188538,""stop"":1774668189622},{""start"":1774668191381,""stop"":1774668191952},{""start"":1774668240125,""stop"":1774668240522},{""start"":1774668246359,""stop"":1774668246522},{""start"":1774668249298,""stop"":1774668251700}]}",0,"{""version"":1,""segments"":[]}",0,0,0,1,0,0,0,3,Did not shoot or intake,were inconsistent while intaking and shooting. Better at shooting but were slow moving,"Reversed intake to ferry, used shooter and bumper. Did 10 seconds of defense but clogged up the middle well",230,230,179,red,0,15,None,Level1,None,0,None,None,None,1,0,0,0,0,None,4,0,42,230,188,15,0
2026orore_qm52,qm,1,52,frc2521,frc6831,frc3674,frc2915,frc2521,frc1359,frc9600,blue,DS,outpost4,0,0,0,2.995,"{""version"":1,""segments"":[{""start"":1774668153263,""stop"":1774668153650},{""start"":1774668154330,""stop"":1774668156938}]}",1.228,"{""version"":1,""segments"":[{""start"":1774668162573,""stop"":1774668163552},{""start"":1774668167665,""stop"":1774668167914}]}",Auto 1,0,0,22.656,"{""version"":1,""segments"":[{""start"":1774668189194,""stop"":1774668191087},{""start"":1774668197533,""stop"":1774668200582},{""start"":1774668206126,""stop"":1774668207176},{""start"":1774668234697,""stop"":1774668238088},{""start"":1774668250893,""stop"":1774668254106},{""start"":1774668265250,""stop"":1774668267112},{""start"":1774668287468,""stop"":1774668291575},{""start"":1774668299359,""stop"":1774668300075},{""start"":1774668301001,""stop"":1774668303679},{""start"":1774668303717,""stop"":1774668304414}]}",5.838,"{""version"":1,""segments"":[{""start"":1774668215429,""stop"":1774668221267}]}",0,"{""version"":1,""segments"":[]}",0.9999999999999999,0,0,0,0,0,0,none,,,,230,179,179,red,0,15,None,Level1,None,10,None,Level1,None,1,0,0,0,0,None,1,0,41,179,138,25,0
2026orore_qm52,qm,1,52,frc1359,frc6831,frc3674,frc2915,frc2521,frc1359,frc9600,blue,SH ,middle3,0,0,0,1.06,"{""version"":1,""segments"":[{""start"":1774668151335,""stop"":1774668152395}]}",0,"{""version"":1,""segments"":[]}",Auto 1,0,0,4.205,"{""version"":1,""segments"":[{""start"":1774668238811,""stop"":1774668239310},{""start"":1774668239371,""stop"":1774668239871},{""start"":1774668239910,""stop"":1774668243116}]}",2.887,"{""version"":1,""segments"":[{""start"":1774668189456,""stop"":1774668191434},{""start"":1774668192666,""stop"":1774668193575}]}",0,"{""version"":1,""segments"":[]}",0,10,1,0,0,0,0,none,moved back and into an L1 climb. , Did not shoot as much but gathered fuel. Played zero defense. ,Didn't gather too much fuel. And tried to play d but failed. ,230,179,179,red,0,15,None,Level1,None,10,None,Level1,None,1,0,0,0,0,None,1,0,41,179,138,25,0
2026orore_qm52,qm,1,52,frc9600,frc6831,frc3674,frc2915,frc2521,frc1359,frc9600,blue,MC,depotWall1,1,0,0,1.073,"{""version"":1,""segments"":[{""start"":1774668156382,""stop"":1774668157176},{""start"":1774668157868,""stop"":1774668158147}]}",0,"{""version"":1,""segments"":[]}",Other,0,34.100000000000215,25.419,"{""version"":1,""segments"":[{""start"":1774668176179,""stop"":1774668177121},{""start"":1774668192575,""stop"":1774668201939},{""start"":1774668232107,""stop"":1774668243541},{""start"":1774668253981,""stop"":1774668257421},{""start"":1774668287568,""stop"":1774668287807}]}",0,"{""version"":1,""segments"":[]}",0,"{""version"":1,""segments"":[]}",0,,,,,,,,"decent auto, they shoot rlly slowly tho","they just have like one bps, they have no shoot speed
Intake broke and then they just went to feeding human player ","kinda just collected, shoved balls around, idk",230,179,179,red,0,15,None,Level1,None,10,None,Level1,None,1,0,0,0,0,None,1,0,41,179,138,25,0
2026orore_qm53,qm,1,53,frc1425,frc1425,frc5975,frc2811,frc10991,frc4662,frc2471,red,,depotWall1,,,,,,,,,,,,,,,,,,,,,,,,,,,,-1,-1,-1,,,,,,,,,,,,,,,,,,,,,,,
2026orore_qm53,qm,1,53,frc5975,frc1425,frc5975,frc2811,frc10991,frc4662,frc2471,red,,,,,,,,,,,,,,,,,,,,,,,,,,,,,,-1,-1,-1,,,,,,,,,,,,,,,,,,,,,,,
2026orore_qm53,qm,1,53,frc2811,frc1425,frc5975,frc2811,frc10991,frc4662,frc2471,red,,,,,,,,,,,,,,,,,,,,,,,,,,,,,,-1,-1,-1,,,,,,,,,,,,,,,,,,,,,,,
2026orore_qm53,qm,1,53,frc10991,frc1425,frc5975,frc2811,frc10991,frc4662,frc2471,blue,,,,,,,,,,,,,,,,,,,,,,,,,,,,,,-1,-1,-1,,,,,,,,,,,,,,,,,,,,,,,
2026orore_qm53,qm,1,53,frc4662,frc1425,frc5975,frc2811,frc10991,frc4662,frc2471,blue,,depotWall1,,,,,,,,,,,,,,,,,,,,,,,,,,,,-1,-1,-1,,,,,,,,,,,,,,,,,,,,,,,
2026orore_qm53,qm,1,53,frc2471,frc1425,frc5975,frc2811,frc10991,frc4662,frc2471,blue,,,,,,,,,,,,,,,,,,,,,,,,,,,,,,-1,-1,-1,,,,,,,,,,,,,,,,,,,,,,,
2026orore_qm54,qm,1,54,frc1540,frc1540,frc4488,frc955,frc2550,frc3669,frc6696,red,,,,,,,,,,,,,,,,,,,,,,,,,,,,,,-1,-1,-1,,,,,,,,,,,,,,,,,,,,,,,
2026orore_qm54,qm,1,54,frc4488,frc1540,frc4488,frc955,frc2550,frc3669,frc6696,red,,,,,,,,,,,,,,,,,,,,,,,,,,,,,,-1,-1,-1,,,,,,,,,,,,,,,,,,,,,,,
2026orore_qm54,qm,1,54,frc955,frc1540,frc4488,frc955,frc2550,frc3669,frc6696,red,,,,,,,,,,,,,,,,,,,,,,,,,,,,,,-1,-1,-1,,,,,,,,,,,,,,,,,,,,,,,
2026orore_qm54,qm,1,54,frc2550,frc1540,frc4488,frc955,frc2550,frc3669,frc6696,blue,,,,,,,,,,,,,,,,,,,,,,,,,,,,,,-1,-1,-1,,,,,,,,,,,,,,,,,,,,,,,
2026orore_qm54,qm,1,54,frc3669,frc1540,frc4488,frc955,frc2550,frc3669,frc6696,blue,,,,,,,,,,,,,,,,,,,,,,,,,,,,,,-1,-1,-1,,,,,,,,,,,,,,,,,,,,,,,
2026orore_qm54,qm,1,54,frc6696,frc1540,frc4488,frc955,frc2550,frc3669,frc6696,blue,,,,,,,,,,,,,,,,,,,,,,,,,,,,,,-1,-1,-1,,,,,,,,,,,,,,,,,,,,,,,
2026orore_qm55,qm,1,55,frc2990,frc2990,frc2898,frc4915,frc10444,frc9600,frc2635,red,,,,,,,,,,,,,,,,,,,,,,,,,,,,,,-1,-1,-1,,,,,,,,,,,,,,,,,,,,,,,
2026orore_qm55,qm,1,55,frc2898,frc2990,frc2898,frc4915,frc10444,frc9600,frc2635,red,,,,,,,,,,,,,,,,,,,,,,,,,,,,,,-1,-1,-1,,,,,,,,,,,,,,,,,,,,,,,
2026orore_qm55,qm,1,55,frc4915,frc2990,frc2898,frc4915,frc10444,frc9600,frc2635,red,,,,,,,,,,,,,,,,,,,,,,,,,,,,,,-1,-1,-1,,,,,,,,,,,,,,,,,,,,,,,
2026orore_qm55,qm,1,55,frc10444,frc2990,frc2898,frc4915,frc10444,frc9600,frc2635,blue,,,,,,,,,,,,,,,,,,,,,,,,,,,,,,-1,-1,-1,,,,,,,,,,,,,,,,,,,,,,,
2026orore_qm55,qm,1,55,frc9600,frc2990,frc2898,frc4915,frc10444,frc9600,frc2635,blue,,,,,,,,,,,,,,,,,,,,,,,,,,,,,,-1,-1,-1,,,,,,,,,,,,,,,,,,,,,,,
2026orore_qm55,qm,1,55,frc2635,frc2990,frc2898,frc4915,frc10444,frc9600,frc2635,blue,,,,,,,,,,,,,,,,,,,,,,,,,,,,,,-1,-1,-1,,,,,,,,,,,,,,,,,,,,,,,
2026orore_qm56,qm,1,56,frc6465,frc6465,frc5975,frc3636,frc3674,frc2733,frc1359,red,,,,,,,,,,,,,,,,,,,,,,,,,,,,,,-1,-1,-1,,,,,,,,,,,,,,,,,,,,,,,
2026orore_qm56,qm,1,56,frc5975,frc6465,frc5975,frc3636,frc3674,frc2733,frc1359,red,,,,,,,,,,,,,,,,,,,,,,,,,,,,,,-1,-1,-1,,,,,,,,,,,,,,,,,,,,,,,
2026orore_qm56,qm,1,56,frc3636,frc6465,frc5975,frc3636,frc3674,frc2733,frc1359,red,,,,,,,,,,,,,,,,,,,,,,,,,,,,,,-1,-1,-1,,,,,,,,,,,,,,,,,,,,,,,
2026orore_qm56,qm,1,56,frc3674,frc6465,frc5975,frc3636,frc3674,frc2733,frc1359,blue,,,,,,,,,,,,,,,,,,,,,,,,,,,,,,-1,-1,-1,,,,,,,,,,,,,,,,,,,,,,,
2026orore_qm56,qm,1,56,frc2733,frc6465,frc5975,frc3636,frc3674,frc2733,frc1359,blue,,,,,,,,,,,,,,,,,,,,,,,,,,,,,,-1,-1,-1,,,,,,,,,,,,,,,,,,,,,,,
2026orore_qm56,qm,1,56,frc1359,frc6465,frc5975,frc3636,frc3674,frc2733,frc1359,blue,,,,,,,,,,,,,,,,,,,,,,,,,,,,,,-1,-1,-1,,,,,,,,,,,,,,,,,,,,,,,
2026orore_qm57,qm,1,57,frc749,frc749,frc2521,frc2930,frc8032,frc2557,frc5970,red,,,,,,,,,,,,,,,,,,,,,,,,,,,,,,-1,-1,-1,,,,,,,,,,,,,,,,,,,,,,,
2026orore_qm57,qm,1,57,frc2521,frc749,frc2521,frc2930,frc8032,frc2557,frc5970,red,,,,,,,,,,,,,,,,,,,,,,,,,,,,,,-1,-1,-1,,,,,,,,,,,,,,,,,,,,,,,
2026orore_qm57,qm,1,57,frc2930,frc749,frc2521,frc2930,frc8032,frc2557,frc5970,red,,,,,,,,,,,,,,,,,,,,,,,,,,,,,,-1,-1,-1,,,,,,,,,,,,,,,,,,,,,,,
2026orore_qm57,qm,1,57,frc8032,frc749,frc2521,frc2930,frc8032,frc2557,frc5970,blue,,,,,,,,,,,,,,,,,,,,,,,,,,,,,,-1,-1,-1,,,,,,,,,,,,,,,,,,,,,,,
2026orore_qm57,qm,1,57,frc2557,frc749,frc2521,frc2930,frc8032,frc2557,frc5970,blue,,,,,,,,,,,,,,,,,,,,,,,,,,,,,,-1,-1,-1,,,,,,,,,,,,,,,,,,,,,,,
2026orore_qm57,qm,1,57,frc5970,frc749,frc2521,frc2930,frc8032,frc2557,frc5970,blue,,,,,,,,,,,,,,,,,,,,,,,,,,,,,,-1,-1,-1,,,,,,,,,,,,,,,,,,,,,,,
2026orore_qm58,qm,1,58,frc9567,frc9567,frc2915,frc957,frc2471,frc997,frc1425,red,,,,,,,,,,,,,,,,,,,,,,,,,,,,,,-1,-1,-1,,,,,,,,,,,,,,,,,,,,,,,
2026orore_qm58,qm,1,58,frc2915,frc9567,frc2915,frc957,frc2471,frc997,frc1425,red,,,,,,,,,,,,,,,,,,,,,,,,,,,,,,-1,-1,-1,,,,,,,,,,,,,,,,,,,,,,,
2026orore_qm58,qm,1,58,frc957,frc9567,frc2915,frc957,frc2471,frc997,frc1425,red,,,,,,,,,,,,,,,,,,,,,,,,,,,,,,-1,-1,-1,,,,,,,,,,,,,,,,,,,,,,,
2026orore_qm58,qm,1,58,frc2471,frc9567,frc2915,frc957,frc2471,frc997,frc1425,blue,,,,,,,,,,,,,,,,,,,,,,,,,,,,,,-1,-1,-1,,,,,,,,,,,,,,,,,,,,,,,
2026orore_qm58,qm,1,58,frc997,frc9567,frc2915,frc957,frc2471,frc997,frc1425,blue,,,,,,,,,,,,,,,,,,,,,,,,,,,,,,-1,-1,-1,,,,,,,,,,,,,,,,,,,,,,,
2026orore_qm58,qm,1,58,frc1425,frc9567,frc2915,frc957,frc2471,frc997,frc1425,blue,,,,,,,,,,,,,,,,,,,,,,,,,,,,,,-1,-1,-1,,,,,,,,,,,,,,,,,,,,,,,
2026orore_qm59,qm,1,59,frc6831,frc6831,frc2635,frc955,frc9430,frc1540,frc2811,red,,,,,,,,,,,,,,,,,,,,,,,,,,,,,,-1,-1,-1,,,,,,,,,,,,,,,,,,,,,,,
2026orore_qm59,qm,1,59,frc2635,frc6831,frc2635,frc955,frc9430,frc1540,frc2811,red,,,,,,,,,,,,,,,,,,,,,,,,,,,,,,-1,-1,-1,,,,,,,,,,,,,,,,,,,,,,,
2026orore_qm59,qm,1,59,frc955,frc6831,frc2635,frc955,frc9430,frc1540,frc2811,red,,,,,,,,,,,,,,,,,,,,,,,,,,,,,,-1,-1,-1,,,,,,,,,,,,,,,,,,,,,,,
2026orore_qm59,qm,1,59,frc9430,frc6831,frc2635,frc955,frc9430,frc1540,frc2811,blue,,,,,,,,,,,,,,,,,,,,,,,,,,,,,,-1,-1,-1,,,,,,,,,,,,,,,,,,,,,,,
2026orore_qm59,qm,1,59,frc1540,frc6831,frc2635,frc955,frc9430,frc1540,frc2811,blue,,,,,,,,,,,,,,,,,,,,,,,,,,,,,,-1,-1,-1,,,,,,,,,,,,,,,,,,,,,,,
2026orore_qm59,qm,1,59,frc2811,frc6831,frc2635,frc955,frc9430,frc1540,frc2811,blue,,,,,,,,,,,,,,,,,,,,,,,,,,,,,,-1,-1,-1,,,,,,,,,,,,,,,,,,,,,,,
2026orore_qm6,qm,1,6,frc9600,frc9600,frc1540,frc2915,frc6696,frc2930,frc8032,red,LH,outpostWall5,1,0,0,0,"{""version"":1,""segments"":[]}",0,"{""version"":1,""segments"":[]}",Other,0,0,31.763,"{""version"":1,""segments"":[{""start"":1774638088484,""stop"":1774638089718},{""start"":1774638089988,""stop"":1774638093640},{""start"":1774638094027,""stop"":1774638102120},{""start"":1774638111851,""stop"":1774638112223},{""start"":1774638136997,""stop"":1774638148370},{""start"":1774638148800,""stop"":1774638153058},{""start"":1774638160622,""stop"":1774638160957},{""start"":1774638161454,""stop"":1774638162056},{""start"":1774638195823,""stop"":1774638196370},{""start"":1774638196881,""stop"":1774638198178}]}",1.569,"{""version"":1,""segments"":[{""start"":1774638305360,""stop"":1774638306929}]}",0,"{""version"":1,""segments"":[]}",0,0,0,0,0,0,0,none,"Went out, intaked, then stopped before trench","main focus was shooting, low fire rate, high accuracy, appeared a little twitchy ","main focus was intaking and pushing fuel, not very efficient ",213,213,261,blue,0,0,None,None,None,0,None,None,None,1,5,0,0,1,None,1,0,13,213,195,0,0
2026orore_qm6,qm,1,6,frc1540,frc9600,frc1540,frc2915,frc6696,frc2930,frc8032,red,HD,depotWall1,0,0,0,0,"{""version"":1,""segments"":[]}",0,"{""version"":1,""segments"":[]}",Auto 1,1,0,45.889,"{""version"":1,""segments"":[{""start"":1774638135054,""stop"":1774638138968},{""start"":1774638139354,""stop"":1774638139854},{""start"":1774638140201,""stop"":1774638153111},{""start"":1774638153602,""stop"":1774638161033},{""start"":1774638193426,""stop"":1774638199976},{""start"":1774638200375,""stop"":1774638200945},{""start"":1774638201161,""stop"":1774638206980},{""start"":1774638209226,""stop"":1774638217421}]}",8.891,"{""version"":1,""segments"":[{""start"":1774638165555,""stop"":1774638168875},{""start"":1774638169123,""stop"":1774638174583},{""start"":1774638175460,""stop"":1774638175571}]}",0,"{""version"":1,""segments"":[]}",5.4999999999999964,0,0,1,0,1,0,2,beached on fuel,"intake was not working for first half of match had to play defense which they were okay at. eventually recovered,  shoot good with a constant output. ","played a little bit of defense, mainly ferried with shooter but was very inaccurate while ferrying ",213,213,261,blue,0,0,None,None,None,0,None,None,None,1,5,0,0,1,None,1,0,13,213,195,0,0
2026orore_qm6,qm,1,6,frc2915,frc9600,frc1540,frc2915,frc6696,frc2930,frc8032,red,np,middle3,0,0,0,3.376,"{""version"":1,""segments"":[{""start"":1774638080326,""stop"":1774638081466},{""start"":1774638081866,""stop"":1774638083644},{""start"":1774638083846,""stop"":1774638083934},{""start"":1774638084433,""stop"":1774638084803}]}",0.182,"{""version"":1,""segments"":[{""start"":1774638110927,""stop"":1774638111109}]}",,0,0,0,"{""version"":1,""segments"":[]}",10.665,"{""version"":1,""segments"":[{""start"":1774638112899,""stop"":1774638113869},{""start"":1774638124545,""stop"":1774638127008},{""start"":1774638128167,""stop"":1774638131150},{""start"":1774638138969,""stop"":1774638140564},{""start"":1774638143075,""stop"":1774638143332},{""start"":1774638144658,""stop"":1774638144843},{""start"":1774638148058,""stop"":1774638148123},{""start"":1774638148622,""stop"":1774638148662},{""start"":1774638149071,""stop"":1774638149111},{""start"":1774638149488,""stop"":1774638149542},{""start"":1774638149982,""stop"":1774638150013},{""start"":1774638150510,""stop"":1774638150531},{""start"":1774638150990,""stop"":1774638151039},{""start"":1774638151518,""stop"":1774638151592},{""start"":1774638152039,""stop"":1774638152152},{""start"":1774638152639,""stop"":1774638152760},{""start"":1774638158112,""stop"":1774638158701},{""start"":1774638162470,""stop"":1774638162561},{""start"":1774638164851,""stop"":1774638165093},{""start"":1774638165227,""stop"":1774638165414},{""start"":1774638165546,""stop"":1774638165963},{""start"":1774638166134,""stop"":1774638166212}]}",0,"{""version"":1,""segments"":[]}",0,0,0,0,0,1,0,2,didnt move at all in auto,they were great at ferrying,they were great at ferrying and played mediocre defense a bit but didn't affect the other alliance at all.,213,213,261,blue,0,0,None,None,None,0,None,None,None,1,5,0,0,1,None,1,0,13,213,195,0,0
2026orore_qm6,qm,1,6,frc6696,frc9600,frc1540,frc2915,frc6696,frc2930,frc8032,blue,SK,depotWall1,0,0,0,5.302,"{""version"":1,""segments"":[{""start"":1774638065526,""stop"":1774638069401},{""start"":1774638070083,""stop"":1774638070454},{""start"":1774638072088,""stop"":1774638072201},{""start"":1774638072331,""stop"":1774638072387},{""start"":1774638072487,""stop"":1774638072576},{""start"":1774638072687,""stop"":1774638072746},{""start"":1774638072847,""stop"":1774638073586}]}",0,"{""version"":1,""segments"":[]}",Auto 1,0,0,12.842,"{""version"":1,""segments"":[{""start"":1774638086701,""stop"":1774638086748},{""start"":1774638108573,""stop"":1774638108913},{""start"":1774638109302,""stop"":1774638109463},{""start"":1774638110215,""stop"":1774638110405},{""start"":1774638110734,""stop"":1774638111178},{""start"":1774638111506,""stop"":1774638119515},{""start"":1774638120622,""stop"":1774638120777},{""start"":1774638122159,""stop"":1774638122208},{""start"":1774638128124,""stop"":1774638129829},{""start"":1774638130467,""stop"":1774638131150},{""start"":1774638131530,""stop"":1774638132071},{""start"":1774638132807,""stop"":1774638133125},{""start"":1774638134068,""stop"":1774638134268}]}",0.871,"{""version"":1,""segments"":[{""start"":1774638088422,""stop"":1774638089293}]}",0,"{""version"":1,""segments"":[]}",0,,,,,,,,Went to the natural zone and shot many balls and scored a lot of fuel,Shot a lot of fuel and won the match aganist,collected balls,213,261,261,blue,0,0,None,None,None,0,None,None,None,1,5,0,0,1,None,4,0,44,261,212,0,0
2026orore_qm6,qm,1,6,frc2930,frc9600,frc1540,frc2915,frc6696,frc2930,frc8032,blue,SH,outpost4,0,0,0,0,"{""version"":1,""segments"":[]}",0,"{""version"":1,""segments"":[]}",Other,0,0,5.701,"{""version"":1,""segments"":[{""start"":1774638084400,""stop"":1774638084607},{""start"":1774638084967,""stop"":1774638085129},{""start"":1774638085799,""stop"":1774638086814},{""start"":1774638111029,""stop"":1774638115346}]}",6.749,"{""version"":1,""segments"":[{""start"":1774638081011,""stop"":1774638081299},{""start"":1774638107251,""stop"":1774638107970},{""start"":1774638108258,""stop"":1774638108416},{""start"":1774638130631,""stop"":1774638130917},{""start"":1774638131039,""stop"":1774638133138},{""start"":1774638145384,""stop"":1774638146096},{""start"":1774638210487,""stop"":1774638212974}]}",0,"{""version"":1,""segments"":[]}",0,0,0,0,0,0,0,none,moved to the back corner to get intake but ultimately did not. ,Shot with fuel and attempted to get a lot fuel. Zero defense. ,"Gathered fuel from the opponents side and shot it back. Again, no defense and just continued to grab fuel. ",213,261,261,blue,0,0,None,None,None,0,None,None,None,1,5,0,0,1,None,4,0,44,261,212,0,0
2026orore_qm6,qm,1,6,frc8032,frc9600,frc1540,frc2915,frc6696,frc2930,frc8032,blue,PK,outpostWall5,1,0,0,4.037,"{""version"":1,""segments"":[{""start"":1774638063636,""stop"":1774638067673}]}",0,"{""version"":1,""segments"":[]}",Auto 1,0,0,24.884,"{""version"":1,""segments"":[{""start"":1774638086732,""stop"":1774638087439},{""start"":1774638109113,""stop"":1774638109632},{""start"":1774638114068,""stop"":1774638120514},{""start"":1774638121903,""stop"":1774638122868},{""start"":1774638132825,""stop"":1774638135421},{""start"":1774638160479,""stop"":1774638162826},{""start"":1774638169212,""stop"":1774638170416},{""start"":1774638179551,""stop"":1774638180527},{""start"":1774638181915,""stop"":1774638182553},{""start"":1774638183544,""stop"":1774638186438},{""start"":1774638202871,""stop"":1774638206302},{""start"":1774638210634,""stop"":1774638212376},{""start"":1774638213584,""stop"":1774638214003}]}",0,"{""version"":1,""segments"":[]}",0,"{""version"":1,""segments"":[]}",0,0,0,0,0,0,0,none,"auto went into nz, smashed into chickens and beached them on balls, good shooting",A little inaccurate with 3 ball shooter but are able to get most in. ,"Collected, didn't do any ferry, just collected a ton of balls, going into opponent side",213,261,261,blue,0,0,None,None,None,0,None,None,None,1,5,0,0,1,None,4,0,44,261,212,0,0
2026orore_qm60,qm,1,60,frc10444,frc10444,frc4662,frc2733,frc3669,frc8032,frc3674,red,,,,,,,,,,,,,,,,,,,,,,,,,,,,,,-1,-1,-1,,,,,,,,,,,,,,,,,,,,,,,
2026orore_qm60,qm,1,60,frc4662,frc10444,frc4662,frc2733,frc3669,frc8032,frc3674,red,,,,,,,,,,,,,,,,,,,,,,,,,,,,,,-1,-1,-1,,,,,,,,,,,,,,,,,,,,,,,
2026orore_qm60,qm,1,60,frc2733,frc10444,frc4662,frc2733,frc3669,frc8032,frc3674,red,,,,,,,,,,,,,,,,,,,,,,,,,,,,,,-1,-1,-1,,,,,,,,,,,,,,,,,,,,,,,
2026orore_qm60,qm,1,60,frc3669,frc10444,frc4662,frc2733,frc3669,frc8032,frc3674,blue,,,,,,,,,,,,,,,,,,,,,,,,,,,,,,-1,-1,-1,,,,,,,,,,,,,,,,,,,,,,,
2026orore_qm60,qm,1,60,frc8032,frc10444,frc4662,frc2733,frc3669,frc8032,frc3674,blue,,,,,,,,,,,,,,,,,,,,,,,,,,,,,,-1,-1,-1,,,,,,,,,,,,,,,,,,,,,,,
2026orore_qm60,qm,1,60,frc3674,frc10444,frc4662,frc2733,frc3669,frc8032,frc3674,blue,,,,,,,,,,,,,,,,,,,,,,,,,,,,,,-1,-1,-1,,,,,,,,,,,,,,,,,,,,,,,
2026orore_qm61,qm,1,61,frc2550,frc2550,frc4915,frc9567,frc2557,frc2915,frc2930,red,,,,,,,,,,,,,,,,,,,,,,,,,,,,,,-1,-1,-1,,,,,,,,,,,,,,,,,,,,,,,
2026orore_qm61,qm,1,61,frc4915,frc2550,frc4915,frc9567,frc2557,frc2915,frc2930,red,,,,,,,,,,,,,,,,,,,,,,,,,,,,,,-1,-1,-1,,,,,,,,,,,,,,,,,,,,,,,
2026orore_qm61,qm,1,61,frc9567,frc2550,frc4915,frc9567,frc2557,frc2915,frc2930,red,,,,,,,,,,,,,,,,,,,,,,,,,,,,,,-1,-1,-1,,,,,,,,,,,,,,,,,,,,,,,
2026orore_qm61,qm,1,61,frc2557,frc2550,frc4915,frc9567,frc2557,frc2915,frc2930,blue,,,,,,,,,,,,,,,,,,,,,,,,,,,,,,-1,-1,-1,,,,,,,,,,,,,,,,,,,,,,,
2026orore_qm61,qm,1,61,frc2915,frc2550,frc4915,frc9567,frc2557,frc2915,frc2930,blue,,,,,,,,,,,,,,,,,,,,,,,,,,,,,,-1,-1,-1,,,,,,,,,,,,,,,,,,,,,,,
2026orore_qm61,qm,1,61,frc2930,frc2550,frc4915,frc9567,frc2557,frc2915,frc2930,blue,,,,,,,,,,,,,,,,,,,,,,,,,,,,,,-1,-1,-1,,,,,,,,,,,,,,,,,,,,,,,
2026orore_qm62,qm,1,62,frc2471,frc2471,frc3636,frc749,frc1359,frc9430,frc997,red,,,,,,,,,,,,,,,,,,,,,,,,,,,,,,-1,-1,-1,,,,,,,,,,,,,,,,,,,,,,,
2026orore_qm62,qm,1,62,frc3636,frc2471,frc3636,frc749,frc1359,frc9430,frc997,red,,,,,,,,,,,,,,,,,,,,,,,,,,,,,,-1,-1,-1,,,,,,,,,,,,,,,,,,,,,,,
2026orore_qm62,qm,1,62,frc749,frc2471,frc3636,frc749,frc1359,frc9430,frc997,red,,,,,,,,,,,,,,,,,,,,,,,,,,,,,,-1,-1,-1,,,,,,,,,,,,,,,,,,,,,,,
2026orore_qm62,qm,1,62,frc1359,frc2471,frc3636,frc749,frc1359,frc9430,frc997,blue,,,,,,,,,,,,,,,,,,,,,,,,,,,,,,-1,-1,-1,,,,,,,,,,,,,,,,,,,,,,,
2026orore_qm62,qm,1,62,frc9430,frc2471,frc3636,frc749,frc1359,frc9430,frc997,blue,,,,,,,,,,,,,,,,,,,,,,,,,,,,,,-1,-1,-1,,,,,,,,,,,,,,,,,,,,,,,
2026orore_qm62,qm,1,62,frc997,frc2471,frc3636,frc749,frc1359,frc9430,frc997,blue,,,,,,,,,,,,,,,,,,,,,,,,,,,,,,-1,-1,-1,,,,,,,,,,,,,,,,,,,,,,,
2026orore_qm63,qm,1,63,frc6696,frc6696,frc5975,frc2990,frc6465,frc957,frc2521,red,,,,,,,,,,,,,,,,,,,,,,,,,,,,,,-1,-1,-1,,,,,,,,,,,,,,,,,,,,,,,
2026orore_qm63,qm,1,63,frc5975,frc6696,frc5975,frc2990,frc6465,frc957,frc2521,red,,,,,,,,,,,,,,,,,,,,,,,,,,,,,,-1,-1,-1,,,,,,,,,,,,,,,,,,,,,,,
2026orore_qm63,qm,1,63,frc2990,frc6696,frc5975,frc2990,frc6465,frc957,frc2521,red,,,,,,,,,,,,,,,,,,,,,,,,,,,,,,-1,-1,-1,,,,,,,,,,,,,,,,,,,,,,,
2026orore_qm63,qm,1,63,frc6465,frc6696,frc5975,frc2990,frc6465,frc957,frc2521,blue,,,,,,,,,,,,,,,,,,,,,,,,,,,,,,-1,-1,-1,,,,,,,,,,,,,,,,,,,,,,,
2026orore_qm63,qm,1,63,frc957,frc6696,frc5975,frc2990,frc6465,frc957,frc2521,blue,,,,,,,,,,,,,,,,,,,,,,,,,,,,,,-1,-1,-1,,,,,,,,,,,,,,,,,,,,,,,
2026orore_qm63,qm,1,63,frc2521,frc6696,frc5975,frc2990,frc6465,frc957,frc2521,blue,,,,,,,,,,,,,,,,,,,,,,,,,,,,,,-1,-1,-1,,,,,,,,,,,,,,,,,,,,,,,
2026orore_qm64,qm,1,64,frc9600,frc9600,frc6831,frc10991,frc2898,frc5970,frc1425,red,,,,,,,,,,,,,,,,,,,,,,,,,,,,,,-1,-1,-1,,,,,,,,,,,,,,,,,,,,,,,
2026orore_qm64,qm,1,64,frc6831,frc9600,frc6831,frc10991,frc2898,frc5970,frc1425,red,,,,,,,,,,,,,,,,,,,,,,,,,,,,,,-1,-1,-1,,,,,,,,,,,,,,,,,,,,,,,
2026orore_qm64,qm,1,64,frc10991,frc9600,frc6831,frc10991,frc2898,frc5970,frc1425,red,,,,,,,,,,,,,,,,,,,,,,,,,,,,,,-1,-1,-1,,,,,,,,,,,,,,,,,,,,,,,
2026orore_qm64,qm,1,64,frc2898,frc9600,frc6831,frc10991,frc2898,frc5970,frc1425,blue,,,,,,,,,,,,,,,,,,,,,,,,,,,,,,-1,-1,-1,,,,,,,,,,,,,,,,,,,,,,,
2026orore_qm64,qm,1,64,frc5970,frc9600,frc6831,frc10991,frc2898,frc5970,frc1425,blue,,,,,,,,,,,,,,,,,,,,,,,,,,,,,,-1,-1,-1,,,,,,,,,,,,,,,,,,,,,,,
2026orore_qm64,qm,1,64,frc1425,frc9600,frc6831,frc10991,frc2898,frc5970,frc1425,blue,,,,,,,,,,,,,,,,,,,,,,,,,,,,,,-1,-1,-1,,,,,,,,,,,,,,,,,,,,,,,
2026orore_qm65,qm,1,65,frc4488,frc4488,frc10444,frc2557,frc2733,frc9430,frc2915,red,,,,,,,,,,,,,,,,,,,,,,,,,,,,,,-1,-1,-1,,,,,,,,,,,,,,,,,,,,,,,
2026orore_qm65,qm,1,65,frc10444,frc4488,frc10444,frc2557,frc2733,frc9430,frc2915,red,,,,,,,,,,,,,,,,,,,,,,,,,,,,,,-1,-1,-1,,,,,,,,,,,,,,,,,,,,,,,
2026orore_qm65,qm,1,65,frc2557,frc4488,frc10444,frc2557,frc2733,frc9430,frc2915,red,,,,,,,,,,,,,,,,,,,,,,,,,,,,,,-1,-1,-1,,,,,,,,,,,,,,,,,,,,,,,
2026orore_qm65,qm,1,65,frc2733,frc4488,frc10444,frc2557,frc2733,frc9430,frc2915,blue,,,,,,,,,,,,,,,,,,,,,,,,,,,,,,-1,-1,-1,,,,,,,,,,,,,,,,,,,,,,,
2026orore_qm65,qm,1,65,frc9430,frc4488,frc10444,frc2557,frc2733,frc9430,frc2915,blue,,,,,,,,,,,,,,,,,,,,,,,,,,,,,,-1,-1,-1,,,,,,,,,,,,,,,,,,,,,,,
2026orore_qm65,qm,1,65,frc2915,frc4488,frc10444,frc2557,frc2733,frc9430,frc2915,blue,,,,,,,,,,,,,,,,,,,,,,,,,,,,,,-1,-1,-1,,,,,,,,,,,,,,,,,,,,,,,
2026orore_qm66,qm,1,66,frc3669,frc3669,frc997,frc2521,frc2930,frc2550,frc1540,red,,,,,,,,,,,,,,,,,,,,,,,,,,,,,,-1,-1,-1,,,,,,,,,,,,,,,,,,,,,,,
2026orore_qm66,qm,1,66,frc997,frc3669,frc997,frc2521,frc2930,frc2550,frc1540,red,,,,,,,,,,,,,,,,,,,,,,,,,,,,,,-1,-1,-1,,,,,,,,,,,,,,,,,,,,,,,
2026orore_qm66,qm,1,66,frc2521,frc3669,frc997,frc2521,frc2930,frc2550,frc1540,red,,,,,,,,,,,,,,,,,,,,,,,,,,,,,,-1,-1,-1,,,,,,,,,,,,,,,,,,,,,,,
2026orore_qm66,qm,1,66,frc2930,frc3669,frc997,frc2521,frc2930,frc2550,frc1540,blue,,,,,,,,,,,,,,,,,,,,,,,,,,,,,,-1,-1,-1,,,,,,,,,,,,,,,,,,,,,,,
2026orore_qm66,qm,1,66,frc2550,frc3669,frc997,frc2521,frc2930,frc2550,frc1540,blue,,,,,,,,,,,,,,,,,,,,,,,,,,,,,,-1,-1,-1,,,,,,,,,,,,,,,,,,,,,,,
2026orore_qm66,qm,1,66,frc1540,frc3669,frc997,frc2521,frc2930,frc2550,frc1540,blue,,,,,,,,,,,,,,,,,,,,,,,,,,,,,,-1,-1,-1,,,,,,,,,,,,,,,,,,,,,,,
2026orore_qm67,qm,1,67,frc957,frc957,frc1425,frc8032,frc5975,frc2898,frc6831,red,,,,,,,,,,,,,,,,,,,,,,,,,,,,,,-1,-1,-1,,,,,,,,,,,,,,,,,,,,,,,
2026orore_qm67,qm,1,67,frc1425,frc957,frc1425,frc8032,frc5975,frc2898,frc6831,red,,,,,,,,,,,,,,,,,,,,,,,,,,,,,,-1,-1,-1,,,,,,,,,,,,,,,,,,,,,,,
2026orore_qm67,qm,1,67,frc8032,frc957,frc1425,frc8032,frc5975,frc2898,frc6831,red,,,,,,,,,,,,,,,,,,,,,,,,,,,,,,-1,-1,-1,,,,,,,,,,,,,,,,,,,,,,,
2026orore_qm67,qm,1,67,frc5975,frc957,frc1425,frc8032,frc5975,frc2898,frc6831,blue,,,,,,,,,,,,,,,,,,,,,,,,,,,,,,-1,-1,-1,,,,,,,,,,,,,,,,,,,,,,,
2026orore_qm67,qm,1,67,frc2898,frc957,frc1425,frc8032,frc5975,frc2898,frc6831,blue,,,,,,,,,,,,,,,,,,,,,,,,,,,,,,-1,-1,-1,,,,,,,,,,,,,,,,,,,,,,,
2026orore_qm67,qm,1,67,frc6831,frc957,frc1425,frc8032,frc5975,frc2898,frc6831,blue,,,,,,,,,,,,,,,,,,,,,,,,,,,,,,-1,-1,-1,,,,,,,,,,,,,,,,,,,,,,,
2026orore_qm68,qm,1,68,frc4662,frc4662,frc4488,frc749,frc9600,frc2990,frc955,red,,,,,,,,,,,,,,,,,,,,,,,,,,,,,,-1,-1,-1,,,,,,,,,,,,,,,,,,,,,,,
2026orore_qm68,qm,1,68,frc4488,frc4662,frc4488,frc749,frc9600,frc2990,frc955,red,,,,,,,,,,,,,,,,,,,,,,,,,,,,,,-1,-1,-1,,,,,,,,,,,,,,,,,,,,,,,
2026orore_qm68,qm,1,68,frc749,frc4662,frc4488,frc749,frc9600,frc2990,frc955,red,,,,,,,,,,,,,,,,,,,,,,,,,,,,,,-1,-1,-1,,,,,,,,,,,,,,,,,,,,,,,
2026orore_qm68,qm,1,68,frc9600,frc4662,frc4488,frc749,frc9600,frc2990,frc955,blue,,,,,,,,,,,,,,,,,,,,,,,,,,,,,,-1,-1,-1,,,,,,,,,,,,,,,,,,,,,,,
2026orore_qm68,qm,1,68,frc2990,frc4662,frc4488,frc749,frc9600,frc2990,frc955,blue,,,,,,,,,,,,,,,,,,,,,,,,,,,,,,-1,-1,-1,,,,,,,,,,,,,,,,,,,,,,,
2026orore_qm68,qm,1,68,frc955,frc4662,frc4488,frc749,frc9600,frc2990,frc955,blue,,,,,,,,,,,,,,,,,,,,,,,,,,,,,,-1,-1,-1,,,,,,,,,,,,,,,,,,,,,,,
2026orore_qm69,qm,1,69,frc3636,frc3636,frc6696,frc2811,frc4915,frc5970,frc1359,red,,,,,,,,,,,,,,,,,,,,,,,,,,,,,,-1,-1,-1,,,,,,,,,,,,,,,,,,,,,,,
2026orore_qm69,qm,1,69,frc6696,frc3636,frc6696,frc2811,frc4915,frc5970,frc1359,red,,,,,,,,,,,,,,,,,,,,,,,,,,,,,,-1,-1,-1,,,,,,,,,,,,,,,,,,,,,,,
2026orore_qm69,qm,1,69,frc2811,frc3636,frc6696,frc2811,frc4915,frc5970,frc1359,red,,,,,,,,,,,,,,,,,,,,,,,,,,,,,,-1,-1,-1,,,,,,,,,,,,,,,,,,,,,,,
2026orore_qm69,qm,1,69,frc4915,frc3636,frc6696,frc2811,frc4915,frc5970,frc1359,blue,,,,,,,,,,,,,,,,,,,,,,,,,,,,,,-1,-1,-1,,,,,,,,,,,,,,,,,,,,,,,
2026orore_qm69,qm,1,69,frc5970,frc3636,frc6696,frc2811,frc4915,frc5970,frc1359,blue,,,,,,,,,,,,,,,,,,,,,,,,,,,,,,-1,-1,-1,,,,,,,,,,,,,,,,,,,,,,,
2026orore_qm69,qm,1,69,frc1359,frc3636,frc6696,frc2811,frc4915,frc5970,frc1359,blue,,,,,,,,,,,,,,,,,,,,,,,,,,,,,,-1,-1,-1,,,,,,,,,,,,,,,,,,,,,,,
2026orore_qm7,qm,1,7,frc4662,frc4662,frc2990,frc2521,frc1425,frc10991,frc4915,red,LH,middle3,0,0,0,2.204,"{""version"":1,""segments"":[{""start"":1774638485357,""stop"":1774638487561}]}",0.027,"{""version"":1,""segments"":[{""start"":1774638485135,""stop"":1774638485162}]}",Other,0,0,0,"{""version"":1,""segments"":[]}",0,"{""version"":1,""segments"":[]}",0,"{""version"":1,""segments"":[]}",2.2000000000000006,0,0,0,0,1,0,3,Shot per loaded fuel,"intake appeared not to work, played defense","intake continued to not work, played defense, decent at disrupting opponents firing ",217,217,345,blue,0,0,None,None,None,0,None,None,None,1,0,0,5,2,None,1,0,42,217,175,0,0
2026orore_qm7,qm,1,7,frc2990,frc4662,frc2990,frc2521,frc1425,frc10991,frc4915,red,HD,depotWall1,0,0,0,7.021,"{""version"":1,""segments"":[{""start"":1774638492507,""stop"":1774638499528}]}",0,"{""version"":1,""segments"":[]}",Auto 1,0,0,29.546,"{""version"":1,""segments"":[{""start"":1774638515430,""stop"":1774638519434},{""start"":1774638532530,""stop"":1774638536077},{""start"":1774638540800,""stop"":1774638541055},{""start"":1774638541760,""stop"":1774638543132},{""start"":1774638568132,""stop"":1774638572087},{""start"":1774638577854,""stop"":1774638582897},{""start"":1774638589850,""stop"":1774638591928},{""start"":1774638617680,""stop"":1774638621435},{""start"":1774638631358,""stop"":1774638634506},{""start"":1774638637381,""stop"":1774638637953},{""start"":1774638640898,""stop"":1774638642083},{""start"":1774638647834,""stop"":1774638648336},{""start"":1774638649820,""stop"":1774638649950}]}",0,"{""version"":1,""segments"":[]}",0,"{""version"":1,""segments"":[]}",0,0,0,0,0,0,0,none,intaked and shoot a full hopper,"intaked effectively, had a solid hopper. were able to shoot accurately but slow  ",focused on intaking more fuel and moving it around with it's bumper,217,217,345,blue,0,0,None,None,None,0,None,None,None,1,0,0,5,2,None,1,0,42,217,175,0,0
2026orore_qm7,qm,1,7,frc2521,frc4662,frc2990,frc2521,frc1425,frc10991,frc4915,red,np,outpost4,0,0,0,1.925,"{""version"":1,""segments"":[{""start"":1774638486230,""stop"":1774638488155}]}",0,"{""version"":1,""segments"":[]}",Other,1,0,4.803,"{""version"":1,""segments"":[{""start"":1774638590161,""stop"":1774638592517},{""start"":1774638595138,""stop"":1774638595304},{""start"":1774638624715,""stop"":1774638626996}]}",0,"{""version"":1,""segments"":[]}",0,"{""version"":1,""segments"":[]}",50.50000000000045,0,0,0,0,0,0,none,they got stuck on fuel,were beached most of the time but contributed significantly by scoring ,didn't do much ,217,217,345,blue,0,0,None,None,None,0,None,None,None,1,0,0,5,2,None,1,0,42,217,175,0,0
2026orore_qm7,qm,1,7,frc1425,frc4662,frc2990,frc2521,frc1425,frc10991,frc4915,blue,SK,depotWall1,0,0,0,6.219,"{""version"":1,""segments"":[{""start"":1774638488270,""stop"":1774638493442},{""start"":1774638504231,""stop"":1774638505278}]}",0,"{""version"":1,""segments"":[]}",2nz Bump,0,0,7.377,"{""version"":1,""segments"":[{""start"":1774638517066,""stop"":1774638518411},{""start"":1774638543819,""stop"":1774638547816},{""start"":1774638592683,""stop"":1774638593130},{""start"":1774638595295,""stop"":1774638596883}]}",4.581,"{""version"":1,""segments"":[{""start"":1774638525864,""stop"":1774638526450},{""start"":1774638534801,""stop"":1774638537568},{""start"":1774638573215,""stop"":1774638574294},{""start"":1774638579052,""stop"":1774638579201}]}",0,"{""version"":1,""segments"":[]}",0,0,0,0,0,0,0,none,Shot really well. Really good robot,shot really good and won the match,collected balls and shot really well. We are the best robot,217,345,345,blue,0,0,None,None,None,0,None,None,None,1,85,0,0,0,None,4,0,91,345,169,0,0
2026orore_qm7,qm,1,7,frc10991,frc4662,frc2990,frc2521,frc1425,frc10991,frc4915,blue,SH,middle3,0,0,0,0.96,"{""version"":1,""segments"":[{""start"":1774638489006,""stop"":1774638489966}]}",0,"{""version"":1,""segments"":[]}",Auto 2,0,0,0,"{""version"":1,""segments"":[]}",5.233,"{""version"":1,""segments"":[{""start"":1774638520973,""stop"":1774638522832},{""start"":1774638549016,""stop"":1774638549144},{""start"":1774638567360,""stop"":1774638570606}]}",8.249,"{""version"":1,""segments"":[{""start"":1774638580252,""stop"":1774638582849},{""start"":1774638587986,""stop"":1774638588368},{""start"":1774638588667,""stop"":1774638589115},{""start"":1774638589346,""stop"":1774638589706},{""start"":1774638615194,""stop"":1774638618310},{""start"":1774638618592,""stop"":1774638619938}]}",0,0,0,0,0,0,0,none,moved back and shot and then stayed still ,collected fuel and shot a bit. Mainly ferryed and had 0 defense. ,Gathered intake from the opponents side. Had 0 defense. ,217,345,345,blue,0,0,None,None,None,0,None,None,None,1,85,0,0,0,None,4,0,91,345,169,0,0
2026orore_qm7,qm,1,7,frc4915,frc4662,frc2990,frc2521,frc1425,frc10991,frc4915,blue,PK,outpostWall5,1,0,0,8.529,"{""version"":1,""segments"":[{""start"":1774638490855,""stop"":1774638496192},{""start"":1774638502966,""stop"":1774638506158}]}",0,"{""version"":1,""segments"":[]}",Auto 1,0,0,28.849,"{""version"":1,""segments"":[{""start"":1774638513419,""stop"":1774638515409},{""start"":1774638543095,""stop"":1774638550113},{""start"":1774638552206,""stop"":1774638552754},{""start"":1774638555332,""stop"":1774638559557},{""start"":1774638560211,""stop"":1774638562052},{""start"":1774638564495,""stop"":1774638567269},{""start"":1774638568220,""stop"":1774638568650},{""start"":1774638593863,""stop"":1774638598446},{""start"":1774638600498,""stop"":1774638601484},{""start"":1774638608725,""stop"":1774638610348},{""start"":1774638615504,""stop"":1774638616003},{""start"":1774638633361,""stop"":1774638635192},{""start"":1774638640516,""stop"":1774638641017}]}",6.105,"{""version"":1,""segments"":[{""start"":1774638525179,""stop"":1774638528063},{""start"":1774638528637,""stop"":1774638529475},{""start"":1774638532736,""stop"":1774638534616},{""start"":1774638586938,""stop"":1774638587249},{""start"":1774638587783,""stop"":1774638587874},{""start"":1774638641669,""stop"":1774638641770}]}",0,"{""version"":1,""segments"":[]}",0,0,0,0,0,0,0,none,"Fastish auto, good collecting and paths, hit a robot but kept going","Really good range on the shooter, able to shoot far and collect really well, turret is good but very bad under defense, misses wildly, ","ferry is mid and frequently shoots out, collects good but their shooter seemed to break at end",217,345,345,blue,0,0,None,None,None,0,None,None,None,1,85,0,0,0,None,4,0,91,345,169,0,0
2026orore_qm70,qm,1,70,frc6465,frc6465,frc3674,frc10991,frc2471,frc9567,frc2635,red,,,,,,,,,,,,,,,,,,,,,,,,,,,,,,-1,-1,-1,,,,,,,,,,,,,,,,,,,,,,,
2026orore_qm70,qm,1,70,frc3674,frc6465,frc3674,frc10991,frc2471,frc9567,frc2635,red,,,,,,,,,,,,,,,,,,,,,,,,,,,,,,-1,-1,-1,,,,,,,,,,,,,,,,,,,,,,,
2026orore_qm70,qm,1,70,frc10991,frc6465,frc3674,frc10991,frc2471,frc9567,frc2635,red,,,,,,,,,,,,,,,,,,,,,,,,,,,,,,-1,-1,-1,,,,,,,,,,,,,,,,,,,,,,,
2026orore_qm70,qm,1,70,frc2471,frc6465,frc3674,frc10991,frc2471,frc9567,frc2635,blue,,,,,,,,,,,,,,,,,,,,,,,,,,,,,,-1,-1,-1,,,,,,,,,,,,,,,,,,,,,,,
2026orore_qm70,qm,1,70,frc9567,frc6465,frc3674,frc10991,frc2471,frc9567,frc2635,blue,,,,,,,,,,,,,,,,,,,,,,,,,,,,,,-1,-1,-1,,,,,,,,,,,,,,,,,,,,,,,
2026orore_qm70,qm,1,70,frc2635,frc6465,frc3674,frc10991,frc2471,frc9567,frc2635,blue,,,,,,,,,,,,,,,,,,,,,,,,,,,,,,-1,-1,-1,,,,,,,,,,,,,,,,,,,,,,,
2026orore_qm8,qm,1,8,frc957,frc957,frc2471,frc2898,frc749,frc3674,frc9567,red,LH,depotWall1,1,0,0,8.601,"{""version"":1,""segments"":[{""start"":1774639123029,""stop"":1774639126473},{""start"":1774639129865,""stop"":1774639135022}]}",0.255,"{""version"":1,""segments"":[{""start"":1774639151446,""stop"":1774639151701}]}",Auto 2,0,0,20.937,"{""version"":1,""segments"":[{""start"":1774639175800,""stop"":1774639181316},{""start"":1774639191083,""stop"":1774639194734},{""start"":1774639201670,""stop"":1774639201923},{""start"":1774639227304,""stop"":1774639231478},{""start"":1774639232311,""stop"":1774639232900},{""start"":1774639233201,""stop"":1774639233699},{""start"":1774639244813,""stop"":1774639247688},{""start"":1774639248419,""stop"":1774639248612},{""start"":1774639262227,""stop"":1774639265415}]}",3.56,"{""version"":1,""segments"":[{""start"":1774639153404,""stop"":1774639155599},{""start"":1774639167912,""stop"":1774639169138},{""start"":1774639175391,""stop"":1774639175530}]}",0,"{""version"":1,""segments"":[]}",0,0,0,0,0,0,0,none,"Okay auto, not efficient, med accuracy ",focus on shooting with med firerate and med/high accuracy,"ferrried a bit, semi efficient",319,319,210,red,0,0,None,None,None,0,None,None,None,1,0,0,0,2,None,4,0,100,319,219,0,0
2026orore_qm8,qm,1,8,frc2471,frc957,frc2471,frc2898,frc749,frc3674,frc9567,red,HD,depotWall1,0,0,0,7.492,"{""version"":1,""segments"":[{""start"":1774639122565,""stop"":1774639126232},{""start"":1774639131813,""stop"":1774639135638}]}",0,"{""version"":1,""segments"":[]}",Auto 2,0,0,41.961,"{""version"":1,""segments"":[{""start"":1774639149326,""stop"":1774639150662},{""start"":1774639175890,""stop"":1774639182384},{""start"":1774639186285,""stop"":1774639187349},{""start"":1774639191482,""stop"":1774639193284},{""start"":1774639194382,""stop"":1774639199235},{""start"":1774639200302,""stop"":1774639201015},{""start"":1774639224070,""stop"":1774639224816},{""start"":1774639225424,""stop"":1774639236828},{""start"":1774639237148,""stop"":1774639239006},{""start"":1774639241544,""stop"":1774639242244},{""start"":1774639244005,""stop"":1774639244823},{""start"":1774639245189,""stop"":1774639250365},{""start"":1774639272164,""stop"":1774639274045},{""start"":1774639275436,""stop"":1774639278552}]}",16.548,"{""version"":1,""segments"":[{""start"":1774639154170,""stop"":1774639156038},{""start"":1774639156564,""stop"":1774639156956},{""start"":1774639158850,""stop"":1774639158949},{""start"":1774639159454,""stop"":1774639159528},{""start"":1774639159710,""stop"":1774639159776},{""start"":1774639160043,""stop"":1774639160087},{""start"":1774639160322,""stop"":1774639160354},{""start"":1774639160516,""stop"":1774639160575},{""start"":1774639160696,""stop"":1774639160756},{""start"":1774639160896,""stop"":1774639160987},{""start"":1774639161096,""stop"":1774639161165},{""start"":1774639161308,""stop"":1774639161404},{""start"":1774639161508,""stop"":1774639161615},{""start"":1774639162870,""stop"":1774639163527},{""start"":1774639163914,""stop"":1774639168071},{""start"":1774639205706,""stop"":1774639214383}]}",0,"{""version"":1,""segments"":[]}",0,0,0,0,0,0,0,none,"went for 2 passes, shoot a full hopper each time ","were able to shoot most of there shift, had good indexing and intaking.",were able to ferry with a good range and spent the rest of the time collecting more fuel,319,319,210,red,0,0,None,None,None,0,None,None,None,1,0,0,0,2,None,4,0,100,319,219,0,0
2026orore_qm8,qm,1,8,frc2898,frc957,frc2471,frc2898,frc749,frc3674,frc9567,red,np,middle3,0,0,0,2.692,"{""version"":1,""segments"":[{""start"":1774639119923,""stop"":1774639121612},{""start"":1774639122559,""stop"":1774639123562}]}",0,"{""version"":1,""segments"":[]}",Auto 2,0,14.699999999999964,0,"{""version"":1,""segments"":[]}",0,"{""version"":1,""segments"":[]}",0,"{""version"":1,""segments"":[]}",21.70000000000004,0,0,0,0,0,0,none,decent auto with some fuel scored,got stuck on fuel,got stuck on fuel,319,319,210,red,0,0,None,None,None,0,None,None,None,1,0,0,0,2,None,4,0,100,319,219,0,0
2026orore_qm8,qm,1,8,frc749,frc957,frc2471,frc2898,frc749,frc3674,frc9567,blue,SK,depotWall1,0,0,0,0,"{""version"":1,""segments"":[]}",0,"{""version"":1,""segments"":[]}",Auto 1,1,0,11.379,"{""version"":1,""segments"":[{""start"":1774639156698,""stop"":1774639158135},{""start"":1774639174337,""stop"":1774639175963},{""start"":1774639215902,""stop"":1774639219125},{""start"":1774639266779,""stop"":1774639271626},{""start"":1774639271685,""stop"":1774639271931}]}",0,"{""version"":1,""segments"":[]}",0,"{""version"":1,""segments"":[]}",0,0,0,0,0,0,0,none,Slammed into the side wall and their cover came out. Did not play after that and did not move for the remaining auto,Went to collect balls and shot them but in the end were not able to go under the trench,collected balls,319,210,210,red,0,0,None,None,None,0,None,None,None,1,10,0,0,0,None,1,0,33,210,167,0,0
2026orore_qm8,qm,1,8,frc3674,frc957,frc2471,frc2898,frc749,frc3674,frc9567,blue,SH,depotWall1,,,,,,,,,,,,,,,,,,,,,,,,,,,,319,210,210,red,0,0,None,None,None,0,None,None,None,1,10,0,0,0,None,1,0,33,210,167,0,0
2026orore_qm8,qm,1,8,frc9567,frc957,frc2471,frc2898,frc749,frc3674,frc9567,blue,,depotWall1,,,,,,,,,,,,,,,,,,,,,,,,,,,,319,210,210,red,0,0,None,None,None,0,None,None,None,1,10,0,0,0,None,1,0,33,210,167,0,0
2026orore_qm9,qm,1,9,frc3669,frc3669,frc955,frc9430,frc3636,frc5970,frc9600,red,LH,depot2,0,0,0,0.184,"{""version"":1,""segments"":[{""start"":1774639576562,""stop"":1774639576746}]}",0,"{""version"":1,""segments"":[]}",Other,0,0,0,"{""version"":1,""segments"":[]}",3.143,"{""version"":1,""segments"":[{""start"":1774639667237,""stop"":1774639669211},{""start"":1774639672494,""stop"":1774639672548},{""start"":1774639672715,""stop"":1774639672782},{""start"":1774639672875,""stop"":1774639672971},{""start"":1774639673135,""stop"":1774639673191},{""start"":1774639673458,""stop"":1774639673472},{""start"":1774639684913,""stop"":1774639685795}]}",0,"{""version"":1,""segments"":[]}",0,,,,,,,,Fired randomly ,"Hesitant, disoriented, ferried a bit ","hung out in the nz, didnt do anything besides driving a little ",237,237,76,red,0,0,None,None,None,0,None,None,None,1,5,0,0,2,None,4,0,96,237,136,0,0
2026orore_qm9,qm,1,9,frc955,frc3669,frc955,frc9430,frc3636,frc5970,frc9600,red,HD,depotWall1,0,0,0,7.025,"{""version"":1,""segments"":[{""start"":1774639583189,""stop"":1774639586902},{""start"":1774639592714,""stop"":1774639595427},{""start"":1774639595834,""stop"":1774639596433}]}",0,"{""version"":1,""segments"":[]}",Auto 1,0,0,22.949,"{""version"":1,""segments"":[{""start"":1774639609823,""stop"":1774639611875},{""start"":1774639636510,""stop"":1774639640911},{""start"":1774639652568,""stop"":1774639653090},{""start"":1774639654178,""stop"":1774639654778},{""start"":1774639662507,""stop"":1774639662589},{""start"":1774639686664,""stop"":1774639689060},{""start"":1774639689888,""stop"":1774639690563},{""start"":1774639691184,""stop"":1774639692740},{""start"":1774639693231,""stop"":1774639694119},{""start"":1774639696904,""stop"":1774639698240},{""start"":1774639711769,""stop"":1774639712890},{""start"":1774639713752,""stop"":1774639715123},{""start"":1774639715779,""stop"":1774639716605},{""start"":1774639717012,""stop"":1774639717625},{""start"":1774639717977,""stop"":1774639718528},{""start"":1774639722786,""stop"":1774639722917},{""start"":1774639733099,""stop"":1774639735447},{""start"":1774639737246,""stop"":1774639737377},{""start"":1774639737812,""stop"":1774639737881},{""start"":1774639737998,""stop"":1774639738066},{""start"":1774639738169,""stop"":1774639739044},{""start"":1774639739527,""stop"":1774639739864}]}",0,"{""version"":1,""segments"":[]}",0,"{""version"":1,""segments"":[]}",0,0,0,0,0,0,0,none,great auto were able to get 2 full hoppers shot in,"scored fast and kept shooting with their turret, had a fast intake and big hopper",focused on collecting fuel and did not ferry or play defense,237,237,76,red,0,0,None,None,None,0,None,None,None,1,5,0,0,2,None,4,0,96,237,136,0,0
2026orore_qm9,qm,1,9,frc9430,frc3669,frc955,frc9430,frc3636,frc5970,frc9600,red,np,outpostWall5,0,0,0,5.347,"{""version"":1,""segments"":[{""start"":1774639583592,""stop"":1774639586415},{""start"":1774639595063,""stop"":1774639597587}]}",0,"{""version"":1,""segments"":[]}",Other,0,16.499999999999964,11.811,"{""version"":1,""segments"":[{""start"":1774639635851,""stop"":1774639638345},{""start"":1774639648933,""stop"":1774639651856},{""start"":1774639657366,""stop"":1774639659228},{""start"":1774639661221,""stop"":1774639662292},{""start"":1774639687826,""stop"":1774639689924},{""start"":1774639698994,""stop"":1774639700357}]}",0,"{""version"":1,""segments"":[]}",0,"{""version"":1,""segments"":[]}",0,,,,,,,,great auto with many fuel scored,very rapid robot with great fuel scoring but broke down for a while,broke down for a while,237,237,76,red,0,0,None,None,None,0,None,None,None,1,5,0,0,2,None,4,0,96,237,136,0,0
2026orore_qm9,qm,1,9,frc3636,frc3669,frc955,frc9430,frc3636,frc5970,frc9600,blue,SK,depotWall1,0,0,0,0,"{""version"":1,""segments"":[]}",0,"{""version"":1,""segments"":[]}",Auto 1,0,0,0.647,"{""version"":1,""segments"":[{""start"":1774639740066,""stop"":1774639740673},{""start"":1774639740738,""stop"":1774639740778}]}",1.721,"{""version"":1,""segments"":[{""start"":1774639608769,""stop"":1774639608928},{""start"":1774639734609,""stop"":1774639736171}]}",0,"{""version"":1,""segments"":[]}",0,0,0,0,0,1,0,4,Moved really slow did not achieve anything,played defense really well,played defense,237,76,76,red,0,0,None,None,None,0,None,None,None,0,10,0,0,1,None,0,0,8,76,58,0,0
2026orore_qm9,qm,1,9,frc5970,frc3669,frc955,frc9430,frc3636,frc5970,frc9600,blue,SH,middle3,0,0,0,0,"{""version"":1,""segments"":[]}",0,"{""version"":1,""segments"":[]}",Other,0,0,1.33,"{""version"":1,""segments"":[{""start"":1774639608675,""stop"":1774639609627},{""start"":1774639657166,""stop"":1774639657544}]}",8.1,"{""version"":1,""segments"":[{""start"":1774639614636,""stop"":1774639618352},{""start"":1774639619223,""stop"":1774639623180},{""start"":1774639696375,""stop"":1774639696553},{""start"":1774639724249,""stop"":1774639724498}]}",0,"{""version"":1,""segments"":[]}",1.4000000000000001,0,0,0,0,0,0,none,did not move,barely did anything. Wandered around aimlessly. No defense. ,Continue wandering around aimlessly. Again no defense,237,76,76,red,0,0,None,None,None,0,None,None,None,0,10,0,0,1,None,0,0,8,76,58,0,0
2026orore_qm9,qm,1,9,frc9600,frc3669,frc955,frc9430,frc3636,frc5970,frc9600,blue,PK,outpostWall5,0,0,0,0,"{""version"":1,""segments"":[]}",0,"{""version"":1,""segments"":[]}",Other,0,36.300000000000246,31.296,"{""version"":1,""segments"":[{""start"":1774639611798,""stop"":1774639623113},{""start"":1774639632117,""stop"":1774639635002},{""start"":1774639661422,""stop"":1774639662048},{""start"":1774639662601,""stop"":1774639664824},{""start"":1774639665623,""stop"":1774639677630},{""start"":1774639686732,""stop"":1774639688972}]}",0,"{""version"":1,""segments"":[]}",0,"{""version"":1,""segments"":[]}",0,0,0,0,0,0,0,none,"drove into nz, collected then just stopped in front of trench, not sure if intentional ","collect decently fast but really slow shooter, shoots like 1-2 bps, turret not fast",None,237,76,76,red,0,0,None,None,None,0,None,None,None,0,10,0,0,1,None,0,0,8,76,58,0,0