key,comp_level,set_number,match_number,team_key,r1,r2,r3,b1,b2,b3,alliance,scouterName,a_startPos,a_hit_robot,a_Climb,a_sideClimb,a_scoringTime,a_scoringTime_segments,a_ferryTime,a_ferryTime_segments,a_planner,a_hit_fieldPart,time_broken,t_scoringTime,t_scoringTime_segments,t_NZferryTime,t_NZferryTime_segments,t_OZferryTime,t_OZferryTime_segments,time_beached,end_Climb,end_sideClimb,defense_NZ,defense_AZ,defense_OZ,defense_bumpTrench,defense_skill,drive_skill,alliance_rank,a_Notes,active_Notes,inactive_Notes,ba_redscore,ba_score,ba_bluescore,ba_winning_alliance,ba_adjustPoints,ba_autoTowerPoints,ba_autoTowerRobot1,ba_autoTowerRobot2,ba_autoTowerRobot3,ba_endGameTowerPoints,ba_endGameTowerRobot1,ba_endGameTowerRobot2,ba_endGameTowerRobot3,ba_energizedAchieved,ba_foulPoints,ba_g206Penalty,ba_majorFoulCount,ba_minorFoulCount,ba_penalties,ba_rp,ba_superchargedAchieved,ba_totalAutoPoints,ba_totalPoints,ba_totalTeleopPoints,ba_totalTowerPoints,ba_traversalAchieved
2026pncmp_qm1,qm,1,1,frc753,frc753,frc4488,frc948,frc3218,frc10991,frc2471,red,Pranav K,middle3,0,0,0,0,"{""version"":1,""segments"":[]}",0,"{""version"":1,""segments"":[]}",,0,32.800000000000196,12.764,"{""version"":1,""segments"":[{""start"":1775843697029,""stop"":1775843697368},{""start"":1775843698762,""stop"":1775843704414},{""start"":1775843711142,""stop"":1775843711565},{""start"":1775843784478,""stop"":1775843788451},{""start"":1775843799297,""stop"":1775843801674}]}",3.491,"{""version"":1,""segments"":[{""start"":1775843677284,""stop"":1775843680775}]}",0,"{""version"":1,""segments"":[]}",0,0,0,0,0,0,0,x,x,1,,,,208,208,167,red,0,0,None,None,None,0,None,None,None,0,20,0,0,0,None,3,0,57,208,131,0,0
2026pncmp_qm1,qm,1,1,frc4488,frc753,frc4488,frc948,frc3218,frc10991,frc2471,red,Eve G,outpostWall5,1,0,0,1.026,"{""version"":1,""segments"":[{""start"":1775766859801,""stop"":1775766860827}]}",0,"{""version"":1,""segments"":[]}",Auto 2,0,0,2.581,"{""version"":1,""segments"":[{""start"":1775766896216,""stop"":1775766898359},{""start"":1775766918554,""stop"":1775766918992}]}",0,"{""version"":1,""segments"":[]}",0,"{""version"":1,""segments"":[]}",0,0,0,0,0,0,0,x,0,1,Hit other alliance robot,"fairly good shooter, shot in a clump and had decent accuracy ","Couldn't intake a ton at a time, kind of ineffective intake. Kinda forgot to track ferrying 😓",208,208,167,red,0,0,None,None,None,0,None,None,None,0,20,0,0,0,None,3,0,57,208,131,0,0
2026pncmp_qm1,qm,1,1,frc948,frc753,frc4488,frc948,frc3218,frc10991,frc2471,red,Adam M,depotWall1,0,0,0,5.802,"{""version"":1,""segments"":[{""start"":1775766843942,""stop"":1775766847048},{""start"":1775766853909,""stop"":1775766855816},{""start"":1775766856207,""stop"":1775766856996}]}",0,"{""version"":1,""segments"":[]}",,0,0,6.926,"{""version"":1,""segments"":[{""start"":1775766867995,""stop"":1775766871440},{""start"":1775766898609,""stop"":1775766901215},{""start"":1775766952319,""stop"":1775766952780},{""start"":1775766954078,""stop"":1775766954492}]}",0,"{""version"":1,""segments"":[]}",0,"{""version"":1,""segments"":[]}",0,0,0,0,0,0,0,x,0,2,"moved well in auto, didn't hit anything. Scored two full hoppers of fuel with 95 percent accuracy",Attempted to score each time they had a full hopper,"no ferrying, just corralling balls to the alliance zone.",208,208,167,red,0,0,None,None,None,0,None,None,None,0,20,0,0,0,None,3,0,57,208,131,0,0
2026pncmp_qm1,qm,1,1,frc3218,frc753,frc4488,frc948,frc3218,frc10991,frc2471,blue,Archer B,outpostWall5,0,0,0,6.105,"{""version"":1,""segments"":[{""start"":1775766838012,""stop"":1775766840615},{""start"":1775766840805,""stop"":1775766841495},{""start"":1775766841636,""stop"":1775766841902},{""start"":1775766842244,""stop"":1775766842325},{""start"":1775766847594,""stop"":1775766849640},{""start"":1775766849911,""stop"":1775766850330}]}",0,"{""version"":1,""segments"":[]}",Auto 1,0,0,24.465,"{""version"":1,""segments"":[{""start"":1775766869458,""stop"":1775766869538},{""start"":1775766870154,""stop"":1775766870548},{""start"":1775766870729,""stop"":1775766876120},{""start"":1775766885465,""stop"":1775766887750},{""start"":1775766892634,""stop"":1775766892732},{""start"":1775766916295,""stop"":1775766916494},{""start"":1775766917534,""stop"":1775766924324},{""start"":1775766928120,""stop"":1775766928255},{""start"":1775766928391,""stop"":1775766928459},{""start"":1775766928653,""stop"":1775766928670},{""start"":1775766931966,""stop"":1775766932028},{""start"":1775766932156,""stop"":1775766933004},{""start"":1775766933197,""stop"":1775766935752},{""start"":1775766935963,""stop"":1775766936050},{""start"":1775766936719,""stop"":1775766936861},{""start"":1775766937036,""stop"":1775766937137},{""start"":1775766937363,""stop"":1775766937636},{""start"":1775766938743,""stop"":1775766938901},{""start"":1775766939756,""stop"":1775766939821},{""start"":1775766940968,""stop"":1775766941299},{""start"":1775766942356,""stop"":1775766942394},{""start"":1775766942518,""stop"":1775766942744},{""start"":1775766943015,""stop"":1775766943114},{""start"":1775766943205,""stop"":1775766943304},{""start"":1775766943754,""stop"":1775766943795},{""start"":1775766943987,""stop"":1775766944024},{""start"":1775766944295,""stop"":1775766944444},{""start"":1775766944573,""stop"":1775766944764},{""start"":1775766944874,""stop"":1775766944914},{""start"":1775766945087,""stop"":1775766945131},{""start"":1775766946463,""stop"":1775766946522},{""start"":1775766969588,""stop"":1775766969670},{""start"":1775766969837,""stop"":1775766969898},{""start"":1775766970051,""stop"":1775766970069},{""start"":1775766970637,""stop"":1775766972173},{""start"":1775766972375,""stop"":1775766974041}]}",2.812,"{""version"":1,""segments"":[{""start"":1775766866169,""stop"":1775766866840},{""start"":1775766867039,""stop"":1775766867132},{""start"":1775766867320,""stop"":1775766867402},{""start"":1775766868090,""stop"":1775766868171},{""start"":1775766868337,""stop"":1775766868409},{""start"":1775766868529,""stop"":1775766868558},{""start"":1775766880620,""stop"":1775766880930},{""start"":1775766881268,""stop"":1775766881350},{""start"":1775766881557,""stop"":1775766881607},{""start"":1775766882237,""stop"":1775766882557},{""start"":1775766882836,""stop"":1775766882929},{""start"":1775766883699,""stop"":1775766883759},{""start"":1775766909592,""stop"":1775766909681},{""start"":1775766909921,""stop"":1775766910011},{""start"":1775766910212,""stop"":1775766910220},{""start"":1775766910432,""stop"":1775766910521},{""start"":1775766911030,""stop"":1775766911130},{""start"":1775766912579,""stop"":1775766912668},{""start"":1775766929011,""stop"":1775766929070},{""start"":1775766929471,""stop"":1775766929540},{""start"":1775766929689,""stop"":1775766929739},{""start"":1775766929940,""stop"":1775766929989},{""start"":1775766930638,""stop"":1775766930660},{""start"":1775766930829,""stop"":1775766930896},{""start"":1775766931028,""stop"":1775766931098},{""start"":1775766949585,""stop"":1775766949603}]}",3.26,"{""version"":1,""segments"":[{""start"":1775766915505,""stop"":1775766915798},{""start"":1775766949882,""stop"":1775766952217},{""start"":1775766953892,""stop"":1775766954050},{""start"":1775766957079,""stop"":1775766957336},{""start"":1775766957637,""stop"":1775766957854}]}",0,0,0,0,0,0,0,x,0,2,scored some in collected more then came back,Shot a good amount of fuel in just relatively slow fire rate,ferried using hopper,208,167,167,red,0,0,None,None,None,0,None,None,None,0,0,0,1,1,None,0,0,29,167,138,0,0
2026pncmp_qm1,qm,1,1,frc10991,frc753,frc4488,frc948,frc3218,frc10991,frc2471,blue,Hendrix D,middle3,0,0,0,1.682,"{""version"":1,""segments"":[{""start"":1775766836628,""stop"":1775766837317},{""start"":1775766839281,""stop"":1775766839765},{""start"":1775766840613,""stop"":1775766840654},{""start"":1775766841253,""stop"":1775766841295},{""start"":1775766850319,""stop"":1775766850642},{""start"":1775766851393,""stop"":1775766851496}]}",0,"{""version"":1,""segments"":[]}",Auto 2,0,0,0,"{""version"":1,""segments"":[]}",3.094,"{""version"":1,""segments"":[{""start"":1775766938732,""stop"":1775766938777},{""start"":1775766940474,""stop"":1775766941993},{""start"":1775766959171,""stop"":1775766959914},{""start"":1775766981534,""stop"":1775766981972},{""start"":1775766984243,""stop"":1775766984332},{""start"":1775766985838,""stop"":1775766986098}]}",0,"{""version"":1,""segments"":[]}",0,0,0,1,0,1,1,.5,0,1,"were able to shoot pre loads, tried to collect from the depot but collected only a couple fuel","were focused on ferrying and preventing the other alliance from setting up for their next shift. Were able to shoot accurately but not that fast, experienced more trouble with their intake. harried the opposing bots when they tried to collect from the netural zone","played good defense, prevent the opposing bots from crossing the bump, did a good job keeping fuel away, but did not have the most impact when ramming other bots or trying to move them",208,167,167,red,0,0,None,None,None,0,None,None,None,0,0,0,1,1,None,0,0,29,167,138,0,0
2026pncmp_qm1,qm,1,1,frc2471,frc753,frc4488,frc948,frc3218,frc10991,frc2471,blue,Cayden W,depotWall1,1,0,0,0,"{""version"":1,""segments"":[]}",0,"{""version"":1,""segments"":[]}",Auto 1,0,7.599999999999989,7.609,"{""version"":1,""segments"":[{""start"":1775766878965,""stop"":1775766879406},{""start"":1775766879581,""stop"":1775766880078},{""start"":1775766880372,""stop"":1775766880809},{""start"":1775766881256,""stop"":1775766881657},{""start"":1775766881961,""stop"":1775766882519},{""start"":1775766882768,""stop"":1775766883157},{""start"":1775766883615,""stop"":1775766884105},{""start"":1775766921235,""stop"":1775766921345},{""start"":1775766921497,""stop"":1775766921951},{""start"":1775766922119,""stop"":1775766922378},{""start"":1775766922520,""stop"":1775766922662},{""start"":1775766922772,""stop"":1775766923121},{""start"":1775766923270,""stop"":1775766923308},{""start"":1775766924131,""stop"":1775766924163},{""start"":1775766926320,""stop"":1775766926569},{""start"":1775766926758,""stop"":1775766926839},{""start"":1775766926968,""stop"":1775766927026},{""start"":1775766927779,""stop"":1775766927938},{""start"":1775766928060,""stop"":1775766928120},{""start"":1775766928436,""stop"":1775766928467},{""start"":1775766928881,""stop"":1775766928950},{""start"":1775766929317,""stop"":1775766929328},{""start"":1775766930090,""stop"":1775766930140},{""start"":1775766930322,""stop"":1775766930393},{""start"":1775766930551,""stop"":1775766930592},{""start"":1775766930880,""stop"":1775766930941},{""start"":1775766931141,""stop"":1775766931200},{""start"":1775766931480,""stop"":1775766931570},{""start"":1775766931915,""stop"":1775766932005},{""start"":1775766932247,""stop"":1775766932306},{""start"":1775766932466,""stop"":1775766932526},{""start"":1775766932867,""stop"":1775766932916},{""start"":1775766933347,""stop"":1775766933430},{""start"":1775766933956,""stop"":1775766934009},{""start"":1775766934159,""stop"":1775766934179},{""start"":1775766934717,""stop"":1775766934772},{""start"":1775766935578,""stop"":1775766935650},{""start"":1775766936118,""stop"":1775766936183},{""start"":1775766936330,""stop"":1775766936377},{""start"":1775766936530,""stop"":1775766936599},{""start"":1775766937256,""stop"":1775766937337},{""start"":1775766937538,""stop"":1775766937594},{""start"":1775766937744,""stop"":1775766937793},{""start"":1775766939882,""stop"":1775766939963},{""start"":1775766940626,""stop"":1775766940687},{""start"":1775766941686,""stop"":1775766941754},{""start"":1775766968877,""stop"":1775766968969},{""start"":1775766969315,""stop"":1775766969349},{""start"":1775766969460,""stop"":1775766969529},{""start"":1775766969659,""stop"":1775766969737},{""start"":1775766970126,""stop"":1775766970207},{""start"":1775766970346,""stop"":1775766970407},{""start"":1775766970559,""stop"":1775766970607},{""start"":1775766970838,""stop"":1775766970866},{""start"":1775766971900,""stop"":1775766971970},{""start"":1775766973768,""stop"":1775766973831},{""start"":1775766973971,""stop"":1775766974022},{""start"":1775766974181,""stop"":1775766974210},{""start"":1775766974798,""stop"":1775766974808},{""start"":1775766992496,""stop"":1775766992565},{""start"":1775766997679,""stop"":1775766997689},{""start"":1775766998229,""stop"":1775766998240}]}",3.161,"{""version"":1,""segments"":[{""start"":1775766869192,""stop"":1775766869454},{""start"":1775766870007,""stop"":1775766870503},{""start"":1775766871114,""stop"":1775766871442},{""start"":1775766908469,""stop"":1775766909021},{""start"":1775766909257,""stop"":1775766909331},{""start"":1775766910057,""stop"":1775766910188},{""start"":1775766911725,""stop"":1775766912312},{""start"":1775766912920,""stop"":1775766913219},{""start"":1775766947707,""stop"":1775766948016},{""start"":1775766948701,""stop"":1775766948771},{""start"":1775766949220,""stop"":1775766949273}]}",0,"{""version"":1,""segments"":[]}",0,0,0,0,0,0,0,x,-.5,1,they got hit and got stuck on fuel,"they was very inaccurate with shooting, they also lost connection in the match ",trying ferry fuel but looked like they was shooting out of the arena more then anything ,208,167,167,red,0,0,None,None,None,0,None,None,None,0,0,0,1,1,None,0,0,29,167,138,0,0
2026pncmp_qm10,qm,1,10,frc2976,frc2976,frc2522,frc955,frc3218,frc4915,frc4488,red,naman p,depotWall1,0,0,0,4.78,"{""version"":1,""segments"":[{""start"":1775772221064,""stop"":1775772222888},{""start"":1775772223191,""stop"":1775772226055},{""start"":1775772227331,""stop"":1775772227423}]}",0,"{""version"":1,""segments"":[]}",Auto 1,0,0,6.174,"{""version"":1,""segments"":[{""start"":1775772254937,""stop"":1775772259201},{""start"":1775772382744,""stop"":1775772384654}]}",0,"{""version"":1,""segments"":[]}",0,"{""version"":1,""segments"":[]}",0,0,0,0,0,1,0,0,0,1,very inaccurate shots,they didn't contribute too much and played mediocre defense and kind of made a difference,,385,385,418,blue,0,0,None,None,None,10,None,Level1,None,1,20,0,0,0,None,1,0,58,385,307,10,0
2026pncmp_qm10,qm,1,10,frc2522,frc2976,frc2522,frc955,frc3218,frc4915,frc4488,red,James H,middle3,0,0,0,4.341,"{""version"":1,""segments"":[{""start"":1775772229111,""stop"":1775772231494},{""start"":1775772232073,""stop"":1775772234031}]}",1.585,"{""version"":1,""segments"":[{""start"":1775772234205,""stop"":1775772235790}]}",Auto 1,0,0,44.291,"{""version"":1,""segments"":[{""start"":1775772261563,""stop"":1775772263810},{""start"":1775772266582,""stop"":1775772271696},{""start"":1775772273908,""stop"":1775772276312},{""start"":1775772308184,""stop"":1775772315022},{""start"":1775772319663,""stop"":1775772325013},{""start"":1775772352026,""stop"":1775772362225},{""start"":1775772363550,""stop"":1775772370481},{""start"":1775772371365,""stop"":1775772371981},{""start"":1775772375062,""stop"":1775772379654}]}",2.774,"{""version"":1,""segments"":[{""start"":1775772285183,""stop"":1775772285787},{""start"":1775772289477,""stop"":1775772290133},{""start"":1775772329163,""stop"":1775772330677}]}",1.761,"{""version"":1,""segments"":[{""start"":1775772253874,""stop"":1775772254160},{""start"":1775772331944,""stop"":1775772332403},{""start"":1775772333679,""stop"":1775772334695}]}",0,0,1,0,0,1,0,0,1,1,Doesn't have climb in auto but it can get some scoring in,has a fast shooter that can aim and shoot accurately while moving with a large range.,can play defense against other robots and shoot balls from one side of the field to the other when ferrying,385,385,418,blue,0,0,None,None,None,10,None,Level1,None,1,20,0,0,0,None,1,0,58,385,307,10,0
2026pncmp_qm10,qm,1,10,frc955,frc2976,frc2522,frc955,frc3218,frc4915,frc4488,red,Adam M,outpostWall5,0,0,0,6.141,"{""version"":1,""segments"":[{""start"":1775772223489,""stop"":1775772225606},{""start"":1775772231944,""stop"":1775772235968}]}",0,"{""version"":1,""segments"":[]}",,1,0,15.683,"{""version"":1,""segments"":[{""start"":1775772250340,""stop"":1775772252399},{""start"":1775772262318,""stop"":1775772262377},{""start"":1775772262586,""stop"":1775772264383},{""start"":1775772265004,""stop"":1775772265545},{""start"":1775772266594,""stop"":1775772266842},{""start"":1775772268097,""stop"":1775772269357},{""start"":1775772273652,""stop"":1775772273802},{""start"":1775772274695,""stop"":1775772274745},{""start"":1775772276707,""stop"":1775772276786},{""start"":1775772293634,""stop"":1775772293723},{""start"":1775772303137,""stop"":1775772309154},{""start"":1775772312788,""stop"":1775772315555},{""start"":1775772319402,""stop"":1775772319469},{""start"":1775772320285,""stop"":1775772320311},{""start"":1775772320632,""stop"":1775772320664},{""start"":1775772351042,""stop"":1775772351351},{""start"":1775772351629,""stop"":1775772351762}]}",0,"{""version"":1,""segments"":[]}",1.398,"{""version"":1,""segments"":[{""start"":1775772299808,""stop"":1775772301206}]}",0,0,0,0,0,0,0,x,.5,2,"Amazing auto, even though they hit the hub on the way in","Good shooting, able to shoot from multiple areas and ranges in the alliance zone","some ferrying from the opposite alliance side, but very little, just pushing fuel to the alliance zone.",385,385,418,blue,0,0,None,None,None,10,None,Level1,None,1,20,0,0,0,None,1,0,58,385,307,10,0
2026pncmp_qm10,qm,1,10,frc3218,frc2976,frc2522,frc955,frc3218,frc4915,frc4488,blue,Annalee M,depotWall1,0,0,0,4.708,"{""version"":1,""segments"":[{""start"":1775772221689,""stop"":1775772225951},{""start"":1775772226511,""stop"":1775772226711},{""start"":1775772227378,""stop"":1775772227492},{""start"":1775772227595,""stop"":1775772227685},{""start"":1775772227791,""stop"":1775772227833}]}",0,"{""version"":1,""segments"":[]}",,0,0,16.712,"{""version"":1,""segments"":[{""start"":1775772244715,""stop"":1775772249036},{""start"":1775772276072,""stop"":1775772278640},{""start"":1775772282062,""stop"":1775772282322},{""start"":1775772285646,""stop"":1775772286213},{""start"":1775772295228,""stop"":1775772296735},{""start"":1775772298895,""stop"":1775772299233},{""start"":1775772330819,""stop"":1775772334148},{""start"":1775772361223,""stop"":1775772363241},{""start"":1775772364081,""stop"":1775772364357},{""start"":1775772365301,""stop"":1775772366280},{""start"":1775772371956,""stop"":1775772372124},{""start"":1775772372858,""stop"":1775772372936},{""start"":1775772374776,""stop"":1775772374825},{""start"":1775772375324,""stop"":1775772375440},{""start"":1775772378905,""stop"":1775772379043}]}",0,"{""version"":1,""segments"":[]}",15.547,"{""version"":1,""segments"":[{""start"":1775772253257,""stop"":1775772255943},{""start"":1775772267128,""stop"":1775772269816},{""start"":1775772302214,""stop"":1775772304025},{""start"":1775772308061,""stop"":1775772308501},{""start"":1775772308669,""stop"":1775772309008},{""start"":1775772309146,""stop"":1775772309212},{""start"":1775772346812,""stop"":1775772354329}]}",0,0,0,0,1,1,0,0,.5,1,After about Five seconds of shooting they stopped,they mostly just collected fuel and they did shoot a bit their turrets do work well,the defense did work but was not used as much and they are great at collecting the fuel.,385,418,418,blue,0,0,None,None,None,0,None,None,None,1,0,0,1,1,None,5,1,61,418,357,0,0
2026pncmp_qm10,qm,1,10,frc4915,frc2976,frc2522,frc955,frc3218,frc4915,frc4488,blue,Anders H,outpostWall5,0,0,0,5.459,"{""version"":1,""segments"":[{""start"":1775772229481,""stop"":1775772234940}]}",0,"{""version"":1,""segments"":[]}",Auto 1,0,0,34.787,"{""version"":1,""segments"":[{""start"":1775772250915,""stop"":1775772257908},{""start"":1775772276331,""stop"":1775772289731},{""start"":1775772297216,""stop"":1775772298943},{""start"":1775772326324,""stop"":1775772330639},{""start"":1775772331282,""stop"":1775772331551},{""start"":1775772334584,""stop"":1775772334923},{""start"":1775772350647,""stop"":1775772352404},{""start"":1775772361790,""stop"":1775772364485},{""start"":1775772375144,""stop"":1775772378268},{""start"":1775772381187,""stop"":1775772381355}]}",8.052,"{""version"":1,""segments"":[{""start"":1775772258743,""stop"":1775772262827},{""start"":1775772265281,""stop"":1775772265378},{""start"":1775772265441,""stop"":1775772265681},{""start"":1775772266415,""stop"":1775772268500},{""start"":1775772305569,""stop"":1775772305635},{""start"":1775772307839,""stop"":1775772308718},{""start"":1775772317542,""stop"":1775772318143}]}",0.478,"{""version"":1,""segments"":[{""start"":1775772311179,""stop"":1775772311657}]}",0,0,0,0,0,0,0,x,1,3,"shot really fast and consistent, very fast intake with large hopper. ","very very accurate, spends a long time shooting because theyre intake is very fast. can shoot on the move. ",ferried from all zones very efficiently with constant shooting and intaking. ,385,418,418,blue,0,0,None,None,None,0,None,None,None,1,0,0,1,1,None,5,1,61,418,357,0,0
2026pncmp_qm10,qm,1,10,frc4488,frc2976,frc2522,frc955,frc3218,frc4915,frc4488,blue,,depotWall1,0,0,0,0,"{""version"":1,""segments"":[]}",0,"{""version"":1,""segments"":[]}",,0,0,0,"{""version"":1,""segments"":[]}",0,"{""version"":1,""segments"":[]}",0,"{""version"":1,""segments"":[]}",0,0,0,0,0,0,0,x,x,1,,,,385,418,418,blue,0,0,None,None,None,0,None,None,None,1,0,0,1,1,None,5,1,61,418,357,0,0
2026pncmp_qm100,qm,1,100,frc1983,frc1983,frc10079,frc4488,frc5937,frc6696,frc1425,red,,,,,,,,,,,,,,,,,,,,,,,,,,,,,,,,-1,-1,-1,,,,,,,,,,,,,,,,,,,,,,,
2026pncmp_qm100,qm,1,100,frc10079,frc1983,frc10079,frc4488,frc5937,frc6696,frc1425,red,,,,,,,,,,,,,,,,,,,,,,,,,,,,,,,,-1,-1,-1,,,,,,,,,,,,,,,,,,,,,,,
2026pncmp_qm100,qm,1,100,frc4488,frc1983,frc10079,frc4488,frc5937,frc6696,frc1425,red,,,,,,,,,,,,,,,,,,,,,,,,,,,,,,,,-1,-1,-1,,,,,,,,,,,,,,,,,,,,,,,
2026pncmp_qm100,qm,1,100,frc5937,frc1983,frc10079,frc4488,frc5937,frc6696,frc1425,blue,,,,,,,,,,,,,,,,,,,,,,,,,,,,,,,,-1,-1,-1,,,,,,,,,,,,,,,,,,,,,,,
2026pncmp_qm100,qm,1,100,frc6696,frc1983,frc10079,frc4488,frc5937,frc6696,frc1425,blue,,,,,,,,,,,,,,,,,,,,,,,,,,,,,,,,-1,-1,-1,,,,,,,,,,,,,,,,,,,,,,,
2026pncmp_qm100,qm,1,100,frc1425,frc1983,frc10079,frc4488,frc5937,frc6696,frc1425,blue,,,,,,,,,,,,,,,,,,,,,,,,,,,,,,,,-1,-1,-1,,,,,,,,,,,,,,,,,,,,,,,
2026pncmp_qm11,qm,1,11,frc1318,frc1318,frc10991,frc2374,frc997,frc2521,frc10079,red,naman p,outpostWall5,0,0,0,3.24,"{""version"":1,""segments"":[{""start"":1775772752529,""stop"":1775772755769}]}",0,"{""version"":1,""segments"":[]}",,0,0,22.112,"{""version"":1,""segments"":[{""start"":1775772767057,""stop"":1775772768919},{""start"":1775772769230,""stop"":1775772770043},{""start"":1775772796578,""stop"":1775772799299},{""start"":1775772812779,""stop"":1775772814518},{""start"":1775772846814,""stop"":1775772850378},{""start"":1775772860076,""stop"":1775772864369},{""start"":1775772870234,""stop"":1775772873479},{""start"":1775772873888,""stop"":1775772874688},{""start"":1775772883933,""stop"":1775772886050},{""start"":1775772897365,""stop"":1775772898323}]}",5.376,"{""version"":1,""segments"":[{""start"":1775772773601,""stop"":1775772775497},{""start"":1775772785434,""stop"":1775772785961},{""start"":1775772786650,""stop"":1775772788439},{""start"":1775772836102,""stop"":1775772837266}]}",0,"{""version"":1,""segments"":[]}",0,0,0,0,0,0,0,x,.5,1,decent auto with a substantial amount o fuel scored,they were great at shooting and also displayed high accuracy,they were very effective at ferrying,181,181,268,blue,0,0,None,None,None,0,None,None,None,0,0,0,0,0,None,0,0,38,181,143,0,0
2026pncmp_qm11,qm,1,11,frc10991,frc1318,frc10991,frc2374,frc997,frc2521,frc10079,red,James H,depotWall1,0,0,0,2.887,"{""version"":1,""segments"":[{""start"":1775772743649,""stop"":1775772744573},{""start"":1775772756504,""stop"":1775772758467}]}",1.125,"{""version"":1,""segments"":[{""start"":1775772753124,""stop"":1775772754249}]}",Auto 1,0,0,5.547,"{""version"":1,""segments"":[{""start"":1775772801523,""stop"":1775772803192},{""start"":1775772806663,""stop"":1775772806869},{""start"":1775772809034,""stop"":1775772809218},{""start"":1775772814596,""stop"":1775772815751},{""start"":1775772822311,""stop"":1775772822561},{""start"":1775772862769,""stop"":1775772862945},{""start"":1775772866258,""stop"":1775772867424},{""start"":1775772867517,""stop"":1775772867533},{""start"":1775772898467,""stop"":1775772898551},{""start"":1775772899729,""stop"":1775772900093},{""start"":1775772903953,""stop"":1775772904230}]}",1.609,"{""version"":1,""segments"":[{""start"":1775772780152,""stop"":1775772780826},{""start"":1775772787342,""stop"":1775772788277}]}",1.809,"{""version"":1,""segments"":[{""start"":1775772835713,""stop"":1775772836518},{""start"":1775772838062,""stop"":1775772838456},{""start"":1775772841916,""stop"":1775772842526}]}",0,0,0,0,0,1,0,0,0,1,has an average auto,didn't intake very quickly or effectively,They had a strategy to get fuel into their zone by having one robot push fuel in front of them to then push into their zone via the trench.,181,181,268,blue,0,0,None,None,None,0,None,None,None,0,0,0,0,0,None,0,0,38,181,143,0,0
2026pncmp_qm11,qm,1,11,frc2374,frc1318,frc10991,frc2374,frc997,frc2521,frc10079,red,Adam M,middle3,0,0,0,2.141,"{""version"":1,""segments"":[{""start"":1775772752376,""stop"":1775772754265},{""start"":1775772755028,""stop"":1775772755218},{""start"":1775772756281,""stop"":1775772756343}]}",0,"{""version"":1,""segments"":[]}",,0,0,16.13,"{""version"":1,""segments"":[{""start"":1775772802126,""stop"":1775772806829},{""start"":1775772812553,""stop"":1775772813572},{""start"":1775772852713,""stop"":1775772854260},{""start"":1775772854757,""stop"":1775772854959},{""start"":1775772855550,""stop"":1775772855878},{""start"":1775772856308,""stop"":1775772856474},{""start"":1775772858647,""stop"":1775772859676},{""start"":1775772866450,""stop"":1775772869367},{""start"":1775772870708,""stop"":1775772871229},{""start"":1775772899340,""stop"":1775772903038}]}",1.79,"{""version"":1,""segments"":[{""start"":1775772783333,""stop"":1775772783359},{""start"":1775772783492,""stop"":1775772783531},{""start"":1775772783652,""stop"":1775772783701},{""start"":1775772783832,""stop"":1775772784521},{""start"":1775772784831,""stop"":1775772785000},{""start"":1775772789716,""stop"":1775772789795},{""start"":1775772794531,""stop"":1775772794590},{""start"":1775772800763,""stop"":1775772800865},{""start"":1775772849194,""stop"":1775772849772}]}",0,"{""version"":1,""segments"":[]}",0,0,0,0,0,0,0,x,0,1,"decent auto, scored one load of fuel","good shooting, accurate, decent amount of fuel held in the hopper","little ferrying, and good collecting to the alliance zone",181,181,268,blue,0,0,None,None,None,0,None,None,None,0,0,0,0,0,None,0,0,38,181,143,0,0
2026pncmp_qm11,qm,1,11,frc997,frc1318,frc10991,frc2374,frc997,frc2521,frc10079,blue,Annalee M,depotWall1,0,0,0,6.588,"{""version"":1,""segments"":[{""start"":1775772744561,""stop"":1775772747517},{""start"":1775772753864,""stop"":1775772757496}]}",0,"{""version"":1,""segments"":[]}",,0,1.4000000000000001,40.324,"{""version"":1,""segments"":[{""start"":1775772774594,""stop"":1775772777030},{""start"":1775772777893,""stop"":1775772778102},{""start"":1775772778341,""stop"":1775772778651},{""start"":1775772778731,""stop"":1775772778810},{""start"":1775772779508,""stop"":1775772783492},{""start"":1775772794030,""stop"":1775772796506},{""start"":1775772796827,""stop"":1775772797417},{""start"":1775772828993,""stop"":1775772836647},{""start"":1775772839051,""stop"":1775772841757},{""start"":1775772842596,""stop"":1775772845261},{""start"":1775772871283,""stop"":1775772874548},{""start"":1775772880611,""stop"":1775772882688},{""start"":1775772883392,""stop"":1775772889632},{""start"":1775772889961,""stop"":1775772894845},{""start"":1775772897092,""stop"":1775772897366},{""start"":1775772898110,""stop"":1775772898307},{""start"":1775772898461,""stop"":1775772898510},{""start"":1775772899530,""stop"":1775772899619},{""start"":1775772899779,""stop"":1775772899861},{""start"":1775772901125,""stop"":1775772901183}]}",0,"{""version"":1,""segments"":[]}",18.197,"{""version"":1,""segments"":[{""start"":1775772802561,""stop"":1775772806055},{""start"":1775772810977,""stop"":1775772814500},{""start"":1775772814695,""stop"":1775772815042},{""start"":1775772815324,""stop"":1775772815329},{""start"":1775772851049,""stop"":1775772861877}]}",0.8999999999999999,0,0,0,0,0,0,x,0,2,they did get a fair amount of fuel during the auto ,they can shoot from anywhere and do sometimes have a hard time aligning ,they can shoot into their alliance zone from the opponents zone and a good amount of fuel.,181,268,268,blue,0,0,None,None,None,0,None,None,None,1,0,0,0,0,None,4,0,32,268,236,0,0
2026pncmp_qm11,qm,1,11,frc2521,frc1318,frc10991,frc2374,frc997,frc2521,frc10079,blue,Anders H,middle3,0,0,0,2.433,"{""version"":1,""segments"":[{""start"":1775772746622,""stop"":1775772748387},{""start"":1775772749270,""stop"":1775772749938}]}",0,"{""version"":1,""segments"":[]}",Auto 2,0,0,6.982,"{""version"":1,""segments"":[{""start"":1775772782176,""stop"":1775772782273},{""start"":1775772782629,""stop"":1775772785431},{""start"":1775772794456,""stop"":1775772796713},{""start"":1775772823500,""stop"":1775772825326}]}",11.09,"{""version"":1,""segments"":[{""start"":1775772806898,""stop"":1775772811210},{""start"":1775772835661,""stop"":1775772839148},{""start"":1775772853268,""stop"":1775772853844},{""start"":1775772881001,""stop"":1775772881876},{""start"":1775772887471,""stop"":1775772888277},{""start"":1775772893050,""stop"":1775772894084}]}",1.695,"{""version"":1,""segments"":[{""start"":1775772866578,""stop"":1775772868273}]}",1.7000000000000004,0,0,0,0,1,0,-.5,0,1,"very inaccurate, missed all shots. ",very slow shooter and inaccurate. started only shuttling through trenches once it realized it couldnt score as fast as teammates. ,Only shuttled but mostly under the trench with a little bit of slow inaccurate long shots from opponent zone. ,181,268,268,blue,0,0,None,None,None,0,None,None,None,1,0,0,0,0,None,4,0,32,268,236,0,0
2026pncmp_qm11,qm,1,11,frc10079,frc1318,frc10991,frc2374,frc997,frc2521,frc10079,blue,Eryn M,outpostWall5,0,0,0,2.847,"{""version"":1,""segments"":[{""start"":1775772752090,""stop"":1775772753629},{""start"":1775772757000,""stop"":1775772757491},{""start"":1775772758166,""stop"":1775772758983}]}",0,"{""version"":1,""segments"":[]}",,0,0,35.265,"{""version"":1,""segments"":[{""start"":1775772764631,""stop"":1775772772413},{""start"":1775772783712,""stop"":1775772783754},{""start"":1775772787467,""stop"":1775772788535},{""start"":1775772793894,""stop"":1775772796764},{""start"":1775772797681,""stop"":1775772798259},{""start"":1775772826995,""stop"":1775772833630},{""start"":1775772836060,""stop"":1775772836983},{""start"":1775772844769,""stop"":1775772846680},{""start"":1775772873084,""stop"":1775772873254},{""start"":1775772876318,""stop"":1775772878489},{""start"":1775772886920,""stop"":1775772895755},{""start"":1775772900808,""stop"":1775772903088}]}",0.14,"{""version"":1,""segments"":[{""start"":1775772806453,""stop"":1775772806593}]}",0,"{""version"":1,""segments"":[]}",0,0,0,0,0,0,0,x,x,1,jammed and didn't get to empty hopper before teleop,"greed consumed the driver's soul, thine hopper got jammed consistently but they're able to fix it with a small delay", just fillin up own hopper iirc,181,268,268,blue,0,0,None,None,None,0,None,None,None,1,0,0,0,0,None,4,0,32,268,236,0,0
2026pncmp_qm12,qm,1,12,frc3663,frc3663,frc1778,frc8896,frc4125,frc7034,frc488,red,naman p,depotWall1,0,0,0,7.016,"{""version"":1,""segments"":[{""start"":1775773230105,""stop"":1775773233858},{""start"":1775773234119,""stop"":1775773234739},{""start"":1775773240006,""stop"":1775773242649}]}",0,"{""version"":1,""segments"":[]}",,0,0,36.303,"{""version"":1,""segments"":[{""start"":1775773255460,""stop"":1775773257712},{""start"":1775773282693,""stop"":1775773287036},{""start"":1775773287317,""stop"":1775773289654},{""start"":1775773290154,""stop"":1775773290563},{""start"":1775773291398,""stop"":1775773293066},{""start"":1775773293689,""stop"":1775773293875},{""start"":1775773294367,""stop"":1775773295134},{""start"":1775773295325,""stop"":1775773295584},{""start"":1775773297786,""stop"":1775773300941},{""start"":1775773302596,""stop"":1775773303267},{""start"":1775773306109,""stop"":1775773307518},{""start"":1775773332075,""stop"":1775773337574},{""start"":1775773338273,""stop"":1775773340411},{""start"":1775773344986,""stop"":1775773346545},{""start"":1775773353083,""stop"":1775773353699},{""start"":1775773357908,""stop"":1775773358589},{""start"":1775773369485,""stop"":1775773370771},{""start"":1775773371071,""stop"":1775773372031},{""start"":1775773372290,""stop"":1775773373388},{""start"":1775773373998,""stop"":1775773374368},{""start"":1775773381779,""stop"":1775773382388},{""start"":1775773382638,""stop"":1775773383447},{""start"":1775773383698,""stop"":1775773384540},{""start"":1775773384760,""stop"":1775773387140}]}",13.392,"{""version"":1,""segments"":[{""start"":1775773262769,""stop"":1775773266133},{""start"":1775773266646,""stop"":1775773268981},{""start"":1775773273390,""stop"":1775773276953},{""start"":1775773280583,""stop"":1775773281190},{""start"":1775773314987,""stop"":1775773315987},{""start"":1775773324704,""stop"":1775773325622},{""start"":1775773326552,""stop"":1775773327831},{""start"":1775773331578,""stop"":1775773331904}]}",0,"{""version"":1,""segments"":[]}",0,0,0,0,0,0,0,x,.5,1,they had a great auto,they were very effective at shooting and were accurate while shooting on the move at a slow pace,they ferried frequently and effectively,212,212,210,red,0,0,None,None,None,0,None,None,None,0,5,0,0,0,None,3,0,77,212,130,0,0
2026pncmp_qm12,qm,1,12,frc1778,frc3663,frc1778,frc8896,frc4125,frc7034,frc488,red,,outpostWall5,0,0,0,5.072,"{""version"":1,""segments"":[{""start"":1775773234510,""stop"":1775773236865},{""start"":1775773245161,""stop"":1775773247878}]}",2.09,"{""version"":1,""segments"":[{""start"":1775773237353,""stop"":1775773238245},{""start"":1775773240325,""stop"":1775773241523}]}",Auto 1,0,113.79999999999781,2.579,"{""version"":1,""segments"":[{""start"":1775773253527,""stop"":1775773256000},{""start"":1775773258513,""stop"":1775773258619}]}",2.421,"{""version"":1,""segments"":[{""start"":1775773264418,""stop"":1775773265721},{""start"":1775773276617,""stop"":1775773277735}]}",0,"{""version"":1,""segments"":[]}",0,0,0,0,0,0,0,x,x,1,Can no into the center then go back and shoot then repeat all in auto,disabled for most of the mach,same as active,212,212,210,red,0,0,None,None,None,0,None,None,None,0,5,0,0,0,None,3,0,77,212,130,0,0
2026pncmp_qm12,qm,1,12,frc8896,frc3663,frc1778,frc8896,frc4125,frc7034,frc488,red,Adam M,middle3,0,0,0,3.644,"{""version"":1,""segments"":[{""start"":1775773233516,""stop"":1775773235004},{""start"":1775773235295,""stop"":1775773237451}]}",0,"{""version"":1,""segments"":[]}",,0,0,0,"{""version"":1,""segments"":[]}",0,"{""version"":1,""segments"":[]}",0,"{""version"":1,""segments"":[]}",0,0,0,0,0,1,0,1,x,1,simple score of preloaded fuel in the hopper,"amazing defense, was really body blocking, especially at the end",N/A,212,212,210,red,0,0,None,None,None,0,None,None,None,0,5,0,0,0,None,3,0,77,212,130,0,0
2026pncmp_qm12,qm,1,12,frc4125,frc3663,frc1778,frc8896,frc4125,frc7034,frc488,blue,Annalee. M,middle3,0,0,0,2.279,"{""version"":1,""segments"":[{""start"":1775773229770,""stop"":1775773232049}]}",0,"{""version"":1,""segments"":[]}",,0,0,5.012,"{""version"":1,""segments"":[{""start"":1775773271322,""stop"":1775773273030},{""start"":1775773382544,""stop"":1775773382593},{""start"":1775773382754,""stop"":1775773385789},{""start"":1775773388924,""stop"":1775773389144}]}",1.7,"{""version"":1,""segments"":[{""start"":1775773290057,""stop"":1775773291757}]}",11.618,"{""version"":1,""segments"":[{""start"":1775773300499,""stop"":1775773312117}]}",13.799999999999967,0,0,0,0,0,1,-.5,-.5,1,after shooting they did nothing just stopped,they can shoot but keep getting stuck on the trench so they couldn't get into their alliance zone to shoot,they also got stuck on the fuel while collecting it then stuck on the other alliances trench its a problem they barley shoot because of it,212,210,210,red,0,0,None,None,None,0,None,None,None,0,0,0,0,1,None,0,0,33,210,177,0,0
2026pncmp_qm12,qm,1,12,frc7034,frc3663,frc1778,frc8896,frc4125,frc7034,frc488,blue,Anders H,depotWall1,0,0,0,4.576,"{""version"":1,""segments"":[{""start"":1775773248068,""stop"":1775773252644}]}",0,"{""version"":1,""segments"":[]}",Auto 1,1,0,46.532,"{""version"":1,""segments"":[{""start"":1775773260003,""stop"":1775773266116},{""start"":1775773272211,""stop"":1775773274466},{""start"":1775773281335,""stop"":1775773285162},{""start"":1775773286116,""stop"":1775773286364},{""start"":1775773286752,""stop"":1775773287316},{""start"":1775773314684,""stop"":1775773318117},{""start"":1775773318881,""stop"":1775773322633},{""start"":1775773324281,""stop"":1775773326433},{""start"":1775773327040,""stop"":1775773327921},{""start"":1775773333268,""stop"":1775773333514},{""start"":1775773333587,""stop"":1775773333674},{""start"":1775773333755,""stop"":1775773337762},{""start"":1775773360529,""stop"":1775773361000},{""start"":1775773364712,""stop"":1775773371791},{""start"":1775773376528,""stop"":1775773379414},{""start"":1775773380928,""stop"":1775773380986},{""start"":1775773381182,""stop"":1775773381475},{""start"":1775773382065,""stop"":1775773382587},{""start"":1775773383530,""stop"":1775773383549},{""start"":1775773383550,""stop"":1775773389283},{""start"":1775773390709,""stop"":1775773392615}]}",7.822,"{""version"":1,""segments"":[{""start"":1775773299554,""stop"":1775773302349},{""start"":1775773345883,""stop"":1775773348675},{""start"":1775773350829,""stop"":1775773353064}]}",0,"{""version"":1,""segments"":[]}",1.0999999999999999,0,0,0,0,0,0,x,.5,3,collected and shot then got stuck on the inside of the trench and had to stop. ,shot with relatively good accuracy with a medium speed shooter. ,ferried from all zones but not as much as could have. ,212,210,210,red,0,0,None,None,None,0,None,None,None,0,0,0,0,1,None,0,0,33,210,177,0,0
2026pncmp_qm12,qm,1,12,frc488,frc3663,frc1778,frc8896,frc4125,frc7034,frc488,blue,Eryn M,depotWall1,0,0,0,1.883,"{""version"":1,""segments"":[{""start"":1775773240658,""stop"":1775773240937},{""start"":1775773241028,""stop"":1775773242632}]}",0,"{""version"":1,""segments"":[]}",,0,0,27.708,"{""version"":1,""segments"":[{""start"":1775773270215,""stop"":1775773274904},{""start"":1775773282073,""stop"":1775773283493},{""start"":1775773318499,""stop"":1775773325388},{""start"":1775773326177,""stop"":1775773328388},{""start"":1775773330231,""stop"":1775773330319},{""start"":1775773333560,""stop"":1775773335912},{""start"":1775773362139,""stop"":1775773362385},{""start"":1775773364296,""stop"":1775773369809},{""start"":1775773379161,""stop"":1775773381352},{""start"":1775773381932,""stop"":1775773382788},{""start"":1775773386689,""stop"":1775773387229},{""start"":1775773389808,""stop"":1775773390521}]}",2.328,"{""version"":1,""segments"":[{""start"":1775773298489,""stop"":1775773299107},{""start"":1775773305962,""stop"":1775773305971},{""start"":1775773306283,""stop"":1775773306825},{""start"":1775773310354,""stop"":1775773311513}]}",0.562,"{""version"":1,""segments"":[{""start"":1775773307135,""stop"":1775773307697}]}",0,0,0,0,0,0,0,x,x,1,didn't get to complete 2 cycles but got 1,"missed full hopper, balls seem to get a little jammed in their shooter ",using base of robot to ferry while filling hopper,212,210,210,red,0,0,None,None,None,0,None,None,None,0,0,0,0,1,None,0,0,33,210,177,0,0
2026pncmp_qm13,qm,1,13,frc4131,frc4131,frc8051,frc957,frc4061,frc9430,frc4089,red,Eve G,middle3,0,0,0,0,"{""version"":1,""segments"":[]}",0,"{""version"":1,""segments"":[]}",,0,63.600000000000634,0,"{""version"":1,""segments"":[]}",0,"{""version"":1,""segments"":[]}",0,"{""version"":1,""segments"":[]}",0,0,0,0,0,0,0,x,x,1,Inactive ,Broken/inactive,broken/inactive ,202,202,462,blue,0,0,None,None,None,0,None,None,None,0,0,0,0,0,None,0,0,39,202,163,0,0
2026pncmp_qm13,qm,1,13,frc8051,frc4131,frc8051,frc957,frc4061,frc9430,frc4089,red,Sofia C,outpostWall5,0,0,0,4.958,"{""version"":1,""segments"":[{""start"":1775773859791,""stop"":1775773861074},{""start"":1775773867191,""stop"":1775773869349},{""start"":1775773876551,""stop"":1775773878068}]}",0,"{""version"":1,""segments"":[]}",Auto 1,0,0,12.178,"{""version"":1,""segments"":[{""start"":1775773941563,""stop"":1775773945238},{""start"":1775773952778,""stop"":1775773954032},{""start"":1775773954828,""stop"":1775773957173},{""start"":1775773958198,""stop"":1775773958823},{""start"":1775773963709,""stop"":1775773966232},{""start"":1775773992405,""stop"":1775773994161}]}",1.165,"{""version"":1,""segments"":[{""start"":1775773921058,""stop"":1775773922223}]}",1.178,"{""version"":1,""segments"":[{""start"":1775774031274,""stop"":1775774032452}]}",0,0,0,0,0,0,0,x,0,1,can complete about 3 rounds of intaking from neutral zone and shooting out entire hopper. pretty fast intake ,really good at ferrying and can do so from anywhere on the field. Has really wide range. Shooting accuracy about 80%,really fast intake and great at ferrying balls from opppsing alliance zone ,202,202,462,blue,0,0,None,None,None,0,None,None,None,0,0,0,0,0,None,0,0,39,202,163,0,0
2026pncmp_qm13,qm,1,13,frc957,frc4131,frc8051,frc957,frc4061,frc9430,frc4089,red,Pranav K,depotWall1,1,0,0,5.46,"{""version"":1,""segments"":[{""start"":1775773866874,""stop"":1775773870828},{""start"":1775773873718,""stop"":1775773874586},{""start"":1775773875352,""stop"":1775773875990}]}",0,"{""version"":1,""segments"":[]}",Auto 1,0,0,28.707,"{""version"":1,""segments"":[{""start"":1775773887373,""stop"":1775773889141},{""start"":1775773893972,""stop"":1775773895290},{""start"":1775773895941,""stop"":1775773896870},{""start"":1775773897559,""stop"":1775773899478},{""start"":1775773908175,""stop"":1775773910391},{""start"":1775773913870,""stop"":1775773914818},{""start"":1775773918155,""stop"":1775773919536},{""start"":1775773931378,""stop"":1775773931597},{""start"":1775773939472,""stop"":1775773940021},{""start"":1775773942530,""stop"":1775773947029},{""start"":1775773954833,""stop"":1775773956551},{""start"":1775773957113,""stop"":1775773958741},{""start"":1775773961509,""stop"":1775773963606},{""start"":1775773995701,""stop"":1775773999599},{""start"":1775774005468,""stop"":1775774006630},{""start"":1775774018730,""stop"":1775774021188}]}",7.213,"{""version"":1,""segments"":[{""start"":1775773931778,""stop"":1775773934576},{""start"":1775773975268,""stop"":1775773977607},{""start"":1775773985934,""stop"":1775773988010}]}",0,"{""version"":1,""segments"":[]}",0,0,0,0,0,0,0,x,0,3,"decent auto, rammed into another bot but recovered well. Shot well, depot good","kinda fast bot, not the greatest at driving but shoots well and puts up a good number of balls, seems a little confused when driving, jumping around the field randomly.","good ferry, collect kinda well",202,202,462,blue,0,0,None,None,None,0,None,None,None,0,0,0,0,0,None,0,0,39,202,163,0,0
2026pncmp_qm13,qm,1,13,frc4061,frc4131,frc8051,frc957,frc4061,frc9430,frc4089,blue,Owen R,middle3,0,0,0,0.288,"{""version"":1,""segments"":[{""start"":1775773858521,""stop"":1775773858809}]}",0,"{""version"":1,""segments"":[]}",,0,0,0,"{""version"":1,""segments"":[]}",0,"{""version"":1,""segments"":[]}",0,"{""version"":1,""segments"":[]}",0,0,0,0,0,1,1,0,0,1,"Short Auto, just shot the starting load","Decent defense in the opposing zone, no attempts at scoring ","Decent push shuttle for fuel, no intake use, decent defense ",202,462,462,blue,0,0,None,None,None,0,None,None,None,1,0,0,0,0,None,5,1,77,462,385,0,0
2026pncmp_qm13,qm,1,13,frc9430,frc4131,frc8051,frc957,frc4061,frc9430,frc4089,blue,Hugh W,outpostWall5,0,0,0,6.86,"{""version"":1,""segments"":[{""start"":1775773867470,""stop"":1775773871374},{""start"":1775773874554,""stop"":1775773874800},{""start"":1775773876663,""stop"":1775773879373}]}",0,"{""version"":1,""segments"":[]}",,0,0,21.314,"{""version"":1,""segments"":[{""start"":1775773889886,""stop"":1775773892063},{""start"":1775773916628,""stop"":1775773921104},{""start"":1775773926550,""stop"":1775773926971},{""start"":1775773929170,""stop"":1775773933925},{""start"":1775773968297,""stop"":1775773971651},{""start"":1775773978649,""stop"":1775773979181},{""start"":1775773983188,""stop"":1775773985451},{""start"":1775774006804,""stop"":1775774010140}]}",3.952,"{""version"":1,""segments"":[{""start"":1775773905887,""stop"":1775773909404},{""start"":1775774034518,""stop"":1775774034554},{""start"":1775774034684,""stop"":1775774034702},{""start"":1775774034824,""stop"":1775774034841},{""start"":1775774035549,""stop"":1775774035913}]}",0,"{""version"":1,""segments"":[]}",0,0,0,0,0,0,0,x,1,1,Did very well in auto because it went to the neutral zone twice,Shooter most of the time,Mainly ferried,202,462,462,blue,0,0,None,None,None,0,None,None,None,1,0,0,0,0,None,5,1,77,462,385,0,0
2026pncmp_qm13,qm,1,13,frc4089,frc4131,frc8051,frc957,frc4061,frc9430,frc4089,blue,Alyson W,outpostWall5,0,0,0,9.796,"{""version"":1,""segments"":[{""start"":1775773863468,""stop"":1775773866366},{""start"":1775773866682,""stop"":1775773867900},{""start"":1775773868223,""stop"":1775773869101},{""start"":1775773873208,""stop"":1775773878010}]}",0,"{""version"":1,""segments"":[]}",Other,0,0,49.187,"{""version"":1,""segments"":[{""start"":1775773892396,""stop"":1775773893133},{""start"":1775773915951,""stop"":1775773924149},{""start"":1775773924436,""stop"":1775773925794},{""start"":1775773930276,""stop"":1775773933419},{""start"":1775773933740,""stop"":1775773935592},{""start"":1775773937447,""stop"":1775773941303},{""start"":1775773942263,""stop"":1775773942374},{""start"":1775773967623,""stop"":1775773969719},{""start"":1775773970101,""stop"":1775773974599},{""start"":1775773976893,""stop"":1775773981841},{""start"":1775773997138,""stop"":1775774002365},{""start"":1775774004387,""stop"":1775774012775},{""start"":1775774017549,""stop"":1775774022324}]}",14.803,"{""version"":1,""segments"":[{""start"":1775773893730,""stop"":1775773895953},{""start"":1775773897675,""stop"":1775773901780},{""start"":1775773905432,""stop"":1775773905960},{""start"":1775773944399,""stop"":1775773948081},{""start"":1775773949531,""stop"":1775773950948},{""start"":1775773956521,""stop"":1775773959369}]}",0,"{""version"":1,""segments"":[]}",0,0,0,0,0,0,0,x,1,1,-was able to intake and shoot balls very quickly ,"- can shoot while moving slowly
- good accuracy, shot balls fast, shot one ball at a time
- bot moves fast and never got stuck on game pieces","- can ferry balls long distance fairly fast
- only ferried in neutral zone
- I ranked it 3rd",202,462,462,blue,0,0,None,None,None,0,None,None,None,1,0,0,0,0,None,5,1,77,462,385,0,0
2026pncmp_qm14,qm,1,14,frc1294,frc1294,frc4450,frc1540,frc2412,frc948,frc360,red,Eve G,middle3,0,0,0,2.582,"{""version"":1,""segments"":[{""start"":1775774355574,""stop"":1775774356926},{""start"":1775774357038,""stop"":1775774358268}]}",0,"{""version"":1,""segments"":[]}",Auto 2,0,0,0,"{""version"":1,""segments"":[]}",0,"{""version"":1,""segments"":[]}",0,"{""version"":1,""segments"":[]}",0,0,0,0,0,0,0,0,x,1,"Backed up, scored preloaded balls, went back to original spot","tried to play defense, some what effective defense but not great",tried to play defense in other alliance zone,311,311,218,red,0,0,None,None,None,0,None,None,None,1,5,0,3,0,None,4,0,76,311,230,0,0
2026pncmp_qm14,qm,1,14,frc4450,frc1294,frc4450,frc1540,frc2412,frc948,frc360,red,Sofia C,depotWall1,0,0,0,7.094,"{""version"":1,""segments"":[{""start"":1775774351124,""stop"":1775774353660},{""start"":1775774358604,""stop"":1775774359601},{""start"":1775774360298,""stop"":1775774363674},{""start"":1775774368011,""stop"":1775774368196}]}",0,"{""version"":1,""segments"":[]}",Auto 1,0,0,9.621,"{""version"":1,""segments"":[{""start"":1775774410444,""stop"":1775774411362},{""start"":1775774413534,""stop"":1775774418535},{""start"":1775774424232,""stop"":1775774425550},{""start"":1775774426385,""stop"":1775774428769}]}",0,"{""version"":1,""segments"":[]}",1.065,"{""version"":1,""segments"":[{""start"":1775774384244,""stop"":1775774385309}]}",0,0,0,0,0,0,0,x,1,1,was able to complete 2 full rounds of intaking balls from the neutral zone and emptying entire hopper while shooting. High hopper capacity allowed them to score a lot. ,great accuracy and high throughput. slightly more susceptible to defense since they don't have a turret. ,"they mostly focused on collecting balls from opposing alliance zone. Since they have a really high hopper capacity, they were effective at stealing balls, however they were getting defended pretty well so they had some trouble while trying to make it back to their alliance zone. ",311,311,218,red,0,0,None,None,None,0,None,None,None,1,5,0,3,0,None,4,0,76,311,230,0,0
2026pncmp_qm14,qm,1,14,frc1540,frc1294,frc4450,frc1540,frc2412,frc948,frc360,red,Pranav K,outpostWall5,0,0,0,3.396,"{""version"":1,""segments"":[{""start"":1775774350383,""stop"":1775774350419},{""start"":1775774350582,""stop"":1775774351604},{""start"":1775774370889,""stop"":1775774373227}]}",0,"{""version"":1,""segments"":[]}",,1,0,52.183,"{""version"":1,""segments"":[{""start"":1775774376747,""stop"":1775774380433},{""start"":1775774384668,""stop"":1775774384731},{""start"":1775774404771,""stop"":1775774407649},{""start"":1775774409182,""stop"":1775774413259},{""start"":1775774419599,""stop"":1775774421986},{""start"":1775774423568,""stop"":1775774424096},{""start"":1775774424385,""stop"":1775774424526},{""start"":1775774426686,""stop"":1775774429202},{""start"":1775774436663,""stop"":1775774436732},{""start"":1775774454778,""stop"":1775774464451},{""start"":1775774465581,""stop"":1775774472623},{""start"":1775774473073,""stop"":1775774483592},{""start"":1775774499425,""stop"":1775774504210},{""start"":1775774506323,""stop"":1775774510142}]}",15.953,"{""version"":1,""segments"":[{""start"":1775774384908,""stop"":1775774389466},{""start"":1775774390164,""stop"":1775774392990},{""start"":1775774394600,""stop"":1775774395153},{""start"":1775774397055,""stop"":1775774397323},{""start"":1775774398885,""stop"":1775774399113},{""start"":1775774400336,""stop"":1775774400396},{""start"":1775774434091,""stop"":1775774435179},{""start"":1775774437756,""stop"":1775774444128}]}",0,"{""version"":1,""segments"":[]}",0,0,0,0,0,0,0,x,.5,1,"slammed into bump, began shooting from nz, a-stopped","really good shooter, puts up large amounts of balls, basically the only one shooting this match, got defended on but pulled through","spent most of shift ferrying, pretty good at it",311,311,218,red,0,0,None,None,None,0,None,None,None,1,5,0,3,0,None,4,0,76,311,230,0,0
2026pncmp_qm14,qm,1,14,frc2412,frc1294,frc4450,frc1540,frc2412,frc948,frc360,blue,Owen R,middle3,1,0,0,0.578,"{""version"":1,""segments"":[{""start"":1775774350381,""stop"":1775774350498},{""start"":1775774350590,""stop"":1775774350629},{""start"":1775774351052,""stop"":1775774351126},{""start"":1775774351329,""stop"":1775774351358},{""start"":1775774352107,""stop"":1775774352168},{""start"":1775774352558,""stop"":1775774352587},{""start"":1775774352857,""stop"":1775774353046},{""start"":1775774355831,""stop"":1775774355871}]}",0,"{""version"":1,""segments"":[]}",,0,0,5.302,"{""version"":1,""segments"":[{""start"":1775774376094,""stop"":1775774376124},{""start"":1775774376624,""stop"":1775774376693},{""start"":1775774377033,""stop"":1775774377083},{""start"":1775774379292,""stop"":1775774379392},{""start"":1775774379761,""stop"":1775774380022},{""start"":1775774381365,""stop"":1775774381445},{""start"":1775774428660,""stop"":1775774429258},{""start"":1775774429829,""stop"":1775774430556},{""start"":1775774431830,""stop"":1775774432468},{""start"":1775774433237,""stop"":1775774433588},{""start"":1775774437022,""stop"":1775774437351},{""start"":1775774442046,""stop"":1775774442723},{""start"":1775774451655,""stop"":1775774451853},{""start"":1775774485738,""stop"":1775774485949},{""start"":1775774486836,""stop"":1775774487154},{""start"":1775774488000,""stop"":1775774488356},{""start"":1775774490725,""stop"":1775774491034}]}",4.043,"{""version"":1,""segments"":[{""start"":1775774388135,""stop"":1775774388486},{""start"":1775774389515,""stop"":1775774389754},{""start"":1775774390538,""stop"":1775774390766},{""start"":1775774402565,""stop"":1775774402743},{""start"":1775774403133,""stop"":1775774403400},{""start"":1775774403824,""stop"":1775774404150},{""start"":1775774404522,""stop"":1775774404910},{""start"":1775774405380,""stop"":1775774405698},{""start"":1775774409185,""stop"":1775774409213},{""start"":1775774409694,""stop"":1775774409853},{""start"":1775774412533,""stop"":1775774412573},{""start"":1775774412961,""stop"":1775774413122},{""start"":1775774460531,""stop"":1775774461400},{""start"":1775774469954,""stop"":1775774470091},{""start"":1775774474656,""stop"":1775774475010}]}",0.088,"{""version"":1,""segments"":[{""start"":1775774467760,""stop"":1775774467798},{""start"":1775774468330,""stop"":1775774468380}]}",0,0,0,0,0,0,0,x,.5,1,"Great auto, interfered by another auto from the same alliance",Great consistent firing and intake,"Great shuttle from neutral zone, and quick hopper fill",311,218,218,red,0,0,None,None,None,0,None,None,None,0,45,0,0,1,None,0,0,42,218,131,0,0
2026pncmp_qm14,qm,1,14,frc948,frc1294,frc4450,frc1540,frc2412,frc948,frc360,blue,Hugh W,outpostWall5,1,0,0,1.176,"{""version"":1,""segments"":[{""start"":1775774352105,""stop"":1775774352801},{""start"":1775774362718,""stop"":1775774363198}]}",0,"{""version"":1,""segments"":[]}",,0,0,6.397,"{""version"":1,""segments"":[{""start"":1775774376093,""stop"":1775774377167},{""start"":1775774378950,""stop"":1775774380035},{""start"":1775774380355,""stop"":1775774382468},{""start"":1775774445469,""stop"":1775774447274},{""start"":1775774461101,""stop"":1775774461421}]}",0,"{""version"":1,""segments"":[]}",0,"{""version"":1,""segments"":[]}",2.400000000000001,0,0,0,0,1,0,-.5,0,2,Everything was already taken in the middle on the first go but they tried to get a couple a second time but since they were on the bump they shot into their field instead of the hjb,Got stuck for a short amount of time,Tried to defend during endgame but it didn't work ,311,218,218,red,0,0,None,None,None,0,None,None,None,0,45,0,0,1,None,0,0,42,218,131,0,0
2026pncmp_qm14,qm,1,14,frc360,frc1294,frc4450,frc1540,frc2412,frc948,frc360,blue,Alyson W,depotWall1,0,0,0,0,"{""version"":1,""segments"":[]}",0,"{""version"":1,""segments"":[]}",Other,0,0,0,"{""version"":1,""segments"":[]}",0.933,"{""version"":1,""segments"":[{""start"":1775774395668,""stop"":1775774396466},{""start"":1775774415844,""stop"":1775774415907},{""start"":1775774416040,""stop"":1775774416091},{""start"":1775774416301,""stop"":1775774416322}]}",0,"{""version"":1,""segments"":[]}",0,0,0,0,1,1,1,0,0,1,"intakes fuel in neutral zone, didn't move for the rest of auto","- after realizing it couldn't shoot balls, it started ferrying fuel using their intake
- I ranked them 2nd","- ferried fuel using intake for a bit before deciding to start playing defense
- pretty good defense in alliance zone, they were able to block two opp alliance robots from going back to their alliance hub for a good amount of time (without getting any fouls), they were blocking them from going over/under the bump/trench
- after defending in alliance zone, they tried to stop robots from scoring in opp alliance zone, did OK, robots were still able to shoot anyway",311,218,218,red,0,0,None,None,None,0,None,None,None,0,45,0,0,1,None,0,0,42,218,131,0,0
2026pncmp_qm15,qm,1,15,frc5937,frc5937,frc492,frc9450,frc4469,frc1425,frc753,red,Eve G,depotWall1,0,0,0,1.475,"{""version"":1,""segments"":[{""start"":1775775824655,""stop"":1775775825497},{""start"":1775775825537,""stop"":1775775826170}]}",0,"{""version"":1,""segments"":[]}",Auto 1,0,0,33.338,"{""version"":1,""segments"":[{""start"":1775775845489,""stop"":1775775845853},{""start"":1775775846085,""stop"":1775775846561},{""start"":1775775880221,""stop"":1775775880279},{""start"":1775775880327,""stop"":1775775890614},{""start"":1775775891416,""stop"":1775775897496},{""start"":1775775898842,""stop"":1775775903047},{""start"":1775775932998,""stop"":1775775944866}]}",4.664,"{""version"":1,""segments"":[{""start"":1775775830628,""stop"":1775775835292}]}",0,"{""version"":1,""segments"":[]}",0,0,0,0,0,0,0,x,x,2,decent auto,"scored some, ok shooter, ","Collected, wasn't very helpful",332,332,485,blue,0,0,None,None,None,0,None,None,None,1,0,0,0,0,None,1,0,51,332,281,0,0
2026pncmp_qm15,qm,1,15,frc492,frc5937,frc492,frc9450,frc4469,frc1425,frc753,red,Sofia C,outpostWall5,0,0,0,2.792,"{""version"":1,""segments"":[{""start"":1775775809949,""stop"":1775775810544},{""start"":1775775812009,""stop"":1775775814206}]}",0,"{""version"":1,""segments"":[]}",Side auto,0,0,9.288,"{""version"":1,""segments"":[{""start"":1775775897627,""stop"":1775775899192},{""start"":1775775900725,""stop"":1775775901013},{""start"":1775775933684,""stop"":1775775938485},{""start"":1775775939451,""stop"":1775775941925},{""start"":1775775943890,""stop"":1775775943994},{""start"":1775775945080,""stop"":1775775945136}]}",0,"{""version"":1,""segments"":[]}",0,"{""version"":1,""segments"":[]}",0,0,0,0,0,1,0,0,0,1,Was able to complete one whole round of collecting fuel in the neutral zone and then emptying their entire hopper while shooting. ,Didn't contribute much only until the end of the match. they mostly stayed in opponent zone and tried to defend. it looked like some part of their hopper broke off ,Was mostly defending on opponent zone but did not do any ferrying. ,332,332,485,blue,0,0,None,None,None,0,None,None,None,1,0,0,0,0,None,1,0,51,332,281,0,0
2026pncmp_qm15,qm,1,15,frc9450,frc5937,frc492,frc9450,frc4469,frc1425,frc753,red,Pranav K,depot2,0,0,0,0,"{""version"":1,""segments"":[]}",0,"{""version"":1,""segments"":[]}",Other,0,0,30.168,"{""version"":1,""segments"":[{""start"":1775775862087,""stop"":1775775864115},{""start"":1775775889557,""stop"":1775775897158},{""start"":1775775897609,""stop"":1775775898357},{""start"":1775775902954,""stop"":1775775906020},{""start"":1775775938950,""stop"":1775775942916},{""start"":1775775946254,""stop"":1775775951659},{""start"":1775775954398,""stop"":1775775955166},{""start"":1775775955257,""stop"":1775775960554},{""start"":1775775963801,""stop"":1775775965090}]}",0,"{""version"":1,""segments"":[]}",2.711,"{""version"":1,""segments"":[{""start"":1775775875156,""stop"":1775775877867}]}",10.699999999999978,0,0,0,0,0,0,x,-.5,2,"went to depot, tried collecting but barely did","Really good distance on shooter, shoots pretty well but misses some, intake is really bad, van barely collect though, held back significantly ","really good ferry, is shooting from opponent alliance wall into their alliance zone, insane distance, good otherwise, bad intake ",332,332,485,blue,0,0,None,None,None,0,None,None,None,1,0,0,0,0,None,1,0,51,332,281,0,0
2026pncmp_qm15,qm,1,15,frc4469,frc5937,frc492,frc9450,frc4469,frc1425,frc753,blue,Owen R,depotWall1,0,0,0,4.4,"{""version"":1,""segments"":[{""start"":1775775807578,""stop"":1775775810771},{""start"":1775775819043,""stop"":1775775820250}]}",0,"{""version"":1,""segments"":[]}",,0,0,24.135,"{""version"":1,""segments"":[{""start"":1775775829346,""stop"":1775775830664},{""start"":1775775831244,""stop"":1775775831900},{""start"":1775775834025,""stop"":1775775834046},{""start"":1775775834527,""stop"":1775775834654},{""start"":1775775859532,""stop"":1775775865296},{""start"":1775775879753,""stop"":1775775880826},{""start"":1775775910229,""stop"":1775775913264},{""start"":1775775922290,""stop"":1775775925429},{""start"":1775775938308,""stop"":1775775941021},{""start"":1775775943968,""stop"":1775775943987},{""start"":1775775951950,""stop"":1775775956464},{""start"":1775775962722,""stop"":1775775964478}]}",0,"{""version"":1,""segments"":[]}",0,"{""version"":1,""segments"":[]}",0,0,0,0,0,0,0,x,.5,3,"Great auto, filled hopper quickly, great accuracy and firing speed","Able to fill hopper quickly, very fast firing rate, consistent driving","Just filled up hopper, no attempt at shuttle",332,485,485,blue,0,0,None,None,None,20,None,None,Level2,1,0,0,0,0,None,5,1,80,485,405,20,0
2026pncmp_qm15,qm,1,15,frc1425,frc5937,frc492,frc9450,frc4469,frc1425,frc753,blue,Hugh W,depotWall1,1,0,0,5.038,"{""version"":1,""segments"":[{""start"":1775775810778,""stop"":1775775815454},{""start"":1775775823984,""stop"":1775775824346}]}",0,"{""version"":1,""segments"":[]}",,0,0,21.538,"{""version"":1,""segments"":[{""start"":1775775835018,""stop"":1775775836749},{""start"":1775775863706,""stop"":1775775868161},{""start"":1775775875453,""stop"":1775775877097},{""start"":1775775881188,""stop"":1775775881896},{""start"":1775775882160,""stop"":1775775883713},{""start"":1775775921098,""stop"":1775775924348},{""start"":1775775936504,""stop"":1775775937610},{""start"":1775775937838,""stop"":1775775939461},{""start"":1775775955945,""stop"":1775775960353},{""start"":1775775964986,""stop"":1775775965051},{""start"":1775775965589,""stop"":1775775965641},{""start"":1775775967206,""stop"":1775775968112},{""start"":1775775969557,""stop"":1775775969594}]}",0,"{""version"":1,""segments"":[]}",0,"{""version"":1,""segments"":[]}",0,0,0,1,0,1,0,0,.5,2,I don't remember what happened,Did pretty good but also another team did better,Didn't do much defense ,332,485,485,blue,0,0,None,None,None,20,None,None,Level2,1,0,0,0,0,None,5,1,80,485,405,20,0
2026pncmp_qm15,qm,1,15,frc753,frc5937,frc492,frc9450,frc4469,frc1425,frc753,blue,Alyson W,middle3,0,0,0,2.094,"{""version"":1,""segments"":[{""start"":1775775808911,""stop"":1775775809917},{""start"":1775775812262,""stop"":1775775813350}]}",0,"{""version"":1,""segments"":[]}",Other,0,0,18.668,"{""version"":1,""segments"":[{""start"":1775775844121,""stop"":1775775844466},{""start"":1775775862310,""stop"":1775775866329},{""start"":1775775880997,""stop"":1775775883970},{""start"":1775775913353,""stop"":1775775915890},{""start"":1775775916373,""stop"":1775775917188},{""start"":1775775930085,""stop"":1775775931191},{""start"":1775775931382,""stop"":1775775934324},{""start"":1775775939617,""stop"":1775775940219},{""start"":1775775941347,""stop"":1775775942309},{""start"":1775775952189,""stop"":1775775952959},{""start"":1775775953359,""stop"":1775775954956}]}",1.172,"{""version"":1,""segments"":[{""start"":1775775844759,""stop"":1775775845931}]}",0,"{""version"":1,""segments"":[]}",0,0,1,0,0,0,0,x,0,1,"shot three balls at once
Intakes at depot and shot once, paused, and shot some more","- shoots balls relatively fast
- can't hold a lot of fuel at once, so needs to go back and collect fuel again often
- shoots three balls at once, good accuracy
- moves a little slow and a little clunky","- ferries a little bit, mostly focuses on trying to collect fuel for when hub is active again
- I ranked it 2nd
- climbed l1 in endgame",332,485,485,blue,0,0,None,None,None,20,None,None,Level2,1,0,0,0,0,None,5,1,80,485,405,20,0
2026pncmp_qm16,qm,1,16,frc9023,frc9023,frc5468,frc1595,frc2046,frc2926,frc10416,red,,depotWall1,0,0,0,0,"{""version"":1,""segments"":[]}",0,"{""version"":1,""segments"":[]}",,0,0,0,"{""version"":1,""segments"":[]}",0,"{""version"":1,""segments"":[]}",0,"{""version"":1,""segments"":[]}",0,0,0,0,0,0,0,x,x,1,,,,184,184,428,blue,0,0,None,None,None,0,None,None,None,0,0,0,0,0,None,0,0,42,184,142,0,0
2026pncmp_qm16,qm,1,16,frc5468,frc9023,frc5468,frc1595,frc2046,frc2926,frc10416,red,Sofia C,depotWall1,0,0,0,6.387,"{""version"":1,""segments"":[{""start"":1775776256207,""stop"":1775776259905},{""start"":1775776263982,""stop"":1775776266146},{""start"":1775776267712,""stop"":1775776268237}]}",0,"{""version"":1,""segments"":[]}",Auto 1,0,0,10.535,"{""version"":1,""segments"":[{""start"":1775776285503,""stop"":1775776290141},{""start"":1775776295517,""stop"":1775776296051},{""start"":1775776301530,""stop"":1775776303066},{""start"":1775776337780,""stop"":1775776338224},{""start"":1775776339999,""stop"":1775776341213},{""start"":1775776342999,""stop"":1775776343373},{""start"":1775776347415,""stop"":1775776348699},{""start"":1775776351257,""stop"":1775776351768}]}",3.028,"{""version"":1,""segments"":[{""start"":1775776277470,""stop"":1775776279155},{""start"":1775776280453,""stop"":1775776281796}]}",0,"{""version"":1,""segments"":[]}",0,0,0,0,0,0,0,x,1,3,Really fast auto and was able to complete 2 round of collecting and scoring fuel. ,"Extremely accurate shooting on the move and high hopper capacity. High throughput. Despite getting defended, they had good driving skill which allowed them to evade opposing robots. ",Mostly used time to ferry from neutral zone. Their high throughput and hopper capacity allowed them to get a lot of balls to alliance zone. ,184,184,428,blue,0,0,None,None,None,0,None,None,None,0,0,0,0,0,None,0,0,42,184,142,0,0
2026pncmp_qm16,qm,1,16,frc1595,frc9023,frc5468,frc1595,frc2046,frc2926,frc10416,red,Pranav K,middle3,0,0,0,0,"{""version"":1,""segments"":[]}",0,"{""version"":1,""segments"":[]}",Other,0,0,0,"{""version"":1,""segments"":[]}",0.888,"{""version"":1,""segments"":[{""start"":1775776303703,""stop"":1775776304591}]}",0,"{""version"":1,""segments"":[]}",0,0,0,0,0,1,0,-.5,-.5,1,"inactive, none","basically useless most match, litterally just ball pushed and bad defense on bear metal","didn't do much, just ball push",184,184,428,blue,0,0,None,None,None,0,None,None,None,0,0,0,0,0,None,0,0,42,184,142,0,0
2026pncmp_qm16,qm,1,16,frc2046,frc9023,frc5468,frc1595,frc2046,frc2926,frc10416,blue,Aaden D,outpostWall5,0,0,0,7.018,"{""version"":1,""segments"":[{""start"":1775845692995,""stop"":1775845696910},{""start"":1775845702783,""stop"":1775845705886}]}",6.673,"{""version"":1,""segments"":[{""start"":1775845689299,""stop"":1775845691560},{""start"":1775845698216,""stop"":1775845701160},{""start"":1775845707737,""stop"":1775845709205}]}",,0,0,17.605,"{""version"":1,""segments"":[{""start"":1775845726186,""stop"":1775845729794},{""start"":1775845754749,""stop"":1775845758754},{""start"":1775845767104,""stop"":1775845769661},{""start"":1775845786145,""stop"":1775845788317},{""start"":1775845805995,""stop"":1775845809038},{""start"":1775845815115,""stop"":1775845817335}]}",22.1,"{""version"":1,""segments"":[{""start"":1775845720886,""stop"":1775845724534},{""start"":1775845732001,""stop"":1775845735937},{""start"":1775845740224,""stop"":1775845744378},{""start"":1775845746618,""stop"":1775845747317},{""start"":1775845774059,""stop"":1775845778400},{""start"":1775845790465,""stop"":1775845793237},{""start"":1775845823605,""stop"":1775845825638},{""start"":1775845826300,""stop"":1775845826817}]}",14.764,"{""version"":1,""segments"":[{""start"":1775845748557,""stop"":1775845750462},{""start"":1775845793703,""stop"":1775845804138},{""start"":1775845827330,""stop"":1775845829754}]}",0,0,0,0,0,0,0,x,x,1,,,,184,428,428,blue,0,0,None,None,None,0,None,None,None,1,0,0,0,0,None,5,1,85,428,343,0,0
2026pncmp_qm16,qm,1,16,frc2926,frc9023,frc5468,frc1595,frc2046,frc2926,frc10416,blue,Aaden D,middle3,0,0,0,1.874,"{""version"":1,""segments"":[{""start"":1775845935456,""stop"":1775845937330}]}",0,"{""version"":1,""segments"":[]}",,0,0,0,"{""version"":1,""segments"":[]}",1.844,"{""version"":1,""segments"":[{""start"":1775845954854,""stop"":1775845956698}]}",4.91,"{""version"":1,""segments"":[{""start"":1775845958688,""stop"":1775845962058},{""start"":1775845970755,""stop"":1775845971431},{""start"":1775845974381,""stop"":1775845975245}]}",0,0,0,0,0,0,0,x,x,1,,,,184,428,428,blue,0,0,None,None,None,0,None,None,None,1,0,0,0,0,None,5,1,85,428,343,0,0
2026pncmp_qm16,qm,1,16,frc10416,frc9023,frc5468,frc1595,frc2046,frc2926,frc10416,blue,Aaden D,depot2,0,0,0,3.47,"{""version"":1,""segments"":[{""start"":1775846286209,""stop"":1775846289679}]}",3.313,"{""version"":1,""segments"":[{""start"":1775846280552,""stop"":1775846283865}]}",,0,0,8.02,"{""version"":1,""segments"":[{""start"":1775846342612,""stop"":1775846344843},{""start"":1775846362179,""stop"":1775846364132},{""start"":1775846403687,""stop"":1775846407523}]}",37.954,"{""version"":1,""segments"":[{""start"":1775846326295,""stop"":1775846330795},{""start"":1775846331823,""stop"":1775846335828},{""start"":1775846336588,""stop"":1775846340584},{""start"":1775846348190,""stop"":1775846349748},{""start"":1775846350469,""stop"":1775846352303},{""start"":1775846353064,""stop"":1775846354047},{""start"":1775846358186,""stop"":1775846358535},{""start"":1775846359989,""stop"":1775846360487},{""start"":1775846369976,""stop"":1775846372158},{""start"":1775846375019,""stop"":1775846375784},{""start"":1775846376644,""stop"":1775846377438},{""start"":1775846378744,""stop"":1775846380142},{""start"":1775846381564,""stop"":1775846385174},{""start"":1775846386736,""stop"":1775846387541},{""start"":1775846390144,""stop"":1775846390870},{""start"":1775846391769,""stop"":1775846399717},{""start"":1775846410910,""stop"":1775846412913}]}",0,"{""version"":1,""segments"":[]}",7.899999999999988,0,0,0,0,0,0,x,x,1,,,,184,428,428,blue,0,0,None,None,None,0,None,None,None,1,0,0,0,0,None,5,1,85,428,343,0,0
2026pncmp_qm17,qm,1,17,frc2910,frc2910,frc4125,frc1983,frc2811,frc4512,frc10079,red,Eve G,depotWall1,0,0,0,3.58,"{""version"":1,""segments"":[{""start"":1775776766066,""stop"":1775776768700},{""start"":1775776791467,""stop"":1775776792413}]}",0,"{""version"":1,""segments"":[]}",,0,0,18.195,"{""version"":1,""segments"":[{""start"":1775776830956,""stop"":1775776837024},{""start"":1775776837644,""stop"":1775776838769},{""start"":1775776870453,""stop"":1775776872593},{""start"":1775776883287,""stop"":1775776885222},{""start"":1775776906794,""stop"":1775776910011},{""start"":1775776914599,""stop"":1775776915409},{""start"":1775776915908,""stop"":1775776918808}]}",1.248,"{""version"":1,""segments"":[{""start"":1775776921312,""stop"":1775776922560}]}",0,"{""version"":1,""segments"":[]}",0,0,0,0,0,0,0,x,.5,3,,"Scored lots really well, had heavy defense played on them but handled it pretty well. Shot lots at one time. Good shooter and hope capacity. Got pined by other alliance at one point",,308,308,272,red,0,0,None,None,None,0,None,None,None,1,35,0,0,0,None,4,0,80,308,193,0,0
2026pncmp_qm17,qm,1,17,frc4125,frc2910,frc4125,frc1983,frc2811,frc4512,frc10079,red,Sofia C,outpostWall5,0,0,0,1.756,"{""version"":1,""segments"":[{""start"":1775776767199,""stop"":1775776768955}]}",0,"{""version"":1,""segments"":[]}",Auto 1,0,0,0,"{""version"":1,""segments"":[]}",0,"{""version"":1,""segments"":[]}",1.57,"{""version"":1,""segments"":[{""start"":1775776826324,""stop"":1775776827449},{""start"":1775776829154,""stop"":1775776829599}]}",0,0,0,0,0,0,0,x,0,1,scored most of their points during auto. they seemed to stop early (just after 1 round of collecting and shooting),something seemed to be wrong with their intake. they mostly stayed on opponent zone trying to shuttle balls to neutral zone. This was pretty inneffective. ,did the same thing as in the active periods. Another thing to add is despite being a a bump bot(too tall to go under trench) they still had a little trouble getting over the bump. They almost got stuck several times. ,308,308,272,red,0,0,None,None,None,0,None,None,None,1,35,0,0,0,None,4,0,80,308,193,0,0
2026pncmp_qm17,qm,1,17,frc1983,frc2910,frc4125,frc1983,frc2811,frc4512,frc10079,red,,depotWall1,0,0,0,0,"{""version"":1,""segments"":[]}",0,"{""version"":1,""segments"":[]}",,0,0,0,"{""version"":1,""segments"":[]}",0,"{""version"":1,""segments"":[]}",0,"{""version"":1,""segments"":[]}",0,0,0,0,0,0,0,x,x,1,,,,308,308,272,red,0,0,None,None,None,0,None,None,None,1,35,0,0,0,None,4,0,80,308,193,0,0
2026pncmp_qm17,qm,1,17,frc2811,frc2910,frc4125,frc1983,frc2811,frc4512,frc10079,blue,Owen R,depot2,0,0,0,0.891,"{""version"":1,""segments"":[{""start"":1775776758870,""stop"":1775776759761}]}",0,"{""version"":1,""segments"":[]}",,1,0,0,"{""version"":1,""segments"":[]}",1.876,"{""version"":1,""segments"":[{""start"":1775776806125,""stop"":1775776806474},{""start"":1775776806932,""stop"":1775776807072},{""start"":1775776808101,""stop"":1775776808442},{""start"":1775776808935,""stop"":1775776809943},{""start"":1775776856762,""stop"":1775776856783},{""start"":1775776857543,""stop"":1775776857560}]}",2.117,"{""version"":1,""segments"":[{""start"":1775776811995,""stop"":1775776812991},{""start"":1775776813361,""stop"":1775776813420},{""start"":1775776813542,""stop"":1775776813549},{""start"":1775776813622,""stop"":1775776814100},{""start"":1775776855953,""stop"":1775776856142},{""start"":1775776893916,""stop"":1775776894275},{""start"":1775776897726,""stop"":1775776897748},{""start"":1775776898116,""stop"":1775776898123}]}",0,0,0,0,0,0,0,0,0,1,"Low Accuracy, only shot starting fuel","Good shuttle, good defense, good driving, no attempt at scoring","Alright defense, but racked up many fouls, good shuttle",308,272,272,red,0,0,None,None,None,0,None,None,None,1,0,0,2,1,None,1,0,55,272,217,0,0
2026pncmp_qm17,qm,1,17,frc4512,frc2910,frc4125,frc1983,frc2811,frc4512,frc10079,blue,Hugh W,outpostWall5,0,0,0,5.868,"{""version"":1,""segments"":[{""start"":1775776769076,""stop"":1775776771535},{""start"":1775776774429,""stop"":1775776776234},{""start"":1775776777121,""stop"":1775776778725}]}",0,"{""version"":1,""segments"":[]}",,0,0.7,32.112,"{""version"":1,""segments"":[{""start"":1775776800180,""stop"":1775776800697},{""start"":1775776802661,""stop"":1775776806584},{""start"":1775776814267,""stop"":1775776819623},{""start"":1775776843923,""stop"":1775776847428},{""start"":1775776855645,""stop"":1775776859848},{""start"":1775776860336,""stop"":1775776863856},{""start"":1775776868362,""stop"":1775776869000},{""start"":1775776895204,""stop"":1775776900578},{""start"":1775776911597,""stop"":1775776913615},{""start"":1775776921474,""stop"":1775776924532}]}",2.012,"{""version"":1,""segments"":[{""start"":1775776839266,""stop"":1775776841019},{""start"":1775776848504,""stop"":1775776848763}]}",0,"{""version"":1,""segments"":[]}",0,0,0,0,0,0,0,x,.5,2,Did really good,Shooter most of the time no defense,No defense really but decent shuttling,308,272,272,red,0,0,None,None,None,0,None,None,None,1,0,0,2,1,None,1,0,55,272,217,0,0
2026pncmp_qm17,qm,1,17,frc10079,frc2910,frc4125,frc1983,frc2811,frc4512,frc10079,blue,Alyson W,outpostWall5,0,0,0,4.773,"{""version"":1,""segments"":[{""start"":1775776770991,""stop"":1775776774186},{""start"":1775776775283,""stop"":1775776776861}]}",0,"{""version"":1,""segments"":[]}",Other,0,0,3.146,"{""version"":1,""segments"":[{""start"":1775776806414,""stop"":1775776806697},{""start"":1775776807666,""stop"":1775776807947},{""start"":1775776844449,""stop"":1775776847031}]}",0,"{""version"":1,""segments"":[]}",0,"{""version"":1,""segments"":[]}",0,0,0,0,0,0,0,x,0,1,"Extremely slow
Intaked in neutral zone, only shot once","- not the best shooting, ok accuracy, slow shooting, only shoot one ball at a time, sometimes it kept trying to rearrange itself and aim at the hub but never shot
- one time, when it did try to shoot, it accidentally shot too far and the fuel went into neutral zone
- I think it decided to give up from shooting and give fuel to human players for them to throw into the hub during endgame",- pushed fuel into alliance zone and outpost for human players,308,272,272,red,0,0,None,None,None,0,None,None,None,1,0,0,2,1,None,1,0,55,272,217,0,0
2026pncmp_qm18,qm,1,18,frc9430,frc9430,frc2471,frc8248,frc955,frc2521,frc3663,red,Eve G,outpostWall5,0,0,0,1.572,"{""version"":1,""segments"":[{""start"":1775777368329,""stop"":1775777369901}]}",0,"{""version"":1,""segments"":[]}",Other,0,115.7999999999977,2.436,"{""version"":1,""segments"":[{""start"":1775777373575,""stop"":1775777376011}]}",0,"{""version"":1,""segments"":[]}",0,"{""version"":1,""segments"":[]}",0,0,0,0,0,0,0,x,x,1,Did well in auto and scored a lot,inactive/broken,inactive/broken,223,223,453,blue,0,0,None,None,None,0,None,None,None,0,0,0,0,1,None,0,0,68,223,155,0,0
2026pncmp_qm18,qm,1,18,frc2471,frc9430,frc2471,frc8248,frc955,frc2521,frc3663,red,Sofia C,depotWall1,0,0,0,1.691,"{""version"":1,""segments"":[{""start"":1775777357816,""stop"":1775777358352},{""start"":1775777360834,""stop"":1775777361361},{""start"":1775777371558,""stop"":1775777372186}]}",0,"{""version"":1,""segments"":[]}",Other,0,0,9.518,"{""version"":1,""segments"":[{""start"":1775777380032,""stop"":1775777384201},{""start"":1775777385448,""stop"":1775777386424},{""start"":1775777393935,""stop"":1775777397539},{""start"":1775777398073,""stop"":1775777398498},{""start"":1775777398934,""stop"":1775777399278}]}",0,"{""version"":1,""segments"":[]}",0,"{""version"":1,""segments"":[]}",0,0,0,0,0,0,0,x,1,1,A ball got jammed preventing them from scoring ,"They got disables pretty early on. During the time they were functioning, they had high throughput and almost 100% accuracy. super high hopper capacity. they have really effective driving making them really fast when turning and going through trench. ",Got disabled so couldn't do much ,223,223,453,blue,0,0,None,None,None,0,None,None,None,0,0,0,0,1,None,0,0,68,223,155,0,0
2026pncmp_qm18,qm,1,18,frc8248,frc9430,frc2471,frc8248,frc955,frc2521,frc3663,red,Pranav K,depotWall1,0,0,0,2.569,"{""version"":1,""segments"":[{""start"":1775777360453,""stop"":1775777362620},{""start"":1775777364880,""stop"":1775777365282}]}",0,"{""version"":1,""segments"":[]}",Auto 2,0,0,16.504,"{""version"":1,""segments"":[{""start"":1775777389293,""stop"":1775777389384},{""start"":1775777397697,""stop"":1775777401582},{""start"":1775777413324,""stop"":1775777413825},{""start"":1775777440717,""stop"":1775777442256},{""start"":1775777452734,""stop"":1775777454574},{""start"":1775777490767,""stop"":1775777494325},{""start"":1775777501910,""stop"":1775777504828},{""start"":1775777507735,""stop"":1775777508388},{""start"":1775777525820,""stop"":1775777527339}]}",5.985,"{""version"":1,""segments"":[{""start"":1775777389268,""stop"":1775777389334},{""start"":1775777389927,""stop"":1775777391244},{""start"":1775777424986,""stop"":1775777427652},{""start"":1775777429417,""stop"":1775777430325},{""start"":1775777435101,""stop"":1775777436129}]}",0,"{""version"":1,""segments"":[]}",10.899999999999977,0,0,0,0,0,0,x,0,1,"depot, then shoot. No climb","decent shooter, decent collect, average bot, good accuracy",Nice ferry,223,223,453,blue,0,0,None,None,None,0,None,None,None,0,0,0,0,1,None,0,0,68,223,155,0,0
2026pncmp_qm18,qm,1,18,frc955,frc9430,frc2471,frc8248,frc955,frc2521,frc3663,blue,Owen R,depotWall1,0,0,0,6.794,"{""version"":1,""segments"":[{""start"":1775777355553,""stop"":1775777356170},{""start"":1775777356544,""stop"":1775777358977},{""start"":1775777365426,""stop"":1775777368991},{""start"":1775777371719,""stop"":1775777371898}]}",0,"{""version"":1,""segments"":[]}",,0,0,39.251,"{""version"":1,""segments"":[{""start"":1775777382409,""stop"":1775777383566},{""start"":1775777412093,""stop"":1775777414218},{""start"":1775777414940,""stop"":1775777421312},{""start"":1775777423982,""stop"":1775777428405},{""start"":1775777428688,""stop"":1775777429013},{""start"":1775777432737,""stop"":1775777433165},{""start"":1775777461804,""stop"":1775777469085},{""start"":1775777469647,""stop"":1775777471170},{""start"":1775777471364,""stop"":1775777471862},{""start"":1775777472003,""stop"":1775777472753},{""start"":1775777473772,""stop"":1775777474490},{""start"":1775777476297,""stop"":1775777479391},{""start"":1775777479751,""stop"":1775777480539},{""start"":1775777482690,""stop"":1775777484628},{""start"":1775777485959,""stop"":1775777486648},{""start"":1775777497182,""stop"":1775777498562},{""start"":1775777500150,""stop"":1775777501541},{""start"":1775777503088,""stop"":1775777504903},{""start"":1775777509460,""stop"":1775777511666},{""start"":1775777513015,""stop"":1775777513141},{""start"":1775777513914,""stop"":1775777514110},{""start"":1775777514281,""stop"":1775777514289},{""start"":1775777514745,""stop"":1775777514765}]}",3.221,"{""version"":1,""segments"":[{""start"":1775777398037,""stop"":1775777398583},{""start"":1775777443252,""stop"":1775777444001},{""start"":1775777446908,""stop"":1775777448746},{""start"":1775777457690,""stop"":1775777457778}]}",0.789,"{""version"":1,""segments"":[{""start"":1775777399296,""stop"":1775777400085}]}",0,0,0,0,0,0,0,x,.5,3,"Great auto, consistent fuel flow","great driving, no threat from defense, consistent fuel flow, great intake",great shuttle and intake,223,453,453,blue,0,0,None,None,None,0,None,None,None,1,5,0,0,0,None,5,1,86,453,362,0,0
2026pncmp_qm18,qm,1,18,frc2521,frc9430,frc2471,frc8248,frc955,frc2521,frc3663,blue,"Hugh W
",middle3,0,0,0,0,"{""version"":1,""segments"":[]}",0,"{""version"":1,""segments"":[]}",,0,18.099999999999987,4.703,"{""version"":1,""segments"":[{""start"":1775777416570,""stop"":1775777418077},{""start"":1775777437685,""stop"":1775777439453},{""start"":1775777459534,""stop"":1775777460274},{""start"":1775777462069,""stop"":1775777462331},{""start"":1775777499414,""stop"":1775777499840}]}",5.508,"{""version"":1,""segments"":[{""start"":1775777402280,""stop"":1775777404080},{""start"":1775777406172,""stop"":1775777408909},{""start"":1775777460790,""stop"":1775777461761}]}",0,"{""version"":1,""segments"":[]}",16.89999999999997,0,0,0,0,0,0,x,-.5,1,Moved and then didnt do anything,Didnt shoot much,THEY FLIPPED OVER,223,453,453,blue,0,0,None,None,None,0,None,None,None,1,5,0,0,0,None,5,1,86,453,362,0,0
2026pncmp_qm18,qm,1,18,frc3663,frc9430,frc2471,frc8248,frc955,frc2521,frc3663,blue,Alyson W,outpostWall5,1,0,0,5.458,"{""version"":1,""segments"":[{""start"":1775777357372,""stop"":1775777360060},{""start"":1775777361704,""stop"":1775777362403},{""start"":1775777368436,""stop"":1775777370507}]}",0,"{""version"":1,""segments"":[]}",Other,0,0,37.211,"{""version"":1,""segments"":[{""start"":1775777382237,""stop"":1775777385675},{""start"":1775777411321,""stop"":1775777412745},{""start"":1775777413151,""stop"":1775777416489},{""start"":1775777416571,""stop"":1775777417114},{""start"":1775777417554,""stop"":1775777418745},{""start"":1775777419164,""stop"":1775777421275},{""start"":1775777424175,""stop"":1775777426293},{""start"":1775777426947,""stop"":1775777433766},{""start"":1775777461727,""stop"":1775777463749},{""start"":1775777476885,""stop"":1775777481674},{""start"":1775777483257,""stop"":1775777485072},{""start"":1775777488061,""stop"":1775777488725},{""start"":1775777489255,""stop"":1775777490415},{""start"":1775777495928,""stop"":1775777497469},{""start"":1775777499374,""stop"":1775777500896},{""start"":1775777504606,""stop"":1775777504903},{""start"":1775777508855,""stop"":1775777511115},{""start"":1775777514579,""stop"":1775777514738}]}",16.571,"{""version"":1,""segments"":[{""start"":1775777392734,""stop"":1775777396281},{""start"":1775777396778,""stop"":1775777397070},{""start"":1775777397955,""stop"":1775777398955},{""start"":1775777400723,""stop"":1775777401620},{""start"":1775777403104,""stop"":1775777405278},{""start"":1775777440467,""stop"":1775777444723},{""start"":1775777447982,""stop"":1775777450682},{""start"":1775777454634,""stop"":1775777456339}]}",0,"{""version"":1,""segments"":[]}",0,0,0,0,0,0,0,x,.5,3,intakes in neutral zone and shoots from the trench twice,"- can shoot while moving with good accuracy, relatively quick shooting unless running low on fuel, shoots one ball at a time
- fairly good driving, fast and didn't get stuck much","I ranked them 3rd
Ferried using shooter from neutral zone relatively quick",223,453,453,blue,0,0,None,None,None,0,None,None,None,1,5,0,0,0,None,5,1,86,453,362,0,0
2026pncmp_qm19,qm,1,19,frc2412,frc2412,frc1540,frc6696,frc10991,frc2522,frc1778,red,Meri H,depotWall1,0,0,0,6.423,"{""version"":1,""segments"":[{""start"":1775777852346,""stop"":1775777854974},{""start"":1775777855867,""stop"":1775777856349},{""start"":1775777864249,""stop"":1775777864774},{""start"":1775777866296,""stop"":1775777866334},{""start"":1775777866979,""stop"":1775777867366},{""start"":1775777869517,""stop"":1775777871880}]}",0,"{""version"":1,""segments"":[]}",Auto 1,0,0,20.184,"{""version"":1,""segments"":[{""start"":1775777881143,""stop"":1775777882972},{""start"":1775777883202,""stop"":1775777883620},{""start"":1775777885426,""stop"":1775777886680},{""start"":1775777887792,""stop"":1775777887911},{""start"":1775777905076,""stop"":1775777905427},{""start"":1775777905778,""stop"":1775777905877},{""start"":1775777931848,""stop"":1775777935601},{""start"":1775777979321,""stop"":1775777979699},{""start"":1775777979849,""stop"":1775777983385},{""start"":1775777983915,""stop"":1775777984874},{""start"":1775777985234,""stop"":1775777986113},{""start"":1775777986433,""stop"":1775777987132},{""start"":1775777987602,""stop"":1775777988461},{""start"":1775777989141,""stop"":1775777989401},{""start"":1775777990662,""stop"":1775777990874},{""start"":1775777991531,""stop"":1775777991690},{""start"":1775777992683,""stop"":1775777992804},{""start"":1775777993433,""stop"":1775777993582},{""start"":1775777996663,""stop"":1775777996760},{""start"":1775777997031,""stop"":1775777997789},{""start"":1775777998019,""stop"":1775777999030},{""start"":1775777999358,""stop"":1775778000276},{""start"":1775778002936,""stop"":1775778003236},{""start"":1775778004549,""stop"":1775778004919},{""start"":1775778005846,""stop"":1775778006303},{""start"":1775778007376,""stop"":1775778007615}]}",11.731,"{""version"":1,""segments"":[{""start"":1775777906777,""stop"":1775777910583},{""start"":1775777931252,""stop"":1775777931338},{""start"":1775777952946,""stop"":1775777956167},{""start"":1775777965806,""stop"":1775777965873},{""start"":1775777965983,""stop"":1775777966052},{""start"":1775777966126,""stop"":1775777967780},{""start"":1775777969781,""stop"":1775777971580},{""start"":1775777971769,""stop"":1775777972798}]}",0,"{""version"":1,""segments"":[]}",0,0,0,0,0,0,0,x,1,1,,"Was defended against during active periods, avoided by driving away",ferried during inactive shifts,428,428,292,red,0,0,None,None,None,0,None,None,None,1,0,0,1,0,None,5,1,46,428,382,0,0
2026pncmp_qm19,qm,1,19,frc1540,frc2412,frc1540,frc6696,frc10991,frc2522,frc1778,red,Aaden D,depot2,0,0,0,0,"{""version"":1,""segments"":[]}",0,"{""version"":1,""segments"":[]}",,0,0,50.341,"{""version"":1,""segments"":[{""start"":1775839878484,""stop"":1775839890275},{""start"":1775839944229,""stop"":1775839970913},{""start"":1775839993052,""stop"":1775839999039},{""start"":1775839999968,""stop"":1775840000732},{""start"":1775840019534,""stop"":1775840024649}]}",37.346,"{""version"":1,""segments"":[{""start"":1775839866763,""stop"":1775839876812},{""start"":1775839898833,""stop"":1775839903304},{""start"":1775839939097,""stop"":1775839943736},{""start"":1775839971619,""stop"":1775839977990},{""start"":1775839983135,""stop"":1775839990984},{""start"":1775839991745,""stop"":1775839991935},{""start"":1775840009053,""stop"":1775840012096},{""start"":1775840016533,""stop"":1775840017267}]}",12.022,"{""version"":1,""segments"":[{""start"":1775839924167,""stop"":1775839934413},{""start"":1775839979727,""stop"":1775839981503}]}",0,0,0,0,0,0,0,x,.5,1,"Ran their auto and picked up fuel, but never scored it despite being fully aligned.","consistent scorer, adapts well to movement/bumping from opponent defense while actively shooting.","switched between shuttling balls from neutral zone and opponent side, actively prepped to score at end of inactive.",428,428,292,red,0,0,None,None,None,0,None,None,None,1,0,0,1,0,None,5,1,46,428,382,0,0
2026pncmp_qm19,qm,1,19,frc6696,frc2412,frc1540,frc6696,frc10991,frc2522,frc1778,red,Archer B,outpostWall5,0,0,0,0,"{""version"":1,""segments"":[]}",1.255,"{""version"":1,""segments"":[{""start"":1775777864971,""stop"":1775777865136},{""start"":1775777877973,""stop"":1775777878429},{""start"":1775777878796,""stop"":1775777879430}]}",,0,0,33.007,"{""version"":1,""segments"":[{""start"":1775777898308,""stop"":1775777898544},{""start"":1775777898780,""stop"":1775777902121},{""start"":1775777902533,""stop"":1775777910914},{""start"":1775777944245,""stop"":1775777964316},{""start"":1775777966628,""stop"":1775777967020},{""start"":1775777968416,""stop"":1775777968478},{""start"":1775778014903,""stop"":1775778015276},{""start"":1775778015415,""stop"":1775778015566}]}",10.117,"{""version"":1,""segments"":[{""start"":1775777905957,""stop"":1775777906238},{""start"":1775777971151,""stop"":1775777979374},{""start"":1775778011073,""stop"":1775778011554},{""start"":1775778013012,""stop"":1775778014144}]}",0,"{""version"":1,""segments"":[]}",0,0,0,0,0,0,0,x,0,2,ferried using shooter ,scored some fuel,ferried a lot,428,428,292,red,0,0,None,None,None,0,None,None,None,1,0,0,1,0,None,5,1,46,428,382,0,0
2026pncmp_qm19,qm,1,19,frc10991,frc2412,frc1540,frc6696,frc10991,frc2522,frc1778,blue,Gabriel D,middle3,0,0,0,0,"{""version"":1,""segments"":[]}",0,"{""version"":1,""segments"":[]}",,0,0,7.831,"{""version"":1,""segments"":[{""start"":1775777961040,""stop"":1775777968871}]}",20.797,"{""version"":1,""segments"":[{""start"":1775777947602,""stop"":1775777956753},{""start"":1775777969382,""stop"":1775777978182},{""start"":1775777980521,""stop"":1775777983367}]}",0,"{""version"":1,""segments"":[]}",0,0,0,0,0,1,0,0,-.5,1,No auto,Couldn't shoot,"Tried to defend but was not effective, brought some balls to the shooting zone
",428,292,292,red,0,15,None,Level1,None,0,None,None,None,1,15,0,0,0,None,1,0,93,292,184,15,0
2026pncmp_qm19,qm,1,19,frc2522,frc2412,frc1540,frc6696,frc10991,frc2522,frc1778,blue,,depotWall1,0,0,0,0,"{""version"":1,""segments"":[]}",0,"{""version"":1,""segments"":[]}",,0,0,0,"{""version"":1,""segments"":[]}",0,"{""version"":1,""segments"":[]}",0,"{""version"":1,""segments"":[]}",0,0,0,0,0,0,0,x,x,1,,,,428,292,292,red,0,15,None,Level1,None,0,None,None,None,1,15,0,0,0,None,1,0,93,292,184,15,0
2026pncmp_qm19,qm,1,19,frc1778,frc2412,frc1540,frc6696,frc10991,frc2522,frc1778,blue,Hendrix D,outpostWall5,0,0,0,6.49,"{""version"":1,""segments"":[{""start"":1775777854066,""stop"":1775777857331},{""start"":1775777864708,""stop"":1775777867933}]}",0,"{""version"":1,""segments"":[]}",Auto 1,0,0,37.472,"{""version"":1,""segments"":[{""start"":1775777873957,""stop"":1775777876739},{""start"":1775777880932,""stop"":1775777882505},{""start"":1775777909218,""stop"":1775777915217},{""start"":1775777920007,""stop"":1775777921659},{""start"":1775777922143,""stop"":1775777922669},{""start"":1775777925568,""stop"":1775777925589},{""start"":1775777928536,""stop"":1775777928916},{""start"":1775777931961,""stop"":1775777933494},{""start"":1775777957360,""stop"":1775777964177},{""start"":1775777968497,""stop"":1775777970444},{""start"":1775777971623,""stop"":1775777971782},{""start"":1775777972413,""stop"":1775777972724},{""start"":1775777974689,""stop"":1775777974991},{""start"":1775777976600,""stop"":1775777977348},{""start"":1775777984261,""stop"":1775777984582},{""start"":1775777984979,""stop"":1775777987107},{""start"":1775777994071,""stop"":1775777994570},{""start"":1775777997446,""stop"":1775778004910},{""start"":1775778005368,""stop"":1775778006777},{""start"":1775778007687,""stop"":1775778007937},{""start"":1775778010053,""stop"":1775778010704}]}",0,"{""version"":1,""segments"":[]}",0,"{""version"":1,""segments"":[]}",0,0,0,0,0,1,0,0,.5,3,"got 2 cycles off, but did not empty either time","Focused on shooting on the move, were able to intake decently well but could not intake to much atonce",focused on defending ands stealing fuel from the opposing alliance. Was able to do some quick disruptive hits and made it harder for the opposing alliance to have fuel,428,292,292,red,0,15,None,Level1,None,0,None,None,None,1,15,0,0,0,None,1,0,93,292,184,15,0
2026pncmp_qm2,qm,1,2,frc955,frc955,frc4469,frc10079,frc1294,frc3674,frc4131,red,Pranav K,depotWall1,0,0,0,10.423,"{""version"":1,""segments"":[{""start"":1775843959765,""stop"":1775843962881},{""start"":1775843969410,""stop"":1775843976717}]}",0,"{""version"":1,""segments"":[]}",,0,0,58.165,"{""version"":1,""segments"":[{""start"":1775843985306,""stop"":1775843990156},{""start"":1775843992947,""stop"":1775843993284},{""start"":1775844016271,""stop"":1775844021054},{""start"":1775844022050,""stop"":1775844022488},{""start"":1775844059704,""stop"":1775844071520},{""start"":1775844074456,""stop"":1775844076947},{""start"":1775844103670,""stop"":1775844104957},{""start"":1775844105049,""stop"":1775844111263},{""start"":1775844113006,""stop"":1775844116880},{""start"":1775844117768,""stop"":1775844122031},{""start"":1775844125312,""stop"":1775844128476},{""start"":1775844130809,""stop"":1775844133416},{""start"":1775844137308,""stop"":1775844139861},{""start"":1775844146862,""stop"":1775844150628},{""start"":1775844153152,""stop"":1775844158874}]}",13.616,"{""version"":1,""segments"":[{""start"":1775843993413,""stop"":1775844002725},{""start"":1775844005726,""stop"":1775844009800},{""start"":1775844083513,""stop"":1775844083628},{""start"":1775844090784,""stop"":1775844090899}]}",0.302,"{""version"":1,""segments"":[{""start"":1775844091307,""stop"":1775844091609}]}",0,0,0,0,0,0,0,x,x,1,,,,469,469,242,red,0,0,None,None,None,0,None,None,None,1,10,0,0,0,None,5,1,101,469,358,0,0
2026pncmp_qm2,qm,1,2,frc4469,frc955,frc4469,frc10079,frc1294,frc3674,frc4131,red,Eve G,outpostWall5,0,0,0,1.557,"{""version"":1,""segments"":[{""start"":1775767404158,""stop"":1775767405715}]}",0,"{""version"":1,""segments"":[]}",Other,0,0,20.325,"{""version"":1,""segments"":[{""start"":1775767434710,""stop"":1775767440481},{""start"":1775767457002,""stop"":1775767459477},{""start"":1775767486729,""stop"":1775767490587},{""start"":1775767507324,""stop"":1775767509627},{""start"":1775767518658,""stop"":1775767522661},{""start"":1775767522701,""stop"":1775767522860},{""start"":1775767538018,""stop"":1775767539774}]}",4.715,"{""version"":1,""segments"":[{""start"":1775767417621,""stop"":1775767419277},{""start"":1775767420063,""stop"":1775767421928},{""start"":1775767499175,""stop"":1775767500369}]}",0,"{""version"":1,""segments"":[]}",0,0,0,0,0,0,0,x,.5,2,,Shoots very accurately and greenbelt from very close to the hub but can also shot from further away.,"ferried and collected, has big hopper that fits lot of fuel. ",469,469,242,red,0,0,None,None,None,0,None,None,None,1,10,0,0,0,None,5,1,101,469,358,0,0
2026pncmp_qm2,qm,1,2,frc10079,frc955,frc4469,frc10079,frc1294,frc3674,frc4131,red,Adam M,middle3,0,0,0,2.348,"{""version"":1,""segments"":[{""start"":1775767390419,""stop"":1775767392499},{""start"":1775767395196,""stop"":1775767395464}]}",0,"{""version"":1,""segments"":[]}",,0,0,9.804,"{""version"":1,""segments"":[{""start"":1775767404163,""stop"":1775767404253},{""start"":1775767405106,""stop"":1775767405423},{""start"":1775767440622,""stop"":1775767441830},{""start"":1775767442783,""stop"":1775767443373},{""start"":1775767444914,""stop"":1775767445305},{""start"":1775767446177,""stop"":1775767446697},{""start"":1775767447623,""stop"":1775767448628},{""start"":1775767449081,""stop"":1775767449619},{""start"":1775767450383,""stop"":1775767451032},{""start"":1775767451721,""stop"":1775767451924},{""start"":1775767492377,""stop"":1775767494497},{""start"":1775767495650,""stop"":1775767497131},{""start"":1775767502829,""stop"":1775767503163},{""start"":1775767503401,""stop"":1775767503490},{""start"":1775767503600,""stop"":1775767503662},{""start"":1775767503780,""stop"":1775767503830},{""start"":1775767503941,""stop"":1775767504002},{""start"":1775767504121,""stop"":1775767504217}]}",0.089,"{""version"":1,""segments"":[{""start"":1775767478329,""stop"":1775767478418}]}",1.848,"{""version"":1,""segments"":[{""start"":1775767478749,""stop"":1775767480597}]}",0,0,0,0,0,0,0,x,x,2,"slow auto, they seem to reload their hopper to score",light ferrying from opposite side. Slow reloading type of shooter system. No defense.,Ferrying from opposite side and no intended defense.,469,469,242,red,0,0,None,None,None,0,None,None,None,1,10,0,0,0,None,5,1,101,469,358,0,0
2026pncmp_qm2,qm,1,2,frc1294,frc955,frc4469,frc10079,frc1294,frc3674,frc4131,blue,Archer B,outpostWall5,0,0,0,3.882,"{""version"":1,""segments"":[{""start"":1775767379888,""stop"":1775767381357},{""start"":1775767381539,""stop"":1775767382575},{""start"":1775767382667,""stop"":1775767382727},{""start"":1775767382930,""stop"":1775767382966},{""start"":1775767383515,""stop"":1775767383600},{""start"":1775767384365,""stop"":1775767384504},{""start"":1775767384976,""stop"":1775767385563},{""start"":1775767385864,""stop"":1775767386074},{""start"":1775767386233,""stop"":1775767386324},{""start"":1775767386503,""stop"":1775767386573},{""start"":1775767387442,""stop"":1775767387541}]}",0,"{""version"":1,""segments"":[]}",Other,0,0,5.481,"{""version"":1,""segments"":[{""start"":1775767441236,""stop"":1775767441575},{""start"":1775767465412,""stop"":1775767465827},{""start"":1775767509207,""stop"":1775767511113},{""start"":1775767511328,""stop"":1775767511831},{""start"":1775767512024,""stop"":1775767512253},{""start"":1775767512855,""stop"":1775767512964},{""start"":1775767513333,""stop"":1775767513452},{""start"":1775767513584,""stop"":1775767513662},{""start"":1775767513866,""stop"":1775767513922},{""start"":1775767514865,""stop"":1775767515200},{""start"":1775767515369,""stop"":1775767516098},{""start"":1775767516311,""stop"":1775767516698},{""start"":1775767516863,""stop"":1775767517068},{""start"":1775767524244,""stop"":1775767524315}]}",2.66,"{""version"":1,""segments"":[{""start"":1775767440187,""stop"":1775767440995},{""start"":1775767442225,""stop"":1775767442393},{""start"":1775767444111,""stop"":1775767444201},{""start"":1775767444921,""stop"":1775767444994},{""start"":1775767445251,""stop"":1775767445352},{""start"":1775767460666,""stop"":1775767460791},{""start"":1775767461330,""stop"":1775767461501},{""start"":1775767461591,""stop"":1775767461660},{""start"":1775767504755,""stop"":1775767505360},{""start"":1775767524652,""stop"":1775767525102}]}",2.723,"{""version"":1,""segments"":[{""start"":1775767505612,""stop"":1775767508335}]}",0,0,0,1,0,1,0,0,0,2,shot some in then didn't do anything,shot a few in but mostly ferried,ferried,469,242,242,red,0,0,None,None,None,0,None,None,None,1,0,0,0,2,None,1,0,44,242,198,0,0
2026pncmp_qm2,qm,1,2,frc3674,frc955,frc4469,frc10079,frc1294,frc3674,frc4131,blue,Hendrix D,depotWall1,0,0,0,5.601,"{""version"":1,""segments"":[{""start"":1775767381963,""stop"":1775767383816},{""start"":1775767384935,""stop"":1775767385359},{""start"":1775767392386,""stop"":1775767395710}]}",0,"{""version"":1,""segments"":[]}",Auto 1,0,0,33.643,"{""version"":1,""segments"":[{""start"":1775767404580,""stop"":1775767404669},{""start"":1775767405094,""stop"":1775767406162},{""start"":1775767418288,""stop"":1775767419792},{""start"":1775767420262,""stop"":1775767421525},{""start"":1775767426779,""stop"":1775767431496},{""start"":1775767458326,""stop"":1775767460015},{""start"":1775767460353,""stop"":1775767465048},{""start"":1775767472159,""stop"":1775767478324},{""start"":1775767481248,""stop"":1775767482642},{""start"":1775767509558,""stop"":1775767510918},{""start"":1775767511525,""stop"":1775767512719},{""start"":1775767517070,""stop"":1775767517461},{""start"":1775767517895,""stop"":1775767518699},{""start"":1775767519174,""stop"":1775767519441},{""start"":1775767523850,""stop"":1775767524611},{""start"":1775767525044,""stop"":1775767526365},{""start"":1775767531774,""stop"":1775767533519},{""start"":1775767533974,""stop"":1775767536509},{""start"":1775767538400,""stop"":1775767539081}]}",4.379,"{""version"":1,""segments"":[{""start"":1775767410868,""stop"":1775767412234},{""start"":1775767416624,""stop"":1775767416747},{""start"":1775767417049,""stop"":1775767417860},{""start"":1775767447566,""stop"":1775767448547},{""start"":1775767451685,""stop"":1775767452783}]}",0,"{""version"":1,""segments"":[]}",0,0,0,0,1,0,0,x,0,2,shot slow and were not able to empty their hopper either shooting period,"were able to intake well, were able to drive well enough to be effective but faced no defense. They shoot really slow,  something wrong with shooter as took 10 seconds to empty hopper","focused on ferrying, were able to ferry with their shooter but did a good job of wrangling fuel with their bumper",469,242,242,red,0,0,None,None,None,0,None,None,None,1,0,0,0,2,None,1,0,44,242,198,0,0
2026pncmp_qm2,qm,1,2,frc4131,frc955,frc4469,frc10079,frc1294,frc3674,frc4131,blue,Cayden W,middle3,0,0,0,0,"{""version"":1,""segments"":[]}",0,"{""version"":1,""segments"":[]}",Other,0,0,0.201,"{""version"":1,""segments"":[{""start"":1775767401644,""stop"":1775767401845}]}",0,"{""version"":1,""segments"":[]}",0,"{""version"":1,""segments"":[]}",0,0,0,1,1,0,0,-.5,-.5,1,just sat in front of hub,"they pushed fuel into outpost, they tried to play defense on teams the trying to steal fuel but didn't work",pushed fuel,469,242,242,red,0,0,None,None,None,0,None,None,None,1,0,0,0,2,None,1,0,44,242,198,0,0
2026pncmp_qm20,qm,1,20,frc1318,frc1318,frc4061,frc3218,frc4450,frc5937,frc4089,red,Meri H,depotWall1,0,0,0,5.192,"{""version"":1,""segments"":[{""start"":1775778426068,""stop"":1775778429172},{""start"":1775778437410,""stop"":1775778437920},{""start"":1775778438460,""stop"":1775778440038}]}",0,"{""version"":1,""segments"":[]}",Auto 1,0,0,18.966,"{""version"":1,""segments"":[{""start"":1775778451765,""stop"":1775778452208},{""start"":1775778452709,""stop"":1775778453361},{""start"":1775778457739,""stop"":1775778459304},{""start"":1775778468982,""stop"":1775778471245},{""start"":1775778472128,""stop"":1775778473508},{""start"":1775778478542,""stop"":1775778479331},{""start"":1775778510983,""stop"":1775778512306},{""start"":1775778517854,""stop"":1775778519714},{""start"":1775778519984,""stop"":1775778520785},{""start"":1775778521923,""stop"":1775778522917},{""start"":1775778523356,""stop"":1775778524825},{""start"":1775778525066,""stop"":1775778525279},{""start"":1775778529345,""stop"":1775778529821},{""start"":1775778557194,""stop"":1775778559481},{""start"":1775778572907,""stop"":1775778574770},{""start"":1775778576682,""stop"":1775778576741},{""start"":1775778576876,""stop"":1775778576936},{""start"":1775778577047,""stop"":1775778577115},{""start"":1775778577204,""stop"":1775778577274},{""start"":1775778577364,""stop"":1775778577434},{""start"":1775778577515,""stop"":1775778577598},{""start"":1775778577677,""stop"":1775778577737},{""start"":1775778577858,""stop"":1775778577905},{""start"":1775778578016,""stop"":1775778578087}]}",0,"{""version"":1,""segments"":[]}",0,"{""version"":1,""segments"":[]}",0,0,0,0,0,0,0,x,.5,1,,there was no defense against them so they were able to shoot freely,"Would just collect fuel, didn't ferry",152,152,505,blue,0,0,None,None,None,0,None,None,None,0,15,0,0,0,None,0,0,25,152,112,0,0
2026pncmp_qm20,qm,1,20,frc4061,frc1318,frc4061,frc3218,frc4450,frc5937,frc4089,red,Maxwell G,middle3,0,0,0,0.631,"{""version"":1,""segments"":[{""start"":1775778446154,""stop"":1775778446339},{""start"":1775778448420,""stop"":1775778448866}]}",0,"{""version"":1,""segments"":[]}",,0,0,4.205,"{""version"":1,""segments"":[{""start"":1775778472927,""stop"":1775778475678},{""start"":1775778568603,""stop"":1775778569558},{""start"":1775778578048,""stop"":1775778578194},{""start"":1775778591191,""stop"":1775778591544}]}",3.117,"{""version"":1,""segments"":[{""start"":1775778520674,""stop"":1775778521609},{""start"":1775778557073,""stop"":1775778557296},{""start"":1775778573306,""stop"":1775778575265}]}",6.202,"{""version"":1,""segments"":[{""start"":1775778489699,""stop"":1775778493966},{""start"":1775778530660,""stop"":1775778532444},{""start"":1775778577728,""stop"":1775778577773},{""start"":1775778591474,""stop"":1775778591580}]}",0,0,0,1,1,0,0,0,.5,2,"Did not have an auto, other than unloading their hopper","Ferried from the opposing area, along with blocking the other team from ferrying from their zone.",ferried from middle and opposing area,152,152,505,blue,0,0,None,None,None,0,None,None,None,0,15,0,0,0,None,0,0,25,152,112,0,0
2026pncmp_qm20,qm,1,20,frc3218,frc1318,frc4061,frc3218,frc4450,frc5937,frc4089,red,Archer B,depotWall1,0,0,0,2.34,"{""version"":1,""segments"":[{""start"":1775778450743,""stop"":1775778453083}]}",1.263,"{""version"":1,""segments"":[{""start"":1775778453243,""stop"":1775778454506}]}",Auto 1,0,0,15.681,"{""version"":1,""segments"":[{""start"":1775778462595,""stop"":1775778462914},{""start"":1775778463308,""stop"":1775778464232},{""start"":1775778464474,""stop"":1775778466598},{""start"":1775778475082,""stop"":1775778478077},{""start"":1775778478899,""stop"":1775778479126},{""start"":1775778488133,""stop"":1775778488278},{""start"":1775778488568,""stop"":1775778488685},{""start"":1775778488844,""stop"":1775778488955},{""start"":1775778489112,""stop"":1775778489251},{""start"":1775778491501,""stop"":1775778492515},{""start"":1775778493110,""stop"":1775778493523},{""start"":1775778497085,""stop"":1775778497278},{""start"":1775778508991,""stop"":1775778509349},{""start"":1775778518072,""stop"":1775778519286},{""start"":1775778526829,""stop"":1775778527858},{""start"":1775778528292,""stop"":1775778528486},{""start"":1775778529354,""stop"":1775778529514},{""start"":1775778533791,""stop"":1775778535483},{""start"":1775778553370,""stop"":1775778553772},{""start"":1775778553937,""stop"":1775778553999},{""start"":1775778554116,""stop"":1775778554164},{""start"":1775778554297,""stop"":1775778554951},{""start"":1775778555309,""stop"":1775778556214},{""start"":1775778556959,""stop"":1775778557201}]}",10.427,"{""version"":1,""segments"":[{""start"":1775778510447,""stop"":1775778517112},{""start"":1775778520501,""stop"":1775778521881},{""start"":1775778522496,""stop"":1775778523869},{""start"":1775778524358,""stop"":1775778524752},{""start"":1775778524799,""stop"":1775778524918},{""start"":1775778525242,""stop"":1775778525511},{""start"":1775778525628,""stop"":1775778525739},{""start"":1775778525884,""stop"":1775778526000}]}",0,"{""version"":1,""segments"":[]}",0,0,0,0,0,0,0,x,0,2,shot some in got more then shot those in ,shot lots of fuel into they're hub,ferried using hopper,152,152,505,blue,0,0,None,None,None,0,None,None,None,0,15,0,0,0,None,0,0,25,152,112,0,0
2026pncmp_qm20,qm,1,20,frc4450,frc1318,frc4061,frc3218,frc4450,frc5937,frc4089,blue,Gabriel D,middle3,0,0,0,5.407,"{""version"":1,""segments"":[{""start"":1775778425073,""stop"":1775778427748},{""start"":1775778435867,""stop"":1775778438599}]}",0,"{""version"":1,""segments"":[]}",,0,0,32.504,"{""version"":1,""segments"":[{""start"":1775778482065,""stop"":1775778490248},{""start"":1775778497097,""stop"":1775778500593},{""start"":1775778537928,""stop"":1775778547056},{""start"":1775778555762,""stop"":1775778556919},{""start"":1775778557248,""stop"":1775778558975},{""start"":1775778574630,""stop"":1775778583372},{""start"":1775778589185,""stop"":1775778589256}]}",28.555,"{""version"":1,""segments"":[{""start"":1775778465476,""stop"":1775778478870},{""start"":1775778503395,""stop"":1775778505660},{""start"":1775778517217,""stop"":1775778523770},{""start"":1775778525221,""stop"":1775778528934},{""start"":1775778579055,""stop"":1775778581685}]}",0,"{""version"":1,""segments"":[]}",0,0,0,0,0,0,0,x,0,1,"Fairly effective, scored some balls but didn't intake much ","Consistent shooter, scored most of the point on the alliance","Focused on intaking, was able to hold a lot of fuel",152,505,505,blue,0,0,None,None,None,0,None,None,None,1,0,0,0,3,None,5,1,87,505,418,0,0
2026pncmp_qm20,qm,1,20,frc5937,frc1318,frc4061,frc3218,frc4450,frc5937,frc4089,blue,naman p,depotWall1,1,0,0,6.267,"{""version"":1,""segments"":[{""start"":1775778432437,""stop"":1775778434812},{""start"":1775778435699,""stop"":1775778435957},{""start"":1775778442387,""stop"":1775778446021}]}",0,"{""version"":1,""segments"":[]}",,0,0,41.632,"{""version"":1,""segments"":[{""start"":1775778458496,""stop"":1775778459966},{""start"":1775778483801,""stop"":1775778490980},{""start"":1775778491294,""stop"":1775778493578},{""start"":1775778494853,""stop"":1775778497238},{""start"":1775778498472,""stop"":1775778498898},{""start"":1775778500742,""stop"":1775778500803},{""start"":1775778501439,""stop"":1775778501510},{""start"":1775778502038,""stop"":1775778502153},{""start"":1775778502636,""stop"":1775778502842},{""start"":1775778506608,""stop"":1775778506885},{""start"":1775778507483,""stop"":1775778507796},{""start"":1775778508332,""stop"":1775778508614},{""start"":1775778509841,""stop"":1775778510008},{""start"":1775778534457,""stop"":1775778546684},{""start"":1775778546927,""stop"":1775778547792},{""start"":1775778549332,""stop"":1775778551802},{""start"":1775778555032,""stop"":1775778557877},{""start"":1775778562082,""stop"":1775778563092},{""start"":1775778576131,""stop"":1775778579260},{""start"":1775778579530,""stop"":1775778579867},{""start"":1775778580375,""stop"":1775778580939},{""start"":1775778584065,""stop"":1775778584434},{""start"":1775778585046,""stop"":1775778585223},{""start"":1775778585491,""stop"":1775778586262},{""start"":1775778586699,""stop"":1775778587520},{""start"":1775778588268,""stop"":1775778588965},{""start"":1775778589749,""stop"":1775778589863}]}",15.362,"{""version"":1,""segments"":[{""start"":1775778465500,""stop"":1775778468945},{""start"":1775778469306,""stop"":1775778470543},{""start"":1775778472868,""stop"":1775778473694},{""start"":1775778474162,""stop"":1775778476563},{""start"":1775778514935,""stop"":1775778522388}]}",0,"{""version"":1,""segments"":[]}",0,0,0,0,0,0,0,x,.5,1,"great auto and even as they hit an alliance partner, they corrected themselves ","long, sustained shooting and they played very well against defense",they were very good at ferrying,152,505,505,blue,0,0,None,None,None,0,None,None,None,1,0,0,0,3,None,5,1,87,505,418,0,0
2026pncmp_qm20,qm,1,20,frc4089,frc1318,frc4061,frc3218,frc4450,frc5937,frc4089,blue,Hendrix D,outpostWall5,0,0,0,4.829,"{""version"":1,""segments"":[{""start"":1775778429518,""stop"":1775778434177},{""start"":1775778435372,""stop"":1775778435542}]}",0,"{""version"":1,""segments"":[]}",Auto 3,0,0,34.2,"{""version"":1,""segments"":[{""start"":1775778453118,""stop"":1775778458689},{""start"":1775778464449,""stop"":1775778464600},{""start"":1775778467458,""stop"":1775778468028},{""start"":1775778469626,""stop"":1775778470957},{""start"":1775778483484,""stop"":1775778483666},{""start"":1775778486083,""stop"":1775778488375},{""start"":1775778491643,""stop"":1775778492773},{""start"":1775778499291,""stop"":1775778502188},{""start"":1775778504736,""stop"":1775778504744},{""start"":1775778507373,""stop"":1775778507435},{""start"":1775778508471,""stop"":1775778508481},{""start"":1775778509128,""stop"":1775778509137},{""start"":1775778540272,""stop"":1775778543999},{""start"":1775778544489,""stop"":1775778544754},{""start"":1775778545538,""stop"":1775778547762},{""start"":1775778548886,""stop"":1775778548987},{""start"":1775778555810,""stop"":1775778559721},{""start"":1775778560374,""stop"":1775778563699},{""start"":1775778573569,""stop"":1775778575280},{""start"":1775778575943,""stop"":1775778578193},{""start"":1775778584959,""stop"":1775778587373},{""start"":1775778588150,""stop"":1775778588190},{""start"":1775778589197,""stop"":1775778589207},{""start"":1775778590150,""stop"":1775778590159}]}",7.611,"{""version"":1,""segments"":[{""start"":1775778471721,""stop"":1775778474220},{""start"":1775778474869,""stop"":1775778475687},{""start"":1775778483075,""stop"":1775778483254},{""start"":1775778484231,""stop"":1775778484817},{""start"":1775778514430,""stop"":1775778515278},{""start"":1775778522429,""stop"":1775778525110}]}",0,"{""version"":1,""segments"":[]}",0,0,0,0,0,1,0,0,.5,3,got stuck on their second pass,"were an effective scorer, able to be shooting for most of their alliance period and shoot quickly, had a effective intake, were able to be where they needed to be","focused on ferrying, were able to ferry with the shooter, moved groups of fuel with their bumper, did steal some fuel front he opposing alliance and slow them down a decent amount",152,505,505,blue,0,0,None,None,None,0,None,None,None,1,0,0,0,3,None,5,1,87,505,418,0,0
2026pncmp_qm21,qm,1,21,frc9023,frc9023,frc1294,frc4488,frc8051,frc10416,frc997,red,,depotWall1,0,0,0,6.34,"{""version"":1,""segments"":[{""start"":1775778927424,""stop"":1775778931717},{""start"":1775778939547,""stop"":1775778941594}]}",0,"{""version"":1,""segments"":[]}",Auto 1,0,0,24.279,"{""version"":1,""segments"":[{""start"":1775778981243,""stop"":1775778983977},{""start"":1775778984400,""stop"":1775778986450},{""start"":1775778986850,""stop"":1775778988519},{""start"":1775778996219,""stop"":1775779000085},{""start"":1775779001525,""stop"":1775779002071},{""start"":1775779037411,""stop"":1775779041481},{""start"":1775779050458,""stop"":1775779055238},{""start"":1775779064823,""stop"":1775779067844},{""start"":1775779083573,""stop"":1775779085116}]}",10.783,"{""version"":1,""segments"":[{""start"":1775778958822,""stop"":1775778961725},{""start"":1775778962065,""stop"":1775778962315},{""start"":1775778963046,""stop"":1775778967753},{""start"":1775779012538,""stop"":1775779013094},{""start"":1775779021452,""stop"":1775779023819}]}",1.247,"{""version"":1,""segments"":[{""start"":1775778976054,""stop"":1775778977022},{""start"":1775779026868,""stop"":1775779027147}]}",0,0,0,0,0,0,0,x,1,3,,"Were pushed around by opponent defense bot, but were still able to shoot with a good accuracy",Ferried from opponent zone and neutral zone,268,268,122,red,0,0,None,None,None,0,None,None,None,1,0,0,0,1,None,4,0,94,268,174,0,0
2026pncmp_qm21,qm,1,21,frc1294,frc9023,frc1294,frc4488,frc8051,frc10416,frc997,red,Maxwell G,middle3,0,0,0,0.864,"{""version"":1,""segments"":[{""start"":1775778928944,""stop"":1775778929808}]}",0,"{""version"":1,""segments"":[]}",,0,0,0,"{""version"":1,""segments"":[]}",0,"{""version"":1,""segments"":[]}",4.79,"{""version"":1,""segments"":[{""start"":1775778991504,""stop"":1775778992564},{""start"":1775779015986,""stop"":1775779016192},{""start"":1775779025057,""stop"":1775779028411},{""start"":1775779031692,""stop"":1775779031862}]}",0.4,0,0,0,1,1,1,.5,0,2,No auto besides unloading,Ferried fuel and defended from being ferried,"Prevented the opposing team by leaving their side with lots less fuel, and ferried to red.",268,268,122,red,0,0,None,None,None,0,None,None,None,1,0,0,0,1,None,4,0,94,268,174,0,0
2026pncmp_qm21,qm,1,21,frc4488,frc9023,frc1294,frc4488,frc8051,frc10416,frc997,red,Archer B,outpostWall5,0,0,0,3.643,"{""version"":1,""segments"":[{""start"":1775778940555,""stop"":1775778943179},{""start"":1775778943223,""stop"":1775778944242}]}",0.127,"{""version"":1,""segments"":[{""start"":1775778964676,""stop"":1775778964757},{""start"":1775778965062,""stop"":1775778965108}]}",Other,0,46.700000000000394,3.854,"{""version"":1,""segments"":[{""start"":1775778991158,""stop"":1775778994198},{""start"":1775778998010,""stop"":1775778998220},{""start"":1775779025208,""stop"":1775779025596},{""start"":1775779075232,""stop"":1775779075448}]}",10.641,"{""version"":1,""segments"":[{""start"":1775779014918,""stop"":1775779016704},{""start"":1775779017223,""stop"":1775779017401},{""start"":1775779017706,""stop"":1775779018243},{""start"":1775779019146,""stop"":1775779019368},{""start"":1775779019566,""stop"":1775779019767},{""start"":1775779019813,""stop"":1775779020037},{""start"":1775779020126,""stop"":1775779020327},{""start"":1775779021776,""stop"":1775779022444},{""start"":1775779026093,""stop"":1775779026727},{""start"":1775779026905,""stop"":1775779026974},{""start"":1775779027104,""stop"":1775779027194},{""start"":1775779027344,""stop"":1775779027425},{""start"":1775779027544,""stop"":1775779027634},{""start"":1775779027743,""stop"":1775779028323},{""start"":1775779030194,""stop"":1775779034791},{""start"":1775779077410,""stop"":1775779077615},{""start"":1775779083910,""stop"":1775779084188}]}",0,"{""version"":1,""segments"":[]}",0,0,0,0,0,0,0,x,.5,2,shot some in got mor shot those in then auto ended ,bar on intake got broken so they could only push balls into the outpost,ferried,268,268,122,red,0,0,None,None,None,0,None,None,None,1,0,0,0,1,None,4,0,94,268,174,0,0
2026pncmp_qm21,qm,1,21,frc8051,frc9023,frc1294,frc4488,frc8051,frc10416,frc997,blue,Gabriel D,outpostWall5,0,0,0,7.268,"{""version"":1,""segments"":[{""start"":1775778926459,""stop"":1775778928133},{""start"":1775778932581,""stop"":1775778935637},{""start"":1775778941733,""stop"":1775778944271}]}",8.271,"{""version"":1,""segments"":[{""start"":1775778928295,""stop"":1775778932300},{""start"":1775778937308,""stop"":1775778941574}]}",,0,0,17.6,"{""version"":1,""segments"":[{""start"":1775778963435,""stop"":1775778964162},{""start"":1775778969819,""stop"":1775778974185},{""start"":1775779011510,""stop"":1775779012019},{""start"":1775779013328,""stop"":1775779015276},{""start"":1775779020148,""stop"":1775779021756},{""start"":1775779027827,""stop"":1775779030635},{""start"":1775779075694,""stop"":1775779080209},{""start"":1775779085203,""stop"":1775779086322}]}",18.241,"{""version"":1,""segments"":[{""start"":1775778952976,""stop"":1775778962914},{""start"":1775778998325,""stop"":1775779003194},{""start"":1775779005671,""stop"":1775779005701},{""start"":1775779005799,""stop"":1775779008486},{""start"":1775779035042,""stop"":1775779035759}]}",27.063,"{""version"":1,""segments"":[{""start"":1775779041118,""stop"":1775779068181}]}",0,0,0,0,0,1,1,0,0,1,"Intaked just 4-5 balls each time it went to neutral zone, not optimized ","Consistent shooting, scored most of the points, got stuck on top of a ball",Played defense and intaked,268,122,122,red,0,0,None,None,None,0,None,None,None,0,5,0,0,0,None,0,0,50,122,67,0,0
2026pncmp_qm21,qm,1,21,frc10416,frc9023,frc1294,frc4488,frc8051,frc10416,frc997,blue,naman p,depot2,0,0,0,5.311,"{""version"":1,""segments"":[{""start"":1775778939272,""stop"":1775778944093},{""start"":1775778944802,""stop"":1775778945292}]}",0,"{""version"":1,""segments"":[]}",,0,0,4.908,"{""version"":1,""segments"":[{""start"":1775778968950,""stop"":1775778973165},{""start"":1775778984616,""stop"":1775778985015},{""start"":1775778985472,""stop"":1775778985766}]}",0,"{""version"":1,""segments"":[]}",0,"{""version"":1,""segments"":[]}",0,0,0,0,0,0,0,x,0,1,great auto that intakes from both depot and human player station not interfering with other robots,were decent at shooting and mediocre against defense,"they were effective at ""sweeping"" balls into their zone",268,122,122,red,0,0,None,None,None,0,None,None,None,0,5,0,0,0,None,0,0,50,122,67,0,0
2026pncmp_qm21,qm,1,21,frc997,frc9023,frc1294,frc4488,frc8051,frc10416,frc997,blue,Hendrix D,depotWall1,1,0,0,0,"{""version"":1,""segments"":[]}",0,"{""version"":1,""segments"":[]}",Auto 1,0,8.499999999999986,0,"{""version"":1,""segments"":[]}",0,"{""version"":1,""segments"":[]}",0,"{""version"":1,""segments"":[]}",0,0,0,1,0,1,1,0,0,1,"blocked by another bot, got no fuel","were not able to shoot as shooter was not working, initially confused why to do then transitioned to defense, had some confusion when no robots to defend","did a decent job of defending, slowed down the opposing alliance on intaking and crossing the bump, but did not affect the already shooting robots that much",268,122,122,red,0,0,None,None,None,0,None,None,None,0,5,0,0,0,None,0,0,50,122,67,0,0
2026pncmp_qm22,qm,1,22,frc4512,frc4512,frc8896,frc753,frc1983,frc957,frc1595,red,Meri H,outpostWall5,0,0,0,6.998,"{""version"":1,""segments"":[{""start"":1775779459015,""stop"":1775779459751},{""start"":1775779462935,""stop"":1775779464311},{""start"":1775779465065,""stop"":1775779466413},{""start"":1775779473764,""stop"":1775779475991},{""start"":1775779476291,""stop"":1775779477602}]}",0,"{""version"":1,""segments"":[]}",Auto 1,1,0,16.699,"{""version"":1,""segments"":[{""start"":1775779507870,""stop"":1775779508057},{""start"":1775779510330,""stop"":1775779510577},{""start"":1775779512610,""stop"":1775779512854},{""start"":1775779518089,""stop"":1775779518361},{""start"":1775779518483,""stop"":1775779519980},{""start"":1775779525697,""stop"":1775779527282},{""start"":1775779535406,""stop"":1775779536716},{""start"":1775779540225,""stop"":1775779541311},{""start"":1775779570101,""stop"":1775779570721},{""start"":1775779579080,""stop"":1775779579449},{""start"":1775779579769,""stop"":1775779581086},{""start"":1775779581606,""stop"":1775779583481},{""start"":1775779583872,""stop"":1775779584444},{""start"":1775779584825,""stop"":1775779584904},{""start"":1775779585073,""stop"":1775779585121},{""start"":1775779585284,""stop"":1775779585342},{""start"":1775779585515,""stop"":1775779585564},{""start"":1775779585755,""stop"":1775779585803},{""start"":1775779592504,""stop"":1775779593204},{""start"":1775779600106,""stop"":1775779601390},{""start"":1775779602183,""stop"":1775779602723},{""start"":1775779613807,""stop"":1775779613944},{""start"":1775779614037,""stop"":1775779615219},{""start"":1775779620614,""stop"":1775779621699},{""start"":1775779623952,""stop"":1775779623997},{""start"":1775779624112,""stop"":1775779624158},{""start"":1775779624249,""stop"":1775779624297},{""start"":1775779624400,""stop"":1775779624437},{""start"":1775779624551,""stop"":1775779624597},{""start"":1775779624725,""stop"":1775779624772},{""start"":1775779624887,""stop"":1775779624926}]}",1.016,"{""version"":1,""segments"":[{""start"":1775779549175,""stop"":1775779550191}]}",0,"{""version"":1,""segments"":[]}",0,0,0,0,0,0,0,x,.5,2,Slightly ran into the hub wall in auto.,"Had difficulties intaking, hopper was never full, cycles were short because of this",Just collected fuel during inactive,198,198,217,blue,0,0,None,None,None,0,None,None,None,0,0,0,1,0,None,0,0,58,198,140,0,0
2026pncmp_qm22,qm,1,22,frc8896,frc4512,frc8896,frc753,frc1983,frc957,frc1595,red,Maxwell G,middle3,0,0,0,2.399,"{""version"":1,""segments"":[{""start"":1775779467791,""stop"":1775779470190}]}",0,"{""version"":1,""segments"":[]}",,0,0,0,"{""version"":1,""segments"":[]}",1.045,"{""version"":1,""segments"":[{""start"":1775779534604,""stop"":1775779535649}]}",0,"{""version"":1,""segments"":[]}",0,0,0,1,0,1,0,1,0,1,Shot loaded,Defended opponents stockpiling,Prevented enemies from scoring as much,198,198,217,blue,0,0,None,None,None,0,None,None,None,0,0,0,1,0,None,0,0,58,198,140,0,0
2026pncmp_qm22,qm,1,22,frc753,frc4512,frc8896,frc753,frc1983,frc957,frc1595,red,Archer B,depot2,0,0,0,1.229,"{""version"":1,""segments"":[{""start"":1775779487672,""stop"":1775779488901}]}",0,"{""version"":1,""segments"":[]}",Other,0,0,29.305,"{""version"":1,""segments"":[{""start"":1775779531082,""stop"":1775779538178},{""start"":1775779540326,""stop"":1775779540384},{""start"":1775779540525,""stop"":1775779540613},{""start"":1775779541123,""stop"":1775779541129},{""start"":1775779541344,""stop"":1775779541391},{""start"":1775779541604,""stop"":1775779541732},{""start"":1775779541904,""stop"":1775779542053},{""start"":1775779542263,""stop"":1775779542424},{""start"":1775779542643,""stop"":1775779542772},{""start"":1775779543023,""stop"":1775779543211},{""start"":1775779543421,""stop"":1775779543568},{""start"":1775779543810,""stop"":1775779544059},{""start"":1775779544241,""stop"":1775779544347},{""start"":1775779544660,""stop"":1775779544829},{""start"":1775779545052,""stop"":1775779545190},{""start"":1775779545439,""stop"":1775779545641},{""start"":1775779545839,""stop"":1775779546019},{""start"":1775779546259,""stop"":1775779546488},{""start"":1775779546659,""stop"":1775779546848},{""start"":1775779547099,""stop"":1775779547319},{""start"":1775779547518,""stop"":1775779547697},{""start"":1775779547929,""stop"":1775779548145},{""start"":1775779548336,""stop"":1775779548537},{""start"":1775779548800,""stop"":1775779548981},{""start"":1775779549211,""stop"":1775779549363},{""start"":1775779549620,""stop"":1775779549850},{""start"":1775779550051,""stop"":1775779550173},{""start"":1775779550424,""stop"":1775779550627},{""start"":1775779550865,""stop"":1775779550994},{""start"":1775779551246,""stop"":1775779551485},{""start"":1775779551687,""stop"":1775779551816},{""start"":1775779552096,""stop"":1775779552277},{""start"":1775779552514,""stop"":1775779552636},{""start"":1775779552888,""stop"":1775779553105},{""start"":1775779553337,""stop"":1775779553438},{""start"":1775779553709,""stop"":1775779553927},{""start"":1775779554151,""stop"":1775779554289},{""start"":1775779554580,""stop"":1775779554821},{""start"":1775779555020,""stop"":1775779555121},{""start"":1775779555431,""stop"":1775779555680},{""start"":1775779555895,""stop"":1775779556022},{""start"":1775779556334,""stop"":1775779556562},{""start"":1775779556774,""stop"":1775779556964},{""start"":1775779557342,""stop"":1775779557776},{""start"":1775779557955,""stop"":1775779558056},{""start"":1775779558214,""stop"":1775779558293},{""start"":1775779558414,""stop"":1775779558513},{""start"":1775779558634,""stop"":1775779558723},{""start"":1775779558876,""stop"":1775779558965},{""start"":1775779559097,""stop"":1775779559199},{""start"":1775779559317,""stop"":1775779559377},{""start"":1775779559517,""stop"":1775779559617},{""start"":1775779559737,""stop"":1775779559833},{""start"":1775779573934,""stop"":1775779574606},{""start"":1775779575108,""stop"":1775779580041},{""start"":1775779590456,""stop"":1775779593759},{""start"":1775779597588,""stop"":1775779598231},{""start"":1775779599460,""stop"":1775779599570},{""start"":1775779600136,""stop"":1775779600432},{""start"":1775779610927,""stop"":1775779611390},{""start"":1775779611460,""stop"":1775779611542},{""start"":1775779611902,""stop"":1775779612074},{""start"":1775779612323,""stop"":1775779612501},{""start"":1775779612737,""stop"":1775779612908},{""start"":1775779613166,""stop"":1775779613364},{""start"":1775779613648,""stop"":1775779614331},{""start"":1775779614572,""stop"":1775779614737},{""start"":1775779615179,""stop"":1775779615295},{""start"":1775779615607,""stop"":1775779615752},{""start"":1775779616166,""stop"":1775779616352},{""start"":1775779617077,""stop"":1775779617283},{""start"":1775779617643,""stop"":1775779617801},{""start"":1775779624535,""stop"":1775779624978},{""start"":1775779625309,""stop"":1775779625638},{""start"":1775779626034,""stop"":1775779626198},{""start"":1775779626820,""stop"":1775779626950},{""start"":1775779627366,""stop"":1775779627503}]}",12.201,"{""version"":1,""segments"":[{""start"":1775779560356,""stop"":1775779572294},{""start"":1775779572685,""stop"":1775779572948}]}",0,"{""version"":1,""segments"":[]}",0,0,0,0,0,0,0,x,.5,3,shot all of their fuel into the hub,shot a lot of fuel in,ferried using hopper,198,198,217,blue,0,0,None,None,None,0,None,None,None,0,0,0,1,0,None,0,0,58,198,140,0,0
2026pncmp_qm22,qm,1,22,frc1983,frc4512,frc8896,frc753,frc1983,frc957,frc1595,blue,Luke M,middle3,0,0,0,1.647,"{""version"":1,""segments"":[{""start"":1775779463887,""stop"":1775779465534}]}",0,"{""version"":1,""segments"":[]}",Auto 2,0,0,21.227,"{""version"":1,""segments"":[{""start"":1775779497651,""stop"":1775779498822},{""start"":1775779514393,""stop"":1775779515160},{""start"":1775779517422,""stop"":1775779517631},{""start"":1775779518659,""stop"":1775779518889},{""start"":1775779549100,""stop"":1775779551908},{""start"":1775779559026,""stop"":1775779561260},{""start"":1775779561692,""stop"":1775779563000},{""start"":1775779568159,""stop"":1775779570227},{""start"":1775779601536,""stop"":1775779604071},{""start"":1775779606224,""stop"":1775779607888},{""start"":1775779611826,""stop"":1775779614611},{""start"":1775779619377,""stop"":1775779622825}]}",10.671,"{""version"":1,""segments"":[{""start"":1775779539969,""stop"":1775779546134},{""start"":1775779575663,""stop"":1775779577771},{""start"":1775779579617,""stop"":1775779582015}]}",5.218,"{""version"":1,""segments"":[{""start"":1775779584992,""stop"":1775779588796},{""start"":1775779593250,""stop"":1775779594664}]}",0,0,0,0,0,0,0,x,0,2,shot and then stayed in the same spot for a while ,missed a few shots from not being lined up ,ferried fairly effectively and only did that during teleop,198,217,217,blue,0,0,None,None,None,0,None,None,None,0,15,0,0,0,None,3,0,37,217,165,0,0
2026pncmp_qm22,qm,1,22,frc957,frc4512,frc8896,frc753,frc1983,frc957,frc1595,blue,naman p,depotWall1,0,0,0,0,"{""version"":1,""segments"":[]}",0,"{""version"":1,""segments"":[]}",,0,0,6.216,"{""version"":1,""segments"":[{""start"":1775779493936,""stop"":1775779494793},{""start"":1775779494922,""stop"":1775779495902},{""start"":1775779496015,""stop"":1775779496714},{""start"":1775779522385,""stop"":1775779522691},{""start"":1775779522885,""stop"":1775779523172},{""start"":1775779562118,""stop"":1775779562386},{""start"":1775779566443,""stop"":1775779566923},{""start"":1775779567096,""stop"":1775779567597},{""start"":1775779567779,""stop"":1775779568115},{""start"":1775779568710,""stop"":1775779568902},{""start"":1775779574121,""stop"":1775779574399},{""start"":1775779617390,""stop"":1775779617742},{""start"":1775779617931,""stop"":1775779618391},{""start"":1775779618550,""stop"":1775779618770}]}",2.351,"{""version"":1,""segments"":[{""start"":1775779535268,""stop"":1775779535785},{""start"":1775779536361,""stop"":1775779536706},{""start"":1775779586880,""stop"":1775779587226},{""start"":1775779587674,""stop"":1775779588817}]}",0,"{""version"":1,""segments"":[]}",0,0,0,0,0,0,0,x,0,1,their shooter seemed to malfunction,they got locked up by defense and made a couple shots,were mediocre at ferrying.,198,217,217,blue,0,0,None,None,None,0,None,None,None,0,15,0,0,0,None,3,0,37,217,165,0,0
2026pncmp_qm22,qm,1,22,frc1595,frc4512,frc8896,frc753,frc1983,frc957,frc1595,blue,Hendrix D,outpostWall5,0,0,0,4.966,"{""version"":1,""segments"":[{""start"":1775779470762,""stop"":1775779474795},{""start"":1775779476348,""stop"":1775779477281}]}",0,"{""version"":1,""segments"":[]}",Auto 1,0,0,9.024,"{""version"":1,""segments"":[{""start"":1775779499507,""stop"":1775779500202},{""start"":1775779503352,""stop"":1775779506261},{""start"":1775779506984,""stop"":1775779507226},{""start"":1775779521312,""stop"":1775779522162},{""start"":1775779548358,""stop"":1775779549891},{""start"":1775779550595,""stop"":1775779551398},{""start"":1775779552050,""stop"":1775779552590},{""start"":1775779555043,""stop"":1775779555231},{""start"":1775779602674,""stop"":1775779603768},{""start"":1775779606743,""stop"":1775779606913}]}",0.926,"{""version"":1,""segments"":[{""start"":1775779534756,""stop"":1775779535682}]}",0,"{""version"":1,""segments"":[]}",0,0,0,0,0,0,0,x,-.5,2, 1 pass,"were able to shoot, but slowly. Mainly struggled on navigating defense and on intaking fuel","focused on ferrying and intaking, were ineffective at ferrying",198,217,217,blue,0,0,None,None,None,0,None,None,None,0,15,0,0,0,None,3,0,37,217,165,0,0
2026pncmp_qm23,qm,1,23,frc5468,frc5468,frc2374,frc9450,frc4915,frc492,frc4131,red,Pranav K,depot2,0,0,0,9.807,"{""version"":1,""segments"":[{""start"":1775846277813,""stop"":1775846279261},{""start"":1775846287563,""stop"":1775846295922}]}",0,"{""version"":1,""segments"":[]}",,0,0,60.116,"{""version"":1,""segments"":[{""start"":1775846317657,""stop"":1775846319745},{""start"":1775846347906,""stop"":1775846358500},{""start"":1775846382743,""stop"":1775846396536},{""start"":1775846401807,""stop"":1775846402540},{""start"":1775846404442,""stop"":1775846405417},{""start"":1775846424219,""stop"":1775846437075},{""start"":1775846445739,""stop"":1775846454570},{""start"":1775846459047,""stop"":1775846463929},{""start"":1775846470016,""stop"":1775846475380}]}",28.014,"{""version"":1,""segments"":[{""start"":1775846315826,""stop"":1775846316852},{""start"":1775846322808,""stop"":1775846324105},{""start"":1775846326028,""stop"":1775846332468},{""start"":1775846332884,""stop"":1775846334278},{""start"":1775846334942,""stop"":1775846336376},{""start"":1775846337968,""stop"":1775846338526},{""start"":1775846338876,""stop"":1775846339575},{""start"":1775846341397,""stop"":1775846343874},{""start"":1775846347243,""stop"":1775846347669},{""start"":1775846402774,""stop"":1775846404081},{""start"":1775846405631,""stop"":1775846416587}]}",0,"{""version"":1,""segments"":[]}",0,0,0,0,0,0,0,x,x,1,,,,470,470,386,red,0,15,None,None,Level1,0,None,None,None,1,5,0,0,1,None,5,1,78,470,387,15,0
2026pncmp_qm23,qm,1,23,frc2374,frc5468,frc2374,frc9450,frc4915,frc492,frc4131,red,Aaden D,middle3,0,0,0,0,"{""version"":1,""segments"":[]}",0,"{""version"":1,""segments"":[]}",,0,0,4.498,"{""version"":1,""segments"":[{""start"":1775843888364,""stop"":1775843888455},{""start"":1775843888770,""stop"":1775843893177}]}",19.238,"{""version"":1,""segments"":[{""start"":1775843760946,""stop"":1775843765565},{""start"":1775843767937,""stop"":1775843771971},{""start"":1775843874930,""stop"":1775843875011},{""start"":1775843876039,""stop"":1775843886543}]}",64.132,"{""version"":1,""segments"":[{""start"":1775843772782,""stop"":1775843788347},{""start"":1775843791189,""stop"":1775843798621},{""start"":1775843800234,""stop"":1775843800336},{""start"":1775843801928,""stop"":1775843814225},{""start"":1775843815442,""stop"":1775843833026},{""start"":1775843844545,""stop"":1775843849341},{""start"":1775843853055,""stop"":1775843857983},{""start"":1775843861942,""stop"":1775843861960},{""start"":1775843862000,""stop"":1775843863410}]}",0,0,0,0,0,0,0,x,x,1,,,,470,470,386,red,0,15,None,None,Level1,0,None,None,None,1,5,0,0,1,None,5,1,78,470,387,15,0
2026pncmp_qm23,qm,1,23,frc9450,frc5468,frc2374,frc9450,frc4915,frc492,frc4131,red,Aaden D,depotWall1,0,0,0,7.244,"{""version"":1,""segments"":[{""start"":1775844038221,""stop"":1775844039187},{""start"":1775844047007,""stop"":1775844048178},{""start"":1775844049514,""stop"":1775844054621}]}",4.302,"{""version"":1,""segments"":[{""start"":1775844041320,""stop"":1775844045622}]}",,0,0,22.443,"{""version"":1,""segments"":[{""start"":1775844099190,""stop"":1775844099301},{""start"":1775844103133,""stop"":1775844103550},{""start"":1775844104540,""stop"":1775844108059},{""start"":1775844109385,""stop"":1775844109962},{""start"":1775844112684,""stop"":1775844114370},{""start"":1775844116558,""stop"":1775844116639},{""start"":1775844118351,""stop"":1775844122633},{""start"":1775844151198,""stop"":1775844156116},{""start"":1775844160402,""stop"":1775844160512},{""start"":1775844160561,""stop"":1775844160600},{""start"":1775844160987,""stop"":1775844163267},{""start"":1775844163771,""stop"":1775844164556},{""start"":1775844168665,""stop"":1775844172303}]}",15.915,"{""version"":1,""segments"":[{""start"":1775844070200,""stop"":1775844071470},{""start"":1775844081724,""stop"":1775844084272},{""start"":1775844090799,""stop"":1775844091406},{""start"":1775844093098,""stop"":1775844095014},{""start"":1775844132310,""stop"":1775844141810},{""start"":1775844211458,""stop"":1775844211532}]}",2.64,"{""version"":1,""segments"":[{""start"":1775844126217,""stop"":1775844126853},{""start"":1775844127812,""stop"":1775844129816}]}",0,0,0,0,0,0,0,x,x,1,,,,470,470,386,red,0,15,None,None,Level1,0,None,None,None,1,5,0,0,1,None,5,1,78,470,387,15,0
2026pncmp_qm23,qm,1,23,frc4915,frc5468,frc2374,frc9450,frc4915,frc492,frc4131,blue,Luke M,depotWall1,1,0,0,5.263,"{""version"":1,""segments"":[{""start"":1775779976114,""stop"":1775779978552},{""start"":1775779982862,""stop"":1775779985687}]}",0,"{""version"":1,""segments"":[]}",Auto 1,0,0,37.625,"{""version"":1,""segments"":[{""start"":1775779997101,""stop"":1775779997839},{""start"":1775780002574,""stop"":1775780006897},{""start"":1775780014195,""stop"":1775780014593},{""start"":1775780015125,""stop"":1775780019268},{""start"":1775780020878,""stop"":1775780021129},{""start"":1775780021647,""stop"":1775780021920},{""start"":1775780023439,""stop"":1775780025394},{""start"":1775780056340,""stop"":1775780063390},{""start"":1775780064041,""stop"":1775780064221},{""start"":1775780064672,""stop"":1775780064880},{""start"":1775780065122,""stop"":1775780066558},{""start"":1775780067418,""stop"":1775780067538},{""start"":1775780071043,""stop"":1775780071782},{""start"":1775780072157,""stop"":1775780073852},{""start"":1775780075270,""stop"":1775780075670},{""start"":1775780076231,""stop"":1775780076528},{""start"":1775780077891,""stop"":1775780078038},{""start"":1775780078651,""stop"":1775780079250},{""start"":1775780079392,""stop"":1775780079407},{""start"":1775780088357,""stop"":1775780088537},{""start"":1775780106744,""stop"":1775780107723},{""start"":1775780108823,""stop"":1775780110172},{""start"":1775780111110,""stop"":1775780111857},{""start"":1775780112308,""stop"":1775780113225},{""start"":1775780113926,""stop"":1775780114705},{""start"":1775780115107,""stop"":1775780116272},{""start"":1775780116572,""stop"":1775780117490},{""start"":1775780118174,""stop"":1775780119587},{""start"":1775780119781,""stop"":1775780120788},{""start"":1775780123209,""stop"":1775780123558},{""start"":1775780123873,""stop"":1775780124405},{""start"":1775780124969,""stop"":1775780125696},{""start"":1775780126167,""stop"":1775780126866},{""start"":1775780127245,""stop"":1775780127794},{""start"":1775780135908,""stop"":1775780136256}]}",7.751,"{""version"":1,""segments"":[{""start"":1775780049718,""stop"":1775780054154},{""start"":1775780091345,""stop"":1775780094660}]}",3.607,"{""version"":1,""segments"":[{""start"":1775780044512,""stop"":1775780048119}]}",0,0,0,0,0,0,0,x,.5,1,auto was able to hit most targets but hot almost no ball's last time they went to collect and only hit bot since it was on blue side ,scored very accurately and shot fast with probably 95+ percent,ferried a little but mostly drove around,470,386,386,red,0,0,None,None,None,0,None,None,None,1,5,0,0,1,None,2,1,62,386,319,0,0
2026pncmp_qm23,qm,1,23,frc492,frc5468,frc2374,frc9450,frc4915,frc492,frc4131,blue,,depotWall1,0,0,0,0,"{""version"":1,""segments"":[]}",0,"{""version"":1,""segments"":[]}",,0,0,0,"{""version"":1,""segments"":[]}",0,"{""version"":1,""segments"":[]}",0,"{""version"":1,""segments"":[]}",0,0,0,0,0,0,0,x,x,1,,,,470,386,386,red,0,0,None,None,None,0,None,None,None,1,5,0,0,1,None,2,1,62,386,319,0,0
2026pncmp_qm23,qm,1,23,frc4131,frc5468,frc2374,frc9450,frc4915,frc492,frc4131,blue,Hendrix D,middle3,0,0,0,0,"{""version"":1,""segments"":[]}",0,"{""version"":1,""segments"":[]}",Other,0,0,0,"{""version"":1,""segments"":[]}",1.28,"{""version"":1,""segments"":[{""start"":1775780072796,""stop"":1775780074076}]}",0,"{""version"":1,""segments"":[]}",0,0,0,1,1,1,1,-.5,-.5,1,no middle auto,"were not able to intake or shoot, had to try and ferry with the bumper and prevent fuel stealing",tried to play defense but did not have enough weight or power to cause large shooting disruptions,470,386,386,red,0,0,None,None,None,0,None,None,None,1,5,0,0,1,None,2,1,62,386,319,0,0
2026pncmp_qm24,qm,1,24,frc2046,frc2046,frc488,frc1425,frc2811,frc3674,frc948,red,Meri H,outpostWall5,0,0,0,0,"{""version"":1,""segments"":[]}",0,"{""version"":1,""segments"":[]}",,1,0,18.801,"{""version"":1,""segments"":[{""start"":1775780557749,""stop"":1775780560285},{""start"":1775780566678,""stop"":1775780568922},{""start"":1775780579288,""stop"":1775780582033},{""start"":1775780582742,""stop"":1775780584160},{""start"":1775780609360,""stop"":1775780613166},{""start"":1775780626914,""stop"":1775780628463},{""start"":1775780663744,""stop"":1775780665280},{""start"":1775780677072,""stop"":1775780678192},{""start"":1775780686627,""stop"":1775780688474}]}",0.136,"{""version"":1,""segments"":[{""start"":1775780644419,""stop"":1775780644555}]}",2.596,"{""version"":1,""segments"":[{""start"":1775780644896,""stop"":1775780646993},{""start"":1775780652539,""stop"":1775780653038}]}",0,0,0,0,0,0,0,x,.5,1,"Robot got stuck on trench, unable to go to Alliance zone and shoot",,Ferried from opponent field mostly,405,405,389,red,0,0,None,None,None,0,None,None,None,1,0,0,2,0,None,5,1,42,405,363,0,0
2026pncmp_qm24,qm,1,24,frc488,frc2046,frc488,frc1425,frc2811,frc3674,frc948,red,Maxwell G,depot2,0,0,0,1.895,"{""version"":1,""segments"":[{""start"":1775780532842,""stop"":1775780533384},{""start"":1775780533803,""stop"":1775780535156}]}",0,"{""version"":1,""segments"":[]}",,0,0,3.453,"{""version"":1,""segments"":[{""start"":1775780686332,""stop"":1775780689785}]}",0,"{""version"":1,""segments"":[]}",0,"{""version"":1,""segments"":[]}",0,0,0,0,0,1,0,.5,1,1,Dispences fuel in the hub,"Defends, but also scores when having a chance","Defending, but doesn't shuttle",405,405,389,red,0,0,None,None,None,0,None,None,None,1,0,0,2,0,None,5,1,42,405,363,0,0
2026pncmp_qm24,qm,1,24,frc1425,frc2046,frc488,frc1425,frc2811,frc3674,frc948,red,Archer B,depotWall1,0,0,0,19.128,"{""version"":1,""segments"":[{""start"":1775780504817,""stop"":1775780505033},{""start"":1775780537941,""stop"":1775780540230},{""start"":1775780541073,""stop"":1775780541314},{""start"":1775780547157,""stop"":1775780547432},{""start"":1775780548599,""stop"":1775780548915},{""start"":1775780549468,""stop"":1775780549861},{""start"":1775780550420,""stop"":1775780551214},{""start"":1775780551793,""stop"":1775780552254},{""start"":1775780553966,""stop"":1775780554152},{""start"":1775780566040,""stop"":1775780566238},{""start"":1775780567530,""stop"":1775780568426},{""start"":1775780569942,""stop"":1775780572538},{""start"":1775780574394,""stop"":1775780574911},{""start"":1775780580063,""stop"":1775780580182},{""start"":1775780592957,""stop"":1775780593128},{""start"":1775780629175,""stop"":1775780629740},{""start"":1775780630514,""stop"":1775780630982},{""start"":1775780631073,""stop"":1775780633616},{""start"":1775780635142,""stop"":1775780635357},{""start"":1775780639591,""stop"":1775780639754},{""start"":1775780639803,""stop"":1775780639873},{""start"":1775780644569,""stop"":1775780645299},{""start"":1775780645666,""stop"":1775780645837},{""start"":1775780670693,""stop"":1775780673257},{""start"":1775780688866,""stop"":1775780689168},{""start"":1775780693852,""stop"":1775780695163},{""start"":1775780696017,""stop"":1775780696375}]}",0,"{""version"":1,""segments"":[]}",,0,0,16.378,"{""version"":1,""segments"":[{""start"":1775780703665,""stop"":1775780720043}]}",4.379,"{""version"":1,""segments"":[{""start"":1775780720685,""stop"":1775780725064}]}",0,"{""version"":1,""segments"":[]}",0,0,0,0,0,0,0,x,.5,2,shot their fuel in then got more and repeated,shot more in,ferried,405,405,389,red,0,0,None,None,None,0,None,None,None,1,0,0,2,0,None,5,1,42,405,363,0,0
2026pncmp_qm24,qm,1,24,frc2811,frc2046,frc488,frc1425,frc2811,frc3674,frc948,blue,Luke M,depotWall1,0,0,0,1.254,"{""version"":1,""segments"":[{""start"":1775780531053,""stop"":1775780532307}]}",0,"{""version"":1,""segments"":[]}",Other,0,0,3.784,"{""version"":1,""segments"":[{""start"":1775780684003,""stop"":1775780687787}]}",4.309,"{""version"":1,""segments"":[{""start"":1775780601899,""stop"":1775780604194},{""start"":1775780678038,""stop"":1775780680052}]}",1.2,"{""version"":1,""segments"":[{""start"":1775780593465,""stop"":1775780594665}]}",0,0,0,1,0,1,1,0,0,1,shot and then didn't move in auto ,played defense almost whole time but wasn't that effective ,also played defense and hit walls while driving ,405,389,389,red,0,0,None,None,None,0,None,None,None,1,30,0,0,0,None,1,0,89,389,270,0,0
2026pncmp_qm24,qm,1,24,frc3674,frc2046,frc488,frc1425,frc2811,frc3674,frc948,blue,naman p,outpostWall5,0,0,0,6.119,"{""version"":1,""segments"":[{""start"":1775780538393,""stop"":1775780544512}]}",0,"{""version"":1,""segments"":[]}",Other,0,0,13.35,"{""version"":1,""segments"":[{""start"":1775780561687,""stop"":1775780567274},{""start"":1775780592394,""stop"":1775780594433},{""start"":1775780608102,""stop"":1775780608162},{""start"":1775780657605,""stop"":1775780659039},{""start"":1775780659487,""stop"":1775780660947},{""start"":1775780702279,""stop"":1775780703585},{""start"":1775780704519,""stop"":1775780705433},{""start"":1775780706096,""stop"":1775780706218},{""start"":1775780706484,""stop"":1775780706618},{""start"":1775780706844,""stop"":1775780706929},{""start"":1775780707069,""stop"":1775780707126},{""start"":1775780707237,""stop"":1775780707288},{""start"":1775780707396,""stop"":1775780707449},{""start"":1775780707568,""stop"":1775780707616}]}",0,"{""version"":1,""segments"":[]}",0,"{""version"":1,""segments"":[]}",0,0,0,0,0,0,0,x,.5,1,decent auto,great at shooting and repelled defense well,they swept fuel effectively,405,389,389,red,0,0,None,None,None,0,None,None,None,1,30,0,0,0,None,1,0,89,389,270,0,0
2026pncmp_qm24,qm,1,24,frc948,frc2046,frc488,frc1425,frc2811,frc3674,frc948,blue,Hendrix D,outpost4,0,0,0,3.634,"{""version"":1,""segments"":[{""start"":1775780538137,""stop"":1775780540201},{""start"":1775780547401,""stop"":1775780548971}]}",0,"{""version"":1,""segments"":[]}",Auto 1,0,0,15.614,"{""version"":1,""segments"":[{""start"":1775780561277,""stop"":1775780562770},{""start"":1775780590260,""stop"":1775780593140},{""start"":1775780609333,""stop"":1775780610714},{""start"":1775780643162,""stop"":1775780646570},{""start"":1775780659873,""stop"":1775780662212},{""start"":1775780663672,""stop"":1775780665049},{""start"":1775780670919,""stop"":1775780672419},{""start"":1775780681113,""stop"":1775780681304},{""start"":1775780687351,""stop"":1775780687995},{""start"":1775780688396,""stop"":1775780688797}]}",1.355,"{""version"":1,""segments"":[{""start"":1775780699931,""stop"":1775780699972},{""start"":1775780700351,""stop"":1775780701665}]}",0,"{""version"":1,""segments"":[]}",0,0,0,1,0,0,0,x,0,3,Only shot once,"was able to shoot fast when undefended, faced some issues when defended though drew some fouls","focused on intaking fuel and getting into position, did not really play defense did mess with the opposing alliance though",405,389,389,red,0,0,None,None,None,0,None,None,None,1,30,0,0,0,None,1,0,89,389,270,0,0
2026pncmp_qm25,qm,1,25,frc2910,frc2910,frc360,frc4469,frc2976,frc7034,frc2926,red,Adam M,depotWall1,0,0,0,7.23,"{""version"":1,""segments"":[{""start"":1775781045900,""stop"":1775781048751},{""start"":1775781056235,""stop"":1775781060614}]}",0,"{""version"":1,""segments"":[]}",Auto 1,0,0,14.12,"{""version"":1,""segments"":[{""start"":1775781072395,""stop"":1775781075625},{""start"":1775781100973,""stop"":1775781102088},{""start"":1775781115874,""stop"":1775781117686},{""start"":1775781119690,""stop"":1775781121696},{""start"":1775781149587,""stop"":1775781152158},{""start"":1775781162647,""stop"":1775781163375},{""start"":1775781176346,""stop"":1775781177520},{""start"":1775781183213,""stop"":1775781184031},{""start"":1775781188073,""stop"":1775781188739}]}",3.818,"{""version"":1,""segments"":[{""start"":1775781087571,""stop"":1775781089325},{""start"":1775781129747,""stop"":1775781131811}]}",0,"{""version"":1,""segments"":[]}",0,0,0,0,0,0,0,x,.5,3,"Amazing auto, good shooting speed and accuracy","Good manuevering around defense, and quick scoring and refilliung with the same fuel they shot into the hub is good.",quick ferrying feeds the robots on the same alliance that fights back against the heavy defense.,426,426,185,red,0,0,None,None,None,0,None,None,None,1,15,0,0,0,None,5,1,117,426,294,0,0
2026pncmp_qm25,qm,1,25,frc360,frc2910,frc360,frc4469,frc2976,frc7034,frc2926,red,Cayden W,depot2,0,0,0,4.225,"{""version"":1,""segments"":[{""start"":1775781056645,""stop"":1775781060870}]}",0,"{""version"":1,""segments"":[]}",Auto 2,0,97.29999999999875,4.93,"{""version"":1,""segments"":[{""start"":1775781076298,""stop"":1775781077615},{""start"":1775781107300,""stop"":1775781110716},{""start"":1775781111018,""stop"":1775781111215}]}",2.828,"{""version"":1,""segments"":[{""start"":1775781092281,""stop"":1775781094905},{""start"":1775781095151,""stop"":1775781095355}]}",0,"{""version"":1,""segments"":[]}",0,0,0,0,0,0,0,x,0,1,"They picked up most of the fuel in the depot, was very accurate ",was doing fast cycles but suddenly broke down in front of tower for whole match,dead,426,426,185,red,0,0,None,None,None,0,None,None,None,1,15,0,0,0,None,5,1,117,426,294,0,0
2026pncmp_qm25,qm,1,25,frc4469,frc2910,frc360,frc4469,frc2976,frc7034,frc2926,red,Eve g,outpostWall5,0,0,0,2.394,"{""version"":1,""segments"":[{""start"":1775781066943,""stop"":1775781067050},{""start"":1775781067102,""stop"":1775781069389}]}",0,"{""version"":1,""segments"":[]}",Other,0,51.40000000000046,9.796,"{""version"":1,""segments"":[{""start"":1775781078687,""stop"":1775781081363},{""start"":1775781105992,""stop"":1775781110608},{""start"":1775781123992,""stop"":1775781125439},{""start"":1775781130515,""stop"":1775781131496},{""start"":1775781213499,""stop"":1775781213575}]}",0,"{""version"":1,""segments"":[]}",0,"{""version"":1,""segments"":[]}",0,0,0,0,0,0,0,x,x,2,good auto was able to score quite a bit,was very good until it stopped working. Got stuck/broken under the trench. Good shooter before bot broke,collected fuel.,426,426,185,red,0,0,None,None,None,0,None,None,None,1,15,0,0,0,None,5,1,117,426,294,0,0
2026pncmp_qm25,qm,1,25,frc2976,frc2910,frc360,frc4469,frc2976,frc7034,frc2926,blue,Eryn M,depotWall1,0,0,0,0,"{""version"":1,""segments"":[]}",0,"{""version"":1,""segments"":[]}",,0,1.7000000000000004,4.272,"{""version"":1,""segments"":[{""start"":1775781128849,""stop"":1775781130878},{""start"":1775781135591,""stop"":1775781136017},{""start"":1775781137150,""stop"":1775781137638},{""start"":1775781209922,""stop"":1775781210712},{""start"":1775781211473,""stop"":1775781212012}]}",0,"{""version"":1,""segments"":[]}",0,"{""version"":1,""segments"":[]}",0,0,0,0,0,1,0,0,.5,1,,More defense as well ,Fed Human players and played defense in opp,426,185,185,red,0,0,None,None,None,0,None,None,None,0,0,0,1,0,None,0,0,28,185,157,0,0
2026pncmp_qm25,qm,1,25,frc7034,frc2910,frc360,frc4469,frc2976,frc7034,frc2926,blue,Pranav K,depotWall1,0,0,0,10.928,"{""version"":1,""segments"":[{""start"":1775839693128,""stop"":1775839699399},{""start"":1775839704323,""stop"":1775839708980}]}",0,"{""version"":1,""segments"":[]}",,0,0,63.686,"{""version"":1,""segments"":[{""start"":1775839719832,""stop"":1775839727427},{""start"":1775839729104,""stop"":1775839732463},{""start"":1775839735000,""stop"":1775839738536},{""start"":1775839739618,""stop"":1775839742142},{""start"":1775839766806,""stop"":1775839769590},{""start"":1775839794263,""stop"":1775839803891},{""start"":1775839806097,""stop"":1775839806184},{""start"":1775839807605,""stop"":1775839817083},{""start"":1775839818832,""stop"":1775839819461},{""start"":1775839852326,""stop"":1775839856850},{""start"":1775839882329,""stop"":1775839882403},{""start"":1775839882862,""stop"":1775839888128},{""start"":1775839888615,""stop"":1775839892842},{""start"":1775839898539,""stop"":1775839904530},{""start"":1775839908929,""stop"":1775839912913}]}",0,"{""version"":1,""segments"":[]}",0,"{""version"":1,""segments"":[]}",0,0,0,0,0,0,0,0,0,3,"good collect, picks up balls well and shoots it all. accuracy issues with shooter, missed a lot","same with here, lots of shots missed but really good bps and collect, cycled well","no ferry, but stole frequently from opponent zone",426,185,185,red,0,0,None,None,None,0,None,None,None,0,0,0,1,0,None,0,0,28,185,157,0,0
2026pncmp_qm25,qm,1,25,frc2926,frc2910,frc360,frc4469,frc2976,frc7034,frc2926,blue,Alyson W,middle3,0,0,0,1.003,"{""version"":1,""segments"":[{""start"":1775781051391,""stop"":1775781052275},{""start"":1775781062464,""stop"":1775781062583}]}",0,"{""version"":1,""segments"":[]}",Other,0,0,4.784,"{""version"":1,""segments"":[{""start"":1775781077288,""stop"":1775781079375},{""start"":1775781095142,""stop"":1775781096557},{""start"":1775781129310,""stop"":1775781129756},{""start"":1775781130075,""stop"":1775781130514},{""start"":1775781130968,""stop"":1775781131046},{""start"":1775781138310,""stop"":1775781138629}]}",0,"{""version"":1,""segments"":[]}",0,"{""version"":1,""segments"":[]}",0,0,0,0,0,1,0,-.5,-.5,1,"- intakes at depot, shot ONE ball, intakes at depot again, shoots one more ball","- pretty bad shooting, ok accuracy, slow shooting, only one ball at a time, and sometimes they didn't shoot
- after trying to shoot a little bit, they started ferrying balls to alliance zone from neutral zone by pushing it","- tries to play defense against a bot in opp alliance zone by blocking them from shooting, but opp alliance bot was still able to shoot and score anyway",426,185,185,red,0,0,None,None,None,0,None,None,None,0,0,0,1,0,None,0,0,28,185,157,0,0
2026pncmp_qm26,qm,1,26,frc1540,frc1540,frc10416,frc9430,frc10991,frc10079,frc5937,red,Adam M,depotWall1,0,0,0,2.736,"{""version"":1,""segments"":[{""start"":1775781709142,""stop"":1775781711878}]}",0,"{""version"":1,""segments"":[]}",,1,0,16.356,"{""version"":1,""segments"":[{""start"":1775781731653,""stop"":1775781733584},{""start"":1775781734146,""stop"":1775781735726},{""start"":1775781750361,""stop"":1775781757258},{""start"":1775781759119,""stop"":1775781759226},{""start"":1775781759407,""stop"":1775781759506},{""start"":1775781759687,""stop"":1775781759926},{""start"":1775781760046,""stop"":1775781760135},{""start"":1775781760286,""stop"":1775781760333},{""start"":1775781760515,""stop"":1775781760616},{""start"":1775781797500,""stop"":1775781799035},{""start"":1775781811095,""stop"":1775781813000},{""start"":1775781843848,""stop"":1775781845674}]}",10.997,"{""version"":1,""segments"":[{""start"":1775781739468,""stop"":1775781741126},{""start"":1775781741647,""stop"":1775781745371},{""start"":1775781769292,""stop"":1775781773578},{""start"":1775781774307,""stop"":1775781774347},{""start"":1775781774487,""stop"":1775781775057},{""start"":1775781799995,""stop"":1775781800714}]}",4.012,"{""version"":1,""segments"":[{""start"":1775781822300,""stop"":1775781822560},{""start"":1775781823009,""stop"":1775781823138},{""start"":1775781823300,""stop"":1775781825757},{""start"":1775781828520,""stop"":1775781829419},{""start"":1775781830346,""stop"":1775781830473},{""start"":1775781830793,""stop"":1775781830933}]}",0,0,0,0,0,0,0,x,x,3,"shot a round, then stopped moving",shooting while moving and being accurate.,"Ferrying a lot, from both zones.",431,431,302,red,0,0,None,None,None,0,None,None,None,1,25,0,1,0,None,5,1,76,431,330,0,0
2026pncmp_qm26,qm,1,26,frc10416,frc1540,frc10416,frc9430,frc10991,frc10079,frc5937,red,Cayden W,depot2,0,0,0,3.486,"{""version"":1,""segments"":[{""start"":1775781719454,""stop"":1775781719973},{""start"":1775781720153,""stop"":1775781721868},{""start"":1775781722033,""stop"":1775781722657},{""start"":1775781724521,""stop"":1775781724919},{""start"":1775781725402,""stop"":1775781725632}]}",0,"{""version"":1,""segments"":[]}",Auto 1,0,0,0,"{""version"":1,""segments"":[]}",0,"{""version"":1,""segments"":[]}",0,"{""version"":1,""segments"":[]}",0.9999999999999999,0,0,1,1,1,1,-.5,-.5,1,"It missed a few in depot, made contact with a partner ","played defense everywhere, driving recklessly, intake broke",played defense then got beached at last second of match,431,431,302,red,0,0,None,None,None,0,None,None,None,1,25,0,1,0,None,5,1,76,431,330,0,0
2026pncmp_qm26,qm,1,26,frc9430,frc1540,frc10416,frc9430,frc10991,frc10079,frc5937,red,Eve G,outpostWall5,0,0,0,9.288,"{""version"":1,""segments"":[{""start"":1775781714746,""stop"":1775781720867},{""start"":1775781726183,""stop"":1775781729350}]}",0,"{""version"":1,""segments"":[]}",Other,0,0,17.464,"{""version"":1,""segments"":[{""start"":1775781761953,""stop"":1775781765019},{""start"":1775781766661,""stop"":1775781767062},{""start"":1775781798372,""stop"":1775781800120},{""start"":1775781802460,""stop"":1775781803699},{""start"":1775781843630,""stop"":1775781850103},{""start"":1775781855750,""stop"":1775781860287}]}",5.425,"{""version"":1,""segments"":[{""start"":1775781774639,""stop"":1775781778985},{""start"":1775781790702,""stop"":1775781791781}]}",0,"{""version"":1,""segments"":[]}",0,0,0,0,0,0,0,x,x,1,,"Good shooter, fell short a few times but not too often, scored quite a bit",ferried and collected ,431,431,302,red,0,0,None,None,None,0,None,None,None,1,25,0,1,0,None,5,1,76,431,330,0,0
2026pncmp_qm26,qm,1,26,frc10991,frc1540,frc10416,frc9430,frc10991,frc10079,frc5937,blue,Eryn M,middle3,0,0,0,0,"{""version"":1,""segments"":[]}",0,"{""version"":1,""segments"":[]}",,0,0,3.543,"{""version"":1,""segments"":[{""start"":1775781768519,""stop"":1775781772046},{""start"":1775781790759,""stop"":1775781790775}]}",7.584,"{""version"":1,""segments"":[{""start"":1775781772735,""stop"":1775781779140},{""start"":1775781812527,""stop"":1775781813026},{""start"":1775781813314,""stop"":1775781813994}]}",3.047,"{""version"":1,""segments"":[{""start"":1775781817681,""stop"":1775781819961},{""start"":1775781821119,""stop"":1775781821488},{""start"":1775781843649,""stop"":1775781844047}]}",0,0,0,1,0,1,1,0,0,1,zoned out,was playing defense on opposite side,"more defense, halted some shots and hendered some bots decently ",431,302,302,red,0,0,None,None,None,0,None,None,None,1,15,0,1,2,None,1,0,78,302,209,0,0
2026pncmp_qm26,qm,1,26,frc10079,frc1540,frc10416,frc9430,frc10991,frc10079,frc5937,blue,Pranav K,depotWall1,0,0,0,8.952,"{""version"":1,""segments"":[{""start"":1775781629856,""stop"":1775781629923},{""start"":1775781632033,""stop"":1775781632090},{""start"":1775781632680,""stop"":1775781632740},{""start"":1775781716741,""stop"":1775781717166},{""start"":1775781717753,""stop"":1775781720923},{""start"":1775781721780,""stop"":1775781726757},{""start"":1775781732591,""stop"":1775781732787}]}",0.207,"{""version"":1,""segments"":[{""start"":1775781630810,""stop"":1775781630846},{""start"":1775781632037,""stop"":1775781632113},{""start"":1775781632677,""stop"":1775781632772}]}",Auto 1,0,0,44.574,"{""version"":1,""segments"":[{""start"":1775781766998,""stop"":1775781768423},{""start"":1775781769962,""stop"":1775781776879},{""start"":1775781778157,""stop"":1775781778693},{""start"":1775781780808,""stop"":1775781783093},{""start"":1775781786813,""stop"":1775781787070},{""start"":1775781787597,""stop"":1775781789290},{""start"":1775781791211,""stop"":1775781792400},{""start"":1775781820117,""stop"":1775781828944},{""start"":1775781829740,""stop"":1775781829827},{""start"":1775781834702,""stop"":1775781835149},{""start"":1775781836904,""stop"":1775781840636},{""start"":1775781841120,""stop"":1775781845052},{""start"":1775781854647,""stop"":1775781865583},{""start"":1775781866176,""stop"":1775781866362},{""start"":1775781870531,""stop"":1775781872656}]}",0,"{""version"":1,""segments"":[]}",0,"{""version"":1,""segments"":[]}",0,0,0,0,0,0,0,x,0,3,"Collected some, shot some, decent","really slow shooter, accurate  but takes time for balls to exit and get from hopper to shooter, good collect and good else",just collected and shots,431,302,302,red,0,0,None,None,None,0,None,None,None,1,15,0,1,2,None,1,0,78,302,209,0,0
2026pncmp_qm26,qm,1,26,frc5937,frc1540,frc10416,frc9430,frc10991,frc10079,frc5937,blue,Alyson W,outpostWall5,0,0,0,8.053,"{""version"":1,""segments"":[{""start"":1775781712753,""stop"":1775781713010},{""start"":1775781713139,""stop"":1775781717069},{""start"":1775781723133,""stop"":1775781726999}]}",0,"{""version"":1,""segments"":[]}",Other,0,0,45.192,"{""version"":1,""segments"":[{""start"":1775781732433,""stop"":1775781735906},{""start"":1775781741563,""stop"":1775781741572},{""start"":1775781764561,""stop"":1775781769224},{""start"":1775781770147,""stop"":1775781770946},{""start"":1775781771591,""stop"":1775781771712},{""start"":1775781772121,""stop"":1775781772183},{""start"":1775781775696,""stop"":1775781779862},{""start"":1775781780596,""stop"":1775781780704},{""start"":1775781780923,""stop"":1775781784121},{""start"":1775781784934,""stop"":1775781788389},{""start"":1775781789389,""stop"":1775781789656},{""start"":1775781790192,""stop"":1775781790551},{""start"":1775781817610,""stop"":1775781825456},{""start"":1775781827785,""stop"":1775781830478},{""start"":1775781834342,""stop"":1775781837428},{""start"":1775781838176,""stop"":1775781838407},{""start"":1775781838586,""stop"":1775781838736},{""start"":1775781839791,""stop"":1775781839880},{""start"":1775781841735,""stop"":1775781841776},{""start"":1775781857004,""stop"":1775781862011},{""start"":1775781862336,""stop"":1775781865423},{""start"":1775781865900,""stop"":1775781866350},{""start"":1775781866585,""stop"":1775781867244},{""start"":1775781868293,""stop"":1775781868355},{""start"":1775781868632,""stop"":1775781868692},{""start"":1775781869321,""stop"":1775781869716},{""start"":1775781869947,""stop"":1775781870004},{""start"":1775781870196,""stop"":1775781870795}]}",15.303,"{""version"":1,""segments"":[{""start"":1775781742152,""stop"":1775781745498},{""start"":1775781746119,""stop"":1775781747018},{""start"":1775781748526,""stop"":1775781751149},{""start"":1775781751465,""stop"":1775781751591},{""start"":1775781803232,""stop"":1775781807641},{""start"":1775781808702,""stop"":1775781809111},{""start"":1775781809654,""stop"":1775781809995},{""start"":1775781810338,""stop"":1775781813488}]}",0,"{""version"":1,""segments"":[]}",0,0,0,0,0,0,0,x,.5,1,"- intakes in neutral zone twice and shoots twice
- when shooting, it moves slightly towards the field walls, but still scores","- shooting balls, good accuracy, relatively slow (especially when running low on fuel)
- pretty good driving, a little slow but it never got stuck or anything","- ferries balls to alliance zone from neutral zone
- slow ish shooting
- I ranked them 3rd but I wasn't really paying attention to other robots",431,302,302,red,0,0,None,None,None,0,None,None,None,1,15,0,1,2,None,1,0,78,302,209,0,0
2026pncmp_qm27,qm,1,27,frc2522,frc2522,frc1318,frc2521,frc8051,frc2412,frc1595,red,Adam M,outpost4,0,0,0,3.103,"{""version"":1,""segments"":[{""start"":1775782256116,""stop"":1775782259219}]}",0,"{""version"":1,""segments"":[]}",,0,0,19.689,"{""version"":1,""segments"":[{""start"":1775782292177,""stop"":1775782295055},{""start"":1775782300158,""stop"":1775782300315},{""start"":1775782330418,""stop"":1775782333201},{""start"":1775782380664,""stop"":1775782394535}]}",7.012,"{""version"":1,""segments"":[{""start"":1775782278895,""stop"":1775782283350},{""start"":1775782356558,""stop"":1775782359115}]}",13.38,"{""version"":1,""segments"":[{""start"":1775782313616,""stop"":1775782316780},{""start"":1775782322465,""stop"":1775782322535},{""start"":1775782322655,""stop"":1775782322703},{""start"":1775782322815,""stop"":1775782322864},{""start"":1775782322956,""stop"":1775782323002},{""start"":1775782323096,""stop"":1775782323145},{""start"":1775782323235,""stop"":1775782323294},{""start"":1775782323355,""stop"":1775782323566},{""start"":1775782323627,""stop"":1775782323714},{""start"":1775782323767,""stop"":1775782324674},{""start"":1775782359415,""stop"":1775782359606},{""start"":1775782360007,""stop"":1775782363962},{""start"":1775782364283,""stop"":1775782366118},{""start"":1775782367094,""stop"":1775782368209},{""start"":1775782368493,""stop"":1775782369289},{""start"":1775782369599,""stop"":1775782369988},{""start"":1775782370830,""stop"":1775782371239}]}",0,10,1,0,0,1,0,-.5,0,3,Ferried,did lots of continuous shooting whilst moving,"did a LOT of ferrying, from both zones. A looooooooooot of successful ferrying.",315,315,317,blue,0,0,None,None,None,10,Level1,None,None,1,10,0,0,0,None,1,0,49,315,256,10,0
2026pncmp_qm27,qm,1,27,frc1318,frc2522,frc1318,frc2521,frc8051,frc2412,frc1595,red,Cayden W,depotWall1,0,0,0,4.464,"{""version"":1,""segments"":[{""start"":1775782256511,""stop"":1775782259161},{""start"":1775782259949,""stop"":1775782260068},{""start"":1775782267221,""stop"":1775782267321},{""start"":1775782267352,""stop"":1775782267382},{""start"":1775782268149,""stop"":1775782268646},{""start"":1775782269062,""stop"":1775782269533},{""start"":1775782269987,""stop"":1775782270265},{""start"":1775782270666,""stop"":1775782270985}]}",0,"{""version"":1,""segments"":[]}",Auto 1,0,1.2,14.057,"{""version"":1,""segments"":[{""start"":1775782282672,""stop"":1775782284096},{""start"":1775782284364,""stop"":1775782284566},{""start"":1775782284697,""stop"":1775782284796},{""start"":1775782285135,""stop"":1775782285226},{""start"":1775782285369,""stop"":1775782285456},{""start"":1775782285549,""stop"":1775782285655},{""start"":1775782285775,""stop"":1775782285874},{""start"":1775782285975,""stop"":1775782286045},{""start"":1775782286156,""stop"":1775782286235},{""start"":1775782286348,""stop"":1775782286444},{""start"":1775782286556,""stop"":1775782286606},{""start"":1775782293071,""stop"":1775782294010},{""start"":1775782294164,""stop"":1775782294320},{""start"":1775782294412,""stop"":1775782294531},{""start"":1775782294564,""stop"":1775782294720},{""start"":1775782294844,""stop"":1775782294980},{""start"":1775782295083,""stop"":1775782295170},{""start"":1775782295291,""stop"":1775782295390},{""start"":1775782295522,""stop"":1775782295590},{""start"":1775782295815,""stop"":1775782295889},{""start"":1775782297688,""stop"":1775782297761},{""start"":1775782297881,""stop"":1775782297906},{""start"":1775782303247,""stop"":1775782303881},{""start"":1775782304108,""stop"":1775782304183},{""start"":1775782304291,""stop"":1775782304410},{""start"":1775782304599,""stop"":1775782304690},{""start"":1775782304935,""stop"":1775782305002},{""start"":1775782305388,""stop"":1775782305509},{""start"":1775782306466,""stop"":1775782306549},{""start"":1775782306776,""stop"":1775782306838},{""start"":1775782307166,""stop"":1775782307258},{""start"":1775782307408,""stop"":1775782307468},{""start"":1775782334244,""stop"":1775782334288},{""start"":1775782334410,""stop"":1775782334768},{""start"":1775782335191,""stop"":1775782335340},{""start"":1775782336136,""stop"":1775782336290},{""start"":1775782336394,""stop"":1775782336473},{""start"":1775782336593,""stop"":1775782336653},{""start"":1775782336793,""stop"":1775782336853},{""start"":1775782337001,""stop"":1775782337060},{""start"":1775782337313,""stop"":1775782337380},{""start"":1775782337541,""stop"":1775782337600},{""start"":1775782337780,""stop"":1775782337852},{""start"":1775782337953,""stop"":1775782338049},{""start"":1775782338200,""stop"":1775782338238},{""start"":1775782338400,""stop"":1775782338430},{""start"":1775782338629,""stop"":1775782338647},{""start"":1775782338799,""stop"":1775782338817},{""start"":1775782338992,""stop"":1775782339058},{""start"":1775782339192,""stop"":1775782339271},{""start"":1775782339431,""stop"":1775782339469},{""start"":1775782339631,""stop"":1775782339668},{""start"":1775782339779,""stop"":1775782339850},{""start"":1775782340011,""stop"":1775782340048},{""start"":1775782340795,""stop"":1775782340865},{""start"":1775782341033,""stop"":1775782341050},{""start"":1775782341338,""stop"":1775782341402},{""start"":1775782341672,""stop"":1775782341690},{""start"":1775782341904,""stop"":1775782341970},{""start"":1775782342152,""stop"":1775782342211},{""start"":1775782342364,""stop"":1775782342443},{""start"":1775782342611,""stop"":1775782342629},{""start"":1775782346577,""stop"":1775782346595},{""start"":1775782347005,""stop"":1775782347086},{""start"":1775782347262,""stop"":1775782347305},{""start"":1775782347539,""stop"":1775782347554},{""start"":1775782347739,""stop"":1775782347798},{""start"":1775782347958,""stop"":1775782348024},{""start"":1775782348206,""stop"":1775782348244},{""start"":1775782348378,""stop"":1775782348465},{""start"":1775782348578,""stop"":1775782348657},{""start"":1775782348807,""stop"":1775782348855},{""start"":1775782349045,""stop"":1775782349063},{""start"":1775782349278,""stop"":1775782349344},{""start"":1775782349505,""stop"":1775782349542},{""start"":1775782349725,""stop"":1775782349805},{""start"":1775782349985,""stop"":1775782350056},{""start"":1775782350217,""stop"":1775782350283},{""start"":1775782350687,""stop"":1775782350743},{""start"":1775782350903,""stop"":1775782350942},{""start"":1775782355071,""stop"":1775782355141},{""start"":1775782355272,""stop"":1775782355329},{""start"":1775782355491,""stop"":1775782355550},{""start"":1775782355691,""stop"":1775782355782},{""start"":1775782355911,""stop"":1775782355982},{""start"":1775782356123,""stop"":1775782356190},{""start"":1775782356343,""stop"":1775782356402},{""start"":1775782356570,""stop"":1775782356629},{""start"":1775782356790,""stop"":1775782356849},{""start"":1775782357023,""stop"":1775782357099},{""start"":1775782357262,""stop"":1775782357319},{""start"":1775782357502,""stop"":1775782357548},{""start"":1775782357769,""stop"":1775782357808},{""start"":1775782358001,""stop"":1775782358048},{""start"":1775782358221,""stop"":1775782358268},{""start"":1775782358521,""stop"":1775782358546},{""start"":1775782358788,""stop"":1775782358816},{""start"":1775782383540,""stop"":1775782383646},{""start"":1775782383808,""stop"":1775782384078},{""start"":1775782384229,""stop"":1775782384337},{""start"":1775782384429,""stop"":1775782384538},{""start"":1775782384661,""stop"":1775782384748},{""start"":1775782384869,""stop"":1775782384970},{""start"":1775782385103,""stop"":1775782385199},{""start"":1775782385332,""stop"":1775782385421},{""start"":1775782385572,""stop"":1775782385662},{""start"":1775782385767,""stop"":1775782385864},{""start"":1775782385976,""stop"":1775782386076},{""start"":1775782386209,""stop"":1775782386297},{""start"":1775782386438,""stop"":1775782386518},{""start"":1775782386679,""stop"":1775782386778},{""start"":1775782386899,""stop"":1775782386998},{""start"":1775782387118,""stop"":1775782387218},{""start"":1775782387351,""stop"":1775782387437},{""start"":1775782387560,""stop"":1775782387660},{""start"":1775782387772,""stop"":1775782387869},{""start"":1775782387981,""stop"":1775782388083},{""start"":1775782388215,""stop"":1775782388271},{""start"":1775782388403,""stop"":1775782388484},{""start"":1775782389043,""stop"":1775782389096},{""start"":1775782393317,""stop"":1775782393457},{""start"":1775782393559,""stop"":1775782393637},{""start"":1775782393719,""stop"":1775782393811},{""start"":1775782393890,""stop"":1775782393998},{""start"":1775782394079,""stop"":1775782394187},{""start"":1775782394251,""stop"":1775782394357},{""start"":1775782394390,""stop"":1775782394497},{""start"":1775782394578,""stop"":1775782394687},{""start"":1775782394750,""stop"":1775782394857},{""start"":1775782394938,""stop"":1775782395056},{""start"":1775782395118,""stop"":1775782395206},{""start"":1775782395330,""stop"":1775782395408},{""start"":1775782395537,""stop"":1775782395626},{""start"":1775782395777,""stop"":1775782395875},{""start"":1775782395976,""stop"":1775782396075},{""start"":1775782396176,""stop"":1775782396266},{""start"":1775782396369,""stop"":1775782396456},{""start"":1775782396569,""stop"":1775782396615},{""start"":1775782396749,""stop"":1775782396795},{""start"":1775782396916,""stop"":1775782397006},{""start"":1775782397116,""stop"":1775782397175},{""start"":1775782397328,""stop"":1775782397405}]}",1.986,"{""version"":1,""segments"":[{""start"":1775782320500,""stop"":1775782320997},{""start"":1775782321227,""stop"":1775782321244},{""start"":1775782325265,""stop"":1775782325671},{""start"":1775782325824,""stop"":1775782325931},{""start"":1775782326044,""stop"":1775782326140},{""start"":1775782326264,""stop"":1775782326351},{""start"":1775782326464,""stop"":1775782326563},{""start"":1775782326703,""stop"":1775782326782},{""start"":1775782369872,""stop"":1775782369963},{""start"":1775782370112,""stop"":1775782370163},{""start"":1775782370291,""stop"":1775782370391},{""start"":1775782370512,""stop"":1775782370600},{""start"":1775782370711,""stop"":1775782370790},{""start"":1775782370972,""stop"":1775782371030},{""start"":1775782371164,""stop"":1775782371251},{""start"":1775782371424,""stop"":1775782371468}]}",0,"{""version"":1,""segments"":[]}",10.29999999999998,0,0,0,0,0,0,x,0,3,They had a good accurate auto,Okay at shooting they missed a few by over shooting ,fast ferrying ,315,315,317,blue,0,0,None,None,None,10,Level1,None,None,1,10,0,0,0,None,1,0,49,315,256,10,0
2026pncmp_qm27,qm,1,27,frc2521,frc2522,frc1318,frc2521,frc8051,frc2412,frc1595,red,Eve g,outpost4,0,0,0,1.248,"{""version"":1,""segments"":[{""start"":1775782304153,""stop"":1775782305401}]}",0,"{""version"":1,""segments"":[]}",Other,0,0,1.687,"{""version"":1,""segments"":[{""start"":1775782306665,""stop"":1775782307983},{""start"":1775782311681,""stop"":1775782312050}]}",0,"{""version"":1,""segments"":[]}",0,"{""version"":1,""segments"":[]}",0,0,0,0,0,0,0,x,.5,1,,"didnt do any shooting, was helpful in other ways, it looked like they got fuel jammed in their intake","pushed fuel into alliance zone and into outpost, maybe jammed intake but they were still helpful tho they didn't do much collecting/Shooting",315,315,317,blue,0,0,None,None,None,10,Level1,None,None,1,10,0,0,0,None,1,0,49,315,256,10,0
2026pncmp_qm27,qm,1,27,frc8051,frc2522,frc1318,frc2521,frc8051,frc2412,frc1595,blue,Eryn m,depotWall1,0,0,0,3.107,"{""version"":1,""segments"":[{""start"":1775782254652,""stop"":1775782255967},{""start"":1775782261537,""stop"":1775782263208},{""start"":1775782264689,""stop"":1775782264810}]}",0,"{""version"":1,""segments"":[]}",,0,0,20.321,"{""version"":1,""segments"":[{""start"":1775782275799,""stop"":1775782278331},{""start"":1775782279153,""stop"":1775782280010},{""start"":1775782308415,""stop"":1775782312162},{""start"":1775782317185,""stop"":1775782320828},{""start"":1775782324332,""stop"":1775782324702},{""start"":1775782368868,""stop"":1775782371914},{""start"":1775782375764,""stop"":1775782377328},{""start"":1775782380832,""stop"":1775782380889},{""start"":1775782385323,""stop"":1775782385893},{""start"":1775782397835,""stop"":1775782400848},{""start"":1775782411174,""stop"":1775782412096}]}",11.854,"{""version"":1,""segments"":[{""start"":1775782304811,""stop"":1775782308207},{""start"":1775782356801,""stop"":1775782362096},{""start"":1775782366231,""stop"":1775782366729},{""start"":1775782386812,""stop"":1775782387351},{""start"":1775782392435,""stop"":1775782394561}]}",5.274,"{""version"":1,""segments"":[{""start"":1775782329781,""stop"":1775782331239},{""start"":1775782334232,""stop"":1775782335511},{""start"":1775782362436,""stop"":1775782364973}]}",0,0,0,0,0,0,0,x,1,1,2 cycles,very fast nd used their collection of ferried balls to quickly restock as they ferried them to their side of shooting the most,"ferried lots of balls using their base, especially from enemy side",315,317,317,blue,0,0,None,None,None,0,None,None,None,1,0,0,0,2,None,4,0,72,317,245,0,0
2026pncmp_qm27,qm,1,27,frc2412,frc2522,frc1318,frc2521,frc8051,frc2412,frc1595,blue,Pranav K,depotWall1,0,0,0,6.418,"{""version"":1,""segments"":[{""start"":1775782258476,""stop"":1775782263350},{""start"":1775782270025,""stop"":1775782271569}]}",0,"{""version"":1,""segments"":[]}",,0,0,58.042,"{""version"":1,""segments"":[{""start"":1775782275461,""stop"":1775782286050},{""start"":1775782309429,""stop"":1775782322265},{""start"":1775782326621,""stop"":1775782333073},{""start"":1775782333714,""stop"":1775782335298},{""start"":1775782359370,""stop"":1775782365264},{""start"":1775782366368,""stop"":1775782371748},{""start"":1775782372581,""stop"":1775782379674},{""start"":1775782381510,""stop"":1775782382987},{""start"":1775782393469,""stop"":1775782396743},{""start"":1775782405773,""stop"":1775782405872},{""start"":1775782406276,""stop"":1775782407401},{""start"":1775782410124,""stop"":1775782411319},{""start"":1775782412675,""stop"":1775782413719}]}",23.397,"{""version"":1,""segments"":[{""start"":1775782290088,""stop"":1775782301224},{""start"":1775782301886,""stop"":1775782304404},{""start"":1775782342712,""stop"":1775782346345},{""start"":1775782348440,""stop"":1775782354550}]}",0,"{""version"":1,""segments"":[]}",0,0,0,0,0,0,0,x,.5,3,"good auto, collected way more balls than they could shoot","very good at collecting, not the fastest at shooting, good accuracy but balls take a little time. Battery problems by the end, couldn't drive or shoot at all","good ferry, gets it over well enough",315,317,317,blue,0,0,None,None,None,0,None,None,None,1,0,0,0,2,None,4,0,72,317,245,0,0
2026pncmp_qm27,qm,1,27,frc1595,frc2522,frc1318,frc2521,frc8051,frc2412,frc1595,blue,Alyson W,outpostWall5,0,0,0,7.669,"{""version"":1,""segments"":[{""start"":1775782258449,""stop"":1775782262346},{""start"":1775782264093,""stop"":1775782266103},{""start"":1775782384459,""stop"":1775782384778},{""start"":1775782385197,""stop"":1775782385610},{""start"":1775782385694,""stop"":1775782385743},{""start"":1775782385891,""stop"":1775782386872}]}",0,"{""version"":1,""segments"":[]}",,0,0,11.52,"{""version"":1,""segments"":[{""start"":1775782284250,""stop"":1775782285238},{""start"":1775782309110,""stop"":1775782309130},{""start"":1775782309222,""stop"":1775782312383},{""start"":1775782322411,""stop"":1775782323662},{""start"":1775782324051,""stop"":1775782324246},{""start"":1775782325817,""stop"":1775782328295},{""start"":1775782329028,""stop"":1775782329079},{""start"":1775782398289,""stop"":1775782401187},{""start"":1775782410367,""stop"":1775782410449},{""start"":1775782412131,""stop"":1775782412527}]}",2.16,"{""version"":1,""segments"":[{""start"":1775782296760,""stop"":1775782298920}]}",0,"{""version"":1,""segments"":[]}",0,0,0,0,1,0,0,-.5,-.5,1,"- slow shooting
- intakes in neutral zone","- has trouble getting over bump
- randomly emoted twice by doing 360s
- only defended once, got a minor foul while in alliance zone for blocking opp alliance  
- slow shooting, can only shoot one ball at a time, good accuracy","- ferried balls only a little bit using shooter, a little slow",315,317,317,blue,0,0,None,None,None,0,None,None,None,1,0,0,0,2,None,4,0,72,317,245,0,0
2026pncmp_qm28,qm,1,28,frc4131,frc4131,frc2374,frc9023,frc6696,frc1778,frc4125,red,,depotWall1,0,0,0,0,"{""version"":1,""segments"":[]}",0,"{""version"":1,""segments"":[]}",,0,0,0,"{""version"":1,""segments"":[]}",0,"{""version"":1,""segments"":[]}",0,"{""version"":1,""segments"":[]}",0,0,0,0,0,0,0,x,x,1,,,,311,311,326,blue,0,0,None,None,None,0,None,None,None,1,15,0,0,0,None,1,0,35,311,261,0,0
2026pncmp_qm28,qm,1,28,frc2374,frc4131,frc2374,frc9023,frc6696,frc1778,frc4125,red,Cayden W,depotWall1,0,0,0,0,"{""version"":1,""segments"":[]}",0,"{""version"":1,""segments"":[]}",,0,0,0,"{""version"":1,""segments"":[]}",0,"{""version"":1,""segments"":[]}",0,"{""version"":1,""segments"":[]}",0,0,0,0,0,0,0,x,x,1,,,,311,311,326,blue,0,0,None,None,None,0,None,None,None,1,15,0,0,0,None,1,0,35,311,261,0,0
2026pncmp_qm28,qm,1,28,frc9023,frc4131,frc2374,frc9023,frc6696,frc1778,frc4125,red,,depotWall1,0,0,0,0,"{""version"":1,""segments"":[]}",0,"{""version"":1,""segments"":[]}",,0,0,0,"{""version"":1,""segments"":[]}",0,"{""version"":1,""segments"":[]}",0,"{""version"":1,""segments"":[]}",0,0,0,0,0,0,0,x,x,1,,,,311,311,326,blue,0,0,None,None,None,0,None,None,None,1,15,0,0,0,None,1,0,35,311,261,0,0
2026pncmp_qm28,qm,1,28,frc6696,frc4131,frc2374,frc9023,frc6696,frc1778,frc4125,blue,,depotWall1,0,0,0,6.379,"{""version"":1,""segments"":[{""start"":1775846628994,""stop"":1775846632747},{""start"":1775846640753,""stop"":1775846643379}]}",4.373,"{""version"":1,""segments"":[{""start"":1775846626824,""stop"":1775846628065},{""start"":1775846636424,""stop"":1775846639556}]}",,0,0,43.668,"{""version"":1,""segments"":[{""start"":1775846649888,""stop"":1775846654051},{""start"":1775846723532,""stop"":1775846737821},{""start"":1775846739562,""stop"":1775846746399},{""start"":1775846746834,""stop"":1775846751790},{""start"":1775846781936,""stop"":1775846789526},{""start"":1775846791258,""stop"":1775846791844},{""start"":1775846792636,""stop"":1775846795788},{""start"":1775846797331,""stop"":1775846797869},{""start"":1775846799501,""stop"":1775846801058}]}",6.763,"{""version"":1,""segments"":[{""start"":1775846655654,""stop"":1775846657598},{""start"":1775846717538,""stop"":1775846718303},{""start"":1775846752788,""stop"":1775846756842}]}",8.458,"{""version"":1,""segments"":[{""start"":1775846757742,""stop"":1775846765653},{""start"":1775846767352,""stop"":1775846767899}]}",1.4000000000000001,0,0,0,0,0,0,x,x,1,,,,311,326,326,blue,0,0,None,None,None,0,None,None,None,1,0,0,1,0,None,4,0,66,326,260,0,0
2026pncmp_qm28,qm,1,28,frc1778,frc4131,frc2374,frc9023,frc6696,frc1778,frc4125,blue,,depotWall1,0,0,0,8.356,"{""version"":1,""segments"":[{""start"":1775847220959,""stop"":1775847225766},{""start"":1775847232917,""stop"":1775847236466}]}",6.127,"{""version"":1,""segments"":[{""start"":1775847216759,""stop"":1775847219635},{""start"":1775847228370,""stop"":1775847231621}]}",,0,0,37.109,"{""version"":1,""segments"":[{""start"":1775847246520,""stop"":1775847249683},{""start"":1775847278615,""stop"":1775847279914},{""start"":1775847280260,""stop"":1775847293329},{""start"":1775847294843,""stop"":1775847297728},{""start"":1775847299083,""stop"":1775847299570},{""start"":1775847302273,""stop"":1775847303018},{""start"":1775847304235,""stop"":1775847305267},{""start"":1775847333892,""stop"":1775847340602},{""start"":1775847341372,""stop"":1775847349091}]}",10.293,"{""version"":1,""segments"":[{""start"":1775847251501,""stop"":1775847252356},{""start"":1775847257803,""stop"":1775847265761},{""start"":1775847308406,""stop"":1775847308913},{""start"":1775847316748,""stop"":1775847317721}]}",9.614,"{""version"":1,""segments"":[{""start"":1775847309704,""stop"":1775847315670},{""start"":1775847318729,""stop"":1775847318809},{""start"":1775847318918,""stop"":1775847322486}]}",1.5000000000000002,0,0,0,0,0,0,x,x,1,,,,311,326,326,blue,0,0,None,None,None,0,None,None,None,1,0,0,1,0,None,4,0,66,326,260,0,0
2026pncmp_qm28,qm,1,28,frc4125,frc4131,frc2374,frc9023,frc6696,frc1778,frc4125,blue,Pranav K,middle3,0,0,0,2.574,"{""version"":1,""segments"":[{""start"":1775847520987,""stop"":1775847521083},{""start"":1775847521114,""stop"":1775847523592}]}",0,"{""version"":1,""segments"":[]}",,0,0,1.578,"{""version"":1,""segments"":[{""start"":1775847988960,""stop"":1775847989126},{""start"":1775847989339,""stop"":1775847990751}]}",0,"{""version"":1,""segments"":[]}",0,"{""version"":1,""segments"":[]}",4.300000000000001,0,0,0,0,0,0,x,x,1,,,,311,326,326,blue,0,0,None,None,None,0,None,None,None,1,0,0,1,0,None,4,0,66,326,260,0,0
2026pncmp_qm29,qm,1,29,frc4061,frc4061,frc4450,frc3663,frc9450,frc4488,frc1425,red,Adam M,middle3,0,0,0,1.4,"{""version"":1,""segments"":[{""start"":1775783321473,""stop"":1775783322873}]}",0,"{""version"":1,""segments"":[]}",Other,0,0,0,"{""version"":1,""segments"":[]}",0,"{""version"":1,""segments"":[]}",0,"{""version"":1,""segments"":[]}",0,0,0,0,0,1,0,-.5,x,1,shot some fuel,the played horrible defense,horrible defense,120,120,307,blue,0,0,None,None,None,0,None,None,None,0,0,0,1,0,None,0,0,68,120,52,0,0
2026pncmp_qm29,qm,1,29,frc4450,frc4061,frc4450,frc3663,frc9450,frc4488,frc1425,red,Cayden W,depotWall1,0,0,0,3.028,"{""version"":1,""segments"":[{""start"":1775783328352,""stop"":1775783329098},{""start"":1775783329334,""stop"":1775783329576},{""start"":1775783329717,""stop"":1775783329796},{""start"":1775783329909,""stop"":1775783329996},{""start"":1775783330117,""stop"":1775783330196},{""start"":1775783330317,""stop"":1775783330396},{""start"":1775783330529,""stop"":1775783330608},{""start"":1775783330737,""stop"":1775783330807},{""start"":1775783330937,""stop"":1775783331008},{""start"":1775783331137,""stop"":1775783331215},{""start"":1775783331753,""stop"":1775783331854},{""start"":1775783339384,""stop"":1775783339574},{""start"":1775783339716,""stop"":1775783339835},{""start"":1775783339924,""stop"":1775783340034},{""start"":1775783340163,""stop"":1775783340255},{""start"":1775783340376,""stop"":1775783340456},{""start"":1775783340635,""stop"":1775783340660},{""start"":1775783340776,""stop"":1775783340842},{""start"":1775783341015,""stop"":1775783341072},{""start"":1775783341203,""stop"":1775783341281},{""start"":1775783341434,""stop"":1775783341502},{""start"":1775783341635,""stop"":1775783341702},{""start"":1775783341834,""stop"":1775783341901},{""start"":1775783342054,""stop"":1775783342089},{""start"":1775783342254,""stop"":1775783342272},{""start"":1775783342454,""stop"":1775783342471},{""start"":1775783342641,""stop"":1775783342671},{""start"":1775783342780,""stop"":1775783342861},{""start"":1775783342994,""stop"":1775783343060},{""start"":1775783343201,""stop"":1775783343252}]}",0,"{""version"":1,""segments"":[]}",Auto 1,0,45.10000000000037,6.004,"{""version"":1,""segments"":[{""start"":1775783353524,""stop"":1775783353674},{""start"":1775783353755,""stop"":1775783353843},{""start"":1775783353963,""stop"":1775783354034},{""start"":1775783354196,""stop"":1775783354210},{""start"":1775783354522,""stop"":1775783354540},{""start"":1775783354754,""stop"":1775783354799},{""start"":1775783354942,""stop"":1775783355001},{""start"":1775783355162,""stop"":1775783355241},{""start"":1775783355414,""stop"":1775783355452},{""start"":1775783355574,""stop"":1775783355660},{""start"":1775783355800,""stop"":1775783355899},{""start"":1775783356081,""stop"":1775783356118},{""start"":1775783356282,""stop"":1775783356331},{""start"":1775783356473,""stop"":1775783356532},{""start"":1775783356681,""stop"":1775783356760},{""start"":1775783385937,""stop"":1775783386155},{""start"":1775783386309,""stop"":1775783386387},{""start"":1775783386576,""stop"":1775783386655},{""start"":1775783386828,""stop"":1775783386864},{""start"":1775783386988,""stop"":1775783387067},{""start"":1775783387188,""stop"":1775783387287},{""start"":1775783387407,""stop"":1775783387454},{""start"":1775783387595,""stop"":1775783387695},{""start"":1775783387815,""stop"":1775783387833},{""start"":1775783387927,""stop"":1775783388006},{""start"":1775783388136,""stop"":1775783388214},{""start"":1775783388367,""stop"":1775783388414},{""start"":1775783388554,""stop"":1775783388626},{""start"":1775783388806,""stop"":1775783388844},{""start"":1775783389026,""stop"":1775783389052},{""start"":1775783389234,""stop"":1775783389251},{""start"":1775783389406,""stop"":1775783389485},{""start"":1775783389666,""stop"":1775783389683},{""start"":1775783389825,""stop"":1775783389892},{""start"":1775783390046,""stop"":1775783390124},{""start"":1775783390254,""stop"":1775783390332},{""start"":1775783390465,""stop"":1775783390544},{""start"":1775783396359,""stop"":1775783396385},{""start"":1775783396519,""stop"":1775783396597},{""start"":1775783396706,""stop"":1775783396785},{""start"":1775783396906,""stop"":1775783396998},{""start"":1775783397146,""stop"":1775783397217},{""start"":1775783397378,""stop"":1775783397424},{""start"":1775783398401,""stop"":1775783398462},{""start"":1775783399599,""stop"":1775783399695},{""start"":1775783399837,""stop"":1775783399874},{""start"":1775783401099,""stop"":1775783401196},{""start"":1775783430026,""stop"":1775783430101},{""start"":1775783430337,""stop"":1775783430431},{""start"":1775783430492,""stop"":1775783430601},{""start"":1775783430692,""stop"":1775783430751},{""start"":1775783430851,""stop"":1775783430970},{""start"":1775783431052,""stop"":1775783431152},{""start"":1775783431223,""stop"":1775783431710},{""start"":1775783431791,""stop"":1775783433589}]}",1.811,"{""version"":1,""segments"":[{""start"":1775783368840,""stop"":1775783368858},{""start"":1775783368973,""stop"":1775783369058},{""start"":1775783369220,""stop"":1775783369271},{""start"":1775783369392,""stop"":1775783369478},{""start"":1775783369652,""stop"":1775783369690},{""start"":1775783370603,""stop"":1775783370692},{""start"":1775783370834,""stop"":1775783370880},{""start"":1775783371034,""stop"":1775783371093},{""start"":1775783371254,""stop"":1775783371321},{""start"":1775783371454,""stop"":1775783371532},{""start"":1775783372082,""stop"":1775783372159},{""start"":1775783372280,""stop"":1775783372360},{""start"":1775783372493,""stop"":1775783372579},{""start"":1775783372711,""stop"":1775783372800},{""start"":1775783372940,""stop"":1775783373028},{""start"":1775783373140,""stop"":1775783373220},{""start"":1775783373340,""stop"":1775783373418},{""start"":1775783373532,""stop"":1775783373598},{""start"":1775783373719,""stop"":1775783373757},{""start"":1775783373899,""stop"":1775783373970},{""start"":1775783374114,""stop"":1775783374170},{""start"":1775783374298,""stop"":1775783374377},{""start"":1775783374511,""stop"":1775783374597},{""start"":1775783374711,""stop"":1775783374797},{""start"":1775783374911,""stop"":1775783374990},{""start"":1775783375122,""stop"":1775783375177}]}",0,"{""version"":1,""segments"":[]}",0,0,0,0,0,0,0,x,-.5,3,Made some fuel into hub,"shot slow but also was being defended, ",ferry fuel ,120,120,307,blue,0,0,None,None,None,0,None,None,None,0,0,0,1,0,None,0,0,68,120,52,0,0
2026pncmp_qm29,qm,1,29,frc3663,frc4061,frc4450,frc3663,frc9450,frc4488,frc1425,red,Olivia S,outpostWall5,0,0,0,4.833,"{""version"":1,""segments"":[{""start"":1775783329939,""stop"":1775783334772}]}",0,"{""version"":1,""segments"":[]}",Auto 1,0,38.300000000000274,0,"{""version"":1,""segments"":[]}",2.187,"{""version"":1,""segments"":[{""start"":1775783386413,""stop"":1775783387141},{""start"":1775783390241,""stop"":1775783391700}]}",0,"{""version"":1,""segments"":[]}",0,0,0,1,1,1,1,0,.5,1,"shot one batch of fuel, then stopped way too early (something likely went wrong)","couldnt shoot, so turned to herding ferrying.. which didnt work super well, and finally resorted to defense (mildly effective.. just disorganized)",herded only a few balls. defense was ok... chasing robots everywhere. defense around bump and trench was most effective.,120,120,307,blue,0,0,None,None,None,0,None,None,None,0,0,0,1,0,None,0,0,68,120,52,0,0
2026pncmp_qm29,qm,1,29,frc9450,frc4061,frc4450,frc3663,frc9450,frc4488,frc1425,blue,Eryn m,outpostWall5,1,0,0,0,"{""version"":1,""segments"":[]}",3.188,"{""version"":1,""segments"":[{""start"":1775783330108,""stop"":1775783330308},{""start"":1775783330397,""stop"":1775783333385}]}",,0,0,34.99,"{""version"":1,""segments"":[{""start"":1775783347963,""stop"":1775783348370},{""start"":1775783357680,""stop"":1775783364793},{""start"":1775783368946,""stop"":1775783372470},{""start"":1775783373161,""stop"":1775783374850},{""start"":1775783376790,""stop"":1775783378377},{""start"":1775783379144,""stop"":1775783379662},{""start"":1775783405265,""stop"":1775783408002},{""start"":1775783413289,""stop"":1775783416216},{""start"":1775783416777,""stop"":1775783417325},{""start"":1775783419059,""stop"":1775783423103},{""start"":1775783425675,""stop"":1775783427970},{""start"":1775783429394,""stop"":1775783430462},{""start"":1775783445270,""stop"":1775783445378},{""start"":1775783457271,""stop"":1775783461487},{""start"":1775783463512,""stop"":1775783464269},{""start"":1775783467596,""stop"":1775783468251},{""start"":1775783469174,""stop"":1775783469714},{""start"":1775783482971,""stop"":1775783483090},{""start"":1775783485554,""stop"":1775783485692}]}",4.918,"{""version"":1,""segments"":[{""start"":1775783354314,""stop"":1775783357469},{""start"":1775783395889,""stop"":1775783397652}]}",0,"{""version"":1,""segments"":[]}",0,0,0,0,1,0,0,-.5,0,1,fed human players and ferried instead of shooting ,prioritized feeding humans and then when free then shot,ferried often and fed human players,120,307,307,blue,0,0,None,None,None,0,None,None,None,1,15,0,0,0,None,4,0,37,307,255,0,0
2026pncmp_qm29,qm,1,29,frc4488,frc4061,frc4450,frc3663,frc9450,frc4488,frc1425,blue,Pranav K,middle3,0,0,0,3.264,"{""version"":1,""segments"":[{""start"":1775783324666,""stop"":1775783327681},{""start"":1775783363326,""stop"":1775783363575}]}",0,"{""version"":1,""segments"":[]}",Auto 1,0,0,28.812,"{""version"":1,""segments"":[{""start"":1775783364740,""stop"":1775783371679},{""start"":1775783372455,""stop"":1775783375791},{""start"":1775783378603,""stop"":1775783382266},{""start"":1775783407500,""stop"":1775783414595},{""start"":1775783426501,""stop"":1775783429985},{""start"":1775783457724,""stop"":1775783460029},{""start"":1775783461663,""stop"":1775783461980},{""start"":1775783470543,""stop"":1775783472216}]}",0,"{""version"":1,""segments"":[]}",0,"{""version"":1,""segments"":[]}",0,0,0,0,0,0,0,0,.5,3,"ok auto, just preloads","very good shooting, accurate and puts up a large amount of balls quickly, intake got smashed into trench, couldn't collect anymore","very good collect, played a lil defense",120,307,307,blue,0,0,None,None,None,0,None,None,None,1,15,0,0,0,None,4,0,37,307,255,0,0
2026pncmp_qm29,qm,1,29,frc1425,frc4061,frc4450,frc3663,frc9450,frc4488,frc1425,blue,Alyson W,depotWall1,0,0,0,2.342,"{""version"":1,""segments"":[{""start"":1775783328298,""stop"":1775783330488},{""start"":1775783332333,""stop"":1775783332404},{""start"":1775783339152,""stop"":1775783339233}]}",0,"{""version"":1,""segments"":[]}",Auto 1,0,0,0,"{""version"":1,""segments"":[]}",0,"{""version"":1,""segments"":[]}",0,"{""version"":1,""segments"":[]}",0,0,0,0,1,1,1,1,.5,1,- issue with intake and could only shoot a few balls,"- issue with intake, but immediately switched to defense
- good defense, was able to prevent multiple robots from leaving alliance zone and getting to their hub
- was able to stop robots in opp alliance from scoring (our alliance beat the other alliance by 200 btw)","- continued playing defense
- I ranked us 2nd",120,307,307,blue,0,0,None,None,None,0,None,None,None,1,15,0,0,0,None,4,0,37,307,255,0,0
2026pncmp_qm3,qm,1,3,frc8248,frc8248,frc1425,frc4512,frc7034,frc4915,frc1778,red,Pranav K,depotWall1,0,0,0,3.222,"{""version"":1,""segments"":[{""start"":1775844298186,""stop"":1775844301408}]}",0,"{""version"":1,""segments"":[]}",,0,0,3.773,"{""version"":1,""segments"":[{""start"":1775844336075,""stop"":1775844336296},{""start"":1775844354592,""stop"":1775844355794},{""start"":1775844357058,""stop"":1775844359408}]}",28.737,"{""version"":1,""segments"":[{""start"":1775844336521,""stop"":1775844339491},{""start"":1775844340200,""stop"":1775844340229},{""start"":1775844340332,""stop"":1775844340390},{""start"":1775844340484,""stop"":1775844340522},{""start"":1775844340631,""stop"":1775844340691},{""start"":1775844340791,""stop"":1775844340830},{""start"":1775844340923,""stop"":1775844340982},{""start"":1775844341070,""stop"":1775844341131},{""start"":1775844341243,""stop"":1775844341301},{""start"":1775844341403,""stop"":1775844341469},{""start"":1775844341570,""stop"":1775844341629},{""start"":1775844341751,""stop"":1775844341810},{""start"":1775844341922,""stop"":1775844342009},{""start"":1775844342102,""stop"":1775844342149},{""start"":1775844342269,""stop"":1775844342329},{""start"":1775844342429,""stop"":1775844342501},{""start"":1775844342609,""stop"":1775844342679},{""start"":1775844342781,""stop"":1775844342848},{""start"":1775844342962,""stop"":1775844343021},{""start"":1775844343121,""stop"":1775844343202},{""start"":1775844343309,""stop"":1775844343368},{""start"":1775844343488,""stop"":1775844343548},{""start"":1775844343681,""stop"":1775844343726},{""start"":1775844343860,""stop"":1775844343928},{""start"":1775844379227,""stop"":1775844381367},{""start"":1775844382943,""stop"":1775844385228},{""start"":1775844388779,""stop"":1775844392442},{""start"":1775844394167,""stop"":1775844394505},{""start"":1775844397404,""stop"":1775844400059},{""start"":1775844405056,""stop"":1775844408402},{""start"":1775844487022,""stop"":1775844487553},{""start"":1775844489278,""stop"":1775844493790},{""start"":1775844538068,""stop"":1775844541579},{""start"":1775844544212,""stop"":1775844545637}]}",9.176,"{""version"":1,""segments"":[{""start"":1775844438901,""stop"":1775844441544},{""start"":1775844446117,""stop"":1775844446889},{""start"":1775844464048,""stop"":1775844464534},{""start"":1775844467336,""stop"":1775844472611}]}",0,0,0,0,0,0,0,x,x,1,,,,309,309,392,blue,0,0,None,None,None,0,None,None,None,1,0,0,0,1,None,1,0,57,309,252,0,0
2026pncmp_qm3,qm,1,3,frc1425,frc8248,frc1425,frc4512,frc7034,frc4915,frc1778,red,Eve G,depotWall1,0,0,0,17.239,"{""version"":1,""segments"":[{""start"":1775767799868,""stop"":1775767802687},{""start"":1775767806959,""stop"":1775767810700},{""start"":1775767826483,""stop"":1775767832502},{""start"":1775767840625,""stop"":1775767845285}]}",0.924,"{""version"":1,""segments"":[{""start"":1775767863831,""stop"":1775767864755}]}",,0,0,39.015,"{""version"":1,""segments"":[{""start"":1775767875038,""stop"":1775767881536},{""start"":1775767888430,""stop"":1775767899155},{""start"":1775767922454,""stop"":1775767936125},{""start"":1775767939383,""stop"":1775767944180},{""start"":1775767950177,""stop"":1775767953501}]}",8.034,"{""version"":1,""segments"":[{""start"":1775767866226,""stop"":1775767874260}]}",0,"{""version"":1,""segments"":[]}",0,0,0,0,0,0,0,x,.5,3,"I forgot to switch out of auto for part of the match. But it scored decent amount, other robots were not helpful inauto","Good shooting, fuel fell short a few times when shooting from outer edge. ","Big hopper got filled so they had lots to shoot
",309,309,392,blue,0,0,None,None,None,0,None,None,None,1,0,0,0,1,None,1,0,57,309,252,0,0
2026pncmp_qm3,qm,1,3,frc4512,frc8248,frc1425,frc4512,frc7034,frc4915,frc1778,red,Adam M,outpostWall5,0,0,0,0,"{""version"":1,""segments"":[]}",0,"{""version"":1,""segments"":[]}",,1,0,21.802,"{""version"":1,""segments"":[{""start"":1775767822392,""stop"":1775767822480},{""start"":1775767823212,""stop"":1775767823422},{""start"":1775767824130,""stop"":1775767824271},{""start"":1775767825143,""stop"":1775767827192},{""start"":1775767827581,""stop"":1775767831259},{""start"":1775767840234,""stop"":1775767845922},{""start"":1775767848259,""stop"":1775767848478},{""start"":1775767876099,""stop"":1775767879957},{""start"":1775767889456,""stop"":1775767893802},{""start"":1775767899076,""stop"":1775767899317},{""start"":1775767926678,""stop"":1775767927962}]}",0,"{""version"":1,""segments"":[]}",0,"{""version"":1,""segments"":[]}",0,0,0,0,0,0,0,x,x,2,Got stuck on the bump and got stuck all of auto,Shooting was accurate and had long bouts of shooting.,"no ferrying, just loading up on fuel from the neutral zone then going to the alliance zone to shoot.",309,309,392,blue,0,0,None,None,None,0,None,None,None,1,0,0,0,1,None,1,0,57,309,252,0,0
2026pncmp_qm3,qm,1,3,frc7034,frc8248,frc1425,frc4512,frc7034,frc4915,frc1778,blue,Archer B,depot2,0,0,0,1.459,"{""version"":1,""segments"":[{""start"":1775767794046,""stop"":1775767794175},{""start"":1775767794278,""stop"":1775767794307},{""start"":1775767795456,""stop"":1775767795486},{""start"":1775767796186,""stop"":1775767796205},{""start"":1775767796597,""stop"":1775767796881},{""start"":1775767797403,""stop"":1775767797434},{""start"":1775767805447,""stop"":1775767806384}]}",0,"{""version"":1,""segments"":[]}",Other,0,0,12.605,"{""version"":1,""segments"":[{""start"":1775767848566,""stop"":1775767852745},{""start"":1775767854426,""stop"":1775767854574},{""start"":1775767854796,""stop"":1775767854985},{""start"":1775767855254,""stop"":1775767855329},{""start"":1775767855734,""stop"":1775767855785},{""start"":1775767856404,""stop"":1775767856602},{""start"":1775767856833,""stop"":1775767856874},{""start"":1775767857094,""stop"":1775767857144},{""start"":1775767857313,""stop"":1775767857352},{""start"":1775767857513,""stop"":1775767857562},{""start"":1775767858182,""stop"":1775767858233},{""start"":1775767858601,""stop"":1775767858991},{""start"":1775767859312,""stop"":1775767859690},{""start"":1775767860389,""stop"":1775767860511},{""start"":1775767861888,""stop"":1775767861967},{""start"":1775767863046,""stop"":1775767863107},{""start"":1775767865205,""stop"":1775767865335},{""start"":1775767865705,""stop"":1775767865735},{""start"":1775767865945,""stop"":1775767866005},{""start"":1775767866114,""stop"":1775767866593},{""start"":1775767868489,""stop"":1775767868612},{""start"":1775767869670,""stop"":1775767869712},{""start"":1775767873606,""stop"":1775767873785},{""start"":1775767880510,""stop"":1775767880729},{""start"":1775767880949,""stop"":1775767880988},{""start"":1775767903136,""stop"":1775767905524},{""start"":1775767905873,""stop"":1775767906124},{""start"":1775767907632,""stop"":1775767907851},{""start"":1775767908372,""stop"":1775767908709},{""start"":1775767911997,""stop"":1775767913436},{""start"":1775767933856,""stop"":1775767934426}]}",4.31,"{""version"":1,""segments"":[{""start"":1775767881888,""stop"":1775767883857},{""start"":1775767884165,""stop"":1775767885961},{""start"":1775767886296,""stop"":1775767886562},{""start"":1775767886714,""stop"":1775767886993}]}",0,"{""version"":1,""segments"":[]}",0,0,0,0,0,0,0,x,.5,3,shot a lot in got more then got stuck on some fuel,shot a lot in ,ferried with shooter and hopper,309,392,392,blue,0,0,None,None,None,0,None,None,None,1,5,0,0,0,None,5,1,72,392,315,0,0
2026pncmp_qm3,qm,1,3,frc4915,frc8248,frc1425,frc4512,frc7034,frc4915,frc1778,blue,Hendrix D,depotWall1,0,0,0,4.71,"{""version"":1,""segments"":[{""start"":1775767796246,""stop"":1775767798863},{""start"":1775767804982,""stop"":1775767806862},{""start"":1775767807379,""stop"":1775767807592}]}",0,"{""version"":1,""segments"":[]}",Auto 1,0,0,30.586,"{""version"":1,""segments"":[{""start"":1775767817132,""stop"":1775767819962},{""start"":1775767847337,""stop"":1775767851836},{""start"":1775767852695,""stop"":1775767853052},{""start"":1775767857244,""stop"":1775767858330},{""start"":1775767866892,""stop"":1775767871772},{""start"":1775767898450,""stop"":1775767902839},{""start"":1775767903458,""stop"":1775767904083},{""start"":1775767904921,""stop"":1775767906475},{""start"":1775767907458,""stop"":1775767907726},{""start"":1775767909678,""stop"":1775767911162},{""start"":1775767912474,""stop"":1775767913064},{""start"":1775767914103,""stop"":1775767914859},{""start"":1775767916488,""stop"":1775767917010},{""start"":1775767918577,""stop"":1775767918885},{""start"":1775767922233,""stop"":1775767923359},{""start"":1775767933503,""stop"":1775767934684},{""start"":1775767946050,""stop"":1775767947899},{""start"":1775767948236,""stop"":1775767948752},{""start"":1775767951727,""stop"":1775767953493}]}",2.988,"{""version"":1,""segments"":[{""start"":1775767829929,""stop"":1775767830524},{""start"":1775767831380,""stop"":1775767831996},{""start"":1775767838003,""stop"":1775767838436},{""start"":1775767880315,""stop"":1775767881659}]}",0,"{""version"":1,""segments"":[]}",0,0,0,0,0,0,0,x,0,3,"were delayed on leaving, only got some of their second load off","were able to be an effective turreted bot, shot pretty well and intaked well. did struggle with accuracy especialy when farther away from the hub.","focused on ferrying, were able to intake and ferry at the same time, letting them control lots of fuel at a time.",309,392,392,blue,0,0,None,None,None,0,None,None,None,1,5,0,0,0,None,5,1,72,392,315,0,0
2026pncmp_qm3,qm,1,3,frc1778,frc8248,frc1425,frc4512,frc7034,frc4915,frc1778,blue,Cayden W,outpostWall5,1,0,0,2.243,"{""version"":1,""segments"":[{""start"":1775767793418,""stop"":1775767795661}]}",0,"{""version"":1,""segments"":[]}",Auto 1,0,0,15.776,"{""version"":1,""segments"":[{""start"":1775767815882,""stop"":1775767816619},{""start"":1775767821346,""stop"":1775767821946},{""start"":1775767822632,""stop"":1775767822704},{""start"":1775767847026,""stop"":1775767847239},{""start"":1775767847409,""stop"":1775767848061},{""start"":1775767848236,""stop"":1775767848305},{""start"":1775767848525,""stop"":1775767848747},{""start"":1775767849058,""stop"":1775767849627},{""start"":1775767849789,""stop"":1775767849856},{""start"":1775767849995,""stop"":1775767850026},{""start"":1775767850601,""stop"":1775767851348},{""start"":1775767851487,""stop"":1775767851892},{""start"":1775767852064,""stop"":1775767852164},{""start"":1775767852314,""stop"":1775767852667},{""start"":1775767853046,""stop"":1775767853565},{""start"":1775767853907,""stop"":1775767854464},{""start"":1775767867106,""stop"":1775767868099},{""start"":1775767868177,""stop"":1775767868326},{""start"":1775767868519,""stop"":1775767868560},{""start"":1775767868720,""stop"":1775767868889},{""start"":1775767868953,""stop"":1775767869221},{""start"":1775767900012,""stop"":1775767901137},{""start"":1775767901441,""stop"":1775767902066},{""start"":1775767902216,""stop"":1775767902933},{""start"":1775767903551,""stop"":1775767903876},{""start"":1775767903996,""stop"":1775767904570},{""start"":1775767904800,""stop"":1775767904977},{""start"":1775767905450,""stop"":1775767905758},{""start"":1775767910234,""stop"":1775767911133},{""start"":1775767914881,""stop"":1775767914972},{""start"":1775767923305,""stop"":1775767925541},{""start"":1775767929181,""stop"":1775767929380},{""start"":1775767929760,""stop"":1775767929857},{""start"":1775767936272,""stop"":1775767936378},{""start"":1775767936547,""stop"":1775767936579},{""start"":1775767936766,""stop"":1775767936774},{""start"":1775767936935,""stop"":1775767936984},{""start"":1775767937541,""stop"":1775767937589},{""start"":1775767937878,""stop"":1775767937924},{""start"":1775767938163,""stop"":1775767938194},{""start"":1775767950494,""stop"":1775767950583},{""start"":1775767950746,""stop"":1775767950786},{""start"":1775767950907,""stop"":1775767950969},{""start"":1775767951091,""stop"":1775767951151},{""start"":1775767951293,""stop"":1775767951329},{""start"":1775767951471,""stop"":1775767951509},{""start"":1775767951647,""stop"":1775767951693},{""start"":1775767951825,""stop"":1775767951875},{""start"":1775767952023,""stop"":1775767952067},{""start"":1775767952217,""stop"":1775767952276},{""start"":1775767952445,""stop"":1775767952464},{""start"":1775767952655,""stop"":1775767952662}]}",0.587,"{""version"":1,""segments"":[{""start"":1775767884402,""stop"":1775767884989}]}",3.244,"{""version"":1,""segments"":[{""start"":1775767885381,""stop"":1775767888516},{""start"":1775767889501,""stop"":1775767889610}]}",0,0,0,0,0,0,0,x,0,1,the auto 1st pass was good but didn't get over bump ,was shooting but was mostly inaccurate and aiming away from hub,Stealing fuel and pushing fuel to AZ,309,392,392,blue,0,0,None,None,None,0,None,None,None,1,5,0,0,0,None,5,1,72,392,315,0,0
2026pncmp_qm30,qm,1,30,frc4915,frc4915,frc2976,frc2811,frc1294,frc753,frc3218,red,Adam M,depotWall1,0,0,0,4.391,"{""version"":1,""segments"":[{""start"":1775784053898,""stop"":1775784057896},{""start"":1775784062114,""stop"":1775784062507}]}",0,"{""version"":1,""segments"":[]}",Other,0,0,18.674,"{""version"":1,""segments"":[{""start"":1775784078199,""stop"":1775784081248},{""start"":1775784088977,""stop"":1775784089858},{""start"":1775784107417,""stop"":1775784109949},{""start"":1775784112139,""stop"":1775784112654},{""start"":1775784119594,""stop"":1775784120213},{""start"":1775784120813,""stop"":1775784120854},{""start"":1775784120913,""stop"":1775784120961},{""start"":1775784121523,""stop"":1775784122012},{""start"":1775784128982,""stop"":1775784130445},{""start"":1775784153251,""stop"":1775784153641},{""start"":1775784153911,""stop"":1775784156324},{""start"":1775784157775,""stop"":1775784157940},{""start"":1775784158070,""stop"":1775784158183},{""start"":1775784158329,""stop"":1775784158419},{""start"":1775784158522,""stop"":1775784158648},{""start"":1775784158779,""stop"":1775784158880},{""start"":1775784158999,""stop"":1775784159111},{""start"":1775784159230,""stop"":1775784159309},{""start"":1775784187749,""stop"":1775784187878},{""start"":1775784188087,""stop"":1775784188147},{""start"":1775784188317,""stop"":1775784188397},{""start"":1775784188538,""stop"":1775784188637},{""start"":1775784188717,""stop"":1775784191641},{""start"":1775784205064,""stop"":1775784207220}]}",1.148,"{""version"":1,""segments"":[{""start"":1775784092920,""stop"":1775784094068}]}",3.856,"{""version"":1,""segments"":[{""start"":1775784141048,""stop"":1775784144904}]}",0,0,0,0,0,0,0,x,x,1,consistent scoring,good shooting and good dodging defense,ferryed a lot,306,306,237,red,0,0,None,None,None,0,None,None,None,1,15,0,1,1,None,4,0,53,306,238,0,0
2026pncmp_qm30,qm,1,30,frc2976,frc4915,frc2976,frc2811,frc1294,frc753,frc3218,red,Cayden W,outpostWall5,0,0,0,0,"{""version"":1,""segments"":[]}",0,"{""version"":1,""segments"":[]}",Auto 1,0,0,1.978,"{""version"":1,""segments"":[{""start"":1775784082895,""stop"":1775784083494},{""start"":1775784114932,""stop"":1775784115291},{""start"":1775784116068,""stop"":1775784116114},{""start"":1775784118625,""stop"":1775784118733},{""start"":1775784119229,""stop"":1775784119313},{""start"":1775784119453,""stop"":1775784119565},{""start"":1775784119714,""stop"":1775784119805},{""start"":1775784119973,""stop"":1775784120051},{""start"":1775784120193,""stop"":1775784120293},{""start"":1775784120553,""stop"":1775784120724},{""start"":1775784120893,""stop"":1775784121032},{""start"":1775784124400,""stop"":1775784124491}]}",0,"{""version"":1,""segments"":[]}",0,"{""version"":1,""segments"":[]}",0,0,0,0,0,0,0,-.5,x,1,Didn't move,scored a hopper full then plays defense ,"pushed fuel into AZ, very ineffective defense on a turret bot",306,306,237,red,0,0,None,None,None,0,None,None,None,1,15,0,1,1,None,4,0,53,306,238,0,0
2026pncmp_qm30,qm,1,30,frc2811,frc4915,frc2976,frc2811,frc1294,frc753,frc3218,red,Eve G,depot2,0,0,0,4.456,"{""version"":1,""segments"":[{""start"":1775784055734,""stop"":1775784058111},{""start"":1775784061965,""stop"":1775784064044}]}",0,"{""version"":1,""segments"":[]}",Other,0,0,29.977,"{""version"":1,""segments"":[{""start"":1775784123319,""stop"":1775784126390},{""start"":1775784127591,""stop"":1775784130650},{""start"":1775784132438,""stop"":1775784132727},{""start"":1775784132919,""stop"":1775784136805},{""start"":1775784137162,""stop"":1775784140109},{""start"":1775784141222,""stop"":1775784141943},{""start"":1775784166645,""stop"":1775784171760},{""start"":1775784175664,""stop"":1775784178243},{""start"":1775784184475,""stop"":1775784188385},{""start"":1775784196470,""stop"":1775784198061},{""start"":1775784204639,""stop"":1775784207448}]}",8.66,"{""version"":1,""segments"":[{""start"":1775784097685,""stop"":1775784098882},{""start"":1775784122200,""stop"":1775784123041},{""start"":1775784142402,""stop"":1775784149024}]}",0,"{""version"":1,""segments"":[]}",0,0,0,0,0,0,0,x,x,1,attempted climb but didn't get high enough,"good shooter but accuracy gets worse the further away from the hub they are, shoots in fuel in a line rather than a clump. Equal contribution between this one and another I think","pushed fuel into alliance zone, ferried with shooter",306,306,237,red,0,0,None,None,None,0,None,None,None,1,15,0,1,1,None,4,0,53,306,238,0,0
2026pncmp_qm30,qm,1,30,frc1294,frc4915,frc2976,frc2811,frc1294,frc753,frc3218,blue,Eryn m,middle3,0,0,0,2.857,"{""version"":1,""segments"":[{""start"":1775784052088,""stop"":1775784054945}]}",0,"{""version"":1,""segments"":[]}",,0,0,1.088,"{""version"":1,""segments"":[{""start"":1775784121879,""stop"":1775784122967}]}",1.769,"{""version"":1,""segments"":[{""start"":1775784123328,""stop"":1775784125097}]}",7.354,"{""version"":1,""segments"":[{""start"":1775784138980,""stop"":1775784141504},{""start"":1775784144246,""stop"":1775784145564},{""start"":1775784156904,""stop"":1775784159298},{""start"":1775784159649,""stop"":1775784160468},{""start"":1775784161277,""stop"":1775784161576}]}",0,0,0,0,0,1,1,0,0,1,,mainly just A defensive robot that kept shooting balls occasionally back near to their side ,same as active ,306,237,237,red,0,0,None,None,None,10,None,Level1,None,0,20,0,1,0,None,0,0,42,237,175,10,0
2026pncmp_qm30,qm,1,30,frc753,frc4915,frc2976,frc2811,frc1294,frc753,frc3218,blue,Pranav K,depot2,0,0,0,4.755,"{""version"":1,""segments"":[{""start"":1775784059465,""stop"":1775784060269},{""start"":1775784061576,""stop"":1775784063503},{""start"":1775784064858,""stop"":1775784066882}]}",0,"{""version"":1,""segments"":[]}",Auto 1,0,0,31.556,"{""version"":1,""segments"":[{""start"":1775784080427,""stop"":1775784081334},{""start"":1775784082091,""stop"":1775784085305},{""start"":1775784098507,""stop"":1775784100705},{""start"":1775784107619,""stop"":1775784110766},{""start"":1775784133063,""stop"":1775784134188},{""start"":1775784135714,""stop"":1775784140955},{""start"":1775784150781,""stop"":1775784150846},{""start"":1775784153341,""stop"":1775784157278},{""start"":1775784159755,""stop"":1775784161128},{""start"":1775784186987,""stop"":1775784190853},{""start"":1775784194412,""stop"":1775784197330},{""start"":1775784205059,""stop"":1775784208624}]}",0,"{""version"":1,""segments"":[]}",0,"{""version"":1,""segments"":[]}",0,0,1,0,0,0,0,x,0,1,"shot and collected, slow","slow and clunky bot, not very fast, bump only, lots of balls it shoots goes short, only some go in,good climb","decent collecting, still pretty slow",306,237,237,red,0,0,None,None,None,10,None,Level1,None,0,20,0,1,0,None,0,0,42,237,175,10,0
2026pncmp_qm30,qm,1,30,frc3218,frc4915,frc2976,frc2811,frc1294,frc753,frc3218,blue,Alyson W,outpostWall5,0,0,0,5.148,"{""version"":1,""segments"":[{""start"":1775784056995,""stop"":1775784058934},{""start"":1775784059981,""stop"":1775784061161},{""start"":1775784062411,""stop"":1775784062492},{""start"":1775784067152,""stop"":1775784069100}]}",0,"{""version"":1,""segments"":[]}",Other,0,0,24.443,"{""version"":1,""segments"":[{""start"":1775784088649,""stop"":1775784089369},{""start"":1775784089860,""stop"":1775784093927},{""start"":1775784094321,""stop"":1775784095998},{""start"":1775784098234,""stop"":1775784098307},{""start"":1775784108371,""stop"":1775784110033},{""start"":1775784139205,""stop"":1775784142670},{""start"":1775784143109,""stop"":1775784146485},{""start"":1775784150849,""stop"":1775784151055},{""start"":1775784154158,""stop"":1775784156716},{""start"":1775784159216,""stop"":1775784159775},{""start"":1775784191132,""stop"":1775784193859},{""start"":1775784197200,""stop"":1775784198312},{""start"":1775784200574,""stop"":1775784200674},{""start"":1775784206392,""stop"":1775784206974},{""start"":1775784211476,""stop"":1775784213035}]}",1.428,"{""version"":1,""segments"":[{""start"":1775784171815,""stop"":1775784173243}]}",0,"{""version"":1,""segments"":[]}",0,0,0,0,0,0,0,x,0,2,"- bad accuracy first shoot, good accuracy when it shot again
- didn't shoot that many balls and was relatively slow","- bad accuracy, it seemed to keep shooting a little too much to the side
- shoots fast when having a lot of fuel, but slows down when there's not a lot of stored fuel
- can sort of shoot while moving, but even worse accuracy","- I ranked them 2nd
- ferried a little bit (like 2-3 times) using intake",306,237,237,red,0,0,None,None,None,10,None,Level1,None,0,20,0,1,0,None,0,0,42,237,175,10,0
2026pncmp_qm31,qm,1,31,frc4469,frc4469,frc1983,frc488,frc8248,frc4089,frc5468,red,Adam M,depotWall1,0,0,0,1.537,"{""version"":1,""segments"":[{""start"":1775784911982,""stop"":1775784912101},{""start"":1775784912241,""stop"":1775784913659}]}",0,"{""version"":1,""segments"":[]}",Auto 1,1,0,10.514,"{""version"":1,""segments"":[{""start"":1775784918770,""stop"":1775784920241},{""start"":1775784923463,""stop"":1775784923512},{""start"":1775784923655,""stop"":1775784923836},{""start"":1775784923906,""stop"":1775784925308},{""start"":1775784967496,""stop"":1775784971453},{""start"":1775784987213,""stop"":1775784989417},{""start"":1775785038607,""stop"":1775785039857}]}",0,"{""version"":1,""segments"":[]}",0,"{""version"":1,""segments"":[]}",0,0,0,0,0,0,0,x,0,1,Shot preloaded and depot,Shot slowly and inconsistently,Drove around aimlessly,311,311,473,blue,0,0,None,None,None,0,None,None,None,1,0,0,0,0,None,1,0,28,311,283,0,0
2026pncmp_qm31,qm,1,31,frc1983,frc4469,frc1983,frc488,frc8248,frc4089,frc5468,red,Cayden W,outpostWall5,0,0,0,2.7,"{""version"":1,""segments"":[{""start"":1775784894175,""stop"":1775784894229},{""start"":1775784894299,""stop"":1775784894318},{""start"":1775784894639,""stop"":1775784896469},{""start"":1775784902190,""stop"":1775784902987}]}",0,"{""version"":1,""segments"":[]}",Auto 3,0,0,8.824,"{""version"":1,""segments"":[{""start"":1775784918599,""stop"":1775784920148},{""start"":1775784920804,""stop"":1775784920975},{""start"":1775784929459,""stop"":1775784930844},{""start"":1775784931630,""stop"":1775784932168},{""start"":1775784939080,""stop"":1775784939886},{""start"":1775784940591,""stop"":1775784940714},{""start"":1775784946968,""stop"":1775784947278},{""start"":1775784978622,""stop"":1775784979200},{""start"":1775784980316,""stop"":1775784980634},{""start"":1775784984645,""stop"":1775784984730},{""start"":1775784989067,""stop"":1775784990116},{""start"":1775784990346,""stop"":1775784990537},{""start"":1775784991724,""stop"":1775784992089},{""start"":1775785024596,""stop"":1775785025133},{""start"":1775785025559,""stop"":1775785025759},{""start"":1775785040258,""stop"":1775785040833},{""start"":1775785043358,""stop"":1775785043402}]}",0,"{""version"":1,""segments"":[]}",0,"{""version"":1,""segments"":[]}",0,0,0,0,0,0,0,x,-.5,2,Made most of the fuel in auto but didn't get line up to outpost,"Fast cycles but very inaccurate, ",they pushed fuel into own AZ prepping for next shift,311,311,473,blue,0,0,None,None,None,0,None,None,None,1,0,0,0,0,None,1,0,28,311,283,0,0
2026pncmp_qm31,qm,1,31,frc488,frc4469,frc1983,frc488,frc8248,frc4089,frc5468,red,Eve G,depot2,0,0,0,23.952,"{""version"":1,""segments"":[{""start"":1775784890604,""stop"":1775784891471},{""start"":1775784927834,""stop"":1775784931707},{""start"":1775784977930,""stop"":1775784978018},{""start"":1775784978129,""stop"":1775784978238},{""start"":1775784979003,""stop"":1775784981588},{""start"":1775784982953,""stop"":1775784984422},{""start"":1775784985022,""stop"":1775784987367},{""start"":1775784988122,""stop"":1775784990368},{""start"":1775784997694,""stop"":1775785000442},{""start"":1775785024599,""stop"":1775785032221}]}",0,"{""version"":1,""segments"":[]}",,0,0,0,"{""version"":1,""segments"":[]}",0,"{""version"":1,""segments"":[]}",0,"{""version"":1,""segments"":[]}",0,0,0,0,0,0,0,x,x,1,didn't do much. Scored a few then was inactive ,scored ok. fairly consistent ,"took fuel from other alliance zone, got in the way in other alliance zone ",311,311,473,blue,0,0,None,None,None,0,None,None,None,1,0,0,0,0,None,1,0,28,311,283,0,0
2026pncmp_qm31,qm,1,31,frc8248,frc4469,frc1983,frc488,frc8248,frc4089,frc5468,blue,Eryn m,middle3,0,0,0,0,"{""version"":1,""segments"":[]}",0,"{""version"":1,""segments"":[]}",,0,138.8999999999964,0,"{""version"":1,""segments"":[]}",0,"{""version"":1,""segments"":[]}",0,"{""version"":1,""segments"":[]}",0,0,0,0,0,0,0,x,x,1,,did nothing all game what so ever,,311,473,473,blue,0,0,None,None,None,0,None,None,None,1,0,0,0,0,None,5,1,100,473,373,0,0
2026pncmp_qm31,qm,1,31,frc4089,frc4469,frc1983,frc488,frc8248,frc4089,frc5468,blue,Pranav K,depotWall1,0,0,0,8.459,"{""version"":1,""segments"":[{""start"":1775784891828,""stop"":1775784897041},{""start"":1775784904730,""stop"":1775784907976}]}",0,"{""version"":1,""segments"":[]}",Auto 3,0,0,53.121,"{""version"":1,""segments"":[{""start"":1775784919882,""stop"":1775784922209},{""start"":1775784946249,""stop"":1775784946336},{""start"":1775784947911,""stop"":1775784952329},{""start"":1775784953591,""stop"":1775784955894},{""start"":1775784956743,""stop"":1775784960698},{""start"":1775784961285,""stop"":1775784961475},{""start"":1775784961667,""stop"":1775784968690},{""start"":1775784969766,""stop"":1775784970042},{""start"":1775784970326,""stop"":1775784971721},{""start"":1775784997754,""stop"":1775785006192},{""start"":1775785009579,""stop"":1775785011755},{""start"":1775785015854,""stop"":1775785019519},{""start"":1775785021380,""stop"":1775785021539},{""start"":1775785028151,""stop"":1775785037188},{""start"":1775785043116,""stop"":1775785049070},{""start"":1775785049816,""stop"":1775785051534}]}",20.891,"{""version"":1,""segments"":[{""start"":1775784926696,""stop"":1775784934468},{""start"":1775784935006,""stop"":1775784936246},{""start"":1775784936891,""stop"":1775784939352},{""start"":1775784939621,""stop"":1775784940074},{""start"":1775784983539,""stop"":1775784991410},{""start"":1775784992535,""stop"":1775784993454},{""start"":1775784994495,""stop"":1775784994670}]}",0,"{""version"":1,""segments"":[]}",0,0,0,0,0,0,0,x,.5,2,"very good auto, collected and shot a lot, 50+","really fast, mostly accurate shooter, puts up a lot of balls very quickly, decent shoot on the move and can get balls from all over the field","very good ferry, good shooting power and ferried a lot, just collected and ferried. cycled",311,473,473,blue,0,0,None,None,None,0,None,None,None,1,0,0,0,0,None,5,1,100,473,373,0,0
2026pncmp_qm31,qm,1,31,frc5468,frc4469,frc1983,frc488,frc8248,frc4089,frc5468,blue,Alyson W,outpostWall5,0,0,0,7.429,"{""version"":1,""segments"":[{""start"":1775784892116,""stop"":1775784896053},{""start"":1775784903758,""stop"":1775784907250}]}",0,"{""version"":1,""segments"":[]}",Auto 1,0,0,46.413,"{""version"":1,""segments"":[{""start"":1775784916987,""stop"":1775784921234},{""start"":1775784945792,""stop"":1775784950920},{""start"":1775784951996,""stop"":1775784955266},{""start"":1775784955348,""stop"":1775784957944},{""start"":1775784958315,""stop"":1775784960059},{""start"":1775784962076,""stop"":1775784963287},{""start"":1775784963944,""stop"":1775784964626},{""start"":1775784965502,""stop"":1775784966361},{""start"":1775784967109,""stop"":1775784968689},{""start"":1775784995075,""stop"":1775785000180},{""start"":1775785001275,""stop"":1775785002840},{""start"":1775785005001,""stop"":1775785009548},{""start"":1775785009914,""stop"":1775785010818},{""start"":1775785011357,""stop"":1775785012586},{""start"":1775785012966,""stop"":1775785013027},{""start"":1775785019521,""stop"":1775785021617},{""start"":1775785022559,""stop"":1775785022605},{""start"":1775785034357,""stop"":1775785035523},{""start"":1775785035887,""stop"":1775785039695},{""start"":1775785040037,""stop"":1775785041329},{""start"":1775785047562,""stop"":1775785050839}]}",13.259,"{""version"":1,""segments"":[{""start"":1775784927477,""stop"":1775784928733},{""start"":1775784934357,""stop"":1775784936184},{""start"":1775784936898,""stop"":1775784940042},{""start"":1775784940481,""stop"":1775784940622},{""start"":1775784940771,""stop"":1775784941960},{""start"":1775784942348,""stop"":1775784942427},{""start"":1775784942547,""stop"":1775784942645},{""start"":1775784942784,""stop"":1775784943256},{""start"":1775784945265,""stop"":1775784945411},{""start"":1775784974791,""stop"":1775784976396},{""start"":1775784977412,""stop"":1775784978531},{""start"":1775784981860,""stop"":1775784982360},{""start"":1775784984910,""stop"":1775784985140},{""start"":1775784987043,""stop"":1775784987243},{""start"":1775784989695,""stop"":1775784989748},{""start"":1775784990055,""stop"":1775784990142},{""start"":1775784991169,""stop"":1775784992282}]}",0,"{""version"":1,""segments"":[]}",0,0,0,0,0,0,0,x,1,1,"- shot very fast, shoot while moving too
- was able to intake and shoot twice","- very good accuracy, quick shooting, shoots one ball at a time
- can shoot while moving while having good accuracy
- good driving, moved fast and never got stuck on anything","- I ranked them 3rd
- ferried balls quickly from neutral zone into alliance zone",311,473,473,blue,0,0,None,None,None,0,None,None,None,1,0,0,0,0,None,5,1,100,473,373,0,0
2026pncmp_qm32,qm,1,32,frc2471,frc2471,frc997,frc957,frc2926,frc2910,frc3674,red,Pranav K,depotWall1,0,0,0,8.146,"{""version"":1,""segments"":[{""start"":1775842289213,""stop"":1775842293406},{""start"":1775842298806,""stop"":1775842302759}]}",0,"{""version"":1,""segments"":[]}",,0,0,0,"{""version"":1,""segments"":[]}",0,"{""version"":1,""segments"":[]}",0,"{""version"":1,""segments"":[]}",0,0,0,1,0,1,1,.5,.5,1,,,,266,266,476,blue,0,0,None,None,None,0,None,None,None,0,30,0,0,0,None,0,0,28,266,208,0,0
2026pncmp_qm32,qm,1,32,frc997,frc2471,frc997,frc957,frc2926,frc2910,frc3674,red,Aaden D,depotWall1,0,0,0,6.958,"{""version"":1,""segments"":[{""start"":1775842284615,""stop"":1775842288599},{""start"":1775842295750,""stop"":1775842298724}]}",0,"{""version"":1,""segments"":[]}",,0,0,30.147,"{""version"":1,""segments"":[{""start"":1775842304969,""stop"":1775842309587},{""start"":1775842318651,""stop"":1775842320981},{""start"":1775842326041,""stop"":1775842329313},{""start"":1775842331887,""stop"":1775842333949},{""start"":1775842334849,""stop"":1775842335485},{""start"":1775842360915,""stop"":1775842367837},{""start"":1775842372441,""stop"":1775842381924},{""start"":1775842384845,""stop"":1775842385669}]}",27.958,"{""version"":1,""segments"":[{""start"":1775842311151,""stop"":1775842314630},{""start"":1775842323574,""stop"":1775842323814},{""start"":1775842338376,""stop"":1775842346700},{""start"":1775842387876,""stop"":1775842391018},{""start"":1775842394940,""stop"":1775842407713}]}",10.405,"{""version"":1,""segments"":[{""start"":1775842347768,""stop"":1775842356478},{""start"":1775842391701,""stop"":1775842393396}]}",0,0,0,0,0,0,0,x,x,1,,,,266,266,476,blue,0,0,None,None,None,0,None,None,None,0,30,0,0,0,None,0,0,28,266,208,0,0
2026pncmp_qm32,qm,1,32,frc957,frc2471,frc997,frc957,frc2926,frc2910,frc3674,red,Aaden D,outpostWall5,0,0,0,2.004,"{""version"":1,""segments"":[{""start"":1775842519406,""stop"":1775842521410}]}",3.674,"{""version"":1,""segments"":[{""start"":1775842503882,""stop"":1775842506593},{""start"":1775842517009,""stop"":1775842517972}]}",,0,0,25.053,"{""version"":1,""segments"":[{""start"":1775842535258,""stop"":1775842538173},{""start"":1775842538210,""stop"":1775842540778},{""start"":1775842547087,""stop"":1775842551545},{""start"":1775842554355,""stop"":1775842558736},{""start"":1775842565183,""stop"":1775842566513},{""start"":1775842567115,""stop"":1775842567525},{""start"":1775842597500,""stop"":1775842601347},{""start"":1775842601800,""stop"":1775842603388},{""start"":1775842610637,""stop"":1775842612680},{""start"":1775842613633,""stop"":1775842615146}]}",25.558,"{""version"":1,""segments"":[{""start"":1775842568770,""stop"":1775842570187},{""start"":1775842572207,""stop"":1775842572854},{""start"":1775842574219,""stop"":1775842574498},{""start"":1775842575417,""stop"":1775842577064},{""start"":1775842578102,""stop"":1775842580502},{""start"":1775842587573,""stop"":1775842587675},{""start"":1775842589327,""stop"":1775842590617},{""start"":1775842591596,""stop"":1775842592440},{""start"":1775842617963,""stop"":1775842618796},{""start"":1775842619043,""stop"":1775842621511},{""start"":1775842621925,""stop"":1775842624881},{""start"":1775842625413,""stop"":1775842630299},{""start"":1775842630396,""stop"":1775842635123},{""start"":1775842636400,""stop"":1775842637462}]}",1.686,"{""version"":1,""segments"":[{""start"":1775842582174,""stop"":1775842583860}]}",0,0,0,0,0,0,0,x,x,1,,,,266,266,476,blue,0,0,None,None,None,0,None,None,None,0,30,0,0,0,None,0,0,28,266,208,0,0
2026pncmp_qm32,qm,1,32,frc2926,frc2471,frc997,frc957,frc2926,frc2910,frc3674,blue,Pranav K,middle3,0,0,0,6.933,"{""version"":1,""segments"":[{""start"":1775842937671,""stop"":1775842938911},{""start"":1775842939814,""stop"":1775842944408},{""start"":1775842948365,""stop"":1775842949464}]}",0,"{""version"":1,""segments"":[]}",,0,0,8.798,"{""version"":1,""segments"":[{""start"":1775842963987,""stop"":1775842966784},{""start"":1775843079996,""stop"":1775843083335},{""start"":1775843087437,""stop"":1775843090099}]}",0,"{""version"":1,""segments"":[]}",0,"{""version"":1,""segments"":[]}",0,0,0,0,0,0,0,x,x,1,,,,266,476,476,blue,0,0,None,None,None,0,None,None,None,1,0,0,2,0,None,5,1,113,476,363,0,0
2026pncmp_qm32,qm,1,32,frc2910,frc2471,frc997,frc957,frc2926,frc2910,frc3674,blue,Aaden D,depotWall1,0,0,0,3.392,"{""version"":1,""segments"":[{""start"":1775842752635,""stop"":1775842753905},{""start"":1775842762789,""stop"":1775842764911}]}",7.188,"{""version"":1,""segments"":[{""start"":1775842746661,""stop"":1775842750359},{""start"":1775842757252,""stop"":1775842760742}]}",,0,0,17.66,"{""version"":1,""segments"":[{""start"":1775842780632,""stop"":1775842782893},{""start"":1775842807361,""stop"":1775842810207},{""start"":1775842828960,""stop"":1775842829477},{""start"":1775842829921,""stop"":1775842832459},{""start"":1775842860039,""stop"":1775842863390},{""start"":1775842875336,""stop"":1775842875903},{""start"":1775842876544,""stop"":1775842882124}]}",40.331,"{""version"":1,""segments"":[{""start"":1775842775153,""stop"":1775842779148},{""start"":1775842784842,""stop"":1775842794068},{""start"":1775842796146,""stop"":1775842804104},{""start"":1775842834568,""stop"":1775842853720}]}",0,"{""version"":1,""segments"":[]}",0,0,0,0,0,0,0,x,x,1,,,,266,476,476,blue,0,0,None,None,None,0,None,None,None,1,0,0,2,0,None,5,1,113,476,363,0,0
2026pncmp_qm32,qm,1,32,frc3674,frc2471,frc997,frc957,frc2926,frc2910,frc3674,blue,Aaden D,outpostWall5,0,0,0,5.959,"{""version"":1,""segments"":[{""start"":1775842958694,""stop"":1775842960995},{""start"":1775842967303,""stop"":1775842970961}]}",7.484,"{""version"":1,""segments"":[{""start"":1775842951858,""stop"":1775842954387},{""start"":1775842961389,""stop"":1775842966344}]}",,0,0,22.558,"{""version"":1,""segments"":[{""start"":1775843011744,""stop"":1775843015164},{""start"":1775843019927,""stop"":1775843021148},{""start"":1775843027140,""stop"":1775843032244},{""start"":1775843062905,""stop"":1775843067403},{""start"":1775843071699,""stop"":1775843075981},{""start"":1775843083172,""stop"":1775843087205}]}",42.639,"{""version"":1,""segments"":[{""start"":1775842978855,""stop"":1775842983593},{""start"":1775842986920,""stop"":1775842992261},{""start"":1775842995737,""stop"":1775843006438},{""start"":1775843036037,""stop"":1775843047927},{""start"":1775843051502,""stop"":1775843061471}]}",0,"{""version"":1,""segments"":[]}",0,0,0,0,0,0,0,x,x,1,,,,266,476,476,blue,0,0,None,None,None,0,None,None,None,1,0,0,2,0,None,5,1,113,476,363,0,0
2026pncmp_qm33,qm,1,33,frc7034,frc7034,frc492,frc4512,frc2046,frc8896,frc955,red,Pranav K,outpostWall5,0,0,0,6.711,"{""version"":1,""segments"":[{""start"":1775847134786,""stop"":1775847135450},{""start"":1775847135932,""stop"":1775847141260},{""start"":1775847148197,""stop"":1775847148916}]}",0,"{""version"":1,""segments"":[]}",,0,0,35.996,"{""version"":1,""segments"":[{""start"":1775847159276,""stop"":1775847164483},{""start"":1775847174959,""stop"":1775847180191},{""start"":1775847227633,""stop"":1775847232009},{""start"":1775847235086,""stop"":1775847237935},{""start"":1775847259128,""stop"":1775847260034},{""start"":1775847262526,""stop"":1775847268501},{""start"":1775847272541,""stop"":1775847278043},{""start"":1775847281006,""stop"":1775847286955}]}",7.203,"{""version"":1,""segments"":[{""start"":1775847195047,""stop"":1775847196613},{""start"":1775847197598,""stop"":1775847199102},{""start"":1775847252303,""stop"":1775847256436}]}",0,"{""version"":1,""segments"":[]}",14.599999999999964,0,0,0,0,0,0,x,x,1,,,,364,364,711,blue,0,0,None,None,None,0,None,None,None,1,20,0,0,1,None,1,0,52,364,292,0,0
2026pncmp_qm33,qm,1,33,frc492,frc7034,frc492,frc4512,frc2046,frc8896,frc955,red,Aaden D,depotWall1,0,0,0,6.919,"{""version"":1,""segments"":[{""start"":1775844422271,""stop"":1775844425265},{""start"":1775844431603,""stop"":1775844435528}]}",6.002,"{""version"":1,""segments"":[{""start"":1775844417000,""stop"":1775844419222},{""start"":1775844421349,""stop"":1775844421759},{""start"":1775844425897,""stop"":1775844429267}]}",,0,0,21.355,"{""version"":1,""segments"":[{""start"":1775844454539,""stop"":1775844454918},{""start"":1775844455807,""stop"":1775844460159},{""start"":1775844476602,""stop"":1775844479527},{""start"":1775844504412,""stop"":1775844511034},{""start"":1775844515931,""stop"":1775844521223},{""start"":1775844522371,""stop"":1775844524156}]}",34.544,"{""version"":1,""segments"":[{""start"":1775844447146,""stop"":1775844452911},{""start"":1775844483290,""stop"":1775844499351},{""start"":1775844532040,""stop"":1775844543108},{""start"":1775844547564,""stop"":1775844548855},{""start"":1775844550021,""stop"":1775844550380}]}",0,"{""version"":1,""segments"":[]}",0,0,0,0,0,0,0,x,x,1,,,,364,364,711,blue,0,0,None,None,None,0,None,None,None,1,20,0,0,1,None,1,0,52,364,292,0,0
2026pncmp_qm33,qm,1,33,frc4512,frc7034,frc492,frc4512,frc2046,frc8896,frc955,red,Aaden D,middle3,0,0,0,3.365,"{""version"":1,""segments"":[{""start"":1775844626522,""stop"":1775844628684},{""start"":1775844636995,""stop"":1775844638146},{""start"":1775844639204,""stop"":1775844639256}]}",0,"{""version"":1,""segments"":[]}",,0,0,27.349,"{""version"":1,""segments"":[{""start"":1775844666241,""stop"":1775844670373},{""start"":1775844674315,""stop"":1775844676398},{""start"":1775844679952,""stop"":1775844681094},{""start"":1775844686085,""stop"":1775844687009},{""start"":1775844716326,""stop"":1775844728563},{""start"":1775844731702,""stop"":1775844732772},{""start"":1775844732832,""stop"":1775844732942},{""start"":1775844737508,""stop"":1775844738936},{""start"":1775844763677,""stop"":1775844767900}]}",30.086,"{""version"":1,""segments"":[{""start"":1775844658028,""stop"":1775844664004},{""start"":1775844689661,""stop"":1775844692826},{""start"":1775844693253,""stop"":1775844698034},{""start"":1775844704566,""stop"":1775844708372},{""start"":1775844743303,""stop"":1775844749062},{""start"":1775844749525,""stop"":1775844753189},{""start"":1775844755979,""stop"":1775844758914}]}",4.144,"{""version"":1,""segments"":[{""start"":1775844698790,""stop"":1775844702934}]}",0,0,0,0,0,0,0,x,x,1,,,,364,364,711,blue,0,0,None,None,None,0,None,None,None,1,20,0,0,1,None,1,0,52,364,292,0,0
2026pncmp_qm33,qm,1,33,frc2046,frc7034,frc492,frc4512,frc2046,frc8896,frc955,blue,Alyson W,depotWall1,0,0,0,5.443,"{""version"":1,""segments"":[{""start"":1775838360104,""stop"":1775838362791},{""start"":1775838369391,""stop"":1775838372147}]}",0,"{""version"":1,""segments"":[]}",Auto 1,0,0,29.153,"{""version"":1,""segments"":[{""start"":1775838386136,""stop"":1775838388901},{""start"":1775838391114,""stop"":1775838391224},{""start"":1775838414287,""stop"":1775838417513},{""start"":1775838424069,""stop"":1775838426825},{""start"":1775838430620,""stop"":1775838431118},{""start"":1775838434185,""stop"":1775838435189},{""start"":1775838438661,""stop"":1775838439251},{""start"":1775838464086,""stop"":1775838467901},{""start"":1775838472286,""stop"":1775838474300},{""start"":1775838485086,""stop"":1775838488957},{""start"":1775838495395,""stop"":1775838496422},{""start"":1775838503771,""stop"":1775838504260},{""start"":1775838504802,""stop"":1775838508604},{""start"":1775838517344,""stop"":1775838520530}]}",4.712,"{""version"":1,""segments"":[{""start"":1775838397237,""stop"":1775838399025},{""start"":1775838406922,""stop"":1775838408929},{""start"":1775838446958,""stop"":1775838447875}]}",1.206,"{""version"":1,""segments"":[{""start"":1775838448736,""stop"":1775838449942}]}",0,0,0,0,0,0,0,x,1,1,"- intakes in neutral zone and scores twice
- refuels before auto ends
- fast ","- very fast shooting, can shoot three balls at once, has to refuel often, very good accuracy
- good driving, did not hit anything or get stuck and was able to move quick","- I ranked it 3rd
- ferries many balls from neutral zone 
",364,711,711,blue,0,0,None,None,None,0,None,None,None,1,5,0,1,1,None,5,1,132,711,574,0,0
2026pncmp_qm33,qm,1,33,frc8896,frc7034,frc492,frc4512,frc2046,frc8896,frc955,blue,Annalee M,middle3,0,0,0,3.944,"{""version"":1,""segments"":[{""start"":1775838363740,""stop"":1775838367684}]}",0,"{""version"":1,""segments"":[]}",,0,126.49999999999709,0,"{""version"":1,""segments"":[]}",0,"{""version"":1,""segments"":[]}",1.649,"{""version"":1,""segments"":[{""start"":1775838392493,""stop"":1775838394142}]}",0,0,0,0,0,0,0,x,0,1,They shot little and stopped even when they still had fuel left,they can shoot pretty well but they did it very little,when they went to the opponents zone they just stopped and stayed there for the rest of the game,364,711,711,blue,0,0,None,None,None,0,None,None,None,1,5,0,1,1,None,5,1,132,711,574,0,0
2026pncmp_qm33,qm,1,33,frc955,frc7034,frc492,frc4512,frc2046,frc8896,frc955,blue,Anders H,outpostWall5,0,0,0,8.651,"{""version"":1,""segments"":[{""start"":1775838364411,""stop"":1775838368789},{""start"":1775838374094,""stop"":1775838378367}]}",0,"{""version"":1,""segments"":[]}",Other,0,0,53.649,"{""version"":1,""segments"":[{""start"":1775838387233,""stop"":1775838391852},{""start"":1775838416089,""stop"":1775838421149},{""start"":1775838421579,""stop"":1775838422118},{""start"":1775838423097,""stop"":1775838424223},{""start"":1775838425040,""stop"":1775838428706},{""start"":1775838429339,""stop"":1775838435235},{""start"":1775838436939,""stop"":1775838437568},{""start"":1775838439353,""stop"":1775838440292},{""start"":1775838465442,""stop"":1775838472256},{""start"":1775838472985,""stop"":1775838473524},{""start"":1775838474279,""stop"":1775838474939},{""start"":1775838476924,""stop"":1775838477577},{""start"":1775838486472,""stop"":1775838495149},{""start"":1775838498668,""stop"":1775838500642},{""start"":1775838508455,""stop"":1775838517413},{""start"":1775838518958,""stop"":1775838521858}]}",14.034,"{""version"":1,""segments"":[{""start"":1775838399374,""stop"":1775838406290},{""start"":1775838446064,""stop"":1775838448743},{""start"":1775838450514,""stop"":1775838450598},{""start"":1775838452539,""stop"":1775838456894}]}",0,"{""version"":1,""segments"":[]}",0,0,0,0,0,0,0,x,1,2,"2 cycles and very consistent, fast, and accurate shooting and intaking. ",constantly shooing because of ferried balls with fast and accurate shooter. ,"Always ferrying from either alliance or opponent zone, very fast and consistent. No defense. ",364,711,711,blue,0,0,None,None,None,0,None,None,None,1,5,0,1,1,None,5,1,132,711,574,0,0
2026pncmp_qm34,qm,1,34,frc360,frc360,frc9023,frc4061,frc948,frc2522,frc9430,red,Eryn M,depot2,0,0,0,4.559,"{""version"":1,""segments"":[{""start"":1775838837452,""stop"":1775838837631},{""start"":1775838838524,""stop"":1775838839976},{""start"":1775838846920,""stop"":1775838849848}]}",0,"{""version"":1,""segments"":[]}",,0,0,35.362,"{""version"":1,""segments"":[{""start"":1775838859737,""stop"":1775838862417},{""start"":1775838870368,""stop"":1775838870619},{""start"":1775838881523,""stop"":1775838881807},{""start"":1775838889881,""stop"":1775838898333},{""start"":1775838910069,""stop"":1775838910155},{""start"":1775838910445,""stop"":1775838913860},{""start"":1775838935437,""stop"":1775838935564},{""start"":1775838939401,""stop"":1775838943855},{""start"":1775838944719,""stop"":1775838947387},{""start"":1775838952331,""stop"":1775838952424},{""start"":1775838963378,""stop"":1775838964258},{""start"":1775838965424,""stop"":1775838970558},{""start"":1775838977644,""stop"":1775838981158},{""start"":1775838981756,""stop"":1775838981881},{""start"":1775838986084,""stop"":1775838988178},{""start"":1775838991318,""stop"":1775838992423}]}",1.93,"{""version"":1,""segments"":[{""start"":1775838882110,""stop"":1775838883116},{""start"":1775838884667,""stop"":1775838885025},{""start"":1775838936136,""stop"":1775838936643},{""start"":1775838937529,""stop"":1775838937588}]}",0,"{""version"":1,""segments"":[]}",0,0,0,0,0,0,0,x,0,1,,Missed shots at the last 40,Didn't ferry too much just filled own hopper when going to opponent side,430,430,497,blue,0,0,None,None,None,0,None,None,None,1,0,0,2,1,None,2,1,92,430,338,0,0
2026pncmp_qm34,qm,1,34,frc9023,frc360,frc9023,frc4061,frc948,frc2522,frc9430,red,James H,outpostWall5,0,0,0,0,"{""version"":1,""segments"":[]}",0,"{""version"":1,""segments"":[]}",Other,0,0,34.201,"{""version"":1,""segments"":[{""start"":1775838863768,""stop"":1775838865052},{""start"":1775838868969,""stop"":1775838870247},{""start"":1775838894603,""stop"":1775838894691},{""start"":1775838894898,""stop"":1775838899197},{""start"":1775838906280,""stop"":1775838910653},{""start"":1775838915969,""stop"":1775838918446},{""start"":1775838919542,""stop"":1775838920576},{""start"":1775838945702,""stop"":1775838948846},{""start"":1775838955471,""stop"":1775838958992},{""start"":1775838964868,""stop"":1775838968032},{""start"":1775838972931,""stop"":1775838975056},{""start"":1775838983189,""stop"":1775838987111},{""start"":1775838996960,""stop"":1775839000452}]}",15.402,"{""version"":1,""segments"":[{""start"":1775838867146,""stop"":1775838868026},{""start"":1775838872009,""stop"":1775838878599},{""start"":1775838878943,""stop"":1775838880947},{""start"":1775838881287,""stop"":1775838881727},{""start"":1775838882346,""stop"":1775838882496},{""start"":1775838885058,""stop"":1775838885304},{""start"":1775838924373,""stop"":1775838924391},{""start"":1775838924705,""stop"":1775838926171},{""start"":1775838927158,""stop"":1775838928601},{""start"":1775838929728,""stop"":1775838929852},{""start"":1775838930320,""stop"":1775838930393},{""start"":1775838933256,""stop"":1775838933521},{""start"":1775838934668,""stop"":1775838935065},{""start"":1775838936199,""stop"":1775838937505}]}",0,"{""version"":1,""segments"":[]}",0,0,0,0,0,0,0,x,1,3,pretty standard auto,Has a very fast shooter and a large hopper that alows for shooting a lot of balls for an extended period of time.,has a large range so they can fire a lot of fuel into their alliance zone,430,430,497,blue,0,0,None,None,None,0,None,None,None,1,0,0,2,1,None,2,1,92,430,338,0,0
2026pncmp_qm34,qm,1,34,frc4061,frc360,frc9023,frc4061,frc948,frc2522,frc9430,red,Eve G,middle3,0,0,0,1.58,"{""version"":1,""segments"":[{""start"":1775838846783,""stop"":1775838848363}]}",0,"{""version"":1,""segments"":[]}",Other,0,0,0,"{""version"":1,""segments"":[]}",0,"{""version"":1,""segments"":[]}",0,"{""version"":1,""segments"":[]}",0,0,0,0,0,1,1,0,x,1,"back up, shoot, stop, only scored for first part",played defense in other alliance zone but there weren't really robot over there that they could play defense on.,"played defense in other alliance zone , blocked trench, tried to get in the way, semi effective but not great, the other alliance could still score but they made it harder",430,430,497,blue,0,0,None,None,None,0,None,None,None,1,0,0,2,1,None,2,1,92,430,338,0,0
2026pncmp_qm34,qm,1,34,frc948,frc360,frc9023,frc4061,frc948,frc2522,frc9430,blue,Alyson W,outpost4,0,0,0,0,"{""version"":1,""segments"":[]}",0,"{""version"":1,""segments"":[]}",Other,0,0,20.768,"{""version"":1,""segments"":[{""start"":1775838859623,""stop"":1775838862090},{""start"":1775838872233,""stop"":1775838875706},{""start"":1775838916932,""stop"":1775838917319},{""start"":1775838917640,""stop"":1775838920426},{""start"":1775838934100,""stop"":1775838936404},{""start"":1775838937848,""stop"":1775838938115},{""start"":1775838971739,""stop"":1775838974086},{""start"":1775838975509,""stop"":1775838978054},{""start"":1775838985121,""stop"":1775838985551},{""start"":1775838985743,""stop"":1775838986820},{""start"":1775838987310,""stop"":1775838988188},{""start"":1775838993482,""stop"":1775838995289}]}",0,"{""version"":1,""segments"":[]}",0,"{""version"":1,""segments"":[]}",0,0,0,0,0,0,0,x,x,1,"- gets stuck on bump
- did not shoot many balls","- can only score when pressed against the hub, otherwise fuel might fall short
- opp alliance robot was able to stop them from scoring easily by blocking the hub
- fast shooting, very good accuracy when positioned in front of the hub, can shoot in clumps","- pushed some fuel into alliance zone, but mostly focused on trying to collect fuel 
- I ranked them second",430,497,497,blue,0,15,None,Level1,None,0,None,None,None,1,35,0,0,0,None,5,1,82,497,380,15,0
2026pncmp_qm34,qm,1,34,frc2522,frc360,frc9023,frc4061,frc948,frc2522,frc9430,blue,Annalee M,depot2,0,15,1,13.705,"{""version"":1,""segments"":[{""start"":1775838835147,""stop"":1775838836725},{""start"":1775838843493,""stop"":1775838855620}]}",0,"{""version"":1,""segments"":[]}",Auto 1,0,0,34.182,"{""version"":1,""segments"":[{""start"":1775838882467,""stop"":1775838885482},{""start"":1775838886110,""stop"":1775838886642},{""start"":1775838918135,""stop"":1775838923088},{""start"":1775838923469,""stop"":1775838924254},{""start"":1775838924793,""stop"":1775838927920},{""start"":1775838931709,""stop"":1775838932835},{""start"":1775838936577,""stop"":1775838944229},{""start"":1775838969538,""stop"":1775838970983},{""start"":1775838971841,""stop"":1775838972138},{""start"":1775838988686,""stop"":1775838999936}]}",13.61,"{""version"":1,""segments"":[{""start"":1775838887638,""stop"":1775838890144},{""start"":1775838894274,""stop"":1775838896371},{""start"":1775838906932,""stop"":1775838908389},{""start"":1775838910021,""stop"":1775838911127},{""start"":1775838911494,""stop"":1775838913444},{""start"":1775838913801,""stop"":1775838914644},{""start"":1775838933502,""stop"":1775838935005},{""start"":1775838952213,""stop"":1775838954361}]}",10.845,"{""version"":1,""segments"":[{""start"":1775838898572,""stop"":1775838903036},{""start"":1775838955543,""stop"":1775838961924}]}",0,0,0,0,0,0,0,x,1,3,They shot the fuel and then did the L1 climb on the side ,they went to the neutral zone and the other alliance zone to shoot fuel into their alliance zone it worked well they also can shoot themselves,when helping collect fuel they could move and shoot accurately at the same time,430,497,497,blue,0,15,None,Level1,None,0,None,None,None,1,35,0,0,0,None,5,1,82,497,380,15,0
2026pncmp_qm34,qm,1,34,frc9430,frc360,frc9023,frc4061,frc948,frc2522,frc9430,blue,Anders H,depotWall1,1,0,0,4.294,"{""version"":1,""segments"":[{""start"":1775838841282,""stop"":1775838843728},{""start"":1775838850859,""stop"":1775838852707}]}",0,"{""version"":1,""segments"":[]}",Auto 1,0,0,21.651,"{""version"":1,""segments"":[{""start"":1775838867279,""stop"":1775838870480},{""start"":1775838877008,""stop"":1775838880647},{""start"":1775838889698,""stop"":1775838891468},{""start"":1775838892047,""stop"":1775838892417},{""start"":1775838916060,""stop"":1775838919446},{""start"":1775838924025,""stop"":1775838924165},{""start"":1775838926843,""stop"":1775838929774},{""start"":1775838939983,""stop"":1775838942486},{""start"":1775838980218,""stop"":1775838983136},{""start"":1775838996891,""stop"":1775838997684}]}",2.005,"{""version"":1,""segments"":[{""start"":1775838902414,""stop"":1775838904419}]}",0,"{""version"":1,""segments"":[]}",0,0,0,0,0,0,0,x,0,1,inaccurate but shoots a lot quickly. Ran into another blue bot in the neutral zone. ,"Shooting and intaking, but inaccurate shooting, especially against defense which was being played against blue. Slow inconsistent intake. ",Can ferry but doesn't too much. the intake got stuck i think but I'm not completely sure. Slow inconsistent intake. ,430,497,497,blue,0,15,None,Level1,None,0,None,None,None,1,35,0,0,0,None,5,1,82,497,380,15,0
2026pncmp_qm35,qm,1,35,frc3218,frc3218,frc3663,frc4125,frc4131,frc2521,frc1540,red,Eryn M,outpostWall5,0,0,0,2.065,"{""version"":1,""segments"":[{""start"":1775839309902,""stop"":1775839311967}]}",0,"{""version"":1,""segments"":[]}",,0,0,35.205,"{""version"":1,""segments"":[{""start"":1775839341761,""stop"":1775839350347},{""start"":1775839363338,""stop"":1775839363555},{""start"":1775839364533,""stop"":1775839365151},{""start"":1775839388536,""stop"":1775839393400},{""start"":1775839393654,""stop"":1775839397237},{""start"":1775839405087,""stop"":1775839411336},{""start"":1775839438038,""stop"":1775839443790},{""start"":1775839446022,""stop"":1775839449133},{""start"":1775839450177,""stop"":1775839451169},{""start"":1775839454697,""stop"":1775839454736},{""start"":1775839455550,""stop"":1775839455619},{""start"":1775839465545,""stop"":1775839466545},{""start"":1775839467185,""stop"":1775839467310}]}",0.647,"{""version"":1,""segments"":[{""start"":1775839365624,""stop"":1775839366271}]}",0,"{""version"":1,""segments"":[]}",0,0,0,0,0,0,0,x,0,2,Shot the tower?,"Didn't fill up hopper to full before shootin, mainl scrambling, no defense notes",,246,246,367,blue,0,0,None,None,None,0,None,None,None,1,5,0,0,1,None,1,0,55,246,186,0,0
2026pncmp_qm35,qm,1,35,frc3663,frc3218,frc3663,frc4125,frc4131,frc2521,frc1540,red,James H,depotWall1,0,0,0,5.63,"{""version"":1,""segments"":[{""start"":1775839322365,""stop"":1775839324683},{""start"":1775839327704,""stop"":1775839331016}]}",1.925,"{""version"":1,""segments"":[{""start"":1775839492620,""stop"":1775839494545}]}",Auto 1,0,0,24.851,"{""version"":1,""segments"":[{""start"":1775839339202,""stop"":1775839339636},{""start"":1775839343154,""stop"":1775839348515},{""start"":1775839354222,""stop"":1775839355079},{""start"":1775839355784,""stop"":1775839357824},{""start"":1775839359969,""stop"":1775839361532},{""start"":1775839362190,""stop"":1775839363051},{""start"":1775839366733,""stop"":1775839368367},{""start"":1775839368735,""stop"":1775839369596},{""start"":1775839394358,""stop"":1775839396421},{""start"":1775839408805,""stop"":1775839409637},{""start"":1775839410588,""stop"":1775839411303},{""start"":1775839412369,""stop"":1775839413054},{""start"":1775839414208,""stop"":1775839415015},{""start"":1775839415552,""stop"":1775839416043},{""start"":1775839416493,""stop"":1775839416663},{""start"":1775839445407,""stop"":1775839447183},{""start"":1775839447798,""stop"":1775839448229},{""start"":1775839451343,""stop"":1775839451957},{""start"":1775839454799,""stop"":1775839455216},{""start"":1775839456172,""stop"":1775839457936},{""start"":1775839472809,""stop"":1775839473123},{""start"":1775839474021,""stop"":1775839474182}]}",7.642,"{""version"":1,""segments"":[{""start"":1775839340445,""stop"":1775839341142},{""start"":1775839380679,""stop"":1775839381184},{""start"":1775839384654,""stop"":1775839385519},{""start"":1775839385909,""stop"":1775839386220},{""start"":1775839387755,""stop"":1775839388550},{""start"":1775839426900,""stop"":1775839427226},{""start"":1775839429230,""stop"":1775839430877},{""start"":1775839431496,""stop"":1775839432775},{""start"":1775839433284,""stop"":1775839434024},{""start"":1775839435280,""stop"":1775839435757}]}",0,"{""version"":1,""segments"":[]}",0,0,0,0,0,0,0,x,x,1,average auto,Fast robot and has a medium hopper so it can't shoot for a super long time and is 80% acurrate,they can intake and shoot at the same time to ferry,246,246,367,blue,0,0,None,None,None,0,None,None,None,1,5,0,0,1,None,1,0,55,246,186,0,0
2026pncmp_qm35,qm,1,35,frc4125,frc3218,frc3663,frc4125,frc4131,frc2521,frc1540,red,Eve g,middle3,0,0,0,1.747,"{""version"":1,""segments"":[{""start"":1775839315030,""stop"":1775839316777}]}",0,"{""version"":1,""segments"":[]}",Other,0,0,0,"{""version"":1,""segments"":[]}",0,"{""version"":1,""segments"":[]}",0,"{""version"":1,""segments"":[]}",0,0,0,0,0,1,1,.5,x,2,"backed up, scored preloaded fuel, stopped","Played defense in other alliance zone, didn't really have robots to defend in the zone they were defending a few times. ","collected fuel from other alliance zone then released it back into other alliance zone, played defense in other alliance zone. Prevented other alliance from entering the other alliance zone. Successfully stopped some fuel from being scored .",246,246,367,blue,0,0,None,None,None,0,None,None,None,1,5,0,0,1,None,1,0,55,246,186,0,0
2026pncmp_qm35,qm,1,35,frc4131,frc3218,frc3663,frc4125,frc4131,frc2521,frc1540,blue,Alyson W,outpostWall5,0,0,0,0,"{""version"":1,""segments"":[]}",0,"{""version"":1,""segments"":[]}",Other,0,0,0,"{""version"":1,""segments"":[]}",0,"{""version"":1,""segments"":[]}",0,"{""version"":1,""segments"":[]}",0,0,0,0,1,1,1,0,0,1,- didn't move,"- played defense the whole time
- ok defense, I think they got one minor foul, was able to disrupt opp alliance bots from shooting by bumping into them so their accuracy is bad","- continued playing defense, preventing opp alliance robots from going thru trenches and bumps by bumping into them  if they got too close
- sometimes they just drove around in neutral zone for a few seconds",246,367,367,blue,0,0,None,None,None,0,None,None,None,1,5,0,0,1,None,5,1,82,367,280,0,0
2026pncmp_qm35,qm,1,35,frc2521,frc3218,frc3663,frc4125,frc4131,frc2521,frc1540,blue,Annalee M,outpost4,0,0,0,2.575,"{""version"":1,""segments"":[{""start"":1775839321886,""stop"":1775839324461}]}",2.979,"{""version"":1,""segments"":[{""start"":1775839314482,""stop"":1775839316546},{""start"":1775839317070,""stop"":1775839317985}]}",,1,0,13.87,"{""version"":1,""segments"":[{""start"":1775839370101,""stop"":1775839372719},{""start"":1775839373000,""stop"":1775839373508},{""start"":1775839377075,""stop"":1775839379322},{""start"":1775839383863,""stop"":1775839386309},{""start"":1775839391511,""stop"":1775839394210},{""start"":1775839421060,""stop"":1775839424234},{""start"":1775839427969,""stop"":1775839428147}]}",3.009,"{""version"":1,""segments"":[{""start"":1775839351771,""stop"":1775839354780}]}",0,"{""version"":1,""segments"":[]}",0,0,0,0,1,0,0,-.5,0,2,When they stopped shooting they hit the wall very hard ,they can shoot but they don't have a big hub space so they do have to refill often,at some point their intake was slightly broken as in it was lopsided and had one fuel stuck in it while that they still helped get fuel In their alliance for the others to shoot   ,246,367,367,blue,0,0,None,None,None,0,None,None,None,1,5,0,0,1,None,5,1,82,367,280,0,0
2026pncmp_qm35,qm,1,35,frc1540,frc3218,frc3663,frc4125,frc4131,frc2521,frc1540,blue,Anders H,depotWall1,0,0,0,9.381,"{""version"":1,""segments"":[{""start"":1775839321136,""stop"":1775839330517}]}",0,"{""version"":1,""segments"":[]}",Other,0,0,65.451,"{""version"":1,""segments"":[{""start"":1775839339502,""stop"":1775839344369},{""start"":1775839368146,""stop"":1775839385378},{""start"":1775839387444,""stop"":1775839388259},{""start"":1775839389949,""stop"":1775839391319},{""start"":1775839391403,""stop"":1775839391452},{""start"":1775839416600,""stop"":1775839435378},{""start"":1775839435889,""stop"":1775839443806},{""start"":1775839458628,""stop"":1775839473051}]}",14.972,"{""version"":1,""segments"":[{""start"":1775839344917,""stop"":1775839349791},{""start"":1775839356156,""stop"":1775839360855},{""start"":1775839394608,""stop"":1775839395812},{""start"":1775839400468,""stop"":1775839400787},{""start"":1775839408436,""stop"":1775839411480},{""start"":1775839446294,""stop"":1775839447126}]}",6.936,"{""version"":1,""segments"":[{""start"":1775839353739,""stop"":1775839355385},{""start"":1775839401420,""stop"":1775839403142},{""start"":1775839403360,""stop"":1775839406928}]}",0,0,0,0,0,0,0,x,1,3,very fast intake then unloads full hopper with fast and consistent shooter. 2 cycles. ,Constantly shooting. Always intaking and shooting with turret. Can play around defense well. Fast shooter and intake. ,Constant ferrying with fast shooting and intake. Very accurate back to alliance zone. ,246,367,367,blue,0,0,None,None,None,0,None,None,None,1,5,0,0,1,None,5,1,82,367,280,0,0
2026pncmp_qm36,qm,1,36,frc2412,frc2412,frc1294,frc2976,frc1983,frc5468,frc5937,red,Eryn M,depotWall1,0,0,0,4.187,"{""version"":1,""segments"":[{""start"":1775839822027,""stop"":1775839826214}]}",0,"{""version"":1,""segments"":[]}",,0,0,44.257,"{""version"":1,""segments"":[{""start"":1775839851737,""stop"":1775839856536},{""start"":1775839866038,""stop"":1775839870683},{""start"":1775839897322,""stop"":1775839900579},{""start"":1775839900686,""stop"":1775839902465},{""start"":1775839902584,""stop"":1775839904523},{""start"":1775839904623,""stop"":1775839907734},{""start"":1775839907820,""stop"":1775839912644},{""start"":1775839916671,""stop"":1775839919628},{""start"":1775839927074,""stop"":1775839928583},{""start"":1775839929362,""stop"":1775839930521},{""start"":1775839931200,""stop"":1775839932140},{""start"":1775839933241,""stop"":1775839934340},{""start"":1775839950826,""stop"":1775839957665},{""start"":1775839959345,""stop"":1775839962203},{""start"":1775839963904,""stop"":1775839966446}]}",7.926,"{""version"":1,""segments"":[{""start"":1775839849467,""stop"":1775839850264},{""start"":1775839883577,""stop"":1775839889242},{""start"":1775839892639,""stop"":1775839893179},{""start"":1775839894939,""stop"":1775839895169},{""start"":1775839935323,""stop"":1775839935382},{""start"":1775839935912,""stop"":1775839936022},{""start"":1775839936385,""stop"":1775839936910}]}",0,"{""version"":1,""segments"":[]}",0,0,0,0,0,0,0,-.5,.5,1,2 cycles but didn't get to finish 2nd ,"Downside, always shooting on full instead of focusing on emptying then refueling",alway tryin to ferry over to their side with a full hopper before active,191,191,364,blue,0,0,None,None,None,0,None,None,None,0,0,0,0,1,None,0,0,39,191,152,0,0
2026pncmp_qm36,qm,1,36,frc1294,frc2412,frc1294,frc2976,frc1983,frc5468,frc5937,red,James H,outpostWall5,0,0,0,0,"{""version"":1,""segments"":[]}",0,"{""version"":1,""segments"":[]}",Other,0,0,0,"{""version"":1,""segments"":[]}",0.647,"{""version"":1,""segments"":[{""start"":1775839849281,""stop"":1775839849928}]}",0,"{""version"":1,""segments"":[]}",0,0,0,0,0,1,1,1,.5,2,Did nothing,Hopper is broken played defense and pushed fuel out of the opposing alliance zone,same as above,191,191,364,blue,0,0,None,None,None,0,None,None,None,0,0,0,0,1,None,0,0,39,191,152,0,0
2026pncmp_qm36,qm,1,36,frc2976,frc2412,frc1294,frc2976,frc1983,frc5468,frc5937,red,Eve G,middle3,0,0,0,0,"{""version"":1,""segments"":[]}",0,"{""version"":1,""segments"":[]}",,1,44.600000000000364,0,"{""version"":1,""segments"":[]}",0,"{""version"":1,""segments"":[]}",0,"{""version"":1,""segments"":[]}",0,0,0,0,0,0,0,x,x,1,"backed up into tower then stopped moving, i think a stopped","VERY slow was basically not moving, it moved tiny amounts very slow then just stopped, started working again and move very very slow and pushed some fuel into outpost. Probably having some issue so they couldn't do anything but at least tried to give fuel to human players ",Same as active,191,191,364,blue,0,0,None,None,None,0,None,None,None,0,0,0,0,1,None,0,0,39,191,152,0,0
2026pncmp_qm36,qm,1,36,frc1983,frc2412,frc1294,frc2976,frc1983,frc5468,frc5937,blue,Alyson W,middle3,0,0,0,0.806,"{""version"":1,""segments"":[{""start"":1775839816786,""stop"":1775839817384},{""start"":1775839819506,""stop"":1775839819714}]}",0,"{""version"":1,""segments"":[]}",Auto 2,0,0,1.318,"{""version"":1,""segments"":[{""start"":1775839879672,""stop"":1775839880990}]}",0,"{""version"":1,""segments"":[]}",0,"{""version"":1,""segments"":[]}",5.099999999999998,0,0,1,0,0,0,-.5,-1,1,- shot very few balls that were already loaded into bot,"- hopper fell off
- was beached on fuel and had to get help from teammate
- sometimes would get in the way of teammates, was in the way of teammate trying to go under trench once
- I'm not sure if they shot a few balls or if it was a different robot, but they never shot again","- ok defense, sometimes they would get in the way of teammates while defending
- defended in neutral zone by driving in front of opp alliance bot, but wasn't very effective since not was able to escape anyway",191,364,364,blue,0,0,None,None,None,0,None,None,None,1,5,0,0,0,None,4,0,53,364,306,0,0
2026pncmp_qm36,qm,1,36,frc5468,frc2412,frc1294,frc2976,frc1983,frc5468,frc5937,blue,Annalee M,depotWall1,0,0,0,3.292,"{""version"":1,""segments"":[{""start"":1775839827009,""stop"":1775839829202},{""start"":1775839830057,""stop"":1775839831064},{""start"":1775839831421,""stop"":1775839831513}]}",0,"{""version"":1,""segments"":[]}",,0,0,30.24,"{""version"":1,""segments"":[{""start"":1775839847380,""stop"":1775839852843},{""start"":1775839857271,""stop"":1775839857480},{""start"":1775839889596,""stop"":1775839890656},{""start"":1775839891623,""stop"":1775839893447},{""start"":1775839893789,""stop"":1775839897044},{""start"":1775839898749,""stop"":1775839899847},{""start"":1775839900402,""stop"":1775839901414},{""start"":1775839902141,""stop"":1775839902343},{""start"":1775839938130,""stop"":1775839939628},{""start"":1775839939994,""stop"":1775839941322},{""start"":1775839943066,""stop"":1775839945132},{""start"":1775839945397,""stop"":1775839946411},{""start"":1775839946707,""stop"":1775839948622},{""start"":1775839949037,""stop"":1775839949518},{""start"":1775839950255,""stop"":1775839951231},{""start"":1775839952707,""stop"":1775839953144},{""start"":1775839954132,""stop"":1775839955708},{""start"":1775839959739,""stop"":1775839959841},{""start"":1775839961987,""stop"":1775839963480},{""start"":1775839963745,""stop"":1775839965837},{""start"":1775839980580,""stop"":1775839981719}]}",4.076,"{""version"":1,""segments"":[{""start"":1775839875647,""stop"":1775839877121},{""start"":1775839878308,""stop"":1775839878833},{""start"":1775839881885,""stop"":1775839883842},{""start"":1775839889109,""stop"":1775839889229}]}",0,"{""version"":1,""segments"":[]}",4.799999999999999,0,0,0,1,0,1,0,1,2,They went into the neutral zone for fuel but lost most of it by shooting it into the neutral zone and got stuck on the trench,lots of defense was on them making it harder but they still got shots in and went around,when collecting they got stuck on lots of fuel very often or the trench and then trapped by other bots,191,364,364,blue,0,0,None,None,None,0,None,None,None,1,5,0,0,0,None,4,0,53,364,306,0,0
2026pncmp_qm36,qm,1,36,frc5937,frc2412,frc1294,frc2976,frc1983,frc5468,frc5937,blue,Anders H,outpostWall5,0,0,0,6.474,"{""version"":1,""segments"":[{""start"":1775839834510,""stop"":1775839840984}]}",0,"{""version"":1,""segments"":[]}",Auto 1,0,0,58.118,"{""version"":1,""segments"":[{""start"":1775839842878,""stop"":1775839845103},{""start"":1775839848900,""stop"":1775839850592},{""start"":1775839876267,""stop"":1775839898133},{""start"":1775839898274,""stop"":1775839898334},{""start"":1775839898528,""stop"":1775839899910},{""start"":1775839926711,""stop"":1775839927298},{""start"":1775839928152,""stop"":1775839928738},{""start"":1775839929527,""stop"":1775839931757},{""start"":1775839932390,""stop"":1775839933606},{""start"":1775839934455,""stop"":1775839939534},{""start"":1775839943353,""stop"":1775839943833},{""start"":1775839945994,""stop"":1775839949865},{""start"":1775839958136,""stop"":1775839965515},{""start"":1775839966080,""stop"":1775839967433},{""start"":1775839968953,""stop"":1775839973465},{""start"":1775839974278,""stop"":1775839976669},{""start"":1775839977639,""stop"":1775839978399},{""start"":1775839979152,""stop"":1775839979601}]}",12.613,"{""version"":1,""segments"":[{""start"":1775839853606,""stop"":1775839857851},{""start"":1775839859058,""stop"":1775839859701},{""start"":1775839861664,""stop"":1775839864297},{""start"":1775839865955,""stop"":1775839869438},{""start"":1775839871023,""stop"":1775839871547},{""start"":1775839903862,""stop"":1775839904947}]}",5.165,"{""version"":1,""segments"":[{""start"":1775839906187,""stop"":1775839910034},{""start"":1775839910878,""stop"":1775839911167},{""start"":1775839911794,""stop"":1775839912823}]}",0,0,0,0,0,0,0,x,.5,2,2 full cycles with fast shooting and accuracy as well as fast intake. ,Always shooting with fast and accurate shooter as well as intake. Turret so it can shoot on move. ,Always ferrying with accuracy and far and fast shooter and intake. ,191,364,364,blue,0,0,None,None,None,0,None,None,None,1,5,0,0,0,None,4,0,53,364,306,0,0
2026pncmp_qm37,qm,1,37,frc10079,frc10079,frc4450,frc2926,frc488,frc753,frc4915,red,Eryn M,depotWall1,0,0,0,7.677,"{""version"":1,""segments"":[{""start"":1775840505929,""stop"":1775840513606}]}",0,"{""version"":1,""segments"":[]}",,0,0,14.055,"{""version"":1,""segments"":[{""start"":1775840519740,""stop"":1775840521501},{""start"":1775840553694,""stop"":1775840555200},{""start"":1775840565397,""stop"":1775840570935},{""start"":1775840570975,""stop"":1775840571055},{""start"":1775840616024,""stop"":1775840617429},{""start"":1775840617849,""stop"":1775840621091},{""start"":1775840630501,""stop"":1775840631024}]}",2.825,"{""version"":1,""segments"":[{""start"":1775840531010,""stop"":1775840533835}]}",0,"{""version"":1,""segments"":[]}",0,0,0,0,0,0,0,0,0,1,ok honestly my view of auto was blocked by the people infront of me,they dont shoot that fast but were emptying on full which was good!!!!!,"tried to defend in blue, seemed like it stopped them a bit, ferrying with their base occasionally when possible",246,246,365,blue,0,0,None,None,None,0,None,None,None,1,0,0,1,1,None,1,0,85,246,161,0,0
2026pncmp_qm37,qm,1,37,frc4450,frc10079,frc4450,frc2926,frc488,frc753,frc4915,red,James H,outpostWall5,0,0,0,2.396,"{""version"":1,""segments"":[{""start"":1775840510391,""stop"":1775840512513},{""start"":1775840513191,""stop"":1775840513465}]}",1.038,"{""version"":1,""segments"":[{""start"":1775840513866,""stop"":1775840514904}]}",Auto 1,0,0,16.635,"{""version"":1,""segments"":[{""start"":1775840529832,""stop"":1775840531209},{""start"":1775840562337,""stop"":1775840567222},{""start"":1775840567655,""stop"":1775840570177},{""start"":1775840611216,""stop"":1775840611715},{""start"":1775840613767,""stop"":1775840618659},{""start"":1775840633514,""stop"":1775840633720},{""start"":1775840634587,""stop"":1775840634723},{""start"":1775840659450,""stop"":1775840660047},{""start"":1775840660792,""stop"":1775840661037},{""start"":1775840662801,""stop"":1775840664077}]}",3.538,"{""version"":1,""segments"":[{""start"":1775840540040,""stop"":1775840540795},{""start"":1775840544299,""stop"":1775840545041},{""start"":1775840549961,""stop"":1775840550718},{""start"":1775840590965,""stop"":1775840592249}]}",0,"{""version"":1,""segments"":[]}",0,0,0,0,0,0,0,x,.5,2,lots of balls in the hub,has a triple shooter but it isn't a turret so it has to be lined up with the hub but has an average shooting speed,Large hopper with a net over it for flexibility allowing for a lot of balls to be intook on its inactive shifts.,246,246,365,blue,0,0,None,None,None,0,None,None,None,1,0,0,1,1,None,1,0,85,246,161,0,0
2026pncmp_qm37,qm,1,37,frc2926,frc10079,frc4450,frc2926,frc488,frc753,frc4915,red,Eve G,depotWall1,0,0,0,0,"{""version"":1,""segments"":[]}",0,"{""version"":1,""segments"":[]}",,0,0,0,"{""version"":1,""segments"":[]}",0,"{""version"":1,""segments"":[]}",0,"{""version"":1,""segments"":[]}",0,0,0,0,0,0,0,x,x,1,,,,246,246,365,blue,0,0,None,None,None,0,None,None,None,1,0,0,1,1,None,1,0,85,246,161,0,0
2026pncmp_qm37,qm,1,37,frc488,frc10079,frc4450,frc2926,frc488,frc753,frc4915,blue,,depotWall1,0,0,0,0,"{""version"":1,""segments"":[]}",0,"{""version"":1,""segments"":[]}",,0,0,0,"{""version"":1,""segments"":[]}",0,"{""version"":1,""segments"":[]}",0,"{""version"":1,""segments"":[]}",0,0,0,0,0,0,0,x,x,1,,,,246,365,365,blue,0,0,None,None,None,0,None,None,None,1,20,0,0,0,None,4,0,57,365,288,0,0
2026pncmp_qm37,qm,1,37,frc753,frc10079,frc4450,frc2926,frc488,frc753,frc4915,blue,Annalee M,middle3,0,0,0,3.947,"{""version"":1,""segments"":[{""start"":1775840503367,""stop"":1775840504396},{""start"":1775840506689,""stop"":1775840507155},{""start"":1775840514738,""stop"":1775840515225},{""start"":1775840516629,""stop"":1775840517567},{""start"":1775840517856,""stop"":1775840518883}]}",0,"{""version"":1,""segments"":[]}",,0,0,18.452,"{""version"":1,""segments"":[{""start"":1775840530732,""stop"":1775840532577},{""start"":1775840532824,""stop"":1775840533078},{""start"":1775840547947,""stop"":1775840551433},{""start"":1775840595612,""stop"":1775840596718},{""start"":1775840597145,""stop"":1775840600255},{""start"":1775840637672,""stop"":1775840641128},{""start"":1775840650739,""stop"":1775840650819},{""start"":1775840651786,""stop"":1775840654639},{""start"":1775840661203,""stop"":1775840661410},{""start"":1775840662345,""stop"":1775840664400}]}",3.67,"{""version"":1,""segments"":[{""start"":1775840564905,""stop"":1775840566870},{""start"":1775840616764,""stop"":1775840618469}]}",0,"{""version"":1,""segments"":[]}",4.5,0,0,0,0,0,0,x,-.5,2,They collect fuel from the depot and can shoot them in fast but they move very choppy,When they started to shoot it was way too low and most missed completely ,when getting fuel they would get beached or drive choppy getting them beached or making it so they may tip over and a few times got stuck on the trench,246,365,365,blue,0,0,None,None,None,0,None,None,None,1,20,0,0,0,None,4,0,57,365,288,0,0
2026pncmp_qm37,qm,1,37,frc4915,frc10079,frc4450,frc2926,frc488,frc753,frc4915,blue,Anders H,outpostWall5,0,0,0,5.249,"{""version"":1,""segments"":[{""start"":1775840506933,""stop"":1775840506941},{""start"":1775840507173,""stop"":1775840509973},{""start"":1775840513932,""stop"":1775840516373}]}",0,"{""version"":1,""segments"":[]}",Auto 1,0,29.800000000000153,18.793,"{""version"":1,""segments"":[{""start"":1775840523062,""stop"":1775840525211},{""start"":1775840530698,""stop"":1775840532680},{""start"":1775840550390,""stop"":1775840550441},{""start"":1775840552057,""stop"":1775840555223},{""start"":1775840581427,""stop"":1775840586499},{""start"":1775840591272,""stop"":1775840594774},{""start"":1775840599663,""stop"":1775840599714},{""start"":1775840601954,""stop"":1775840604774}]}",5.248,"{""version"":1,""segments"":[{""start"":1775840561242,""stop"":1775840561713},{""start"":1775840565780,""stop"":1775840566528},{""start"":1775840571570,""stop"":1775840573267},{""start"":1775840614015,""stop"":1775840615197},{""start"":1775840616969,""stop"":1775840617151},{""start"":1775840617531,""stop"":1775840618161},{""start"":1775840618383,""stop"":1775840618680},{""start"":1775840621053,""stop"":1775840621094}]}",0.558,"{""version"":1,""segments"":[{""start"":1775840567574,""stop"":1775840568132}]}",0.9999999999999999,0,0,0,0,0,0,x,0,2,"fast intake and shooter, hopper got stuck on the trench. ","Didn't play defense, has turret so defense didn't really affect them until they got disconnected with 30 seconds left in match. Was able to shoot a lot really fast and consistent and accurate. ",Ferried a little but the shooter was very inaccurate when ferrying. Fills up full hopper. No defense. ,246,365,365,blue,0,0,None,None,None,0,None,None,None,1,20,0,0,0,None,4,0,57,365,288,0,0
2026pncmp_qm38,qm,1,38,frc3674,frc3674,frc2046,frc4512,frc8051,frc10991,frc9450,red,Eryn M,outpostWall5,0,0,0,7.028,"{""version"":1,""segments"":[{""start"":1775841122179,""stop"":1775841122235},{""start"":1775841150402,""stop"":1775841151657},{""start"":1775841152076,""stop"":1775841153401},{""start"":1775841159019,""stop"":1775841163411}]}",0.19,"{""version"":1,""segments"":[{""start"":1775841123399,""stop"":1775841123589}]}",,0,0,29.239,"{""version"":1,""segments"":[{""start"":1775841202383,""stop"":1775841202424},{""start"":1775841203547,""stop"":1775841207122},{""start"":1775841212000,""stop"":1775841216113},{""start"":1775841221698,""stop"":1775841225907},{""start"":1775841249775,""stop"":1775841249801},{""start"":1775841252155,""stop"":1775841257795},{""start"":1775841262391,""stop"":1775841266549},{""start"":1775841275799,""stop"":1775841277976},{""start"":1775841296938,""stop"":1775841300667},{""start"":1775841306231,""stop"":1775841307802}]}",3.571,"{""version"":1,""segments"":[{""start"":1775841183462,""stop"":1775841187033}]}",0,"{""version"":1,""segments"":[]}",0,0,0,0,0,0,0,x,0,1,2 cyclews,"they dont shoot that fast at all, 2 balls a second roughly? maybe a little bit more?","ferrying very little and filling up their hopper, i dunno there wasnt much of note!",595,595,217,red,0,0,None,None,None,0,None,None,None,1,5,0,0,0,None,5,1,123,595,467,0,0
2026pncmp_qm38,qm,1,38,frc2046,frc3674,frc2046,frc4512,frc8051,frc10991,frc9450,red,James H,depotWall1,0,0,0,5.925,"{""version"":1,""segments"":[{""start"":1775841155457,""stop"":1775841158160},{""start"":1775841164317,""stop"":1775841167539}]}",4.079,"{""version"":1,""segments"":[{""start"":1775841152069,""stop"":1775841153053},{""start"":1775841159715,""stop"":1775841161419},{""start"":1775841162715,""stop"":1775841162981},{""start"":1775841169034,""stop"":1775841170159}]}",Auto 1,0,0,27.293,"{""version"":1,""segments"":[{""start"":1775841178913,""stop"":1775841179693},{""start"":1775841180670,""stop"":1775841183565},{""start"":1775841209572,""stop"":1775841212534},{""start"":1775841218782,""stop"":1775841221897},{""start"":1775841231270,""stop"":1775841234032},{""start"":1775841260291,""stop"":1775841263943},{""start"":1775841270927,""stop"":1775841273274},{""start"":1775841277370,""stop"":1775841278194},{""start"":1775841279086,""stop"":1775841280896},{""start"":1775841298765,""stop"":1775841300889},{""start"":1775841310348,""stop"":1775841314370}]}",18.534,"{""version"":1,""segments"":[{""start"":1775841177108,""stop"":1775841178434},{""start"":1775841186326,""stop"":1775841188030},{""start"":1775841189265,""stop"":1775841190242},{""start"":1775841191049,""stop"":1775841192414},{""start"":1775841196246,""stop"":1775841196500},{""start"":1775841198365,""stop"":1775841198570},{""start"":1775841202033,""stop"":1775841202207},{""start"":1775841215324,""stop"":1775841216468},{""start"":1775841224122,""stop"":1775841225558},{""start"":1775841227611,""stop"":1775841227997},{""start"":1775841236185,""stop"":1775841237001},{""start"":1775841254697,""stop"":1775841256261},{""start"":1775841266388,""stop"":1775841268325},{""start"":1775841283450,""stop"":1775841284924},{""start"":1775841285404,""stop"":1775841286074},{""start"":1775841302318,""stop"":1775841305420}]}",3.021,"{""version"":1,""segments"":[{""start"":1775841238361,""stop"":1775841240690},{""start"":1775841240754,""stop"":1775841240851},{""start"":1775841243544,""stop"":1775841244139}]}",5.4999999999999964,0,0,0,0,0,0,0,1,3,They end in the middle zone so they can fill their hopper when teleop starts.,they have an instant dump slowing them to ferry or shoot very quickly.,Did a lot of ferrying from the middle zone but did steal from opponents.,595,595,217,red,0,0,None,None,None,0,None,None,None,1,5,0,0,0,None,5,1,123,595,467,0,0
2026pncmp_qm38,qm,1,38,frc4512,frc3674,frc2046,frc4512,frc8051,frc10991,frc9450,red,Eve G,middle3,0,0,0,0.557,"{""version"":1,""segments"":[{""start"":1775840839863,""stop"":1775840840420}]}",0,"{""version"":1,""segments"":[]}",,0,0,0,"{""version"":1,""segments"":[]}",0,"{""version"":1,""segments"":[]}",0,"{""version"":1,""segments"":[]}",0,0,0,1,0,1,1,.5,x,1,"backed up, stopped, shot, stopped","pushed fuel into outpost, defense mostly in neutral zone","defense in other alliance zone and neutral zone, effective at blocking some robots. Defended trench and bump",595,595,217,red,0,0,None,None,None,0,None,None,None,1,5,0,0,0,None,5,1,123,595,467,0,0
2026pncmp_qm38,qm,1,38,frc8051,frc3674,frc2046,frc4512,frc8051,frc10991,frc9450,blue,Alyson W,depotWall1,0,0,0,5.44,"{""version"":1,""segments"":[{""start"":1775841147979,""stop"":1775841149614},{""start"":1775841155594,""stop"":1775841157942},{""start"":1775841165377,""stop"":1775841166834}]}",0,"{""version"":1,""segments"":[]}",Other,0,0,11.286,"{""version"":1,""segments"":[{""start"":1775841173619,""stop"":1775841174675},{""start"":1775841279276,""stop"":1775841282424},{""start"":1775841287368,""stop"":1775841289176},{""start"":1775841289486,""stop"":1775841290105},{""start"":1775841290525,""stop"":1775841291351},{""start"":1775841296577,""stop"":1775841298345},{""start"":1775841308011,""stop"":1775841310072}]}",12.277,"{""version"":1,""segments"":[{""start"":1775841179384,""stop"":1775841180951},{""start"":1775841192249,""stop"":1775841192320},{""start"":1775841192899,""stop"":1775841194846},{""start"":1775841199679,""stop"":1775841201462},{""start"":1775841203245,""stop"":1775841203295},{""start"":1775841204026,""stop"":1775841204084},{""start"":1775841204836,""stop"":1775841204876},{""start"":1775841205947,""stop"":1775841206016},{""start"":1775841207680,""stop"":1775841207745},{""start"":1775841235295,""stop"":1775841237262},{""start"":1775841238484,""stop"":1775841238583},{""start"":1775841239054,""stop"":1775841239093},{""start"":1775841239213,""stop"":1775841240111},{""start"":1775841248394,""stop"":1775841250041},{""start"":1775841255745,""stop"":1775841257722}]}",0,"{""version"":1,""segments"":[]}",0,0,0,0,0,1,0,0,0,1,Shot three times,"- has to be close to hub to score when shooting, good accuracy, a little slow shooting
- didnt shoot and score that much
- drives ok, slightly slow","- played defense in opp alliance zone, trying to stop robots from scoring by pushing and bumping into them a little bit, but wasn't effective since robot could still shoot
- tried to stop robots from going into alliance zone and taking their fuel",595,217,217,red,0,15,None,None,Level1,0,None,None,None,0,0,0,0,1,None,0,0,67,217,150,15,0
2026pncmp_qm38,qm,1,38,frc10991,frc3674,frc2046,frc4512,frc8051,frc10991,frc9450,blue,Annalee M,middle3,0,0,0,1.448,"{""version"":1,""segments"":[{""start"":1775841153956,""stop"":1775841155238},{""start"":1775841165447,""stop"":1775841165613}]}",0,"{""version"":1,""segments"":[]}",,0,0,8.519,"{""version"":1,""segments"":[{""start"":1775841233823,""stop"":1775841234079},{""start"":1775841236461,""stop"":1775841236728},{""start"":1775841237545,""stop"":1775841237650},{""start"":1775841239486,""stop"":1775841239613},{""start"":1775841241908,""stop"":1775841242926},{""start"":1775841250103,""stop"":1775841250210},{""start"":1775841251298,""stop"":1775841251407},{""start"":1775841285611,""stop"":1775841286429},{""start"":1775841289910,""stop"":1775841290089},{""start"":1775841291858,""stop"":1775841292991},{""start"":1775841300679,""stop"":1775841301525},{""start"":1775841305562,""stop"":1775841308079},{""start"":1775841312573,""stop"":1775841312905},{""start"":1775841313186,""stop"":1775841313891}]}",2.646,"{""version"":1,""segments"":[{""start"":1775841260471,""stop"":1775841263117}]}",0,"{""version"":1,""segments"":[]}",0,0,0,0,0,0,0,x,0,1,They tried to get more fuel from the depot but it did not work so they only shot one more fuel,their intake kinda works it is just not very effective while having a hard time lining up and shooting slower and two at a time with a big lag,they moved too fast and kept losing fuel as they went and the intake seems to work half of the time,595,217,217,red,0,15,None,None,Level1,0,None,None,None,0,0,0,0,1,None,0,0,67,217,150,15,0
2026pncmp_qm38,qm,1,38,frc9450,frc3674,frc2046,frc4512,frc8051,frc10991,frc9450,blue,Anders H,outpostWall5,0,15,1,1.435,"{""version"":1,""segments"":[{""start"":1775841159113,""stop"":1775841159967},{""start"":1775841160326,""stop"":1775841160435},{""start"":1775841160846,""stop"":1775841160945},{""start"":1775841162439,""stop"":1775841162534},{""start"":1775841163222,""stop"":1775841163304},{""start"":1775841164002,""stop"":1775841164085},{""start"":1775841164678,""stop"":1775841164791}]}",2.863,"{""version"":1,""segments"":[{""start"":1775841150574,""stop"":1775841153291},{""start"":1775841153840,""stop"":1775841153986}]}",Other,0,13.699999999999967,16.223,"{""version"":1,""segments"":[{""start"":1775841185202,""stop"":1775841185509},{""start"":1775841185798,""stop"":1775841186787},{""start"":1775841187447,""stop"":1775841188001},{""start"":1775841188543,""stop"":1775841190378},{""start"":1775841191537,""stop"":1775841192255},{""start"":1775841192947,""stop"":1775841193648},{""start"":1775841203748,""stop"":1775841204254},{""start"":1775841204732,""stop"":1775841205982},{""start"":1775841210623,""stop"":1775841212242},{""start"":1775841231033,""stop"":1775841234513},{""start"":1775841236596,""stop"":1775841237432},{""start"":1775841239665,""stop"":1775841240280},{""start"":1775841243725,""stop"":1775841245015},{""start"":1775841245447,""stop"":1775841246715},{""start"":1775841249250,""stop"":1775841249302},{""start"":1775841266326,""stop"":1775841266529}]}",4.857,"{""version"":1,""segments"":[{""start"":1775841217559,""stop"":1775841219106},{""start"":1775841219379,""stop"":1775841221317},{""start"":1775841222189,""stop"":1775841222662},{""start"":1775841223323,""stop"":1775841223948},{""start"":1775841224568,""stop"":1775841224842}]}",0,"{""version"":1,""segments"":[]}",0,0,0,0,0,0,0,x,-.5,1,ferried then came back and climbed. ,No hopper but fast intake and turret. Too light and doesn't have a hopper so struggles a lot against defense. Accurate and fast shooter. Intake broke with 50 seconds left so started only pushing balls into human players. ,Can ferry well but doesn't have a hooper so relies on ferried balls for ammunition. ,595,217,217,red,0,15,None,None,Level1,0,None,None,None,0,0,0,0,1,None,0,0,67,217,150,15,0
2026pncmp_qm39,qm,1,39,frc7034,frc7034,frc2471,frc2811,frc492,frc1778,frc1318,red,eryn M,depotWall1,0,0,0,7.745,"{""version"":1,""segments"":[{""start"":1775841714226,""stop"":1775841720623},{""start"":1775841727117,""stop"":1775841728465}]}",0,"{""version"":1,""segments"":[]}",Auto 2,0,0,3.313,"{""version"":1,""segments"":[{""start"":1775841743080,""stop"":1775841745393},{""start"":1775841745531,""stop"":1775841746531}]}",0,"{""version"":1,""segments"":[]}",0,"{""version"":1,""segments"":[]}",101.89999999999849,0,0,0,0,0,1,-1,x,1,,"Stuck in blue depot trench all game, nobd helped :(",,246,246,404,blue,0,0,None,None,None,0,None,None,None,1,0,0,4,1,None,1,0,74,246,172,0,0
2026pncmp_qm39,qm,1,39,frc2471,frc7034,frc2471,frc2811,frc492,frc1778,frc1318,red,Sofia C,outpostWall5,0,0,0,7.099,"{""version"":1,""segments"":[{""start"":1775841719859,""stop"":1775841724101},{""start"":1775841729279,""stop"":1775841732136}]}",0,"{""version"":1,""segments"":[]}",Auto 1,0,0,34.974,"{""version"":1,""segments"":[{""start"":1775841745288,""stop"":1775841747825},{""start"":1775841773736,""stop"":1775841782249},{""start"":1775841783063,""stop"":1775841787845},{""start"":1775841789640,""stop"":1775841792322},{""start"":1775841795515,""stop"":1775841796190},{""start"":1775841797176,""stop"":1775841798094},{""start"":1775841825147,""stop"":1775841836122},{""start"":1775841841728,""stop"":1775841842914},{""start"":1775842092992,""stop"":1775842095698}]}",13.821,"{""version"":1,""segments"":[{""start"":1775841752903,""stop"":1775841754042},{""start"":1775841754416,""stop"":1775841754941},{""start"":1775841759094,""stop"":1775841762615},{""start"":1775841763422,""stop"":1775841764118},{""start"":1775841766208,""stop"":1775841767258},{""start"":1775841770479,""stop"":1775841771043},{""start"":1775841803269,""stop"":1775841804806},{""start"":1775841806279,""stop"":1775841806685},{""start"":1775841807662,""stop"":1775841807809},{""start"":1775841808398,""stop"":1775841808601},{""start"":1775841809855,""stop"":1775841810373},{""start"":1775841817875,""stop"":1775841818053},{""start"":1775841818282,""stop"":1775841820679},{""start"":1775841824266,""stop"":1775841824373},{""start"":1775841824414,""stop"":1775841824983},{""start"":1775841841311,""stop"":1775841841575}]}",0,"{""version"":1,""segments"":[]}",0,0,0,0,0,0,0,x,1,1,"Very successful auto, was able to complete both rounds without difficulty. ",Has good transitions between inactive and active period so they were able to start shooting as soon as active started since they had their entire hopper full,Mostly collected fuel from neutral to ferry to alliance zone and finish with a full hopper every time. ,246,246,404,blue,0,0,None,None,None,0,None,None,None,1,0,0,4,1,None,1,0,74,246,172,0,0
2026pncmp_qm39,qm,1,39,frc2811,frc7034,frc2471,frc2811,frc492,frc1778,frc1318,red,Eve G,depot2,0,0,0,2.6,"{""version"":1,""segments"":[{""start"":1775841717203,""stop"":1775841719803}]}",0,"{""version"":1,""segments"":[]}",Other,0,0,0,"{""version"":1,""segments"":[]}",0,"{""version"":1,""segments"":[]}",0,"{""version"":1,""segments"":[]}",0,0,0,0,0,1,1,0,x,2,attempted climb,"tried to prevent their fuel for being stolen and was unsuccessful, played defense ","aggressive defense but not affective on turrets, penalty for touching a climbing robot ",246,246,404,blue,0,0,None,None,None,0,None,None,None,1,0,0,4,1,None,1,0,74,246,172,0,0
2026pncmp_qm39,qm,1,39,frc492,frc7034,frc2471,frc2811,frc492,frc1778,frc1318,blue,Alyson W,depotWall1,0,0,0,4.592,"{""version"":1,""segments"":[{""start"":1775841718535,""stop"":1775841720371},{""start"":1775841727314,""stop"":1775841730070}]}",0,"{""version"":1,""segments"":[]}",Other,0,0,35.898,"{""version"":1,""segments"":[{""start"":1775841744185,""stop"":1775841749529},{""start"":1775841761975,""stop"":1775841765297},{""start"":1775841765851,""stop"":1775841769566},{""start"":1775841769997,""stop"":1775841770793},{""start"":1775841796996,""stop"":1775841800853},{""start"":1775841801572,""stop"":1775841808503},{""start"":1775841819491,""stop"":1775841821394},{""start"":1775841845100,""stop"":1775841850064},{""start"":1775841850875,""stop"":1775841851382},{""start"":1775841856652,""stop"":1775841859397},{""start"":1775841871808,""stop"":1775841873622}]}",5.295,"{""version"":1,""segments"":[{""start"":1775841782862,""stop"":1775841783610},{""start"":1775841783873,""stop"":1775841786006},{""start"":1775841837195,""stop"":1775841839609}]}",0,"{""version"":1,""segments"":[]}",0,0,0,0,0,0,0,x,.5,1,- ,"- when being defended against, could still shoot and score points with good accuracy
- can shoot while moving + intaking, shoots fast, good accuracy
- drives well, didn't bump into a lot of things and moved relatively quick ","- I ranked them 2nd
- ferries some balls on neutral zone relatively quick",246,404,404,blue,0,0,None,None,None,0,None,None,None,1,65,0,0,0,None,4,0,61,404,278,0,0
2026pncmp_qm39,qm,1,39,frc1778,frc7034,frc2471,frc2811,frc492,frc1778,frc1318,blue,Hugh W,outpostWall5,0,0,0,7.814,"{""version"":1,""segments"":[{""start"":1775841719834,""stop"":1775841722999},{""start"":1775841731437,""stop"":1775841733975},{""start"":1775841739250,""stop"":1775841740336},{""start"":1775841740654,""stop"":1775841741679}]}",0,"{""version"":1,""segments"":[]}",,0,0,18.37,"{""version"":1,""segments"":[{""start"":1775841750045,""stop"":1775841751358},{""start"":1775841757389,""stop"":1775841758669},{""start"":1775841767350,""stop"":1775841770221},{""start"":1775841800186,""stop"":1775841803841},{""start"":1775841806670,""stop"":1775841809617},{""start"":1775841850080,""stop"":1775841854050},{""start"":1775841858641,""stop"":1775841860431},{""start"":1775841861167,""stop"":1775841861711}]}",0,"{""version"":1,""segments"":[]}",0,"{""version"":1,""segments"":[]}",0,0,0,0,1,0,0,0,0,1,I think i added a couple extra seconds in auto which was supposed to be teleop whoopsie,Got defended a LOT but otherwise very good,Didnt defend much,246,404,404,blue,0,0,None,None,None,0,None,None,None,1,65,0,0,0,None,4,0,61,404,278,0,0
2026pncmp_qm39,qm,1,39,frc1318,frc7034,frc2471,frc2811,frc492,frc1778,frc1318,blue,Owen R,middle3,0,0,0,0,"{""version"":1,""segments"":[]}",0,"{""version"":1,""segments"":[]}",,0,0,11.735,"{""version"":1,""segments"":[{""start"":1775841752925,""stop"":1775841753644},{""start"":1775841758030,""stop"":1775841758535},{""start"":1775841758868,""stop"":1775841760028},{""start"":1775841760556,""stop"":1775841760994},{""start"":1775841805977,""stop"":1775841808033},{""start"":1775841818124,""stop"":1775841819875},{""start"":1775841820458,""stop"":1775841820811},{""start"":1775841848199,""stop"":1775841850227},{""start"":1775841850773,""stop"":1775841851051},{""start"":1775841870682,""stop"":1775841872329},{""start"":1775841872727,""stop"":1775841873112},{""start"":1775841873641,""stop"":1775841874056}]}",0,"{""version"":1,""segments"":[]}",3.788,"{""version"":1,""segments"":[{""start"":1775841831146,""stop"":1775841834934}]}",0,0,0,0,0,0,0,x,0,1,"Auto went for depot, however miss fired and no fuel went in"," alright firing speed for scoring, alright driving tactics ",Great long shot lob for ferry,246,404,404,blue,0,0,None,None,None,0,None,None,None,1,65,0,0,0,None,4,0,61,404,278,0,0
2026pncmp_qm4,qm,1,4,frc6696,frc6696,frc2522,frc997,frc1540,frc9450,frc488,red,Pranav K,outpostWall5,0,0,0,7.917,"{""version"":1,""segments"":[{""start"":1775844753235,""stop"":1775844756537},{""start"":1775844763119,""stop"":1775844767734}]}",2.363,"{""version"":1,""segments"":[{""start"":1775844728029,""stop"":1775844730305},{""start"":1775844732111,""stop"":1775844732198}]}",,0,0,46.332,"{""version"":1,""segments"":[{""start"":1775844778773,""stop"":1775844782257},{""start"":1775844803953,""stop"":1775844807058},{""start"":1775844807576,""stop"":1775844809136},{""start"":1775844809863,""stop"":1775844812005},{""start"":1775844812442,""stop"":1775844816568},{""start"":1775844818057,""stop"":1775844823863},{""start"":1775844826961,""stop"":1775844830038},{""start"":1775844831832,""stop"":1775844833677},{""start"":1775844857993,""stop"":1775844858308},{""start"":1775844863719,""stop"":1775844871251},{""start"":1775844878808,""stop"":1775844879908},{""start"":1775844913446,""stop"":1775844914339},{""start"":1775844916593,""stop"":1775844917060},{""start"":1775844928465,""stop"":1775844932587},{""start"":1775844935107,""stop"":1775844935196},{""start"":1775844937391,""stop"":1775844941253},{""start"":1775844969158,""stop"":1775844971965}]}",20.577,"{""version"":1,""segments"":[{""start"":1775844787633,""stop"":1775844791587},{""start"":1775844792551,""stop"":1775844795935},{""start"":1775844797646,""stop"":1775844799014},{""start"":1775844799622,""stop"":1775844801092},{""start"":1775844839425,""stop"":1775844845855},{""start"":1775844852307,""stop"":1775844854454},{""start"":1775844921531,""stop"":1775844923355}]}",0,"{""version"":1,""segments"":[]}",0,0,0,0,0,0,0,x,x,1,,,,460,460,367,red,0,15,None,Level1,None,0,None,None,None,1,20,0,1,1,None,5,1,80,460,360,15,0
2026pncmp_qm4,qm,1,4,frc2522,frc6696,frc2522,frc997,frc1540,frc9450,frc488,red,Eve G,depotWall1,0,0,0,2.505,"{""version"":1,""segments"":[{""start"":1775768363924,""stop"":1775768366429}]}",0,"{""version"":1,""segments"":[]}",Auto 1,0,0,60.073,"{""version"":1,""segments"":[{""start"":1775768369780,""stop"":1775768371124},{""start"":1775768399197,""stop"":1775768406877},{""start"":1775768407304,""stop"":1775768410204},{""start"":1775768413635,""stop"":1775768416949},{""start"":1775768446939,""stop"":1775768465947},{""start"":1775768472759,""stop"":1775768493036},{""start"":1775768496644,""stop"":1775768502194}]}",9.79,"{""version"":1,""segments"":[{""start"":1775768388399,""stop"":1775768394811},{""start"":1775768435162,""stop"":1775768438540}]}",15.369,"{""version"":1,""segments"":[{""start"":1775768377060,""stop"":1775768386035},{""start"":1775768386378,""stop"":1775768387156},{""start"":1775768427282,""stop"":1775768432898}]}",0,0,0,0,0,0,0,.5,.5,1,"Climbed in auto, ",Was consistently shooting fuel because they could score while collecting fuel. Decent accuracy.,ferried fuel from both alliance and neutral zone with shooter and moved lots of fuel into their alliance zone,460,460,367,red,0,15,None,Level1,None,0,None,None,None,1,20,0,1,1,None,5,1,80,460,360,15,0
2026pncmp_qm4,qm,1,4,frc997,frc6696,frc2522,frc997,frc1540,frc9450,frc488,red,Adam M,depot2,0,0,0,0.448,"{""version"":1,""segments"":[{""start"":1775768351469,""stop"":1775768351917}]}",0,"{""version"":1,""segments"":[]}",,1,0,15.006,"{""version"":1,""segments"":[{""start"":1775768399044,""stop"":1775768401951},{""start"":1775768408046,""stop"":1775768409593},{""start"":1775768416124,""stop"":1775768419987},{""start"":1775768448525,""stop"":1775768451140},{""start"":1775768465669,""stop"":1775768468006},{""start"":1775768473581,""stop"":1775768474978},{""start"":1775768475943,""stop"":1775768476283}]}",0,"{""version"":1,""segments"":[]}",0,"{""version"":1,""segments"":[]}",1.7000000000000004,0,0,0,0,1,0,-.5,0,1,"They A-Stopped midway, hit field piece, no fuel scored",slow scoring.,"light defense, didn't help their team much, and just gathering fuel in the neutral zone.",460,460,367,red,0,15,None,Level1,None,0,None,None,None,1,20,0,1,1,None,5,1,80,460,360,15,0
2026pncmp_qm4,qm,1,4,frc1540,frc6696,frc2522,frc997,frc1540,frc9450,frc488,blue,Archer B,depotWall1,0,0,0,1.857,"{""version"":1,""segments"":[{""start"":1775768369906,""stop"":1775768371584},{""start"":1775768371622,""stop"":1775768371801}]}",2.68,"{""version"":1,""segments"":[{""start"":1775768339555,""stop"":1775768341201},{""start"":1775768368682,""stop"":1775768369716}]}",Other,1,0,46.546,"{""version"":1,""segments"":[{""start"":1775768383194,""stop"":1775768383364},{""start"":1775768383534,""stop"":1775768383606},{""start"":1775768383772,""stop"":1775768383902},{""start"":1775768384132,""stop"":1775768384191},{""start"":1775768384405,""stop"":1775768384592},{""start"":1775768384942,""stop"":1775768393634},{""start"":1775768419018,""stop"":1775768423060},{""start"":1775768424322,""stop"":1775768431893},{""start"":1775768433072,""stop"":1775768434219},{""start"":1775768434922,""stop"":1775768435467},{""start"":1775768435908,""stop"":1775768436077},{""start"":1775768436577,""stop"":1775768436629},{""start"":1775768436748,""stop"":1775768436755},{""start"":1775768437006,""stop"":1775768437055},{""start"":1775768437946,""stop"":1775768439073},{""start"":1775768439288,""stop"":1775768439346},{""start"":1775768440461,""stop"":1775768443718},{""start"":1775768470276,""stop"":1775768472172},{""start"":1775768472365,""stop"":1775768473503},{""start"":1775768473882,""stop"":1775768476607},{""start"":1775768476970,""stop"":1775768477148},{""start"":1775768477287,""stop"":1775768477797},{""start"":1775768477921,""stop"":1775768478128},{""start"":1775768480139,""stop"":1775768480358},{""start"":1775768484678,""stop"":1775768493196},{""start"":1775768493508,""stop"":1775768496796},{""start"":1775768497075,""stop"":1775768497433},{""start"":1775768497987,""stop"":1775768498015},{""start"":1775768498415,""stop"":1775768498471},{""start"":1775768498594,""stop"":1775768498685}]}",10.783,"{""version"":1,""segments"":[{""start"":1775768445721,""stop"":1775768449344},{""start"":1775768449804,""stop"":1775768449832},{""start"":1775768486087,""stop"":1775768493219}]}",0,"{""version"":1,""segments"":[]}",0,0,0,0,0,0,0,x,.5,3,scorred got more then scorred,scored lots of fuel,ferried with hopper & shooter,460,367,367,red,0,0,None,None,None,0,None,None,None,1,20,0,1,1,None,1,0,33,367,314,0,0
2026pncmp_qm4,qm,1,4,frc9450,frc6696,frc2522,frc997,frc1540,frc9450,frc488,blue,Hendrix D,depot2,0,0,0,3.16,"{""version"":1,""segments"":[{""start"":1775768342499,""stop"":1775768343744},{""start"":1775768345950,""stop"":1775768347569},{""start"":1775768349289,""stop"":1775768349585}]}",0,"{""version"":1,""segments"":[]}",Other,0,0,37.773,"{""version"":1,""segments"":[{""start"":1775768372057,""stop"":1775768375852},{""start"":1775768376105,""stop"":1775768380796},{""start"":1775768382292,""stop"":1775768382691},{""start"":1775768385752,""stop"":1775768386268},{""start"":1775768389091,""stop"":1775768391728},{""start"":1775768392175,""stop"":1775768392714},{""start"":1775768394868,""stop"":1775768395798},{""start"":1775768420868,""stop"":1775768421431},{""start"":1775768421896,""stop"":1775768422927},{""start"":1775768423306,""stop"":1775768423976},{""start"":1775768424664,""stop"":1775768427305},{""start"":1775768429288,""stop"":1775768430064},{""start"":1775768431162,""stop"":1775768431846},{""start"":1775768434481,""stop"":1775768434718},{""start"":1775768435345,""stop"":1775768435876},{""start"":1775768438392,""stop"":1775768438751},{""start"":1775768440414,""stop"":1775768440642},{""start"":1775768441678,""stop"":1775768441915},{""start"":1775768442482,""stop"":1775768443023},{""start"":1775768447982,""stop"":1775768448064},{""start"":1775768469007,""stop"":1775768474249},{""start"":1775768474616,""stop"":1775768478042},{""start"":1775768478821,""stop"":1775768481166},{""start"":1775768483440,""stop"":1775768484707},{""start"":1775768485464,""stop"":1775768486150},{""start"":1775768486786,""stop"":1775768487049},{""start"":1775768490779,""stop"":1775768490935},{""start"":1775768492570,""stop"":1775768492797},{""start"":1775768495631,""stop"":1775768496217},{""start"":1775768497103,""stop"":1775768497502},{""start"":1775768499063,""stop"":1775768500152}]}",6.87,"{""version"":1,""segments"":[{""start"":1775768403659,""stop"":1775768405184},{""start"":1775768409022,""stop"":1775768409319},{""start"":1775768419194,""stop"":1775768420270},{""start"":1775768451805,""stop"":1775768455437},{""start"":1775768465536,""stop"":1775768465876}]}",0,"{""version"":1,""segments"":[]}",0,0,0,0,0,0,0,x,.5,2,were able to collect from depot and scored most of them,"were an effective robot; had a decent intake, shot slow but had an accurate turret, main weakness was that they could only store 10 fuel at a time meaning that they could only shoot while intaking a fuel pile.","focused on ferrying, did a good job of it. were able to ferry while moving and intaking",460,367,367,red,0,0,None,None,None,0,None,None,None,1,20,0,1,1,None,1,0,33,367,314,0,0
2026pncmp_qm4,qm,1,4,frc488,frc6696,frc2522,frc997,frc1540,frc9450,frc488,blue,Cayden W,middle3,0,0,0,0.497,"{""version"":1,""segments"":[{""start"":1775768337536,""stop"":1775768337762},{""start"":1775768338650,""stop"":1775768338921}]}",0,"{""version"":1,""segments"":[]}",Other,0,0,0,"{""version"":1,""segments"":[]}",0,"{""version"":1,""segments"":[]}",0,"{""version"":1,""segments"":[]}",0,0,0,0,0,1,0,-1,x,1,scored pre load,playing defense on a turret bot when that doesn't mean anything ,defense was not good on a turret bot,460,367,367,red,0,0,None,None,None,0,None,None,None,1,20,0,1,1,None,1,0,33,367,314,0,0
2026pncmp_qm40,qm,1,40,frc4488,frc4488,frc8248,frc2910,frc4469,frc948,frc2374,red,Aubrey E,outpostWall5,0,0,0,6.092,"{""version"":1,""segments"":[{""start"":1775842231298,""stop"":1775842233442},{""start"":1775842237639,""stop"":1775842241587}]}",0,"{""version"":1,""segments"":[]}",Auto 2,0,0,0,"{""version"":1,""segments"":[]}",0,"{""version"":1,""segments"":[]}",0,"{""version"":1,""segments"":[]}",6.399999999999993,0,0,0,0,0,1,.5,0,1,"Went well, nothing stood out","Wasn't shooting even though it worked in auto, played defense in the bump/trench, which worked well and hindered the other team",same as active,393,393,468,blue,0,0,None,None,None,0,None,None,None,1,15,0,0,0,None,2,1,82,393,296,0,0
2026pncmp_qm40,qm,1,40,frc8248,frc4488,frc8248,frc2910,frc4469,frc948,frc2374,red,Sofia C,depot2,0,0,0,2.011,"{""version"":1,""segments"":[{""start"":1775842234426,""stop"":1775842234691},{""start"":1775842235253,""stop"":1775842236999}]}",0,"{""version"":1,""segments"":[]}",Auto 2,0,0,20.025,"{""version"":1,""segments"":[{""start"":1775842294720,""stop"":1775842297952},{""start"":1775842303269,""stop"":1775842303346},{""start"":1775842303478,""stop"":1775842303545},{""start"":1775842303869,""stop"":1775842308771},{""start"":1775842329066,""stop"":1775842330361},{""start"":1775842335040,""stop"":1775842335446},{""start"":1775842363230,""stop"":1775842368492},{""start"":1775842375289,""stop"":1775842377742},{""start"":1775842382022,""stop"":1775842382788},{""start"":1775842390240,""stop"":1775842391426},{""start"":1775842392104,""stop"":1775842392406},{""start"":1775842395843,""stop"":1775842395920}]}",0,"{""version"":1,""segments"":[]}",0,"{""version"":1,""segments"":[]}",12.399999999999972,0,0,0,0,0,0,x,x,2,"Auto hardly worked, they barely were able to intake nay of the balls from the depot. ",mostly transitioned from collecting from the neutral zone and shooting. Good accuracy but throughput seemed to be a bit inconsistent. ,Their main strength was being able to go to opponent zone and ferrying balls to alliance zone. ,393,393,468,blue,0,0,None,None,None,0,None,None,None,1,15,0,0,0,None,2,1,82,393,296,0,0
2026pncmp_qm40,qm,1,40,frc2910,frc4488,frc8248,frc2910,frc4469,frc948,frc2374,red,Yaamini A,depotWall1,0,0,0,0,"{""version"":1,""segments"":[]}",7.83,"{""version"":1,""segments"":[{""start"":1775842236143,""stop"":1775842239957},{""start"":1775842242764,""stop"":1775842246780}]}",,0,0,31.456,"{""version"":1,""segments"":[{""start"":1775842261143,""stop"":1775842262430},{""start"":1775842280767,""stop"":1775842283725},{""start"":1775842285805,""stop"":1775842287408},{""start"":1775842313760,""stop"":1775842314488},{""start"":1775842314979,""stop"":1775842320214},{""start"":1775842341378,""stop"":1775842344117},{""start"":1775842356123,""stop"":1775842358581},{""start"":1775842360073,""stop"":1775842361671},{""start"":1775842363223,""stop"":1775842364104},{""start"":1775842365364,""stop"":1775842369941},{""start"":1775842375773,""stop"":1775842380250},{""start"":1775842383018,""stop"":1775842385933}]}",59.978,"{""version"":1,""segments"":[{""start"":1775842263306,""stop"":1775842270377},{""start"":1775842271331,""stop"":1775842275177},{""start"":1775842291838,""stop"":1775842312918},{""start"":1775842321027,""stop"":1775842336180},{""start"":1775842344429,""stop"":1775842345586},{""start"":1775842346599,""stop"":1775842348779},{""start"":1775842350111,""stop"":1775842355684},{""start"":1775842388397,""stop"":1775842391586},{""start"":1775842392929,""stop"":1775842393658}]}",0,"{""version"":1,""segments"":[]}",0,0,0,0,1,0,0,-1,.5,2,,,,393,393,468,blue,0,0,None,None,None,0,None,None,None,1,15,0,0,0,None,2,1,82,393,296,0,0
2026pncmp_qm40,qm,1,40,frc4469,frc4488,frc8248,frc2910,frc4469,frc948,frc2374,blue,VA,outpostWall5,0,0,0,1.435,"{""version"":1,""segments"":[{""start"":1775842249339,""stop"":1775842250774}]}",0,"{""version"":1,""segments"":[]}",,0,0,27.707,"{""version"":1,""segments"":[{""start"":1775842284940,""stop"":1775842290591},{""start"":1775842298118,""stop"":1775842304352},{""start"":1775842307316,""stop"":1775842309446},{""start"":1775842333189,""stop"":1775842337572},{""start"":1775842362521,""stop"":1775842365174},{""start"":1775842374692,""stop"":1775842377595},{""start"":1775842382865,""stop"":1775842385579},{""start"":1775842386050,""stop"":1775842387089}]}",0,"{""version"":1,""segments"":[]}",0,"{""version"":1,""segments"":[]}",0,0,0,0,0,0,0,x,x,1,,,,393,468,468,blue,0,0,None,None,None,0,None,None,None,1,0,0,0,3,None,5,1,94,468,374,0,0
2026pncmp_qm40,qm,1,40,frc948,frc4488,frc8248,frc2910,frc4469,frc948,frc2374,blue,Hugh W,outpost4,0,0,0,4.775,"{""version"":1,""segments"":[{""start"":1775842236551,""stop"":1775842236690},{""start"":1775842236879,""stop"":1775842238468},{""start"":1775842240681,""stop"":1775842240781},{""start"":1775842241365,""stop"":1775842241420},{""start"":1775842241520,""stop"":1775842241576},{""start"":1775842241680,""stop"":1775842241737},{""start"":1775842244968,""stop"":1775842247747}]}",0,"{""version"":1,""segments"":[]}",,0,0,15.59,"{""version"":1,""segments"":[{""start"":1775842258926,""stop"":1775842261207},{""start"":1775842287436,""stop"":1775842289453},{""start"":1775842297983,""stop"":1775842300127},{""start"":1775842309497,""stop"":1775842312040},{""start"":1775842338128,""stop"":1775842339829},{""start"":1775842354591,""stop"":1775842354839},{""start"":1775842357380,""stop"":1775842359021},{""start"":1775842385295,""stop"":1775842388310}]}",4.195,"{""version"":1,""segments"":[{""start"":1775842337002,""stop"":1775842338007},{""start"":1775842340112,""stop"":1775842343302}]}",0,"{""version"":1,""segments"":[]}",0,0,0,1,1,0,0,0,.5,1,"Didnt get much first time but went again and got a bucnh
",Got defended a bit and also was a period in active where they werent shooting,"I didnt really see what happened during inactive but I think they defended a bunch in neutral zone
",393,468,468,blue,0,0,None,None,None,0,None,None,None,1,0,0,0,3,None,5,1,94,468,374,0,0
2026pncmp_qm40,qm,1,40,frc2374,frc4488,frc8248,frc2910,frc4469,frc948,frc2374,blue,Owen R,outpostWall5,0,0,0,0,"{""version"":1,""segments"":[]}",0,"{""version"":1,""segments"":[]}",,1,0,0,"{""version"":1,""segments"":[]}",0,"{""version"":1,""segments"":[]}",6.144,"{""version"":1,""segments"":[{""start"":1775842293095,""stop"":1775842293256},{""start"":1775842295202,""stop"":1775842296011},{""start"":1775842296364,""stop"":1775842298074},{""start"":1775842301287,""stop"":1775842301368},{""start"":1775842301809,""stop"":1775842301870},{""start"":1775842351329,""stop"":1775842353336},{""start"":1775842355344,""stop"":1775842355740},{""start"":1775842356422,""stop"":1775842356992},{""start"":1775842359754,""stop"":1775842360103}]}",0,0,0,0,0,1,1,1,.5,1,Auto failed and was A-Stopped,"Good Ferrying in opponent zone, never attempted to score, great driving skills","Great defense in alliance zone, good ferrying, great driving skills, no penalties",393,468,468,blue,0,0,None,None,None,0,None,None,None,1,0,0,0,3,None,5,1,94,468,374,0,0
2026pncmp_qm41,qm,1,41,frc1425,frc1425,frc10416,frc4089,frc360,frc955,frc997,red,Aubrey E,outpostWall5,0,0,0,6.512,"{""version"":1,""segments"":[{""start"":1775842737981,""stop"":1775842741814},{""start"":1775842748590,""stop"":1775842751269}]}",2.446,"{""version"":1,""segments"":[{""start"":1775842617312,""stop"":1775842617383},{""start"":1775842625778,""stop"":1775842628105},{""start"":1775842632942,""stop"":1775842632990}]}",Auto 2,0,0,26.672,"{""version"":1,""segments"":[{""start"":1775842773420,""stop"":1775842777154},{""start"":1775842787690,""stop"":1775842788644},{""start"":1775842788963,""stop"":1775842790491},{""start"":1775842823658,""stop"":1775842827320},{""start"":1775842838140,""stop"":1775842840073},{""start"":1775842840883,""stop"":1775842842507},{""start"":1775842867367,""stop"":1775842872468},{""start"":1775842881100,""stop"":1775842882199},{""start"":1775842882849,""stop"":1775842887317},{""start"":1775842893085,""stop"":1775842895654}]}",0,"{""version"":1,""segments"":[]}",0,"{""version"":1,""segments"":[]}",0,0,0,0,0,0,0,x,.5,1,"Auto was good, nothing of note (I accidentally hit the ferry button ignore that :3)","Shooter worked well, defense was annoying but we managed",took fuel from opposite zone to prepare for active shift,302,302,439,blue,0,0,None,None,None,0,None,None,None,1,0,0,0,1,None,1,0,63,302,239,0,0
2026pncmp_qm41,qm,1,41,frc10416,frc1425,frc10416,frc4089,frc360,frc955,frc997,red,,depot2,0,0,0,2.555,"{""version"":1,""segments"":[{""start"":1775842745341,""stop"":1775842747896}]}",0,"{""version"":1,""segments"":[]}",Other,0,0,13.346,"{""version"":1,""segments"":[{""start"":1775842773492,""stop"":1775842773629},{""start"":1775842786752,""stop"":1775842789480},{""start"":1775842830817,""stop"":1775842833491},{""start"":1775842850683,""stop"":1775842850779},{""start"":1775842850861,""stop"":1775842851369},{""start"":1775842882301,""stop"":1775842885043},{""start"":1775842899409,""stop"":1775842902872},{""start"":1775842902953,""stop"":1775842903951}]}",0,"{""version"":1,""segments"":[]}",0,"{""version"":1,""segments"":[]}",0,0,0,0,0,0,0,x,0,1,Their auto might have gotten disabled early or it was really short. Hardly any fuel was scored. ,High throughput and great accuracy. They were browning out a lot. ,They were able to shuttle some balls to alliance zone but wasn't very effective since they never ferried any ,302,302,439,blue,0,0,None,None,None,0,None,None,None,1,0,0,0,1,None,1,0,63,302,239,0,0
2026pncmp_qm41,qm,1,41,frc4089,frc1425,frc10416,frc4089,frc360,frc955,frc997,red,Yamini A,depotWall1,0,0,0,0,"{""version"":1,""segments"":[]}",1.975,"{""version"":1,""segments"":[{""start"":1775842746156,""stop"":1775842746754},{""start"":1775842747275,""stop"":1775842747843},{""start"":1775842748966,""stop"":1775842749775}]}",,0,0,1.578,"{""version"":1,""segments"":[{""start"":1775842777333,""stop"":1775842777942},{""start"":1775842780085,""stop"":1775842781054}]}",0,"{""version"":1,""segments"":[]}",0,"{""version"":1,""segments"":[]}",1.7000000000000004,0,0,0,1,1,0,0,.5,1,Ferried balls into opponent zone,only shot twice and it was two balls each time,played defense most of the time in opponent zone,302,302,439,blue,0,0,None,None,None,0,None,None,None,1,0,0,0,1,None,1,0,63,302,239,0,0
2026pncmp_qm41,qm,1,41,frc360,frc1425,frc10416,frc4089,frc360,frc955,frc997,blue,va,depotWall1,0,0,0,6.948,"{""version"":1,""segments"":[{""start"":1775842740007,""stop"":1775842744811},{""start"":1775842754439,""stop"":1775842756583}]}",0,"{""version"":1,""segments"":[]}",Auto 1,0,0,36.213,"{""version"":1,""segments"":[{""start"":1775842766173,""stop"":1775842767871},{""start"":1775842793777,""stop"":1775842800883},{""start"":1775842805528,""stop"":1775842806068},{""start"":1775842807597,""stop"":1775842813750},{""start"":1775842819680,""stop"":1775842820975},{""start"":1775842845907,""stop"":1775842849602},{""start"":1775842855379,""stop"":1775842857537},{""start"":1775842863801,""stop"":1775842864248},{""start"":1775842864850,""stop"":1775842870012},{""start"":1775842889939,""stop"":1775842896160},{""start"":1775842898433,""stop"":1775842900171}]}",12.244,"{""version"":1,""segments"":[{""start"":1775842775285,""stop"":1775842780660},{""start"":1775842786781,""stop"":1775842787429},{""start"":1775842832167,""stop"":1775842837160},{""start"":1775842844300,""stop"":1775842845528}]}",0,"{""version"":1,""segments"":[]}",0,0,0,0,0,0,0,x,.5,2,Effective auto good accuracy,good shooting. Played well against defense,Ferrying balls effectively. No defense though,302,439,439,blue,0,0,None,None,None,0,None,None,None,1,5,0,0,0,None,5,1,102,439,332,0,0
2026pncmp_qm41,qm,1,41,frc955,frc1425,frc10416,frc4089,frc360,frc955,frc997,blue,Hugh W,depotWall1,0,0,0,5.548,"{""version"":1,""segments"":[{""start"":1775842763394,""stop"":1775842767779},{""start"":1775842768065,""stop"":1775842769228}]}",0,"{""version"":1,""segments"":[]}",,0,0,28.369,"{""version"":1,""segments"":[{""start"":1775842744736,""stop"":1775842745301},{""start"":1775842745522,""stop"":1775842746373},{""start"":1775842747437,""stop"":1775842748037},{""start"":1775842755393,""stop"":1775842757710},{""start"":1775842757944,""stop"":1775842758170},{""start"":1775842758396,""stop"":1775842759288},{""start"":1775842803125,""stop"":1775842804649},{""start"":1775842805836,""stop"":1775842806303},{""start"":1775842806677,""stop"":1775842807455},{""start"":1775842808060,""stop"":1775842808792},{""start"":1775842809098,""stop"":1775842810159},{""start"":1775842811895,""stop"":1775842812274},{""start"":1775842816734,""stop"":1775842816993},{""start"":1775842817361,""stop"":1775842817540},{""start"":1775842818438,""stop"":1775842819317},{""start"":1775842852499,""stop"":1775842852675},{""start"":1775842853622,""stop"":1775842854840},{""start"":1775842855316,""stop"":1775842856845},{""start"":1775842857871,""stop"":1775842859016},{""start"":1775842859544,""stop"":1775842860207},{""start"":1775842868724,""stop"":1775842870882},{""start"":1775842871356,""stop"":1775842871699},{""start"":1775842872835,""stop"":1775842872915},{""start"":1775842874535,""stop"":1775842875417},{""start"":1775842879185,""stop"":1775842880962},{""start"":1775842887694,""stop"":1775842891109},{""start"":1775842895743,""stop"":1775842897431},{""start"":1775842897879,""stop"":1775842898071},{""start"":1775842898419,""stop"":1775842898491},{""start"":1775842898581,""stop"":1775842898674},{""start"":1775842898853,""stop"":1775842898891},{""start"":1775842902889,""stop"":1775842904080}]}",2.983,"{""version"":1,""segments"":[{""start"":1775842839459,""stop"":1775842840963},{""start"":1775842841135,""stop"":1775842842614}]}",0,"{""version"":1,""segments"":[]}",0,0,0,1,0,0,0,x,.5,1,Accidentally marked it in teleop so for the first couple seconds of teleop i went back and added it to auto then counted until the teleop time was made up before adding more,Did a lot of shooting ,Did a lot of ferrying,302,439,439,blue,0,0,None,None,None,0,None,None,None,1,5,0,0,0,None,5,1,102,439,332,0,0
2026pncmp_qm41,qm,1,41,frc997,frc1425,frc10416,frc4089,frc360,frc955,frc997,blue,Owen R,depotWall1,0,0,0,2.343,"{""version"":1,""segments"":[{""start"":1775842747028,""stop"":1775842747688},{""start"":1775842748080,""stop"":1775842748392},{""start"":1775842748688,""stop"":1775842749336},{""start"":1775842749536,""stop"":1775842750259}]}",0,"{""version"":1,""segments"":[]}",,0,0,10.362,"{""version"":1,""segments"":[{""start"":1775842763086,""stop"":1775842763404},{""start"":1775842763757,""stop"":1775842764251},{""start"":1775842764760,""stop"":1775842765107},{""start"":1775842765864,""stop"":1775842767207},{""start"":1775842767522,""stop"":1775842767641},{""start"":1775842769633,""stop"":1775842769851},{""start"":1775842817871,""stop"":1775842820288},{""start"":1775842821191,""stop"":1775842821472},{""start"":1775842864260,""stop"":1775842866168},{""start"":1775842866430,""stop"":1775842869347}]}",0,"{""version"":1,""segments"":[]}",2.982,"{""version"":1,""segments"":[{""start"":1775842783737,""stop"":1775842784937},{""start"":1775842834049,""stop"":1775842835467},{""start"":1775842835857,""stop"":1775842836221}]}",0,0,0,0,0,1,0,0,0,1,"Auto was decent, never interfered with any other teams, but was slow to start","Alright firing speed for scoring, good accuracy, good driving","Great ferrying, alright defense, only did defense for a short period of time",302,439,439,blue,0,0,None,None,None,0,None,None,None,1,5,0,0,0,None,5,1,102,439,332,0,0
2026pncmp_qm42,qm,1,42,frc6696,frc6696,frc1595,frc3218,frc957,frc8896,frc1294,red,Aubrey E,outpostWall5,0,0,0,8.564,"{""version"":1,""segments"":[{""start"":1775843267994,""stop"":1775843274066},{""start"":1775843277753,""stop"":1775843280245}]}",0,"{""version"":1,""segments"":[]}",Auto 1,0,83.9999999999995,24.073,"{""version"":1,""segments"":[{""start"":1775843292846,""stop"":1775843296546},{""start"":1775843301853,""stop"":1775843302170},{""start"":1775843321884,""stop"":1775843332906},{""start"":1775843333566,""stop"":1775843340192},{""start"":1775843341425,""stop"":1775843343833}]}",3.408,"{""version"":1,""segments"":[{""start"":1775843304640,""stop"":1775843308048}]}",0.229,"{""version"":1,""segments"":[{""start"":1775843304180,""stop"":1775843304409}]}",0,0,0,0,0,0,0,x,0,1,"Went well, nothing of note","Accurate shooter, scored lots of points",Broke halfway through the match,270,270,194,red,0,0,None,None,None,0,None,None,None,1,10,0,1,2,None,4,0,57,270,203,0,0
2026pncmp_qm42,qm,1,42,frc1595,frc6696,frc1595,frc3218,frc957,frc8896,frc1294,red,Sof,depotWall1,0,0,0,0,"{""version"":1,""segments"":[]}",0,"{""version"":1,""segments"":[]}",,0,0,0,"{""version"":1,""segments"":[]}",0,"{""version"":1,""segments"":[]}",0,"{""version"":1,""segments"":[]}",0,0,0,0,0,0,0,x,x,1,,,,270,270,194,red,0,0,None,None,None,0,None,None,None,1,10,0,1,2,None,4,0,57,270,203,0,0
2026pncmp_qm42,qm,1,42,frc3218,frc6696,frc1595,frc3218,frc957,frc8896,frc1294,red,Yamini A,depotWall1,0,0,0,4.005,"{""version"":1,""segments"":[{""start"":1775843275394,""stop"":1775843279399}]}",0,"{""version"":1,""segments"":[]}",,0,0,28.252,"{""version"":1,""segments"":[{""start"":1775843302515,""stop"":1775843304474},{""start"":1775843335611,""stop"":1775843338198},{""start"":1775843340458,""stop"":1775843341695},{""start"":1775843344396,""stop"":1775843347542},{""start"":1775843393655,""stop"":1775843394447},{""start"":1775843396217,""stop"":1775843400822},{""start"":1775843413194,""stop"":1775843421147},{""start"":1775843428396,""stop"":1775843434369}]}",3.548,"{""version"":1,""segments"":[{""start"":1775843310862,""stop"":1775843312981},{""start"":1775843353770,""stop"":1775843355199}]}",0,"{""version"":1,""segments"":[]}",0,0,0,0,0,0,0,-1,0,3,Shot balls but they missed the hub by a large margin,good at scoring but another robot was playing good defense and they weren't able to get around it a lot of times,collected balls and sometimes ferried from the neutral zone,270,270,194,red,0,0,None,None,None,0,None,None,None,1,10,0,1,2,None,4,0,57,270,203,0,0
2026pncmp_qm42,qm,1,42,frc957,frc6696,frc1595,frc3218,frc957,frc8896,frc1294,blue,va,depotWall1,0,0,0,8.579,"{""version"":1,""segments"":[{""start"":1775843273732,""stop"":1775843277599},{""start"":1775843279719,""stop"":1775843279740},{""start"":1775843280494,""stop"":1775843281732},{""start"":1775843281856,""stop"":1775843285309}]}",0,"{""version"":1,""segments"":[]}",Auto 1,0,0,24.24,"{""version"":1,""segments"":[{""start"":1775843298925,""stop"":1775843303310},{""start"":1775843310262,""stop"":1775843310952},{""start"":1775843311361,""stop"":1775843312400},{""start"":1775843313220,""stop"":1775843314734},{""start"":1775843322158,""stop"":1775843324055},{""start"":1775843349148,""stop"":1775843354859},{""start"":1775843357871,""stop"":1775843361573},{""start"":1775843397046,""stop"":1775843398034},{""start"":1775843401696,""stop"":1775843406010}]}",6.642,"{""version"":1,""segments"":[{""start"":1775843339434,""stop"":1775843342509},{""start"":1775843383180,""stop"":1775843386747}]}",0,"{""version"":1,""segments"":[]}",0,0,0,0,0,0,0,x,.5,1,slow bps accuracy is also on the lower side,shooter js slow and can't shoot many balls,ferried decently well from neutral zone but alliance was nkg very strong,270,194,194,red,0,0,None,None,None,0,None,None,None,0,25,0,0,2,None,0,0,44,194,125,0,0
2026pncmp_qm42,qm,1,42,frc8896,frc6696,frc1595,frc3218,frc957,frc8896,frc1294,blue,,depotWall1,0,0,0,0,"{""version"":1,""segments"":[]}",0,"{""version"":1,""segments"":[]}",,0,0,0,"{""version"":1,""segments"":[]}",0,"{""version"":1,""segments"":[]}",0,"{""version"":1,""segments"":[]}",0,0,0,0,0,0,0,x,x,1,,,,270,194,194,red,0,0,None,None,None,0,None,None,None,0,25,0,0,2,None,0,0,44,194,125,0,0
2026pncmp_qm42,qm,1,42,frc1294,frc6696,frc1595,frc3218,frc957,frc8896,frc1294,blue,,depotWall1,0,0,0,0,"{""version"":1,""segments"":[]}",0,"{""version"":1,""segments"":[]}",,0,0,0,"{""version"":1,""segments"":[]}",0,"{""version"":1,""segments"":[]}",0,"{""version"":1,""segments"":[]}",0,0,0,0,0,0,0,x,x,1,,,,270,194,194,red,0,0,None,None,None,0,None,None,None,0,25,0,0,2,None,0,0,44,194,125,0,0
2026pncmp_qm43,qm,1,43,frc9450,frc9450,frc9430,frc4125,frc4061,frc8051,frc5468,red,Aubrey E,outpostWall5,0,0,0,0,"{""version"":1,""segments"":[]}",1.489,"{""version"":1,""segments"":[{""start"":1775844010498,""stop"":1775844010685},{""start"":1775844010814,""stop"":1775844012026},{""start"":1775844012702,""stop"":1775844012792}]}",Other,1,0,50.378,"{""version"":1,""segments"":[{""start"":1775844041150,""stop"":1775844041393},{""start"":1775844041466,""stop"":1775844047267},{""start"":1775844047316,""stop"":1775844047355},{""start"":1775844048897,""stop"":1775844049506},{""start"":1775844050839,""stop"":1775844057123},{""start"":1775844091551,""stop"":1775844100581},{""start"":1775844102153,""stop"":1775844130246},{""start"":1775844130406,""stop"":1775844130685}]}",7.275,"{""version"":1,""segments"":[{""start"":1775844036240,""stop"":1775844040501},{""start"":1775844073506,""stop"":1775844075553},{""start"":1775844080469,""stop"":1775844081436}]}",0,"{""version"":1,""segments"":[]}",0,0,0,0,0,0,0,x,.5,1,"Ran into the trench, which messed up auto","fairly accurate shooter, shooting practically the whole alliance shift",focused on ferrying and intaking,345,345,458,blue,0,0,None,None,None,0,None,None,None,1,0,0,0,2,None,1,0,43,345,302,0,0
2026pncmp_qm43,qm,1,43,frc9430,frc9450,frc9430,frc4125,frc4061,frc8051,frc5468,red,Sofia C,depotWall1,1,0,0,4.738,"{""version"":1,""segments"":[{""start"":1775844017928,""stop"":1775844019803},{""start"":1775844029057,""stop"":1775844031920}]}",0,"{""version"":1,""segments"":[]}",Auto 1,0,0,25.819,"{""version"":1,""segments"":[{""start"":1775844056744,""stop"":1775844058348},{""start"":1775844060568,""stop"":1775844061238},{""start"":1775844061700,""stop"":1775844066773},{""start"":1775844095002,""stop"":1775844095388},{""start"":1775844096325,""stop"":1775844096462},{""start"":1775844097119,""stop"":1775844097241},{""start"":1775844097819,""stop"":1775844101106},{""start"":1775844116365,""stop"":1775844116441},{""start"":1775844116552,""stop"":1775844121607},{""start"":1775844151546,""stop"":1775844153322},{""start"":1775844155855,""stop"":1775844155912},{""start"":1775844155954,""stop"":1775844157533},{""start"":1775844163138,""stop"":1775844166940},{""start"":1775844172777,""stop"":1775844174972}]}",3.627,"{""version"":1,""segments"":[{""start"":1775844080431,""stop"":1775844084058}]}",0,"{""version"":1,""segments"":[]}",0.5,0,0,0,0,0,0,x,1,3,Ran into other robot while intaking in the neutral zone but regardless had a very successful auto.,"They can transition well between inactive and active. Good drive skill allowed them to quickly collect balls and lock on to their shooting position in front of the hub. This could easily change if opposing team was more heavy on defense, especially since they don't have a turret. ",They didn't do a lot of ferrying but they were still able to push balls to alliance zone a little bit. ,345,345,458,blue,0,0,None,None,None,0,None,None,None,1,0,0,0,2,None,1,0,43,345,302,0,0
2026pncmp_qm43,qm,1,43,frc4125,frc9450,frc9430,frc4125,frc4061,frc8051,frc5468,red,Yamini A,outpostWall5,0,0,0,7.182,"{""version"":1,""segments"":[{""start"":1775844018676,""stop"":1775844022047},{""start"":1775844066444,""stop"":1775844070255}]}",0,"{""version"":1,""segments"":[]}",,0,23.600000000000065,7.682,"{""version"":1,""segments"":[{""start"":1775844132261,""stop"":1775844133051},{""start"":1775844135463,""stop"":1775844142355}]}",0,"{""version"":1,""segments"":[]}",0,"{""version"":1,""segments"":[]}",0,0,0,0,0,1,0,-.5,-.5,1,when it shoots for the first second its very weak so the balls all miss but then it gets stronger. also the shooting time for auto should only be 2 seconds I forgot to switch to auto,didn't shoot that often mostly played defense,played defense in opponent area but was not good at it at all,345,345,458,blue,0,0,None,None,None,0,None,None,None,1,0,0,0,2,None,1,0,43,345,302,0,0
2026pncmp_qm43,qm,1,43,frc4061,frc9450,frc9430,frc4125,frc4061,frc8051,frc5468,blue,va,middle3,0,0,0,2.074,"{""version"":1,""segments"":[{""start"":1775844009329,""stop"":1775844011403}]}",0,"{""version"":1,""segments"":[]}",Other,0,0,0,"{""version"":1,""segments"":[]}",0,"{""version"":1,""segments"":[]}",0,"{""version"":1,""segments"":[]}",0,0,0,0,0,0,0,-.5,-.5,1,Shot 3 balls and them didn't move,I had no idea what it was doing bc it did not shoot once and was just driving around the field not even playing defense. It was collecting balls but did nothing w them..... ,Again did nothing just drove randomly around. Tried defense once barely. ,345,458,458,blue,0,0,None,None,None,0,None,None,None,1,10,0,0,0,None,5,1,93,458,355,0,0
2026pncmp_qm43,qm,1,43,frc8051,frc9450,frc9430,frc4125,frc4061,frc8051,frc5468,blue,Hugh W,depotWall1,1,0,0,4.073,"{""version"":1,""segments"":[{""start"":1775844011228,""stop"":1775844011675},{""start"":1775844012999,""stop"":1775844014397},{""start"":1775844024392,""stop"":1775844026620}]}",0,"{""version"":1,""segments"":[]}",,0,0,17.613,"{""version"":1,""segments"":[{""start"":1775844038940,""stop"":1775844039069},{""start"":1775844039192,""stop"":1775844039589},{""start"":1775844045760,""stop"":1775844046999},{""start"":1775844070656,""stop"":1775844070741},{""start"":1775844071030,""stop"":1775844071752},{""start"":1775844072608,""stop"":1775844077051},{""start"":1775844082290,""stop"":1775844084227},{""start"":1775844089304,""stop"":1775844089880},{""start"":1775844096493,""stop"":1775844096960},{""start"":1775844121842,""stop"":1775844124119},{""start"":1775844130112,""stop"":1775844132436},{""start"":1775844158385,""stop"":1775844159051},{""start"":1775844165374,""stop"":1775844165699},{""start"":1775844165985,""stop"":1775844167447},{""start"":1775844167905,""stop"":1775844168469}]}",6.459,"{""version"":1,""segments"":[{""start"":1775844040815,""stop"":1775844041740},{""start"":1775844054322,""stop"":1775844055539},{""start"":1775844058865,""stop"":1775844059090},{""start"":1775844060227,""stop"":1775844060735},{""start"":1775844062645,""stop"":1775844063111},{""start"":1775844066135,""stop"":1775844066711},{""start"":1775844069135,""stop"":1775844069241},{""start"":1775844126413,""stop"":1775844126888},{""start"":1775844151537,""stop"":1775844152644},{""start"":1775844154998,""stop"":1775844155817},{""start"":1775844177419,""stop"":1775844177454}]}",0,"{""version"":1,""segments"":[]}",0,0,0,0,0,0,0,x,.5,1,Hit a bot and kept going forward,Shooting most of the time while occasionally getting fuel but it was mostly in the alliance zone,Did a LOT of shuttling and ferrying,345,458,458,blue,0,0,None,None,None,0,None,None,None,1,10,0,0,0,None,5,1,93,458,355,0,0
2026pncmp_qm43,qm,1,43,frc5468,frc9450,frc9430,frc4125,frc4061,frc8051,frc5468,blue,Owen R,outpostWall5,1,0,0,7.512,"{""version"":1,""segments"":[{""start"":1775844015297,""stop"":1775844016089},{""start"":1775844016305,""stop"":1775844016684},{""start"":1775844016983,""stop"":1775844017737},{""start"":1775844017939,""stop"":1775844019680},{""start"":1775844026635,""stop"":1775844029788},{""start"":1775844029949,""stop"":1775844030602},{""start"":1775844030836,""stop"":1775844030876}]}",0,"{""version"":1,""segments"":[]}",,0,0,48.438,"{""version"":1,""segments"":[{""start"":1775844039622,""stop"":1775844042363},{""start"":1775844042619,""stop"":1775844043115},{""start"":1775844043256,""stop"":1775844043560},{""start"":1775844071862,""stop"":1775844072312},{""start"":1775844072451,""stop"":1775844073866},{""start"":1775844073985,""stop"":1775844075748},{""start"":1775844075844,""stop"":1775844079818},{""start"":1775844082511,""stop"":1775844086002},{""start"":1775844086146,""stop"":1775844088489},{""start"":1775844090168,""stop"":1775844092002},{""start"":1775844092594,""stop"":1775844093098},{""start"":1775844093478,""stop"":1775844093759},{""start"":1775844120888,""stop"":1775844126050},{""start"":1775844126182,""stop"":1775844128950},{""start"":1775844132202,""stop"":1775844132954},{""start"":1775844133106,""stop"":1775844136393},{""start"":1775844137240,""stop"":1775844138254},{""start"":1775844138374,""stop"":1775844139189},{""start"":1775844147165,""stop"":1775844155168},{""start"":1775844155372,""stop"":1775844156086},{""start"":1775844156242,""stop"":1775844156769},{""start"":1775844161263,""stop"":1775844161709},{""start"":1775844161853,""stop"":1775844163702},{""start"":1775844163903,""stop"":1775844164324},{""start"":1775844171485,""stop"":1775844174250},{""start"":1775844174984,""stop"":1775844175303}]}",3.766,"{""version"":1,""segments"":[{""start"":1775844059407,""stop"":1775844062017},{""start"":1775844062198,""stop"":1775844062999},{""start"":1775844063852,""stop"":1775844064207}]}",0,"{""version"":1,""segments"":[]}",0,0,0,0,0,0,0,x,.5,3,"Bumped another robot, but otherwise very effective auto","Constant stream of fuel consistently fired, quick intake, and great driving strats","Didn't ferry very much, but it was good when done, ",345,458,458,blue,0,0,None,None,None,0,None,None,None,1,10,0,0,0,None,5,1,93,458,355,0,0
2026pncmp_qm44,qm,1,44,frc10079,frc10079,frc1540,frc3663,frc492,frc2811,frc9023,red,Aubrey E,middle3,0,0,0,3.279,"{""version"":1,""segments"":[{""start"":1775844548617,""stop"":1775844550476},{""start"":1775844562967,""stop"":1775844564387}]}",0,"{""version"":1,""segments"":[]}",Auto 1,0,0,10.514,"{""version"":1,""segments"":[{""start"":1775844580240,""stop"":1775844581049},{""start"":1775844606076,""stop"":1775844612674},{""start"":1775844624238,""stop"":1775844627345}]}",1.346,"{""version"":1,""segments"":[{""start"":1775844599377,""stop"":1775844600723}]}",0,"{""version"":1,""segments"":[]}",0,0,0,0,0,0,1,.5,0,2,"Auto was okay, but not very efficient",Shooter ,,269,269,356,blue,0,0,None,None,None,0,None,None,None,1,20,0,0,0,None,1,0,112,269,137,0,0
2026pncmp_qm44,qm,1,44,frc1540,frc10079,frc1540,frc3663,frc492,frc2811,frc9023,red,,depotWall1,0,0,0,9.2,"{""version"":1,""segments"":[{""start"":1775844557898,""stop"":1775844564383},{""start"":1775844569755,""stop"":1775844572470}]}",0,"{""version"":1,""segments"":[]}",Auto 1,0,0,23.825,"{""version"":1,""segments"":[{""start"":1775844583946,""stop"":1775844586880},{""start"":1775844590152,""stop"":1775844590658},{""start"":1775844612124,""stop"":1775844616436},{""start"":1775844617333,""stop"":1775844623545},{""start"":1775844624106,""stop"":1775844625612},{""start"":1775844630810,""stop"":1775844636681},{""start"":1775844661807,""stop"":1775844664291}]}",14.931,"{""version"":1,""segments"":[{""start"":1775844591027,""stop"":1775844598143},{""start"":1775844600532,""stop"":1775844601360},{""start"":1775844601828,""stop"":1775844602309},{""start"":1775844611636,""stop"":1775844611821},{""start"":1775844638532,""stop"":1775844644297},{""start"":1775844644646,""stop"":1775844644837},{""start"":1775844645771,""stop"":1775844646136}]}",3.694,"{""version"":1,""segments"":[{""start"":1775844605861,""stop"":1775844606160},{""start"":1775844646330,""stop"":1775844646882},{""start"":1775844647022,""stop"":1775844649865}]}",0,0,0,0,0,0,0,x,1,1,"Great auto, didn't collide with any robots or field parts. ",Their transitions were almost perfect. They were having some trouble when getting defended though. ,"They were consistently ferrying almost the entire time during inactive periods. Their turret allowed them to drive around collecting fuel while the shot fuel to alliance zone. Besides high throughput, accuracy, and very effective drive skill, consistent ferrying is definately something that sets them apart from other robots with similar strengths.",269,269,356,blue,0,0,None,None,None,0,None,None,None,1,20,0,0,0,None,1,0,112,269,137,0,0
2026pncmp_qm44,qm,1,44,frc3663,frc10079,frc1540,frc3663,frc492,frc2811,frc9023,red,Yamini A,outpostWall5,0,0,0,8.45,"{""version"":1,""segments"":[{""start"":1775844560121,""stop"":1775844564148},{""start"":1775844569382,""stop"":1775844573805}]}",0,"{""version"":1,""segments"":[]}",,0,32.100000000000186,4.945,"{""version"":1,""segments"":[{""start"":1775844583327,""stop"":1775844588272}]}",3.978,"{""version"":1,""segments"":[{""start"":1775844607370,""stop"":1775844608057},{""start"":1775844638110,""stop"":1775844639742},{""start"":1775844641622,""stop"":1775844643281}]}",0,"{""version"":1,""segments"":[]}",0,0,0,0,0,1,0,-.5,0,1,good at shooting made most the shots,Was scoring really well but them it decided that it wanted to do defense for some reason,,269,269,356,blue,0,0,None,None,None,0,None,None,None,1,20,0,0,0,None,1,0,112,269,137,0,0
2026pncmp_qm44,qm,1,44,frc492,frc10079,frc1540,frc3663,frc492,frc2811,frc9023,blue,Va,outpostWall5,0,0,0,6.901,"{""version"":1,""segments"":[{""start"":1775844555186,""stop"":1775844558740},{""start"":1775844566329,""stop"":1775844569676}]}",0,"{""version"":1,""segments"":[]}",Side auto,0,0,32.126,"{""version"":1,""segments"":[{""start"":1775844582752,""stop"":1775844586276},{""start"":1775844595704,""stop"":1775844598049},{""start"":1775844602012,""stop"":1775844604980},{""start"":1775844631676,""stop"":1775844632664},{""start"":1775844633784,""stop"":1775844637339},{""start"":1775844637492,""stop"":1775844637530},{""start"":1775844639069,""stop"":1775844646621},{""start"":1775844655245,""stop"":1775844659580},{""start"":1775844683743,""stop"":1775844685453},{""start"":1775844689894,""stop"":1775844690493},{""start"":1775844698412,""stop"":1775844701647},{""start"":1775844710395,""stop"":1775844711672}]}",2.727,"{""version"":1,""segments"":[{""start"":1775844621323,""stop"":1775844623072},{""start"":1775844678772,""stop"":1775844679750}]}",0,"{""version"":1,""segments"":[]}",0,0,0,0,0,0,0,x,.5,2,good auto. Effective,good shooting and accuracy. Shooter not as fast others in alliance but had good accuracy,,269,356,356,blue,0,0,None,None,None,0,None,None,None,1,0,0,1,1,None,4,0,80,356,276,0,0
2026pncmp_qm44,qm,1,44,frc2811,frc10079,frc1540,frc3663,frc492,frc2811,frc9023,blue,Hugh W,middle3,0,0,0,0.164,"{""version"":1,""segments"":[{""start"":1775844553483,""stop"":1775844553580},{""start"":1775844554954,""stop"":1775844555021}]}",0,"{""version"":1,""segments"":[]}",,0,0,0,"{""version"":1,""segments"":[]}",1.466,"{""version"":1,""segments"":[{""start"":1775844652707,""stop"":1775844654173}]}",0.621,"{""version"":1,""segments"":[{""start"":1775844659110,""stop"":1775844659731}]}",0,0,0,0,0,1,0,.5,0,1,Shot like 2 balls and missed all of them,Caused a penaly and played defense the whole time and stayed on the opposing zone,Same thing,269,356,356,blue,0,0,None,None,None,0,None,None,None,1,0,0,1,1,None,4,0,80,356,276,0,0
2026pncmp_qm44,qm,1,44,frc9023,frc10079,frc1540,frc3663,frc492,frc2811,frc9023,blue,Owen R,depotWall1,0,0,0,5.4,"{""version"":1,""segments"":[{""start"":1775844556862,""stop"":1775844559570},{""start"":1775844559767,""stop"":1775844562261},{""start"":1775844564233,""stop"":1775844564431}]}",0,"{""version"":1,""segments"":[]}",,0,0,24.46,"{""version"":1,""segments"":[{""start"":1775844579489,""stop"":1775844581938},{""start"":1775844582110,""stop"":1775844583056},{""start"":1775844598327,""stop"":1775844600947},{""start"":1775844605740,""stop"":1775844608151},{""start"":1775844610211,""stop"":1775844610721},{""start"":1775844635438,""stop"":1775844639770},{""start"":1775844647110,""stop"":1775844649239},{""start"":1775844653965,""stop"":1775844654281},{""start"":1775844655703,""stop"":1775844656945},{""start"":1775844657248,""stop"":1775844657933},{""start"":1775844685149,""stop"":1775844687488},{""start"":1775844687961,""stop"":1775844688481},{""start"":1775844693715,""stop"":1775844694566},{""start"":1775844709495,""stop"":1775844710468},{""start"":1775844712899,""stop"":1775844715036}]}",0,"{""version"":1,""segments"":[]}",0,"{""version"":1,""segments"":[]}",0,0,0,0,0,0,0,x,.5,1,"Auto was good, with great accuracy","great constant firing, fast intake, no ferry, good driving capabilities ","no ferry, good intake ",269,356,356,blue,0,0,None,None,None,0,None,None,None,1,0,0,1,1,None,4,0,80,356,276,0,0
2026pncmp_qm45,qm,1,45,frc4131,frc4131,frc4450,frc10991,frc2522,frc7034,frc1983,red,Aubrey E,middle3,0,0,0,0,"{""version"":1,""segments"":[]}",0,"{""version"":1,""segments"":[]}",Other,0,0,0,"{""version"":1,""segments"":[]}",0,"{""version"":1,""segments"":[]}",0,"{""version"":1,""segments"":[]}",0,0,0,1,0,1,1,1,0,2,No auto,Played good defense the whole time (intake broken?),same as active,221,221,271,blue,0,0,None,None,None,0,None,None,None,0,0,0,2,0,None,0,0,60,221,161,0,0
2026pncmp_qm45,qm,1,45,frc4450,frc4131,frc4450,frc10991,frc2522,frc7034,frc1983,red,Sofia C,depotWall1,0,0,0,8.637,"{""version"":1,""segments"":[{""start"":1775845099725,""stop"":1775845100073},{""start"":1775845101238,""stop"":1775845104084},{""start"":1775845109803,""stop"":1775845110505},{""start"":1775845111020,""stop"":1775845114821},{""start"":1775845121025,""stop"":1775845121965}]}",0,"{""version"":1,""segments"":[]}",Auto 1,0,0,30.926,"{""version"":1,""segments"":[{""start"":1775845124025,""stop"":1775845124561},{""start"":1775845155091,""stop"":1775845158548},{""start"":1775845161670,""stop"":1775845162037},{""start"":1775845162630,""stop"":1775845169291},{""start"":1775845206509,""stop"":1775845206954},{""start"":1775845207290,""stop"":1775845209682},{""start"":1775845210156,""stop"":1775845211303},{""start"":1775845212123,""stop"":1775845212469},{""start"":1775845214642,""stop"":1775845218606},{""start"":1775845219552,""stop"":1775845219847},{""start"":1775845224710,""stop"":1775845226946},{""start"":1775845228327,""stop"":1775845229422},{""start"":1775845245490,""stop"":1775845245916},{""start"":1775845247591,""stop"":1775845251347},{""start"":1775845253194,""stop"":1775845254104},{""start"":1775845254975,""stop"":1775845256915},{""start"":1775845257055,""stop"":1775845257265},{""start"":1775845258303,""stop"":1775845259046}]}",0,"{""version"":1,""segments"":[]}",0,"{""version"":1,""segments"":[]}",0,0,0,0,0,0,0,x,1,1,Great auto they were able to run it without problems. ,While shooting they were getting defended pretty hard.(at least 1-2 robots defending them most of the time. They were able to adapt to this by pining themselves against the tower but their accuracy was still affected. ,They weren't really productive during inactive because they didn't seem to be able to ferry. The most the did was push some balls to alliance zone. ,221,221,271,blue,0,0,None,None,None,0,None,None,None,0,0,0,2,0,None,0,0,60,221,161,0,0
2026pncmp_qm45,qm,1,45,frc10991,frc4131,frc4450,frc10991,frc2522,frc7034,frc1983,red,Yaamini A,outpostWall5,0,0,0,3.216,"{""version"":1,""segments"":[{""start"":1775845108520,""stop"":1775845110020},{""start"":1775845112188,""stop"":1775845113904}]}",0,"{""version"":1,""segments"":[]}",,0,0,7.353,"{""version"":1,""segments"":[{""start"":1775845123177,""stop"":1775845124478},{""start"":1775845240168,""stop"":1775845241169},{""start"":1775845242898,""stop"":1775845243866},{""start"":1775845244576,""stop"":1775845245493},{""start"":1775845245834,""stop"":1775845247063},{""start"":1775845256184,""stop"":1775845258121}]}",10.162,"{""version"":1,""segments"":[{""start"":1775845137913,""stop"":1775845139082},{""start"":1775845140204,""stop"":1775845142543},{""start"":1775845153235,""stop"":1775845153773},{""start"":1775845156820,""stop"":1775845158230},{""start"":1775845161595,""stop"":1775845161977},{""start"":1775845177622,""stop"":1775845178781},{""start"":1775845182947,""stop"":1775845183475},{""start"":1775845184380,""stop"":1775845186016},{""start"":1775845188085,""stop"":1775845189086}]}",0,"{""version"":1,""segments"":[]}",0,0,0,1,1,0,0,0,0,1,shot like 2 balls,ferried most of the time by pushing the ballsaround. Wasn't that effective and also played some defense which was decent. Tried shooting twice at the end but it shot rlyyyyyy show like maybe two balls every five sec approximately ,continued ferrying and playing d,221,221,271,blue,0,0,None,None,None,0,None,None,None,0,0,0,2,0,None,0,0,60,221,161,0,0
2026pncmp_qm45,qm,1,45,frc2522,frc4131,frc4450,frc10991,frc2522,frc7034,frc1983,blue,va,depotWall1,0,0,0,11.197,"{""version"":1,""segments"":[{""start"":1775845099770,""stop"":1775845110967}]}",0,"{""version"":1,""segments"":[]}",Other,0,0,54.109,"{""version"":1,""segments"":[{""start"":1775845131482,""stop"":1775845138685},{""start"":1775845147422,""stop"":1775845148982},{""start"":1775845177315,""stop"":1775845199809},{""start"":1775845225845,""stop"":1775845232396},{""start"":1775845232756,""stop"":1775845242645},{""start"":1775845244206,""stop"":1775845248122},{""start"":1775845251154,""stop"":1775845253650}]}",1.15,"{""version"":1,""segments"":[{""start"":1775845168724,""stop"":1775845169874}]}",18.396,"{""version"":1,""segments"":[{""start"":1775845155607,""stop"":1775845167672},{""start"":1775845168094,""stop"":1775845168372},{""start"":1775845206018,""stop"":1775845212071}]}",0,0,0,0,0,0,0,x,1,3,good auto ,"big hopper capacity fast shooting good accuracy
",Ferried from opponent zone and neutral zone. Driver did a good job of evading defense and collecting balks while shooting ,221,271,271,blue,0,15,Level1,None,None,0,None,None,None,0,30,0,0,0,None,3,0,64,271,177,15,0
2026pncmp_qm45,qm,1,45,frc7034,frc4131,frc4450,frc10991,frc2522,frc7034,frc1983,blue,Hugh W,outpostWall5,1,0,0,3.53,"{""version"":1,""segments"":[{""start"":1775845100086,""stop"":1775845100312},{""start"":1775845101459,""stop"":1775845103166},{""start"":1775845105217,""stop"":1775845106455},{""start"":1775845114343,""stop"":1775845114702}]}",0,"{""version"":1,""segments"":[]}",,0,0,17.784,"{""version"":1,""segments"":[{""start"":1775845121287,""stop"":1775845123538},{""start"":1775845136159,""stop"":1775845136877},{""start"":1775845136986,""stop"":1775845138595},{""start"":1775845143046,""stop"":1775845144204},{""start"":1775845150853,""stop"":1775845153477},{""start"":1775845180347,""stop"":1775845183751},{""start"":1775845189085,""stop"":1775845190724},{""start"":1775845197783,""stop"":1775845197828},{""start"":1775845248013,""stop"":1775845249187},{""start"":1775845249820,""stop"":1775845249886},{""start"":1775845249993,""stop"":1775845250053},{""start"":1775845250153,""stop"":1775845250205},{""start"":1775845250273,""stop"":1775845250363},{""start"":1775845250433,""stop"":1775845250532},{""start"":1775845250613,""stop"":1775845250672},{""start"":1775845250765,""stop"":1775845250823},{""start"":1775845250912,""stop"":1775845250981},{""start"":1775845251072,""stop"":1775845251132},{""start"":1775845251244,""stop"":1775845251282},{""start"":1775845251404,""stop"":1775845251451},{""start"":1775845251564,""stop"":1775845251632},{""start"":1775845251732,""stop"":1775845251801},{""start"":1775845251884,""stop"":1775845251952},{""start"":1775845252031,""stop"":1775845252090},{""start"":1775845254777,""stop"":1775845255715},{""start"":1775845256182,""stop"":1775845256235},{""start"":1775845256354,""stop"":1775845256425},{""start"":1775845256513,""stop"":1775845256593},{""start"":1775845256674,""stop"":1775845256754},{""start"":1775845256834,""stop"":1775845256914},{""start"":1775845256967,""stop"":1775845257055},{""start"":1775845257155,""stop"":1775845257254},{""start"":1775845257346,""stop"":1775845257404},{""start"":1775845257466,""stop"":1775845257554},{""start"":1775845257586,""stop"":1775845257666},{""start"":1775845257766,""stop"":1775845257813},{""start"":1775845257926,""stop"":1775845258364}]}",8.755,"{""version"":1,""segments"":[{""start"":1775845220044,""stop"":1775845221469},{""start"":1775845231693,""stop"":1775845237427},{""start"":1775845245850,""stop"":1775845247446}]}",0,"{""version"":1,""segments"":[]}",7.699999999999989,0,0,0,0,0,0,x,.5,1,Another bot collided with us in the middle,Did a lot of shooting and the intake looks really good,Got benched on top of some balls for a while,221,271,271,blue,0,15,Level1,None,None,0,None,None,None,0,30,0,0,0,None,3,0,64,271,177,15,0
2026pncmp_qm45,qm,1,45,frc1983,frc4131,frc4450,frc10991,frc2522,frc7034,frc1983,blue,Owen R,outpost4,0,0,0,0.498,"{""version"":1,""segments"":[{""start"":1775845094890,""stop"":1775845095388}]}",0.027,"{""version"":1,""segments"":[{""start"":1775845090377,""stop"":1775845090404}]}",,0,0,0,"{""version"":1,""segments"":[]}",1.234,"{""version"":1,""segments"":[{""start"":1775845203754,""stop"":1775845204988}]}",1.235,"{""version"":1,""segments"":[{""start"":1775845128131,""stop"":1775845128411},{""start"":1775845129651,""stop"":1775845129898},{""start"":1775845141770,""stop"":1775845142478}]}",0,0,0,0,0,0,0,0,0,1,Only scored around half of the preloaded hopper,"Stayed in opposing alliance zone, mid defense, good fuel taking though","Stayed in opposing alliance zone, mid defense, good fuel taking though",221,271,271,blue,0,15,Level1,None,None,0,None,None,None,0,30,0,0,0,None,3,0,64,271,177,15,0
2026pncmp_qm46,qm,1,46,frc997,frc997,frc4469,frc5937,frc948,frc955,frc1778,red,Aubrey E,depot2,0,0,0,0,"{""version"":1,""segments"":[]}",0,"{""version"":1,""segments"":[]}",Other,0,100.29999999999858,0,"{""version"":1,""segments"":[]}",0,"{""version"":1,""segments"":[]}",0,"{""version"":1,""segments"":[]}",0,0,0,0,0,0,0,x,-.5,1,No auto,"very slow, intake didn't work","broken for most of the match, no contribution",285,285,392,blue,0,0,None,None,None,0,None,None,None,1,20,0,1,0,None,1,0,32,285,233,0,0
2026pncmp_qm46,qm,1,46,frc4469,frc997,frc4469,frc5937,frc948,frc955,frc1778,red,Sofia C,depotWall1,0,0,0,0,"{""version"":1,""segments"":[]}",0,"{""version"":1,""segments"":[]}",,1,0,28.157,"{""version"":1,""segments"":[{""start"":1775845793166,""stop"":1775845797362},{""start"":1775845804602,""stop"":1775845809331},{""start"":1775845813374,""stop"":1775845813550},{""start"":1775845816223,""stop"":1775845819269},{""start"":1775845844714,""stop"":1775845846503},{""start"":1775845848556,""stop"":1775845849618},{""start"":1775845860328,""stop"":1775845864627},{""start"":1775845894499,""stop"":1775845895456},{""start"":1775845900696,""stop"":1775845902068},{""start"":1775845908362,""stop"":1775845911996},{""start"":1775845918997,""stop"":1775845921894}]}",0,"{""version"":1,""segments"":[]}",0,"{""version"":1,""segments"":[]}",0,0,0,0,0,0,0,x,0,3,Had to e stop after running into the trench. ,They were able to transition to active shift somewhat quickly and evade defense pretty well. ,"They are not very productive during inactive since they cant ferry, the most they can do is push balls to alliance zone. They didn't attempt to defend either. ",285,285,392,blue,0,0,None,None,None,0,None,None,None,1,20,0,1,0,None,1,0,32,285,233,0,0
2026pncmp_qm46,qm,1,46,frc5937,frc997,frc4469,frc5937,frc948,frc955,frc1778,red,Yaamini,outpostWall5,0,0,0,4.595,"{""version"":1,""segments"":[{""start"":1775845769039,""stop"":1775845771777},{""start"":1775845779235,""stop"":1775845781092}]}",0,"{""version"":1,""segments"":[]}",Auto 1,0,0,24.792,"{""version"":1,""segments"":[{""start"":1775845798336,""stop"":1775845803551},{""start"":1775845805479,""stop"":1775845813793},{""start"":1775845844220,""stop"":1775845844288},{""start"":1775845844607,""stop"":1775845848726},{""start"":1775845850895,""stop"":1775845851764},{""start"":1775845853284,""stop"":1775845853734},{""start"":1775845859009,""stop"":1775845861628},{""start"":1775845865995,""stop"":1775845869133}]}",8.263,"{""version"":1,""segments"":[{""start"":1775845796023,""stop"":1775845796871},{""start"":1775845826668,""stop"":1775845827669},{""start"":1775845828639,""stop"":1775845830181},{""start"":1775845831093,""stop"":1775845831814},{""start"":1775845832439,""stop"":1775845833099},{""start"":1775845833390,""stop"":1775845834112},{""start"":1775845840252,""stop"":1775845840532},{""start"":1775845878014,""stop"":1775845878503},{""start"":1775845880374,""stop"":1775845882074},{""start"":1775845885214,""stop"":1775845885514}]}",0,"{""version"":1,""segments"":[]}",0,0,0,0,0,0,0,-.5,.5,2,Shot,ferried a kot and made good shots,ferried,285,285,392,blue,0,0,None,None,None,0,None,None,None,1,20,0,1,0,None,1,0,32,285,233,0,0
2026pncmp_qm46,qm,1,46,frc948,frc997,frc4469,frc5937,frc948,frc955,frc1778,blue,,outpost4,0,0,0,6.323,"{""version"":1,""segments"":[{""start"":1775845764602,""stop"":1775845766621},{""start"":1775845773868,""stop"":1775845778172}]}",0,"{""version"":1,""segments"":[]}",Auto 1,0,0,27.354,"{""version"":1,""segments"":[{""start"":1775845786390,""stop"":1775845789243},{""start"":1775845809437,""stop"":1775845809528},{""start"":1775845814535,""stop"":1775845819061},{""start"":1775845825644,""stop"":1775845829088},{""start"":1775845838198,""stop"":1775845840802},{""start"":1775845865070,""stop"":1775845865877},{""start"":1775845868127,""stop"":1775845868148},{""start"":1775845868702,""stop"":1775845870938},{""start"":1775845879464,""stop"":1775845881254},{""start"":1775845888596,""stop"":1775845890931},{""start"":1775845898026,""stop"":1775845899734},{""start"":1775845906905,""stop"":1775845909250},{""start"":1775845916155,""stop"":1775845916652},{""start"":1775845916762,""stop"":1775845918859}]}",2.561,"{""version"":1,""segments"":[{""start"":1775845800974,""stop"":1775845802361},{""start"":1775845806964,""stop"":1775845807477},{""start"":1775845851956,""stop"":1775845852617}]}",0,"{""version"":1,""segments"":[]}",0,0,0,0,0,0,0,x,1,1,good auto,Accurate shooting and good bps,ferried effectively ,285,392,392,blue,0,0,None,None,None,0,None,None,None,1,15,0,1,1,None,5,1,72,392,305,0,0
2026pncmp_qm46,qm,1,46,frc955,frc997,frc4469,frc5937,frc948,frc955,frc1778,blue,Hugh W,depotWall1,1,0,0,0,"{""version"":1,""segments"":[]}",0,"{""version"":1,""segments"":[]}",,1,0,2.841,"{""version"":1,""segments"":[{""start"":1775845790227,""stop"":1775845790706},{""start"":1775845791140,""stop"":1775845791832},{""start"":1775845792098,""stop"":1775845792564},{""start"":1775845794037,""stop"":1775845794103},{""start"":1775845820599,""stop"":1775845821737}]}",2.299,"{""version"":1,""segments"":[{""start"":1775845872091,""stop"":1775845874390}]}",0,"{""version"":1,""segments"":[]}",0,0,0,1,1,1,0,1,1,1,Had to stop it because it banged into a wall and was just shooting into nowhere,Got soem shooting but then halfway through pivoted to straight defense,,285,392,392,blue,0,0,None,None,None,0,None,None,None,1,15,0,1,1,None,5,1,72,392,305,0,0
2026pncmp_qm46,qm,1,46,frc1778,frc997,frc4469,frc5937,frc948,frc955,frc1778,blue,Owen R,depot2,0,0,0,0.955,"{""version"":1,""segments"":[{""start"":1775845765096,""stop"":1775845766051}]}",0,"{""version"":1,""segments"":[]}",,0,0,0.368,"{""version"":1,""segments"":[{""start"":1775845823878,""stop"":1775845824028},{""start"":1775845825007,""stop"":1775845825225}]}",0,"{""version"":1,""segments"":[]}",0,"{""version"":1,""segments"":[]}",0,0,0,1,0,1,0,.5,.5,1,"Took depot, scored a few with accuracy ","Push ferry, good driving strats, never used intake or fired any","Good defense, push ferry for fuel, no penalties ",285,392,392,blue,0,0,None,None,None,0,None,None,None,1,15,0,1,1,None,5,1,72,392,305,0,0
2026pncmp_qm47,qm,1,47,frc360,frc360,frc1595,frc1318,frc488,frc2471,frc4488,red,naman p,depotWall1,0,0,0,2.464,"{""version"":1,""segments"":[{""start"":1775846261120,""stop"":1775846263294},{""start"":1775846263764,""stop"":1775846264054}]}",0,"{""version"":1,""segments"":[]}",Other,0,0,31.596,"{""version"":1,""segments"":[{""start"":1775846284860,""stop"":1775846287288},{""start"":1775846287918,""stop"":1775846288117},{""start"":1775846288960,""stop"":1775846289258},{""start"":1775846289527,""stop"":1775846290486},{""start"":1775846299886,""stop"":1775846304134},{""start"":1775846310895,""stop"":1775846313204},{""start"":1775846343274,""stop"":1775846348231},{""start"":1775846356235,""stop"":1775846356564},{""start"":1775846361639,""stop"":1775846361777},{""start"":1775846362881,""stop"":1775846362982},{""start"":1775846363441,""stop"":1775846365451},{""start"":1775846391187,""stop"":1775846393213},{""start"":1775846394040,""stop"":1775846399966},{""start"":1775846408900,""stop"":1775846410439},{""start"":1775846411128,""stop"":1775846413736},{""start"":1775846418597,""stop"":1775846420118}]}",2.587,"{""version"":1,""segments"":[{""start"":1775846333072,""stop"":1775846335381},{""start"":1775846336193,""stop"":1775846336471}]}",0,"{""version"":1,""segments"":[]}",0,0,0,0,0,0,0,x,.5,2,decent auto but only got one cycle in,they were effective at scoring fuel,they were able to steal some fuel from opponent zone and were also decent with ferrying but also only did it once,291,291,389,blue,0,0,None,None,None,0,None,None,None,1,0,0,0,0,None,1,0,37,291,254,0,0
2026pncmp_qm47,qm,1,47,frc1595,frc360,frc1595,frc1318,frc488,frc2471,frc4488,red,Meri H.,depot2,0,0,0,3.428,"{""version"":1,""segments"":[{""start"":1775846265423,""stop"":1775846265660},{""start"":1775846269178,""stop"":1775846271813},{""start"":1775846275674,""stop"":1775846276230}]}",0,"{""version"":1,""segments"":[]}",Other,0,0,0,"{""version"":1,""segments"":[]}",0,"{""version"":1,""segments"":[]}",0,"{""version"":1,""segments"":[]}",0,0,0,1,0,1,0,0,.5,1,Auto path intaked from outpost ,"I think their intake broke because they did not intake the entire game. They played defense for active and inactive shifts. Defense was kind of effective, but they were a little slow in blocking them and stopping them from getting to the back wall.",,291,291,389,blue,0,0,None,None,None,0,None,None,None,1,0,0,0,0,None,1,0,37,291,254,0,0
2026pncmp_qm47,qm,1,47,frc1318,frc360,frc1595,frc1318,frc488,frc2471,frc4488,red,Cayden W,outpostWall5,0,0,0,3.426,"{""version"":1,""segments"":[{""start"":1775846268036,""stop"":1775846268245},{""start"":1775846269399,""stop"":1775846270100},{""start"":1775846270318,""stop"":1775846270536},{""start"":1775846271632,""stop"":1775846271722},{""start"":1775846279990,""stop"":1775846280510},{""start"":1775846280688,""stop"":1775846281059},{""start"":1775846281388,""stop"":1775846282137},{""start"":1775846282489,""stop"":1775846283057}]}",0,"{""version"":1,""segments"":[]}",Auto 1,0,0,14.457,"{""version"":1,""segments"":[{""start"":1775846291798,""stop"":1775846292587},{""start"":1775846292857,""stop"":1775846293465},{""start"":1775846293696,""stop"":1775846294278},{""start"":1775846294596,""stop"":1775846294705},{""start"":1775846296189,""stop"":1775846296570},{""start"":1775846363480,""stop"":1775846364380},{""start"":1775846364719,""stop"":1775846365440},{""start"":1775846365757,""stop"":1775846366366},{""start"":1775846398616,""stop"":1775846398887},{""start"":1775846399536,""stop"":1775846400180},{""start"":1775846400453,""stop"":1775846400955},{""start"":1775846401342,""stop"":1775846401783},{""start"":1775846403196,""stop"":1775846403675},{""start"":1775846404034,""stop"":1775846404555},{""start"":1775846404913,""stop"":1775846405441},{""start"":1775846405733,""stop"":1775846406271},{""start"":1775846406673,""stop"":1775846407120},{""start"":1775846414582,""stop"":1775846415031},{""start"":1775846415322,""stop"":1775846415939},{""start"":1775846416201,""stop"":1775846416890},{""start"":1775846417220,""stop"":1775846417886},{""start"":1775846418219,""stop"":1775846419020},{""start"":1775846419237,""stop"":1775846419546},{""start"":1775846425163,""stop"":1775846425749},{""start"":1775846425982,""stop"":1775846426704},{""start"":1775846427081,""stop"":1775846427629}]}",1.633,"{""version"":1,""segments"":[{""start"":1775846327962,""stop"":1775846328460},{""start"":1775846328742,""stop"":1775846328883},{""start"":1775846329261,""stop"":1775846329709},{""start"":1775846330040,""stop"":1775846330586}]}",0,"{""version"":1,""segments"":[]}",31.70000000000018,0,0,0,0,0,0,x,-.5,3,didn't fill intake but made most,"consistent at getting stuck on bump, accurate shooting ",trying to steal but got stuck also they was slow at stealing,291,291,389,blue,0,0,None,None,None,0,None,None,None,1,0,0,0,0,None,1,0,37,291,254,0,0
2026pncmp_qm47,qm,1,47,frc488,frc360,frc1595,frc1318,frc488,frc2471,frc4488,blue,Adam M,depot2,0,0,0,1.171,"{""version"":1,""segments"":[{""start"":1775846268822,""stop"":1775846269993}]}",0,"{""version"":1,""segments"":[]}",Other,0,0,14.961,"{""version"":1,""segments"":[{""start"":1775846331606,""stop"":1775846332733},{""start"":1775846333084,""stop"":1775846334033},{""start"":1775846334303,""stop"":1775846335000},{""start"":1775846335682,""stop"":1775846336152},{""start"":1775846342816,""stop"":1775846343593},{""start"":1775846372917,""stop"":1775846374748},{""start"":1775846376430,""stop"":1775846376749},{""start"":1775846377668,""stop"":1775846377709},{""start"":1775846377886,""stop"":1775846377937},{""start"":1775846378132,""stop"":1775846378149},{""start"":1775846378585,""stop"":1775846378635},{""start"":1775846378784,""stop"":1775846378840},{""start"":1775846378990,""stop"":1775846379050},{""start"":1775846379149,""stop"":1775846379233},{""start"":1775846379331,""stop"":1775846379389},{""start"":1775846379519,""stop"":1775846379560},{""start"":1775846379760,""stop"":1775846379818},{""start"":1775846379955,""stop"":1775846380027},{""start"":1775846381083,""stop"":1775846381452},{""start"":1775846391677,""stop"":1775846392345},{""start"":1775846392899,""stop"":1775846394524},{""start"":1775846407505,""stop"":1775846407582},{""start"":1775846409291,""stop"":1775846413476},{""start"":1775846419971,""stop"":1775846421250}]}",0,"{""version"":1,""segments"":[]}",0,"{""version"":1,""segments"":[]}",0,0,0,0,0,0,0,x,0,2,scored and seemed to lock up after ,shot slowly but accurately ,"no defense, good at collecting quickly and bringing it to alliance zone ",291,389,389,blue,0,0,None,None,None,0,None,None,None,1,0,0,0,0,None,5,1,94,389,295,0,0
2026pncmp_qm47,qm,1,47,frc2471,frc360,frc1595,frc1318,frc488,frc2471,frc4488,blue,Maxwell G,depotWall1,0,0,0,4.278,"{""version"":1,""segments"":[{""start"":1775846267962,""stop"":1775846271175},{""start"":1775846279198,""stop"":1775846279772},{""start"":1775846279922,""stop"":1775846280413}]}",1.647,"{""version"":1,""segments"":[{""start"":1775846266429,""stop"":1775846267430},{""start"":1775846273476,""stop"":1775846274122}]}",,0,0,30.494,"{""version"":1,""segments"":[{""start"":1775846294645,""stop"":1775846296551},{""start"":1775846321283,""stop"":1775846322491},{""start"":1775846322561,""stop"":1775846329315},{""start"":1775846330128,""stop"":1775846330306},{""start"":1775846330708,""stop"":1775846331379},{""start"":1775846343383,""stop"":1775846343429},{""start"":1775846344566,""stop"":1775846344724},{""start"":1775846373386,""stop"":1775846375065},{""start"":1775846375312,""stop"":1775846378539},{""start"":1775846382976,""stop"":1775846384602},{""start"":1775846384915,""stop"":1775846385613},{""start"":1775846385752,""stop"":1775846386851},{""start"":1775846388013,""stop"":1775846389085},{""start"":1775846392800,""stop"":1775846393408},{""start"":1775846394014,""stop"":1775846394578},{""start"":1775846408443,""stop"":1775846409251},{""start"":1775846409322,""stop"":1775846416324},{""start"":1775846416503,""stop"":1775846416783},{""start"":1775846417230,""stop"":1775846417343},{""start"":1775846423389,""stop"":1775846423463},{""start"":1775846423831,""stop"":1775846424176},{""start"":1775846424449,""stop"":1775846424602},{""start"":1775846426107,""stop"":1775846426332}]}",7.223,"{""version"":1,""segments"":[{""start"":1775846302178,""stop"":1775846304305},{""start"":1775846313508,""stop"":1775846314045},{""start"":1775846321885,""stop"":1775846321983},{""start"":1775846351085,""stop"":1775846351322},{""start"":1775846368809,""stop"":1775846368957},{""start"":1775846397579,""stop"":1775846400778},{""start"":1775846401028,""stop"":1775846401905}]}",4.328,"{""version"":1,""segments"":[{""start"":1775846356100,""stop"":1775846357400},{""start"":1775846358028,""stop"":1775846358881},{""start"":1775846362349,""stop"":1775846364524}]}",0,0,0,0,0,0,0,x,1,3,"Solid auto, grabbed fuel from the middle and shot it into the hub with good accuracy.","Shoots consistently, even when being slightly bumped. Had fast cycle times, a large hopper, and touch it own it","Ferried fuel into their space from opponents, along with firing before alliance hub turned on for for the next active turn",291,389,389,blue,0,0,None,None,None,0,None,None,None,1,0,0,0,0,None,5,1,94,389,295,0,0
2026pncmp_qm47,qm,1,47,frc4488,frc360,frc1595,frc1318,frc488,frc2471,frc4488,blue,Gabriel D,outpostWall5,0,0,0,6.872,"{""version"":1,""segments"":[{""start"":1775846265220,""stop"":1775846270049},{""start"":1775846278046,""stop"":1775846280089}]}",8.38,"{""version"":1,""segments"":[{""start"":1775846260766,""stop"":1775846264020},{""start"":1775846272564,""stop"":1775846277690}]}",,0,0,22.874,"{""version"":1,""segments"":[{""start"":1775846315755,""stop"":1775846320945},{""start"":1775846324994,""stop"":1775846325957},{""start"":1775846328848,""stop"":1775846329344},{""start"":1775846340898,""stop"":1775846343464},{""start"":1775846380199,""stop"":1775846385715},{""start"":1775846414427,""stop"":1775846419607},{""start"":1775846421468,""stop"":1775846424431}]}",64.755,"{""version"":1,""segments"":[{""start"":1775846287365,""stop"":1775846312044},{""start"":1775846330110,""stop"":1775846339476},{""start"":1775846347201,""stop"":1775846364064},{""start"":1775846364538,""stop"":1775846375634},{""start"":1775846400719,""stop"":1775846403470}]}",0,"{""version"":1,""segments"":[]}",0,0,0,0,0,0,0,x,.5,3,"Good accuracy in auto, intaked from neutral zone one time","Focused on scoring, accurate shooter","refueled and threw balls into shooting zone, no defense",291,389,389,blue,0,0,None,None,None,0,None,None,None,1,0,0,0,0,None,5,1,94,389,295,0,0
2026pncmp_qm48,qm,1,48,frc4915,frc4915,frc8248,frc2521,frc2910,frc2046,frc957,red,naman p,depotWall1,0,0,0,4.616,"{""version"":1,""segments"":[{""start"":1775846745166,""stop"":1775846747307},{""start"":1775846751815,""stop"":1775846754252},{""start"":1775846758564,""stop"":1775846758602}]}",0,"{""version"":1,""segments"":[]}",Other,0,0,15.46,"{""version"":1,""segments"":[{""start"":1775846773294,""stop"":1775846775423},{""start"":1775846778795,""stop"":1775846784487},{""start"":1775846838079,""stop"":1775846838993},{""start"":1775846839443,""stop"":1775846840394},{""start"":1775846840632,""stop"":1775846843400},{""start"":1775846843621,""stop"":1775846844109},{""start"":1775846890699,""stop"":1775846893217}]}",5.782,"{""version"":1,""segments"":[{""start"":1775846813628,""stop"":1775846814735},{""start"":1775846815276,""stop"":1775846816794},{""start"":1775846858573,""stop"":1775846861139},{""start"":1775846861497,""stop"":1775846862088}]}",0,"{""version"":1,""segments"":[]}",0,0,0,0,0,0,0,x,0,2,they did good first cycle but then missed their 2nd cycle with a very empty hopper,they did alright with shooting but might wanna rescout this match cuz i was lowkey focused on the other alliance,they ferried a bit,263,263,797,blue,0,0,None,None,None,0,None,None,None,1,0,0,0,0,None,1,0,70,263,193,0,0
2026pncmp_qm48,qm,1,48,frc8248,frc4915,frc8248,frc2521,frc2910,frc2046,frc957,red,,outpostWall5,0,0,0,4.444,"{""version"":1,""segments"":[{""start"":1775846756502,""stop"":1775846757444},{""start"":1775846758151,""stop"":1775846758773},{""start"":1775846764653,""stop"":1775846767533}]}",0,"{""version"":1,""segments"":[]}",Auto 1,0,0,1.179,"{""version"":1,""segments"":[{""start"":1775846790040,""stop"":1775846791219}]}",0,"{""version"":1,""segments"":[]}",0,"{""version"":1,""segments"":[]}",0,0,0,1,0,1,0,0,x,2,Auto didnt collect that many fuel first run,Played defense during active and inactive. Stopped robots from ferrying.,,263,263,797,blue,0,0,None,None,None,0,None,None,None,1,0,0,0,0,None,1,0,70,263,193,0,0
2026pncmp_qm48,qm,1,48,frc2521,frc4915,frc8248,frc2521,frc2910,frc2046,frc957,red,Cayden W,depot2,0,0,0,0,"{""version"":1,""segments"":[]}",0,"{""version"":1,""segments"":[]}",Auto 1,0,0,3.644,"{""version"":1,""segments"":[{""start"":1775846784507,""stop"":1775846785318},{""start"":1775846785693,""stop"":1775846786161},{""start"":1775846786604,""stop"":1775846786866},{""start"":1775846843459,""stop"":1775846844660},{""start"":1775846845010,""stop"":1775846845128},{""start"":1775846852221,""stop"":1775846852821},{""start"":1775846853207,""stop"":1775846853280},{""start"":1775846862075,""stop"":1775846862186}]}",2.235,"{""version"":1,""segments"":[{""start"":1775846793076,""stop"":1775846793744},{""start"":1775846794256,""stop"":1775846794325},{""start"":1775846808851,""stop"":1775846809518},{""start"":1775846830918,""stop"":1775846831749}]}",0,"{""version"":1,""segments"":[]}",0,0,0,0,0,0,0,-1,-.5,2,A stopped ,"no distance for ferrying, shot very short missed a lot","not good defense, ferrying , trying to stop 2910 but didn't work",263,263,797,blue,0,0,None,None,None,0,None,None,None,1,0,0,0,0,None,1,0,70,263,193,0,0
2026pncmp_qm48,qm,1,48,frc2910,frc4915,frc8248,frc2521,frc2910,frc2046,frc957,blue,Adam M,depotWall1,1,0,0,3.582,"{""version"":1,""segments"":[{""start"":1775846749466,""stop"":1775846751709},{""start"":1775846759789,""stop"":1775846761128}]}",0,"{""version"":1,""segments"":[]}",Auto 1,0,0,25.497,"{""version"":1,""segments"":[{""start"":1775846773274,""stop"":1775846775061},{""start"":1775846801483,""stop"":1775846806668},{""start"":1775846808448,""stop"":1775846808648},{""start"":1775846811017,""stop"":1775846812751},{""start"":1775846820761,""stop"":1775846823063},{""start"":1775846825266,""stop"":1775846826386},{""start"":1775846850649,""stop"":1775846850976},{""start"":1775846851386,""stop"":1775846854414},{""start"":1775846871518,""stop"":1775846875893},{""start"":1775846879254,""stop"":1775846880264},{""start"":1775846900275,""stop"":1775846900521},{""start"":1775846900815,""stop"":1775846904998}]}",5.233,"{""version"":1,""segments"":[{""start"":1775846784342,""stop"":1775846785908},{""start"":1775846832751,""stop"":1775846835148},{""start"":1775846865603,""stop"":1775846866873}]}",0,"{""version"":1,""segments"":[]}",0,0,0,0,0,0,0,x,.5,3,"Rammed into robot, stilled scored both full hoppers",emptied full hopper quickly and accurately,"insane ferrying, and good at evading away from defense",263,797,797,blue,0,0,None,None,None,0,None,None,None,1,0,0,0,0,None,5,1,138,797,659,0,0
2026pncmp_qm48,qm,1,48,frc2046,frc4915,frc8248,frc2521,frc2910,frc2046,frc957,blue,Maxwell G,outpostWall5,0,0,0,5.306,"{""version"":1,""segments"":[{""start"":1775846750800,""stop"":1775846753804},{""start"":1775846760365,""stop"":1775846762091},{""start"":1775846762466,""stop"":1775846763042}]}",0,"{""version"":1,""segments"":[]}",,0,0,28.46,"{""version"":1,""segments"":[{""start"":1775846778398,""stop"":1775846781285},{""start"":1775846806260,""stop"":1775846808187},{""start"":1775846814499,""stop"":1775846816984},{""start"":1775846817890,""stop"":1775846818027},{""start"":1775846823822,""stop"":1775846826103},{""start"":1775846855907,""stop"":1775846859191},{""start"":1775846862951,""stop"":1775846864699},{""start"":1775846869985,""stop"":1775846872072},{""start"":1775846872889,""stop"":1775846873236},{""start"":1775846874612,""stop"":1775846876479},{""start"":1775846877293,""stop"":1775846877540},{""start"":1775846880423,""stop"":1775846880478},{""start"":1775846888956,""stop"":1775846892273},{""start"":1775846898855,""stop"":1775846901813},{""start"":1775846901925,""stop"":1775846902533},{""start"":1775846909976,""stop"":1775846912201}]}",3.182,"{""version"":1,""segments"":[{""start"":1775846788381,""stop"":1775846789517},{""start"":1775846790254,""stop"":1775846790802},{""start"":1775846812631,""stop"":1775846812743},{""start"":1775846837754,""stop"":1775846839140}]}",1.931,"{""version"":1,""segments"":[{""start"":1775846839331,""stop"":1775846841262}]}",0,0,0,0,0,0,0,x,1,3,"Fast cycles, managed to get 2 rounds of fuel into the hub.",Could shoot out over 10 fuel a second (easily) along with being able to quickly refuel,"ferried fuel, along with filling up for next time.",263,797,797,blue,0,0,None,None,None,0,None,None,None,1,0,0,0,0,None,5,1,138,797,659,0,0
2026pncmp_qm48,qm,1,48,frc957,frc4915,frc8248,frc2521,frc2910,frc2046,frc957,blue,Gabriel D,depot2,0,0,0,0,"{""version"":1,""segments"":[]}",0,"{""version"":1,""segments"":[]}",,0,0,15.654,"{""version"":1,""segments"":[{""start"":1775846770826,""stop"":1775846771760},{""start"":1775846803974,""stop"":1775846810511},{""start"":1775846811275,""stop"":1775846812338},{""start"":1775846819650,""stop"":1775846821894},{""start"":1775846857447,""stop"":1775846860405},{""start"":1775846869579,""stop"":1775846870603},{""start"":1775846906158,""stop"":1775846907052}]}",3.266,"{""version"":1,""segments"":[{""start"":1775846783278,""stop"":1775846786544}]}",0,"{""version"":1,""segments"":[]}",0,0,0,0,0,0,0,x,0,1,"Auto didn't shoot, just moved backward","Slow shooter, tried throwing some fuel into the shooting zone and scoring but wasn't really effective",reloaded and threw some fuel into shooting zone ,263,797,797,blue,0,0,None,None,None,0,None,None,None,1,0,0,0,0,None,5,1,138,797,659,0,0
2026pncmp_qm49,qm,1,49,frc3674,frc3674,frc4089,frc8896,frc753,frc2374,frc10416,red,naman p,outpostWall5,0,0,0,4.496,"{""version"":1,""segments"":[{""start"":1775847224149,""stop"":1775847226815},{""start"":1775847233578,""stop"":1775847233858},{""start"":1775847234210,""stop"":1775847234469},{""start"":1775847234837,""stop"":1775847235037},{""start"":1775847235417,""stop"":1775847235649},{""start"":1775847235916,""stop"":1775847236775}]}",0,"{""version"":1,""segments"":[]}",,0,0,25.459,"{""version"":1,""segments"":[{""start"":1775847246339,""stop"":1775847247166},{""start"":1775847291342,""stop"":1775847292357},{""start"":1775847292825,""stop"":1775847293306},{""start"":1775847293525,""stop"":1775847296073},{""start"":1775847299842,""stop"":1775847301560},{""start"":1775847331364,""stop"":1775847332974},{""start"":1775847333574,""stop"":1775847333753},{""start"":1775847338082,""stop"":1775847341929},{""start"":1775847347414,""stop"":1775847350835},{""start"":1775847357920,""stop"":1775847360245},{""start"":1775847362846,""stop"":1775847362914},{""start"":1775847363473,""stop"":1775847363554},{""start"":1775847367881,""stop"":1775847369626},{""start"":1775847371098,""stop"":1775847371209},{""start"":1775847371458,""stop"":1775847371505},{""start"":1775847371827,""stop"":1775847371865},{""start"":1775847374511,""stop"":1775847378089},{""start"":1775847379400,""stop"":1775847380729},{""start"":1775847381189,""stop"":1775847381680}]}",0,"{""version"":1,""segments"":[]}",0,"{""version"":1,""segments"":[]}",0,0,0,0,0,0,0,x,0,3,their auto was mediocre and scored some fuel but not crazy,they were great at shooting and very accurate but from what i observed a slow bps,they regurgitated fuel into their zone and successfully stole fuel form opponent zone,214,214,332,blue,0,0,None,None,None,0,None,None,None,0,0,0,3,1,None,0,0,71,214,143,0,0
2026pncmp_qm49,qm,1,49,frc4089,frc3674,frc4089,frc8896,frc753,frc2374,frc10416,red,Meri H.,depotWall1,0,0,0,6.43,"{""version"":1,""segments"":[{""start"":1775847230033,""stop"":1775847231080},{""start"":1775847233303,""stop"":1775847234363},{""start"":1775847235027,""stop"":1775847236529},{""start"":1775847241171,""stop"":1775847242029},{""start"":1775847242272,""stop"":1775847244235}]}",0,"{""version"":1,""segments"":[]}",,0,0,0,"{""version"":1,""segments"":[]}",0,"{""version"":1,""segments"":[]}",0,"{""version"":1,""segments"":[]}",0,0,0,1,0,1,0,0,0,1,,"Attempted to play defense, but most of the time was aimlessly driving around in the neutral zone. Only near the end went to the opposing alliance. ",,214,214,332,blue,0,0,None,None,None,0,None,None,None,0,0,0,3,1,None,0,0,71,214,143,0,0
2026pncmp_qm49,qm,1,49,frc8896,frc3674,frc4089,frc8896,frc753,frc2374,frc10416,red,Cayden W,middle3,0,0,0,0,"{""version"":1,""segments"":[]}",0,"{""version"":1,""segments"":[]}",Auto 2,0,0,0,"{""version"":1,""segments"":[]}",0,"{""version"":1,""segments"":[]}",0,"{""version"":1,""segments"":[]}",0,0,0,0,0,1,1,-.5,x,1,moved back,"they try to push into a dumper robot but they don't have the weight to effectively push them, also got a few penalties for tower at end game",defense ,214,214,332,blue,0,0,None,None,None,0,None,None,None,0,0,0,3,1,None,0,0,71,214,143,0,0
2026pncmp_qm49,qm,1,49,frc753,frc3674,frc4089,frc8896,frc753,frc2374,frc10416,blue,Adam M,depot2,0,0,0,0,"{""version"":1,""segments"":[]}",0,"{""version"":1,""segments"":[]}",Other,0,0,14.354,"{""version"":1,""segments"":[{""start"":1775847251016,""stop"":1775847255217},{""start"":1775847268493,""stop"":1775847269282},{""start"":1775847269910,""stop"":1775847270360},{""start"":1775847270540,""stop"":1775847270986},{""start"":1775847271449,""stop"":1775847271897},{""start"":1775847272649,""stop"":1775847272799},{""start"":1775847277541,""stop"":1775847277759},{""start"":1775847277910,""stop"":1775847278019},{""start"":1775847278137,""stop"":1775847278179},{""start"":1775847305573,""stop"":1775847306469},{""start"":1775847307998,""stop"":1775847309535},{""start"":1775847317284,""stop"":1775847318052},{""start"":1775847318363,""stop"":1775847318370},{""start"":1775847355082,""stop"":1775847359292},{""start"":1775847368782,""stop"":1775847368847},{""start"":1775847369006,""stop"":1775847369024}]}",0,"{""version"":1,""segments"":[]}",0,"{""version"":1,""segments"":[]}",0,0,0,0,0,0,0,-1,-.5,2,frozen,"Good shooting, not good at dealing with the defense","no ferrying, and no defense played",214,332,332,blue,0,0,None,None,None,0,None,None,None,1,50,0,0,0,None,4,0,38,332,244,0,0
2026pncmp_qm49,qm,1,49,frc2374,frc3674,frc4089,frc8896,frc753,frc2374,frc10416,blue,Maxwell G,outpostWall5,0,0,0,3.591,"{""version"":1,""segments"":[{""start"":1775847231468,""stop"":1775847231968},{""start"":1775847232190,""stop"":1775847232918},{""start"":1775847233589,""stop"":1775847233925},{""start"":1775847235030,""stop"":1775847235089},{""start"":1775847235349,""stop"":1775847235629},{""start"":1775847235788,""stop"":1775847235827},{""start"":1775847236008,""stop"":1775847236055},{""start"":1775847236237,""stop"":1775847236528},{""start"":1775847236655,""stop"":1775847236889},{""start"":1775847237140,""stop"":1775847237315},{""start"":1775847237881,""stop"":1775847238035},{""start"":1775847238570,""stop"":1775847238787},{""start"":1775847239660,""stop"":1775847239720},{""start"":1775847239946,""stop"":1775847239998},{""start"":1775847240600,""stop"":1775847241019}]}",0,"{""version"":1,""segments"":[]}",,0,0,19.8,"{""version"":1,""segments"":[{""start"":1775847259895,""stop"":1775847260314},{""start"":1775847260568,""stop"":1775847261061},{""start"":1775847261547,""stop"":1775847261813},{""start"":1775847269663,""stop"":1775847269965},{""start"":1775847270211,""stop"":1775847270728},{""start"":1775847270951,""stop"":1775847271625},{""start"":1775847272121,""stop"":1775847272782},{""start"":1775847272935,""stop"":1775847273901},{""start"":1775847274324,""stop"":1775847274702},{""start"":1775847275578,""stop"":1775847275817},{""start"":1775847281776,""stop"":1775847282135},{""start"":1775847316629,""stop"":1775847319634},{""start"":1775847327963,""stop"":1775847328761},{""start"":1775847329070,""stop"":1775847329321},{""start"":1775847329694,""stop"":1775847329980},{""start"":1775847330561,""stop"":1775847330616},{""start"":1775847330779,""stop"":1775847330827},{""start"":1775847331944,""stop"":1775847333130},{""start"":1775847333537,""stop"":1775847333770},{""start"":1775847334307,""stop"":1775847334701},{""start"":1775847364370,""stop"":1775847365008},{""start"":1775847365317,""stop"":1775847365787},{""start"":1775847366348,""stop"":1775847366668},{""start"":1775847367281,""stop"":1775847367497},{""start"":1775847367940,""stop"":1775847368222},{""start"":1775847368741,""stop"":1775847369075},{""start"":1775847374825,""stop"":1775847375043},{""start"":1775847376806,""stop"":1775847377163},{""start"":1775847377427,""stop"":1775847378309},{""start"":1775847378450,""stop"":1775847379180},{""start"":1775847379455,""stop"":1775847380070},{""start"":1775847380466,""stop"":1775847380842},{""start"":1775847383626,""stop"":1775847384343},{""start"":1775847384849,""stop"":1775847385101},{""start"":1775847385231,""stop"":1775847385347},{""start"":1775847385491,""stop"":1775847385683},{""start"":1775847385905,""stop"":1775847385941},{""start"":1775847387115,""stop"":1775847388634}]}",0,"{""version"":1,""segments"":[]}",0,"{""version"":1,""segments"":[]}",0,0,0,0,1,0,0,0,.5,2,"Got fuel from outpost, got all of it in","Fires in bursts, so the time firing is not fully accurate, but maintained high accuracy.",Prepped fuel for the next shift.,214,332,332,blue,0,0,None,None,None,0,None,None,None,1,50,0,0,0,None,4,0,38,332,244,0,0
2026pncmp_qm49,qm,1,49,frc10416,frc3674,frc4089,frc8896,frc753,frc2374,frc10416,blue,Gabriel D,middle3,0,0,0,2.756,"{""version"":1,""segments"":[{""start"":1775847233356,""stop"":1775847236112}]}",0,"{""version"":1,""segments"":[]}",,0,0,13.177,"{""version"":1,""segments"":[{""start"":1775847257372,""stop"":1775847260352},{""start"":1775847271760,""stop"":1775847274738},{""start"":1775847315062,""stop"":1775847318043},{""start"":1775847358551,""stop"":1775847360653},{""start"":1775847377131,""stop"":1775847378366},{""start"":1775847386509,""stop"":1775847387410}]}",2.165,"{""version"":1,""segments"":[{""start"":1775847293629,""stop"":1775847295794}]}",0,"{""version"":1,""segments"":[]}",0,0,0,0,0,0,0,x,0,1,"Intaked fuel one time, shoot and then did nothing for around 10 seconds ",,"Didn't do much during inactive, stayed on neutral zone just driving around and intaking some fuel",214,332,332,blue,0,0,None,None,None,0,None,None,None,1,50,0,0,0,None,4,0,38,332,244,0,0
2026pncmp_qm5,qm,1,5,frc2976,frc2976,frc2046,frc5468,frc4089,frc2374,frc2521,red,Pranav K,middle3,0,0,0,1.484,"{""version"":1,""segments"":[{""start"":1775845193802,""stop"":1775845195286}]}",0,"{""version"":1,""segments"":[]}",,0,0,0,"{""version"":1,""segments"":[]}",0,"{""version"":1,""segments"":[]}",0,"{""version"":1,""segments"":[]}",0,0,0,1,0,1,0,-.5,0,1,,,,623,623,292,red,0,0,None,None,None,0,None,None,None,1,5,0,1,1,None,5,1,109,623,509,0,0
2026pncmp_qm5,qm,1,5,frc2046,frc2976,frc2046,frc5468,frc4089,frc2374,frc2521,red,Eve G,outpostWall5,0,0,0,10.759,"{""version"":1,""segments"":[{""start"":1775768809682,""stop"":1775768813100},{""start"":1775768815766,""stop"":1775768820024},{""start"":1775768821760,""stop"":1775768823246},{""start"":1775768827922,""stop"":1775768828900},{""start"":1775768831012,""stop"":1775768831631}]}",0,"{""version"":1,""segments"":[]}",Other,0,0,35.991,"{""version"":1,""segments"":[{""start"":1775768861984,""stop"":1775768867856},{""start"":1775768869009,""stop"":1775768871941},{""start"":1775768878326,""stop"":1775768884874},{""start"":1775768885190,""stop"":1775768886276},{""start"":1775768923217,""stop"":1775768923733},{""start"":1775768931825,""stop"":1775768936145},{""start"":1775768945336,""stop"":1775768953227},{""start"":1775768954451,""stop"":1775768958704},{""start"":1775768963351,""stop"":1775768965924}]}",3.123,"{""version"":1,""segments"":[{""start"":1775768845019,""stop"":1775768848142}]}",7.411,"{""version"":1,""segments"":[{""start"":1775768895105,""stop"":1775768902025},{""start"":1775768902691,""stop"":1775768903182}]}",0,0,0,0,0,0,0,x,.5,3,Scored a TON during auto,"shoots a lot of ball at once very fast, scored a lot, misses a few but I think still gets more in than lots of teams","ferried with shooter and gathered a lot, has large hopper",623,623,292,red,0,0,None,None,None,0,None,None,None,1,5,0,1,1,None,5,1,109,623,509,0,0
2026pncmp_qm5,qm,1,5,frc5468,frc2976,frc2046,frc5468,frc4089,frc2374,frc2521,red,Adam M,depotWall1,1,0,0,5.176,"{""version"":1,""segments"":[{""start"":1775768809365,""stop"":1775768812513},{""start"":1775768818616,""stop"":1775768818684},{""start"":1775768820665,""stop"":1775768822625}]}",0,"{""version"":1,""segments"":[]}",,0,0,34.443,"{""version"":1,""segments"":[{""start"":1775768831437,""stop"":1775768834581},{""start"":1775768836613,""stop"":1775768837535},{""start"":1775768861848,""stop"":1775768872859},{""start"":1775768875666,""stop"":1775768878245},{""start"":1775768880235,""stop"":1775768882760},{""start"":1775768883706,""stop"":1775768883975},{""start"":1775768884504,""stop"":1775768884763},{""start"":1775768885697,""stop"":1775768886186},{""start"":1775768912448,""stop"":1775768921341},{""start"":1775768922932,""stop"":1775768923501},{""start"":1775768924031,""stop"":1775768924392},{""start"":1775768926830,""stop"":1775768928764},{""start"":1775768928996,""stop"":1775768929597},{""start"":1775768929707,""stop"":1775768930154},{""start"":1775768930307,""stop"":1775768930473},{""start"":1775768934333,""stop"":1775768934607}]}",2.066,"{""version"":1,""segments"":[{""start"":1775768908069,""stop"":1775768908858},{""start"":1775768909288,""stop"":1775768909564},{""start"":1775768909795,""stop"":1775768909897},{""start"":1775768909988,""stop"":1775768910098},{""start"":1775768910195,""stop"":1775768910337},{""start"":1775768910366,""stop"":1775768910466},{""start"":1775768910567,""stop"":1775768910626},{""start"":1775768910747,""stop"":1775768911235}]}",0,"{""version"":1,""segments"":[]}",0,0,0,0,0,0,0,x,.5,3,"great auto, rammed into an opposite alliance bot pretty hard but good scoring, consistent and large volume of fuel scored",continuous scoring 90 percent of the time. ,very light ferrying but no true ferrying or defense.,623,623,292,red,0,0,None,None,None,0,None,None,None,1,5,0,1,1,None,5,1,109,623,509,0,0
2026pncmp_qm5,qm,1,5,frc4089,frc2976,frc2046,frc5468,frc4089,frc2374,frc2521,blue,Archer B,outpostWall5,0,0,0,7.782,"{""version"":1,""segments"":[{""start"":1775768806162,""stop"":1775768813944}]}",0,"{""version"":1,""segments"":[]}",Other,0,0,8.076,"{""version"":1,""segments"":[{""start"":1775768829545,""stop"":1775768829654},{""start"":1775768838806,""stop"":1775768846485},{""start"":1775768959398,""stop"":1775768959500},{""start"":1775768959672,""stop"":1775768959768},{""start"":1775768959988,""stop"":1775768960078}]}",11.085,"{""version"":1,""segments"":[{""start"":1775768876632,""stop"":1775768882337},{""start"":1775768915422,""stop"":1775768915622},{""start"":1775768915712,""stop"":1775768916869},{""start"":1775768917602,""stop"":1775768921625}]}",0,"{""version"":1,""segments"":[]}",0,0,0,0,0,0,0,x,.5,3,shot a lot in the went to get more,shot lots of fuel in,ferried,623,292,292,red,0,0,None,None,None,0,None,None,None,1,20,0,0,1,None,1,0,46,292,226,0,0
2026pncmp_qm5,qm,1,5,frc2374,frc2976,frc2046,frc5468,frc4089,frc2374,frc2521,blue,Hendrix D,outpost4,0,0,0,4.457,"{""version"":1,""segments"":[{""start"":1775768810460,""stop"":1775768814691},{""start"":1775768816226,""stop"":1775768816452}]}",0,"{""version"":1,""segments"":[]}",Other,0,0,7.111,"{""version"":1,""segments"":[{""start"":1775768946331,""stop"":1775768948858},{""start"":1775768951698,""stop"":1775768952520},{""start"":1775768952815,""stop"":1775768953296},{""start"":1775768953675,""stop"":1775768953812},{""start"":1775768954390,""stop"":1775768955433},{""start"":1775768956265,""stop"":1775768956520},{""start"":1775768959364,""stop"":1775768959941},{""start"":1775768960409,""stop"":1775768960698},{""start"":1775768961165,""stop"":1775768961459},{""start"":1775768962086,""stop"":1775768962311},{""start"":1775768965733,""stop"":1775768966194}]}",10.512,"{""version"":1,""segments"":[{""start"":1775768850180,""stop"":1775768850858},{""start"":1775768851418,""stop"":1775768851717},{""start"":1775768866542,""stop"":1775768866965},{""start"":1775768876577,""stop"":1775768878980},{""start"":1775768884282,""stop"":1775768884691},{""start"":1775768889539,""stop"":1775768890258},{""start"":1775768891691,""stop"":1775768892514},{""start"":1775768903627,""stop"":1775768904348},{""start"":1775768909319,""stop"":1775768909523},{""start"":1775768912156,""stop"":1775768912464},{""start"":1775768935225,""stop"":1775768938324},{""start"":1775768939621,""stop"":1775768939863},{""start"":1775768945553,""stop"":1775768945737}]}",0,"{""version"":1,""segments"":[]}",0,0,0,0,0,0,0,x,.5,1,got one fuel hopper shoot off,"were focused on ferrying to their alliance partners, only shoot during endgame and had a slow turret. their intake was fast but a little finiky.","were able to ferry on the move and move clusters of fuel around effectively, but were ineffective at times and were not ferrying when they could have been ",623,292,292,red,0,0,None,None,None,0,None,None,None,1,20,0,0,1,None,1,0,46,292,226,0,0
2026pncmp_qm5,qm,1,5,frc2521,frc2976,frc2046,frc5468,frc4089,frc2374,frc2521,blue,Cayden W,depot2,0,0,0,1.879,"{""version"":1,""segments"":[{""start"":1775768803722,""stop"":1775768803949},{""start"":1775768804832,""stop"":1775768804940},{""start"":1775768812519,""stop"":1775768812526},{""start"":1775768812569,""stop"":1775768813771},{""start"":1775768813944,""stop"":1775768814087},{""start"":1775768814211,""stop"":1775768814352},{""start"":1775768814510,""stop"":1775768814561}]}",0.595,"{""version"":1,""segments"":[{""start"":1775768805760,""stop"":1775768806302},{""start"":1775768807206,""stop"":1775768807259}]}",Auto 1,0,0,3.12,"{""version"":1,""segments"":[{""start"":1775768848718,""stop"":1775768849180},{""start"":1775768849668,""stop"":1775768849758},{""start"":1775768854444,""stop"":1775768855112},{""start"":1775768855837,""stop"":1775768856068},{""start"":1775768856198,""stop"":1775768856289},{""start"":1775768856477,""stop"":1775768856498},{""start"":1775768859843,""stop"":1775768860169},{""start"":1775768860792,""stop"":1775768860854},{""start"":1775768885062,""stop"":1775768885763},{""start"":1775768903634,""stop"":1775768903919},{""start"":1775768911246,""stop"":1775768911337},{""start"":1775768911755,""stop"":1775768911847}]}",0.741,"{""version"":1,""segments"":[{""start"":1775768937481,""stop"":1775768937869},{""start"":1775768956052,""stop"":1775768956110},{""start"":1775768958482,""stop"":1775768958489},{""start"":1775768960207,""stop"":1775768960237},{""start"":1775768960468,""stop"":1775768960496},{""start"":1775768960759,""stop"":1775768960765},{""start"":1775768960937,""stop"":1775768961010},{""start"":1775768961192,""stop"":1775768961228},{""start"":1775768961805,""stop"":1775768961815},{""start"":1775768962542,""stop"":1775768962595},{""start"":1775768966262,""stop"":1775768966314}]}",0,"{""version"":1,""segments"":[]}",7.899999999999988,0,0,0,0,0,0,x,-.5,2,missed a lot of the fuel scoring into hub,"intake near by fuel and shoot, ",was trying to push fuel but was being defended,623,292,292,red,0,0,None,None,None,0,None,None,None,1,20,0,0,1,None,1,0,46,292,226,0,0
2026pncmp_qm50,qm,1,50,frc1425,frc1425,frc2412,frc2926,frc4512,frc6696,frc2976,red,naman p,depotWall1,0,0,0,0,"{""version"":1,""segments"":[]}",0,"{""version"":1,""segments"":[]}",,0,0,0,"{""version"":1,""segments"":[]}",0,"{""version"":1,""segments"":[]}",0,"{""version"":1,""segments"":[]}",0,0,0,0,0,0,0,x,x,1,,,,308,308,327,blue,0,0,None,None,None,0,None,None,None,1,0,0,0,0,None,1,0,35,308,273,0,0
2026pncmp_qm50,qm,1,50,frc2412,frc1425,frc2412,frc2926,frc4512,frc6696,frc2976,red,,depotWall1,0,0,0,0,"{""version"":1,""segments"":[]}",0,"{""version"":1,""segments"":[]}",,0,0,0,"{""version"":1,""segments"":[]}",0,"{""version"":1,""segments"":[]}",0,"{""version"":1,""segments"":[]}",0,0,0,0,0,0,0,x,x,1,,,,308,308,327,blue,0,0,None,None,None,0,None,None,None,1,0,0,0,0,None,1,0,35,308,273,0,0
2026pncmp_qm50,qm,1,50,frc2926,frc1425,frc2412,frc2926,frc4512,frc6696,frc2976,red,Cayden W,depotWall1,0,0,0,0,"{""version"":1,""segments"":[]}",0,"{""version"":1,""segments"":[]}",,0,0,0,"{""version"":1,""segments"":[]}",0,"{""version"":1,""segments"":[]}",0,"{""version"":1,""segments"":[]}",0,0,0,0,0,0,0,x,x,1,,,,308,308,327,blue,0,0,None,None,None,0,None,None,None,1,0,0,0,0,None,1,0,35,308,273,0,0
2026pncmp_qm50,qm,1,50,frc4512,frc1425,frc2412,frc2926,frc4512,frc6696,frc2976,blue,,depotWall1,0,0,0,0,"{""version"":1,""segments"":[]}",0,"{""version"":1,""segments"":[]}",,0,0,0,"{""version"":1,""segments"":[]}",0,"{""version"":1,""segments"":[]}",0,"{""version"":1,""segments"":[]}",0,0,0,0,0,0,0,x,x,1,,,,308,327,327,blue,0,0,None,None,None,0,None,None,None,1,0,0,0,0,None,4,0,83,327,244,0,0
2026pncmp_qm50,qm,1,50,frc6696,frc1425,frc2412,frc2926,frc4512,frc6696,frc2976,blue,Maxwell G,outpostWall5,0,0,0,8.18,"{""version"":1,""segments"":[{""start"":1775847717625,""stop"":1775847720239},{""start"":1775847720514,""stop"":1775847721321},{""start"":1775847721461,""stop"":1775847721721},{""start"":1775847721936,""stop"":1775847722140},{""start"":1775847727350,""stop"":1775847727661},{""start"":1775847727945,""stop"":1775847729037},{""start"":1775847729313,""stop"":1775847730101},{""start"":1775847730371,""stop"":1775847732345},{""start"":1775847732567,""stop"":1775847732697}]}",0,"{""version"":1,""segments"":[]}",,0,0,13.702,"{""version"":1,""segments"":[{""start"":1775847741591,""stop"":1775847743258},{""start"":1775847743490,""stop"":1775847744927},{""start"":1775847745235,""stop"":1775847746204},{""start"":1775847746426,""stop"":1775847746764},{""start"":1775847770865,""stop"":1775847771091},{""start"":1775847771670,""stop"":1775847776946},{""start"":1775847777744,""stop"":1775847777831},{""start"":1775847778628,""stop"":1775847778735},{""start"":1775847778855,""stop"":1775847778905},{""start"":1775847781127,""stop"":1775847781186},{""start"":1775847784762,""stop"":1775847784859},{""start"":1775847794330,""stop"":1775847795442},{""start"":1775847824585,""stop"":1775847825322},{""start"":1775847825522,""stop"":1775847825702},{""start"":1775847825928,""stop"":1775847826146},{""start"":1775847826368,""stop"":1775847826546},{""start"":1775847827009,""stop"":1775847827123},{""start"":1775847827519,""stop"":1775847827612},{""start"":1775847828126,""stop"":1775847828190},{""start"":1775847828765,""stop"":1775847828799},{""start"":1775847829337,""stop"":1775847829389},{""start"":1775847829868,""stop"":1775847830001},{""start"":1775847830226,""stop"":1775847830560},{""start"":1775847831983,""stop"":1775847832123}]}",12.003,"{""version"":1,""segments"":[{""start"":1775847752117,""stop"":1775847754056},{""start"":1775847754381,""stop"":1775847755252},{""start"":1775847759477,""stop"":1775847761205},{""start"":1775847761643,""stop"":1775847762841},{""start"":1775847763039,""stop"":1775847763420},{""start"":1775847764685,""stop"":1775847766012},{""start"":1775847798606,""stop"":1775847799752},{""start"":1775847799931,""stop"":1775847800032},{""start"":1775847800509,""stop"":1775847801450},{""start"":1775847801582,""stop"":1775847801641},{""start"":1775847801730,""stop"":1775847802263},{""start"":1775847802649,""stop"":1775847803139},{""start"":1775847803426,""stop"":1775847803659},{""start"":1775847803912,""stop"":1775847804338},{""start"":1775847804544,""stop"":1775847804938},{""start"":1775847805834,""stop"":1775847806032},{""start"":1775847810960,""stop"":1775847810998}]}",0.456,"{""version"":1,""segments"":[{""start"":1775847737197,""stop"":1775847737304},{""start"":1775847779273,""stop"":1775847779565},{""start"":1775847785416,""stop"":1775847785426},{""start"":1775847786404,""stop"":1775847786451}]}",0,0,0,0,0,1,1,.5,.5,2,"Collected fuel, shot with high accuracy","High accuracy, along with good defence",stopped one of the robots from scoring >20 fuel,308,327,327,blue,0,0,None,None,None,0,None,None,None,1,0,0,0,0,None,4,0,83,327,244,0,0
2026pncmp_qm50,qm,1,50,frc2976,frc1425,frc2412,frc2926,frc4512,frc6696,frc2976,blue,Gabriel D,depotWall1,0,0,0,0,"{""version"":1,""segments"":[]}",0,"{""version"":1,""segments"":[]}",,0,0,0,"{""version"":1,""segments"":[]}",0,"{""version"":1,""segments"":[]}",0,"{""version"":1,""segments"":[]}",0,0,0,0,0,0,0,x,x,1,,,,308,327,327,blue,0,0,None,None,None,0,None,None,None,1,0,0,0,0,None,4,0,83,327,244,0,0
2026pncmp_qm51,qm,1,51,frc4125,frc4125,frc10991,frc9023,frc4061,frc4469,frc1294,red,naman p,outpostWall5,0,0,0,0.94,"{""version"":1,""segments"":[{""start"":1775848224809,""stop"":1775848224967},{""start"":1775848225118,""stop"":1775848225272},{""start"":1775848225312,""stop"":1775848225420},{""start"":1775848225550,""stop"":1775848225609},{""start"":1775848225723,""stop"":1775848225824},{""start"":1775848225896,""stop"":1775848226256}]}",0,"{""version"":1,""segments"":[]}",,0,0,0,"{""version"":1,""segments"":[]}",0,"{""version"":1,""segments"":[]}",0,"{""version"":1,""segments"":[]}",0,0,0,0,0,0,0,x,-.5,1,couldn't see. plz rescout,they seemed to be ineffective and kinda just wandered around,they did sweep some fuel,198,198,245,blue,0,0,None,None,None,0,None,None,None,0,0,0,0,1,None,0,0,58,198,140,0,0
2026pncmp_qm51,qm,1,51,frc10991,frc4125,frc10991,frc9023,frc4061,frc4469,frc1294,red,Meri H.,middle3,0,0,0,2.465,"{""version"":1,""segments"":[{""start"":1775848208122,""stop"":1775848208881},{""start"":1775848210680,""stop"":1775848212301},{""start"":1775848219372,""stop"":1775848219457}]}",0,"{""version"":1,""segments"":[]}",Auto 2,0,10.699999999999978,0,"{""version"":1,""segments"":[]}",0,"{""version"":1,""segments"":[]}",0,"{""version"":1,""segments"":[]}",0,0,0,0,0,1,0,-.5,-.5,1,Auto did not get close enough to depot to collect fuel.,,Were attempting to play defense and then stopped in the middle and didn't move until the end. Struggled diving,198,198,245,blue,0,0,None,None,None,0,None,None,None,0,0,0,0,1,None,0,0,58,198,140,0,0
2026pncmp_qm51,qm,1,51,frc9023,frc4125,frc10991,frc9023,frc4061,frc4469,frc1294,red,Cayden W,depotWall1,0,0,0,5.471,"{""version"":1,""segments"":[{""start"":1775848210572,""stop"":1775848214368},{""start"":1775848214888,""stop"":1775848216325},{""start"":1775848220593,""stop"":1775848220831}]}",0.329,"{""version"":1,""segments"":[{""start"":1775848224349,""stop"":1775848224678}]}",Auto 1,0,0,30.422,"{""version"":1,""segments"":[{""start"":1775848266337,""stop"":1775848267625},{""start"":1775848267876,""stop"":1775848269374},{""start"":1775848269574,""stop"":1775848269693},{""start"":1775848276188,""stop"":1775848280003},{""start"":1775848280778,""stop"":1775848281045},{""start"":1775848281745,""stop"":1775848283302},{""start"":1775848289037,""stop"":1775848290526},{""start"":1775848290762,""stop"":1775848290952},{""start"":1775848318518,""stop"":1775848319535},{""start"":1775848319655,""stop"":1775848321512},{""start"":1775848322957,""stop"":1775848323394},{""start"":1775848323574,""stop"":1775848324783},{""start"":1775848324934,""stop"":1775848325802},{""start"":1775848325933,""stop"":1775848326322},{""start"":1775848331956,""stop"":1775848335694},{""start"":1775848336311,""stop"":1775848336549},{""start"":1775848342253,""stop"":1775848342714},{""start"":1775848343466,""stop"":1775848345977},{""start"":1775848354241,""stop"":1775848357881},{""start"":1775848366920,""stop"":1775848370754}]}",14.122,"{""version"":1,""segments"":[{""start"":1775848233819,""stop"":1775848235866},{""start"":1775848236265,""stop"":1775848237277},{""start"":1775848237455,""stop"":1775848238383},{""start"":1775848239399,""stop"":1775848240486},{""start"":1775848240696,""stop"":1775848241814},{""start"":1775848242142,""stop"":1775848242562},{""start"":1775848244395,""stop"":1775848244504},{""start"":1775848244774,""stop"":1775848245483},{""start"":1775848246255,""stop"":1775848246495},{""start"":1775848247492,""stop"":1775848247529},{""start"":1775848250501,""stop"":1775848252138},{""start"":1775848252787,""stop"":1775848253736},{""start"":1775848255747,""stop"":1775848256266},{""start"":1775848296598,""stop"":1775848298515},{""start"":1775848299135,""stop"":1775848299302},{""start"":1775848309170,""stop"":1775848310018},{""start"":1775848310733,""stop"":1775848311111}]}",0,"{""version"":1,""segments"":[]}",0,0,0,0,0,0,0,x,0,3,Didn't do a full 2nd pass but accurate ,"shot very quick cycles and very accurate, took tthem a couple secs when defended to get past trench ",ferry very fast and stole from OZ,198,198,245,blue,0,0,None,None,None,0,None,None,None,0,0,0,0,1,None,0,0,58,198,140,0,0
2026pncmp_qm51,qm,1,51,frc4061,frc4125,frc10991,frc9023,frc4061,frc4469,frc1294,blue,Adam M,middle3,0,0,0,0.977,"{""version"":1,""segments"":[{""start"":1775848205830,""stop"":1775848206438},{""start"":1775848211412,""stop"":1775848211781}]}",0,"{""version"":1,""segments"":[]}",Other,0,0,0.64,"{""version"":1,""segments"":[{""start"":1775848401520,""stop"":1775848402160}]}",0.122,"{""version"":1,""segments"":[{""start"":1775848284830,""stop"":1775848284952}]}",2.685,"{""version"":1,""segments"":[{""start"":1775848248169,""stop"":1775848248230},{""start"":1775848248792,""stop"":1775848248868},{""start"":1775848249341,""stop"":1775848249428},{""start"":1775848256275,""stop"":1775848256334},{""start"":1775848256543,""stop"":1775848256582},{""start"":1775848256743,""stop"":1775848256812},{""start"":1775848277396,""stop"":1775848278253},{""start"":1775848278584,""stop"":1775848279972},{""start"":1775848303842,""stop"":1775848303891}]}",0,0,0,0,0,1,0,x,-.5,1,Shot preloaded then didn't move,"not much shooting, les than 1.5 seconds","terrible defense, tries to ferry from the opposite side ",198,245,245,blue,0,0,None,None,None,0,None,None,None,1,5,0,0,0,None,4,0,22,245,218,0,0
2026pncmp_qm51,qm,1,51,frc4469,frc4125,frc10991,frc9023,frc4061,frc4469,frc1294,blue,Maxwell G,depotWall1,0,0,0,0,"{""version"":1,""segments"":[]}",0,"{""version"":1,""segments"":[]}",,0,0,23.673,"{""version"":1,""segments"":[{""start"":1775848236184,""stop"":1775848236272},{""start"":1775848236576,""stop"":1775848238243},{""start"":1775848238303,""stop"":1775848238318},{""start"":1775848238645,""stop"":1775848239241},{""start"":1775848247093,""stop"":1775848249598},{""start"":1775848257301,""stop"":1775848258158},{""start"":1775848262498,""stop"":1775848263075},{""start"":1775848293130,""stop"":1775848294675},{""start"":1775848295162,""stop"":1775848296423},{""start"":1775848296750,""stop"":1775848297633},{""start"":1775848297878,""stop"":1775848298472},{""start"":1775848298707,""stop"":1775848299181},{""start"":1775848320143,""stop"":1775848320220},{""start"":1775848338112,""stop"":1775848338538},{""start"":1775848338824,""stop"":1775848339132},{""start"":1775848339586,""stop"":1775848343486},{""start"":1775848348952,""stop"":1775848350210},{""start"":1775848350437,""stop"":1775848352109},{""start"":1775848352309,""stop"":1775848353257},{""start"":1775848359410,""stop"":1775848359689},{""start"":1775848367022,""stop"":1775848370488},{""start"":1775848370914,""stop"":1775848371191}]}",0,"{""version"":1,""segments"":[]}",0,"{""version"":1,""segments"":[]}",0,0,0,0,0,1,0,0,0,2,"Auto seems to have a problem, got to middle, but then fired and got stopped.","Fast cycle times, along with high fuel output.",Prevented opposing team from scoring more.,198,245,245,blue,0,0,None,None,None,0,None,None,None,1,5,0,0,0,None,4,0,22,245,218,0,0
2026pncmp_qm51,qm,1,51,frc1294,frc4125,frc10991,frc9023,frc4061,frc4469,frc1294,blue,Gabriel D,outpostWall5,0,0,0,1.774,"{""version"":1,""segments"":[{""start"":1775848202618,""stop"":1775848204392}]}",0,"{""version"":1,""segments"":[]}",,0,0,6.217,"{""version"":1,""segments"":[{""start"":1775848248241,""stop"":1775848248608},{""start"":1775848248879,""stop"":1775848254729}]}",0,"{""version"":1,""segments"":[]}",1.826,"{""version"":1,""segments"":[{""start"":1775848308848,""stop"":1775848310674}]}",0,0,0,1,0,1,0,0,0,1,"Not effective auto, just shoot the preloaded fuel ","Shoot some fuel at first, but then focused on stealing fuel from opponent side + defense",Kept stealing fuel and defense,198,245,245,blue,0,0,None,None,None,0,None,None,None,1,5,0,0,0,None,4,0,22,245,218,0,0
2026pncmp_qm52,qm,1,52,frc3218,frc3218,frc5468,frc10079,frc4450,frc1595,frc955,red,naman p,middle3,0,0,0,2.842,"{""version"":1,""segments"":[{""start"":1775848656561,""stop"":1775848658441},{""start"":1775848658887,""stop"":1775848659849}]}",0,"{""version"":1,""segments"":[]}",Other,0,98.99999999999865,0,"{""version"":1,""segments"":[]}",3.885,"{""version"":1,""segments"":[{""start"":1775848682915,""stop"":1775848684663},{""start"":1775848689028,""stop"":1775848691165}]}",0,"{""version"":1,""segments"":[]}",0,0,0,0,0,0,0,x,x,1,they did pretty decent and scored quite a bit of fuel,they died early on by losing connection,were able to ferry abit but lost comms,375,375,432,blue,0,0,None,None,None,0,None,None,None,1,35,0,0,0,None,1,0,60,375,280,0,0
2026pncmp_qm52,qm,1,52,frc5468,frc3218,frc5468,frc10079,frc4450,frc1595,frc955,red,Meri H.,depotWall1,0,0,0,2.195,"{""version"":1,""segments"":[{""start"":1775848663806,""stop"":1775848666001}]}",0,"{""version"":1,""segments"":[]}",Auto 3,1,0,24.084,"{""version"":1,""segments"":[{""start"":1775848699500,""stop"":1775848703096},{""start"":1775848704457,""stop"":1775848705214},{""start"":1775848711328,""stop"":1775848712098},{""start"":1775848712682,""stop"":1775848713308},{""start"":1775848714042,""stop"":1775848714430},{""start"":1775848714887,""stop"":1775848714949},{""start"":1775848715195,""stop"":1775848715279},{""start"":1775848715429,""stop"":1775848715519},{""start"":1775848742654,""stop"":1775848744078},{""start"":1775848746312,""stop"":1775848751896},{""start"":1775848762424,""stop"":1775848764847},{""start"":1775848765316,""stop"":1775848765926},{""start"":1775848766211,""stop"":1775848766546},{""start"":1775848791624,""stop"":1775848796823},{""start"":1775848801820,""stop"":1775848802186},{""start"":1775848811446,""stop"":1775848812673},{""start"":1775848813451,""stop"":1775848813571},{""start"":1775848818378,""stop"":1775848818695},{""start"":1775848819480,""stop"":1775848819586}]}",0.937,"{""version"":1,""segments"":[{""start"":1775848719159,""stop"":1775848720096}]}",0,"{""version"":1,""segments"":[]}",0.8999999999999999,0,0,0,0,0,0,x,1,3,Hit the trench on the depot side. Couldn't intake more fuel.,,Used drivebase to push balls into the AZ. Stole balls from OZ by intaking(didnt ferry),375,375,432,blue,0,0,None,None,None,0,None,None,None,1,35,0,0,0,None,1,0,60,375,280,0,0
2026pncmp_qm52,qm,1,52,frc10079,frc3218,frc5468,frc10079,frc4450,frc1595,frc955,red,Cayden W,outpostWall5,0,0,0,3.589,"{""version"":1,""segments"":[{""start"":1775848670657,""stop"":1775848673724},{""start"":1775848674373,""stop"":1775848674575},{""start"":1775848675013,""stop"":1775848675083},{""start"":1775848675651,""stop"":1775848675901}]}",0,"{""version"":1,""segments"":[]}",Auto 1,0,0,21.456,"{""version"":1,""segments"":[{""start"":1775848696796,""stop"":1775848698942},{""start"":1775848699392,""stop"":1775848699771},{""start"":1775848700111,""stop"":1775848700540},{""start"":1775848700970,""stop"":1775848701429},{""start"":1775848713953,""stop"":1775848714121},{""start"":1775848714312,""stop"":1775848715460},{""start"":1775848715711,""stop"":1775848716888},{""start"":1775848745589,""stop"":1775848747099},{""start"":1775848747287,""stop"":1775848748255},{""start"":1775848749528,""stop"":1775848750176},{""start"":1775848759752,""stop"":1775848760379},{""start"":1775848760579,""stop"":1775848762589},{""start"":1775848762890,""stop"":1775848764287},{""start"":1775848791798,""stop"":1775848794534},{""start"":1775848794742,""stop"":1775848795813},{""start"":1775848796101,""stop"":1775848797111},{""start"":1775848797433,""stop"":1775848797960},{""start"":1775848798291,""stop"":1775848798879},{""start"":1775848813791,""stop"":1775848814409},{""start"":1775848815050,""stop"":1775848816388},{""start"":1775848816755,""stop"":1775848817257}]}",0,"{""version"":1,""segments"":[]}",2.047,"{""version"":1,""segments"":[{""start"":1775848730337,""stop"":1775848732384}]}",0,0,0,0,0,0,0,x,-.5,1,not full hopper but also very accurate ,"accurate shooting, was slow at shooting ","was able to shoot from OZ ferry, pushing fuel into AZ",375,375,432,blue,0,0,None,None,None,0,None,None,None,1,35,0,0,0,None,1,0,60,375,280,0,0
2026pncmp_qm52,qm,1,52,frc4450,frc3218,frc5468,frc10079,frc4450,frc1595,frc955,blue,Adam M,depotWall1,0,0,0,1.616,"{""version"":1,""segments"":[{""start"":1775848673383,""stop"":1775848674999}]}",0,"{""version"":1,""segments"":[]}",Auto 1,0,0,33.329,"{""version"":1,""segments"":[{""start"":1775848682419,""stop"":1775848684660},{""start"":1775848685393,""stop"":1775848685420},{""start"":1775848685600,""stop"":1775848685670},{""start"":1775848685850,""stop"":1775848685922},{""start"":1775848686061,""stop"":1775848686078},{""start"":1775848686270,""stop"":1775848686329},{""start"":1775848686499,""stop"":1775848686527},{""start"":1775848686710,""stop"":1775848686768},{""start"":1775848686939,""stop"":1775848686998},{""start"":1775848687139,""stop"":1775848687208},{""start"":1775848713653,""stop"":1775848713904},{""start"":1775848715068,""stop"":1775848715185},{""start"":1775848718069,""stop"":1775848718195},{""start"":1775848718368,""stop"":1775848718448},{""start"":1775848718617,""stop"":1775848718666},{""start"":1775848718836,""stop"":1775848718895},{""start"":1775848719077,""stop"":1775848722374},{""start"":1775848723233,""stop"":1775848723325},{""start"":1775848762302,""stop"":1775848770787},{""start"":1775848779793,""stop"":1775848781669},{""start"":1775848789961,""stop"":1775848796012},{""start"":1775848805832,""stop"":1775848815978}]}",0,"{""version"":1,""segments"":[]}",0,"{""version"":1,""segments"":[]}",0,0,0,0,0,0,0,x,x,1,followed auto well despite getting hit,"Good shooting, accurate with few mistakes ",no ferrying and no defense ,375,432,432,blue,0,0,None,None,None,0,None,None,None,1,0,0,2,1,None,5,1,78,432,354,0,0
2026pncmp_qm52,qm,1,52,frc1595,frc3218,frc5468,frc10079,frc4450,frc1595,frc955,blue,Maxwell G,outpost4,0,0,0,3.604,"{""version"":1,""segments"":[{""start"":1775848664627,""stop"":1775848665113},{""start"":1775848665349,""stop"":1775848665597},{""start"":1775848665886,""stop"":1775848666253},{""start"":1775848666466,""stop"":1775848666708},{""start"":1775848666872,""stop"":1775848667152},{""start"":1775848667292,""stop"":1775848667592},{""start"":1775848667777,""stop"":1775848668051},{""start"":1775848668251,""stop"":1775848668522},{""start"":1775848668746,""stop"":1775848669011},{""start"":1775848669647,""stop"":1775848670518}]}",0,"{""version"":1,""segments"":[]}",,0,0,2.484,"{""version"":1,""segments"":[{""start"":1775848716857,""stop"":1775848717222},{""start"":1775848717839,""stop"":1775848718082},{""start"":1775848718898,""stop"":1775848718918},{""start"":1775848718920,""stop"":1775848719038},{""start"":1775848723360,""stop"":1775848723568},{""start"":1775848734824,""stop"":1775848735084},{""start"":1775848736405,""stop"":1775848737675}]}",3.257,"{""version"":1,""segments"":[{""start"":1775848696684,""stop"":1775848699941}]}",0,"{""version"":1,""segments"":[]}",0,0,0,0,0,0,0,x,x,1,"Retrieved from outpost, good accuracy",First half was scoring fuel before switching to defense second half,Defending opposing teams goal to prevent scoring,375,432,432,blue,0,0,None,None,None,0,None,None,None,1,0,0,2,1,None,5,1,78,432,354,0,0
2026pncmp_qm52,qm,1,52,frc955,frc3218,frc5468,frc10079,frc4450,frc1595,frc955,blue,Gabriel D,depotWall1,0,0,0,6.228,"{""version"":1,""segments"":[{""start"":1775848662248,""stop"":1775848665834},{""start"":1775848671170,""stop"":1775848672811},{""start"":1775848673908,""stop"":1775848674909}]}",0,"{""version"":1,""segments"":[]}",,0,0,45.441,"{""version"":1,""segments"":[{""start"":1775848685411,""stop"":1775848688420},{""start"":1775848712730,""stop"":1775848718845},{""start"":1775848719221,""stop"":1775848728739},{""start"":1775848732583,""stop"":1775848735868},{""start"":1775848764638,""stop"":1775848774981},{""start"":1775848781587,""stop"":1775848786353},{""start"":1775848792416,""stop"":1775848797389},{""start"":1775848813301,""stop"":1775848815522},{""start"":1775848817604,""stop"":1775848818815}]}",0,"{""version"":1,""segments"":[]}",3.149,"{""version"":1,""segments"":[{""start"":1775848747924,""stop"":1775848751073}]}",0,0,0,0,0,0,0,x,.5,3,"Great auto, went to intake on neutral zone 2 times, consistent shooting","Focused on scoring, takes a long time to shoot all the fuel its holding ",intaked + stole fuel from opponent side,375,432,432,blue,0,0,None,None,None,0,None,None,None,1,0,0,2,1,None,5,1,78,432,354,0,0
2026pncmp_qm53,qm,1,53,frc948,frc948,frc2521,frc2910,frc8248,frc9450,frc1318,red,naman p,depot2,0,0,0,3.529,"{""version"":1,""segments"":[{""start"":1775849205799,""stop"":1775849206763},{""start"":1775849214584,""stop"":1775849217149}]}",0,"{""version"":1,""segments"":[]}",,0,0,23.547,"{""version"":1,""segments"":[{""start"":1775849230639,""stop"":1775849233024},{""start"":1775849260895,""stop"":1775849263858},{""start"":1775849268496,""stop"":1775849273312},{""start"":1775849280504,""stop"":1775849282424},{""start"":1775849308221,""stop"":1775849310694},{""start"":1775849321461,""stop"":1775849324387},{""start"":1775849350519,""stop"":1775849352047},{""start"":1775849352685,""stop"":1775849353682},{""start"":1775849355789,""stop"":1775849355866},{""start"":1775849358755,""stop"":1775849358847},{""start"":1775849359495,""stop"":1775849359606},{""start"":1775849360294,""stop"":1775849360625},{""start"":1775849361313,""stop"":1775849364241}]}",0,"{""version"":1,""segments"":[]}",0,"{""version"":1,""segments"":[]}",0,0,0,0,0,0,0,x,0,2,they had a decent auto ,they had crazy bps and shot many fuel,they were able to sweep fuel ,465,465,267,red,0,0,None,None,None,0,None,None,None,1,0,0,0,1,None,5,1,73,465,392,0,0
2026pncmp_qm53,qm,1,53,frc2521,frc948,frc2521,frc2910,frc8248,frc9450,frc1318,red,Meri H,middle3,0,0,0,0.974,"{""version"":1,""segments"":[{""start"":1775849209547,""stop"":1775849209682},{""start"":1775849210059,""stop"":1775849210232},{""start"":1775849210424,""stop"":1775849211090}]}",0,"{""version"":1,""segments"":[]}",Auto 2,0,73.70000000000009,0,"{""version"":1,""segments"":[]}",0,"{""version"":1,""segments"":[]}",1.982,"{""version"":1,""segments"":[{""start"":1775849276017,""stop"":1775849277113},{""start"":1775849288139,""stop"":1775849288784},{""start"":1775849289002,""stop"":1775849289243}]}",0,0,0,0,0,0,0,x,-.5,1,Didnt go to depot during auto. It just went backward and shot,Outtake or intake seemed broken,,465,465,267,red,0,0,None,None,None,0,None,None,None,1,0,0,0,1,None,5,1,73,465,392,0,0
2026pncmp_qm53,qm,1,53,frc2910,frc948,frc2521,frc2910,frc8248,frc9450,frc1318,red,Cayden W,outpostWall5,0,0,0,0,"{""version"":1,""segments"":[]}",0,"{""version"":1,""segments"":[]}",Auto 1,0,0,12.981,"{""version"":1,""segments"":[{""start"":1775849240930,""stop"":1775849241771},{""start"":1775849245985,""stop"":1775849246145},{""start"":1775849264875,""stop"":1775849267161},{""start"":1775849278038,""stop"":1775849280005},{""start"":1775849313503,""stop"":1775849315569},{""start"":1775849328182,""stop"":1775849330407},{""start"":1775849346860,""stop"":1775849348379},{""start"":1775849349329,""stop"":1775849349589},{""start"":1775849357160,""stop"":1775849357529},{""start"":1775849369410,""stop"":1775849370698}]}",2.09,"{""version"":1,""segments"":[{""start"":1775849246743,""stop"":1775849247852},{""start"":1775849298474,""stop"":1775849299455}]}",0,"{""version"":1,""segments"":[]}",4.799999999999999,0,0,0,0,0,0,x,.5,3,hit hub and A stopped ,"very consistent accurate shooting, very fast shooting","fast ferrying, also stole from OZ",465,465,267,red,0,0,None,None,None,0,None,None,None,1,0,0,0,1,None,5,1,73,465,392,0,0
2026pncmp_qm53,qm,1,53,frc8248,frc948,frc2521,frc2910,frc8248,frc9450,frc1318,blue,Adam Mahmoud,depot2,0,0,0,0,"{""version"":1,""segments"":[]}",0,"{""version"":1,""segments"":[]}",Auto 2,0,26.900000000000112,0,"{""version"":1,""segments"":[]}",0,"{""version"":1,""segments"":[]}",0,"{""version"":1,""segments"":[]}",0,0,0,0,0,0,0,x,-1,1,shot fuel at the human players?????,drove around aimlessly,same here and then disabled,465,267,267,red,0,0,None,None,None,0,None,None,None,1,5,0,0,0,None,1,0,39,267,223,0,0
2026pncmp_qm53,qm,1,53,frc9450,frc948,frc2521,frc2910,frc8248,frc9450,frc1318,blue,Maxwell G,depotWall1,0,0,0,0,"{""version"":1,""segments"":[]}",1.466,"{""version"":1,""segments"":[{""start"":1775849215652,""stop"":1775849217118}]}",,0,0,19.671,"{""version"":1,""segments"":[{""start"":1775849233497,""stop"":1775849233569},{""start"":1775849234067,""stop"":1775849234148},{""start"":1775849234476,""stop"":1775849234548},{""start"":1775849244413,""stop"":1775849245901},{""start"":1775849246307,""stop"":1775849247229},{""start"":1775849248064,""stop"":1775849248521},{""start"":1775849260509,""stop"":1775849261615},{""start"":1775849262361,""stop"":1775849263269},{""start"":1775849263665,""stop"":1775849264806},{""start"":1775849269550,""stop"":1775849269568},{""start"":1775849269570,""stop"":1775849269750},{""start"":1775849270686,""stop"":1775849270943},{""start"":1775849279646,""stop"":1775849280128},{""start"":1775849288579,""stop"":1775849293513},{""start"":1775849294974,""stop"":1775849296274},{""start"":1775849298925,""stop"":1775849299851},{""start"":1775849301044,""stop"":1775849301703},{""start"":1775849304746,""stop"":1775849307690},{""start"":1775849308396,""stop"":1775849308684},{""start"":1775849309032,""stop"":1775849309144},{""start"":1775849309900,""stop"":1775849309997},{""start"":1775849310344,""stop"":1775849310456},{""start"":1775849310905,""stop"":1775849311105},{""start"":1775849311504,""stop"":1775849311746},{""start"":1775849345591,""stop"":1775849345659},{""start"":1775849345985,""stop"":1775849346109},{""start"":1775849346386,""stop"":1775849346467},{""start"":1775849346590,""stop"":1775849346627},{""start"":1775849346855,""stop"":1775849346928},{""start"":1775849347329,""stop"":1775849347408},{""start"":1775849347864,""stop"":1775849347906},{""start"":1775849348593,""stop"":1775849348677},{""start"":1775849349704,""stop"":1775849349789}]}",1.686,"{""version"":1,""segments"":[{""start"":1775849271611,""stop"":1775849271848},{""start"":1775849272210,""stop"":1775849273172},{""start"":1775849327788,""stop"":1775849327853},{""start"":1775849328159,""stop"":1775849328445},{""start"":1775849328606,""stop"":1775849328742}]}",0.69,"{""version"":1,""segments"":[{""start"":1775849277200,""stop"":1775849277890}]}",0,0,0,0,0,0,0,x,0,1,"Slow shooting, not too accurate but could still do fast cycles.","fairly fast cycles, along with manevuerability",Ferried fuel from close to opposing hub,465,267,267,red,0,0,None,None,None,0,None,None,None,1,5,0,0,0,None,1,0,39,267,223,0,0
2026pncmp_qm53,qm,1,53,frc1318,frc948,frc2521,frc2910,frc8248,frc9450,frc1318,blue,Gabriel D,middle3,0,0,0,1.411,"{""version"":1,""segments"":[{""start"":1775849206801,""stop"":1775849208212}]}",0,"{""version"":1,""segments"":[]}",,0,0,20.058,"{""version"":1,""segments"":[{""start"":1775849239518,""stop"":1775849243391},{""start"":1775849263705,""stop"":1775849264122},{""start"":1775849299988,""stop"":1775849305263},{""start"":1775849343442,""stop"":1775849348640},{""start"":1775849356658,""stop"":1775849359249},{""start"":1775849364755,""stop"":1775849367459}]}",3.647,"{""version"":1,""segments"":[{""start"":1775849329918,""stop"":1775849333565}]}",3.905,"{""version"":1,""segments"":[{""start"":1775849276792,""stop"":1775849280697}]}",0,0,0,0,0,0,0,x,.5,1,Just shot the preloaded fuel ,,"Stole balls from opponent side, was able to throw them to alliance side from opponent's",465,267,267,red,0,0,None,None,None,0,None,None,None,1,5,0,0,0,None,1,0,39,267,223,0,0
2026pncmp_qm54,qm,1,54,frc9430,frc9430,frc7034,frc2046,frc1540,frc997,frc753,red,naman p,depotWall1,0,0,0,5.65,"{""version"":1,""segments"":[{""start"":1775849641164,""stop"":1775849642094},{""start"":1775849642313,""stop"":1775849642537},{""start"":1775849642918,""stop"":1775849643135},{""start"":1775849699734,""stop"":1775849700961},{""start"":1775849707885,""stop"":1775849708022},{""start"":1775849709007,""stop"":1775849711922}]}",0,"{""version"":1,""segments"":[]}",,0,0,14.55,"{""version"":1,""segments"":[{""start"":1775849740106,""stop"":1775849742914},{""start"":1775849774853,""stop"":1775849778395},{""start"":1775849779746,""stop"":1775849779809},{""start"":1775849781800,""stop"":1775849782870},{""start"":1775849790661,""stop"":1775849791067},{""start"":1775849791295,""stop"":1775849792189},{""start"":1775849839368,""stop"":1775849840671},{""start"":1775849842494,""stop"":1775849843983},{""start"":1775849852746,""stop"":1775849853143},{""start"":1775849853512,""stop"":1775849856090}]}",2.611,"{""version"":1,""segments"":[{""start"":1775849765128,""stop"":1775849766695},{""start"":1775849808895,""stop"":1775849808943},{""start"":1775849820048,""stop"":1775849821044}]}",0,"{""version"":1,""segments"":[]}",0,0,0,0,0,0,0,x,.5,2,rlly good auto contribution,cracked at shooting,they were able to ferry a bit,526,526,267,red,0,0,None,None,None,0,None,None,None,1,5,0,0,0,None,5,1,96,526,425,0,0
2026pncmp_qm54,qm,1,54,frc7034,frc9430,frc7034,frc2046,frc1540,frc997,frc753,red,Meri H,middle3,0,0,0,2.327,"{""version"":1,""segments"":[{""start"":1775849700344,""stop"":1775849702671}]}",0,"{""version"":1,""segments"":[]}",Auto 3,0,0,16.712,"{""version"":1,""segments"":[{""start"":1775849744151,""stop"":1775849746470},{""start"":1775849747602,""stop"":1775849748670},{""start"":1775849749217,""stop"":1775849749948},{""start"":1775849750270,""stop"":1775849750340},{""start"":1775849750623,""stop"":1775849750667},{""start"":1775849750868,""stop"":1775849750968},{""start"":1775849751120,""stop"":1775849751178},{""start"":1775849756264,""stop"":1775849756449},{""start"":1775849781947,""stop"":1775849784121},{""start"":1775849784696,""stop"":1775849785688},{""start"":1775849786673,""stop"":1775849786998},{""start"":1775849787517,""stop"":1775849788087},{""start"":1775849788883,""stop"":1775849789000},{""start"":1775849795817,""stop"":1775849795892},{""start"":1775849796198,""stop"":1775849796752},{""start"":1775849797217,""stop"":1775849797550},{""start"":1775849798356,""stop"":1775849798451},{""start"":1775849803430,""stop"":1775849803528},{""start"":1775849804114,""stop"":1775849804195},{""start"":1775849804428,""stop"":1775849804494},{""start"":1775849804923,""stop"":1775849804974},{""start"":1775849805491,""stop"":1775849805546},{""start"":1775849831473,""stop"":1775849831578},{""start"":1775849837402,""stop"":1775849839676},{""start"":1775849839859,""stop"":1775849841764},{""start"":1775849841962,""stop"":1775849842146},{""start"":1775849842384,""stop"":1775849842805},{""start"":1775849843077,""stop"":1775849843183},{""start"":1775849845289,""stop"":1775849845381},{""start"":1775849845492,""stop"":1775849846164},{""start"":1775849846607,""stop"":1775849846691},{""start"":1775849849323,""stop"":1775849849599},{""start"":1775849849875,""stop"":1775849850018},{""start"":1775849850182,""stop"":1775849850329},{""start"":1775849859743,""stop"":1775849859885}]}",5.22,"{""version"":1,""segments"":[{""start"":1775849731384,""stop"":1775849732401},{""start"":1775849732896,""stop"":1775849733917},{""start"":1775849813196,""stop"":1775849815131},{""start"":1775849815328,""stop"":1775849815831},{""start"":1775849820729,""stop"":1775849821473}]}",0,"{""version"":1,""segments"":[]}",0,0,0,0,1,0,0,x,1,2,"Auto was the third option but we didnt go out into the neutral zone, it was just the depot.",,,526,526,267,red,0,0,None,None,None,0,None,None,None,1,5,0,0,0,None,5,1,96,526,425,0,0
2026pncmp_qm54,qm,1,54,frc2046,frc9430,frc7034,frc2046,frc1540,frc997,frc753,red,Cayden W,outpostWall5,0,0,0,3.527,"{""version"":1,""segments"":[{""start"":1775849702934,""stop"":1775849704876},{""start"":1775849712327,""stop"":1775849713367},{""start"":1775849714309,""stop"":1775849714854}]}",0,"{""version"":1,""segments"":[]}",Auto 1,0,0,21.749,"{""version"":1,""segments"":[{""start"":1775849728751,""stop"":1775849728950},{""start"":1775849729291,""stop"":1775849732110},{""start"":1775849735188,""stop"":1775849736197},{""start"":1775849745794,""stop"":1775849748221},{""start"":1775849756454,""stop"":1775849758490},{""start"":1775849787498,""stop"":1775849788835},{""start"":1775849789580,""stop"":1775849791517},{""start"":1775849798747,""stop"":1775849800315},{""start"":1775849832770,""stop"":1775849835656},{""start"":1775849835928,""stop"":1775849836067},{""start"":1775849846254,""stop"":1775849847822},{""start"":1775849850789,""stop"":1775849853138},{""start"":1775849858095,""stop"":1775849858163},{""start"":1775849859298,""stop"":1775849860705}]}",1.288,"{""version"":1,""segments"":[{""start"":1775849808354,""stop"":1775849809642}]}",1.309,"{""version"":1,""segments"":[{""start"":1775849771879,""stop"":1775849772988},{""start"":1775849773638,""stop"":1775849773838}]}",0,0,0,0,0,0,0,x,.5,3,wasn't full of fuel for both passes,"very fast shooting and was kinda accurate, noticed that they can be weak to defensive robots","fast ferrying, stole from the OZ then ferry ",526,526,267,red,0,0,None,None,None,0,None,None,None,1,5,0,0,0,None,5,1,96,526,425,0,0
2026pncmp_qm54,qm,1,54,frc1540,frc9430,frc7034,frc2046,frc1540,frc997,frc753,blue,Adam M,outpostWall5,0,0,0,8.929,"{""version"":1,""segments"":[{""start"":1775849720767,""stop"":1775849721138},{""start"":1775849722307,""stop"":1775849730427},{""start"":1775849730656,""stop"":1775849730697},{""start"":1775849730849,""stop"":1775849730898},{""start"":1775849731007,""stop"":1775849731078},{""start"":1775849731199,""stop"":1775849731249},{""start"":1775849731866,""stop"":1775849731946},{""start"":1775849732148,""stop"":1775849732205},{""start"":1775849732546,""stop"":1775849732636}]}",0,"{""version"":1,""segments"":[]}",Auto 2,0,0,9.912,"{""version"":1,""segments"":[{""start"":1775849701277,""stop"":1775849704853},{""start"":1775849709899,""stop"":1775849715209},{""start"":1775849753880,""stop"":1775849754159},{""start"":1775849776738,""stop"":1775849776936},{""start"":1775849777818,""stop"":1775849777928},{""start"":1775849778087,""stop"":1775849778149},{""start"":1775849778287,""stop"":1775849778315},{""start"":1775849825619,""stop"":1775849825968}]}",3.632,"{""version"":1,""segments"":[{""start"":1775849743403,""stop"":1775849745579},{""start"":1775849747149,""stop"":1775849748605}]}",0,"{""version"":1,""segments"":[]}",0,0,0,0,0,0,0,x,x,1,"very good auto, hid in the trench while scoring","good shooting in the first half, didn't shoot after even with a full hopper",Light ferrying,526,267,267,red,0,0,None,None,None,0,None,None,None,1,0,0,0,1,None,1,0,96,267,171,0,0
2026pncmp_qm54,qm,1,54,frc997,frc9430,frc7034,frc2046,frc1540,frc997,frc753,blue,Maxwell G,depotWall1,0,0,0,2.019,"{""version"":1,""segments"":[{""start"":1775849708753,""stop"":1775849710772}]}",0,"{""version"":1,""segments"":[]}",,0,0,0.091,"{""version"":1,""segments"":[{""start"":1775849866644,""stop"":1775849866735}]}",1.393,"{""version"":1,""segments"":[{""start"":1775849816708,""stop"":1775849818101}]}",0,"{""version"":1,""segments"":[]}",0,0,0,0,0,0,0,1,0,1,Unloaded fuel into hopper,Defending opposing team from stealing their fuel,Preventing opposing team from getting into their alliance zone,526,267,267,red,0,0,None,None,None,0,None,None,None,1,0,0,0,1,None,1,0,96,267,171,0,0
2026pncmp_qm54,qm,1,54,frc753,frc9430,frc7034,frc2046,frc1540,frc997,frc753,blue,Gabriel D,depot2,0,0,0,3.966,"{""version"":1,""segments"":[{""start"":1775849706265,""stop"":1775849710231}]}",0,"{""version"":1,""segments"":[]}",,0,0,10.294,"{""version"":1,""segments"":[{""start"":1775849725652,""stop"":1775849728440},{""start"":1775849763562,""stop"":1775849766155},{""start"":1775849775260,""stop"":1775849776697},{""start"":1775849819423,""stop"":1775849819971},{""start"":1775849829773,""stop"":1775849830927},{""start"":1775849841193,""stop"":1775849842967}]}",0,"{""version"":1,""segments"":[]}",0,"{""version"":1,""segments"":[]}",0,0,0,0,0,0,0,x,0,1,"Fairly effective auto, intaked some fuel from neutral",,Refueled + stole fuel from opponents side,526,267,267,red,0,0,None,None,None,0,None,None,None,1,0,0,0,1,None,1,0,96,267,171,0,0
2026pncmp_qm55,qm,1,55,frc10416,frc10416,frc1983,frc2976,frc4915,frc4512,frc2471,red,naman p,middle3,1,0,0,0.216,"{""version"":1,""segments"":[{""start"":1775850229842,""stop"":1775850230058}]}",0,"{""version"":1,""segments"":[]}",,0,0,15.647,"{""version"":1,""segments"":[{""start"":1775850349363,""stop"":1775850351007},{""start"":1775850362233,""stop"":1775850364521},{""start"":1775850368149,""stop"":1775850368868},{""start"":1775850369406,""stop"":1775850369536},{""start"":1775850378747,""stop"":1775850380545},{""start"":1775850407142,""stop"":1775850410051},{""start"":1775850410612,""stop"":1775850411370},{""start"":1775850422655,""stop"":1775850426502},{""start"":1775850459306,""stop"":1775850460860}]}",0,"{""version"":1,""segments"":[]}",0,"{""version"":1,""segments"":[]}",4.200000000000001,0,0,0,0,0,0,x,0,2,decent auto nevr shot,they could shoot fast,got beached for a bit and didnt rlly do much,250,250,464,blue,0,0,None,None,None,0,None,None,None,0,15,0,0,2,None,0,0,14,250,221,0,0
2026pncmp_qm55,qm,1,55,frc1983,frc10416,frc1983,frc2976,frc4915,frc4512,frc2471,red,Meri H,outpostWall5,1,0,0,2.471,"{""version"":1,""segments"":[{""start"":1775850342289,""stop"":1775850343032},{""start"":1775850346319,""stop"":1775850346425},{""start"":1775850346557,""stop"":1775850346616},{""start"":1775850346795,""stop"":1775850347203},{""start"":1775850348926,""stop"":1775850349577},{""start"":1775850349749,""stop"":1775850350210},{""start"":1775850350465,""stop"":1775850350508}]}",0,"{""version"":1,""segments"":[]}",Auto 3,0,0,9.356,"{""version"":1,""segments"":[{""start"":1775850335417,""stop"":1775850336672},{""start"":1775850337479,""stop"":1775850338694},{""start"":1775850360351,""stop"":1775850361571},{""start"":1775850381487,""stop"":1775850381606},{""start"":1775850412730,""stop"":1775850412797},{""start"":1775850413455,""stop"":1775850413677},{""start"":1775850416899,""stop"":1775850417404},{""start"":1775850418411,""stop"":1775850418836},{""start"":1775850433315,""stop"":1775850434680},{""start"":1775850463298,""stop"":1775850464542},{""start"":1775850464870,""stop"":1775850465651},{""start"":1775850473887,""stop"":1775850474300},{""start"":1775850476173,""stop"":1775850476341},{""start"":1775850476598,""stop"":1775850476691},{""start"":1775850485142,""stop"":1775850485262},{""start"":1775850486116,""stop"":1775850486201},{""start"":1775850487479,""stop"":1775850487538}]}",0,"{""version"":1,""segments"":[]}",0,"{""version"":1,""segments"":[]}",0,0,0,0,0,0,0,x,.5,1,,,Used drivebase to push fuel in,250,250,464,blue,0,0,None,None,None,0,None,None,None,0,15,0,0,2,None,0,0,14,250,221,0,0
2026pncmp_qm55,qm,1,55,frc2976,frc10416,frc1983,frc2976,frc4915,frc4512,frc2471,red,Cayden W,depotWall1,0,0,0,2.061,"{""version"":1,""segments"":[{""start"":1775850335934,""stop"":1775850336521},{""start"":1775850337456,""stop"":1775850338103},{""start"":1775850338354,""stop"":1775850338853},{""start"":1775850339093,""stop"":1775850339421}]}",0,"{""version"":1,""segments"":[]}",Auto 1,0,0,6.023,"{""version"":1,""segments"":[{""start"":1775850355698,""stop"":1775850357385},{""start"":1775850357763,""stop"":1775850357837},{""start"":1775850369753,""stop"":1775850369845},{""start"":1775850373772,""stop"":1775850374170},{""start"":1775850378520,""stop"":1775850379636},{""start"":1775850379797,""stop"":1775850381017},{""start"":1775850433863,""stop"":1775850435299}]}",0,"{""version"":1,""segments"":[]}",0,"{""version"":1,""segments"":[]}",0,0,0,0,0,0,0,0,-.5,2,inaccurate missed all,"inaccurate shooting, ",played okay defense in defending people passing trench,250,250,464,blue,0,0,None,None,None,0,None,None,None,0,15,0,0,2,None,0,0,14,250,221,0,0
2026pncmp_qm55,qm,1,55,frc4915,frc10416,frc1983,frc2976,frc4915,frc4512,frc2471,blue,Adam M,depotWall1,0,0,0,3.933,"{""version"":1,""segments"":[{""start"":1775850329040,""stop"":1775850331657},{""start"":1775850335984,""stop"":1775850337300}]}",0,"{""version"":1,""segments"":[]}",Other,0,0,13.735,"{""version"":1,""segments"":[{""start"":1775850403441,""stop"":1775850407155},{""start"":1775850407477,""stop"":1775850408185},{""start"":1775850413734,""stop"":1775850413831},{""start"":1775850414058,""stop"":1775850414114},{""start"":1775850414274,""stop"":1775850414313},{""start"":1775850436431,""stop"":1775850440996},{""start"":1775850448960,""stop"":1775850449463},{""start"":1775850459739,""stop"":1775850459978},{""start"":1775850467689,""stop"":1775850471503}]}",1.432,"{""version"":1,""segments"":[{""start"":1775850431461,""stop"":1775850432216},{""start"":1775850432976,""stop"":1775850433584},{""start"":1775850448559,""stop"":1775850448628}]}",0,"{""version"":1,""segments"":[]}",0,0,0,0,0,0,0,x,0,2,"Good auto, got beached at the end for a little","shooting was good and accurate, ",a little ferrying,250,464,464,blue,0,0,None,None,None,0,None,None,None,1,10,0,1,0,None,5,1,90,464,364,0,0
2026pncmp_qm55,qm,1,55,frc4512,frc10416,frc1983,frc2976,frc4915,frc4512,frc2471,blue,Maxwell G,middle3,0,0,0,0.726,"{""version"":1,""segments"":[{""start"":1775850332036,""stop"":1775850332762}]}",0,"{""version"":1,""segments"":[]}",,0,0,0.393,"{""version"":1,""segments"":[{""start"":1775850363112,""stop"":1775850363428},{""start"":1775850385223,""stop"":1775850385300}]}",7.128,"{""version"":1,""segments"":[{""start"":1775850381423,""stop"":1775850383368},{""start"":1775850397400,""stop"":1775850397740},{""start"":1775850421965,""stop"":1775850423330},{""start"":1775850423382,""stop"":1775850423770},{""start"":1775850423972,""stop"":1775850424630},{""start"":1775850425805,""stop"":1775850425940},{""start"":1775850434251,""stop"":1775850435886},{""start"":1775850442126,""stop"":1775850442343},{""start"":1775850453138,""stop"":1775850453583}]}",0,"{""version"":1,""segments"":[]}",0,0,0,1,0,1,0,0,-.5,1,"Unloaded, went to the corners",Ferried and defended for most of the active,Defense and ferrying,250,464,464,blue,0,0,None,None,None,0,None,None,None,1,10,0,1,0,None,5,1,90,464,364,0,0
2026pncmp_qm55,qm,1,55,frc2471,frc10416,frc1983,frc2976,frc4915,frc4512,frc2471,blue,Gabriel D,outpostWall5,1,0,0,7.63,"{""version"":1,""segments"":[{""start"":1775850331268,""stop"":1775850333419},{""start"":1775850340541,""stop"":1775850346020}]}",0,"{""version"":1,""segments"":[]}",,0,0,38.291,"{""version"":1,""segments"":[{""start"":1775850356044,""stop"":1775850358428},{""start"":1775850358789,""stop"":1775850360154},{""start"":1775850365469,""stop"":1775850365510},{""start"":1775850383453,""stop"":1775850387637},{""start"":1775850390474,""stop"":1775850394784},{""start"":1775850397608,""stop"":1775850399610},{""start"":1775850401467,""stop"":1775850402237},{""start"":1775850403531,""stop"":1775850404105},{""start"":1775850406258,""stop"":1775850407056},{""start"":1775850407442,""stop"":1775850408778},{""start"":1775850413312,""stop"":1775850413653},{""start"":1775850436060,""stop"":1775850444957},{""start"":1775850447148,""stop"":1775850449904},{""start"":1775850451116,""stop"":1775850452456},{""start"":1775850453937,""stop"":1775850454313},{""start"":1775850455594,""stop"":1775850456918},{""start"":1775850459370,""stop"":1775850461651},{""start"":1775850474708,""stop"":1775850477920}]}",6.394,"{""version"":1,""segments"":[{""start"":1775850366136,""stop"":1775850366341},{""start"":1775850366511,""stop"":1775850370005},{""start"":1775850414228,""stop"":1775850414871},{""start"":1775850416381,""stop"":1775850416611},{""start"":1775850416801,""stop"":1775850417189},{""start"":1775850417919,""stop"":1775850418138},{""start"":1775850420464,""stop"":1775850420853},{""start"":1775850422306,""stop"":1775850423132}]}",0,"{""version"":1,""segments"":[]}",0,0,0,0,0,0,0,x,.5,2,"Good auto, intaked and shot 2 times","Focused on scoring, turret didn't work one time so the bot shot 10-15 fuels out of the field ",Focused on ferrying from the neutral zone,250,464,464,blue,0,0,None,None,None,0,None,None,None,1,10,0,1,0,None,5,1,90,464,364,0,0
2026pncmp_qm56,qm,1,56,frc4488,frc4488,frc4089,frc492,frc1778,frc2412,frc3674,red,James H,outpostWall5,0,0,0,4.088,"{""version"":1,""segments"":[{""start"":1775854368876,""stop"":1775854370284},{""start"":1775854373213,""stop"":1775854373931},{""start"":1775854387739,""stop"":1775854389063},{""start"":1775854389763,""stop"":1775854390355},{""start"":1775854391036,""stop"":1775854391082}]}",1.477,"{""version"":1,""segments"":[{""start"":1775854370875,""stop"":1775854372352}]}",Other,0,1.2,3.363,"{""version"":1,""segments"":[{""start"":1775854394079,""stop"":1775854394402},{""start"":1775854400100,""stop"":1775854402581},{""start"":1775854447855,""stop"":1775854448414}]}",3.801,"{""version"":1,""segments"":[{""start"":1775854395122,""stop"":1775854396571},{""start"":1775854406091,""stop"":1775854407320},{""start"":1775854409669,""stop"":1775854409780},{""start"":1775854411690,""stop"":1775854412702}]}",0,"{""version"":1,""segments"":[]}",0.9999999999999999,0,0,1,0,1,0,.5,0,2,Has a functional auto were it can shoot,didn't shoot when it had open shots meaning its shooter may be broken. They started playing defense half way through the by the first shift.,played defense by preventing other bots from ferrying and scoring.,242,242,374,blue,0,0,None,None,None,0,None,None,None,1,0,0,1,1,None,1,0,89,242,153,0,0
2026pncmp_qm56,qm,1,56,frc4089,frc4488,frc4089,frc492,frc1778,frc2412,frc3674,red,,depotWall1,0,0,0,0,"{""version"":1,""segments"":[]}",0,"{""version"":1,""segments"":[]}",,0,0,0,"{""version"":1,""segments"":[]}",0,"{""version"":1,""segments"":[]}",0,"{""version"":1,""segments"":[]}",0,0,0,0,0,0,0,x,x,1,,,,242,242,374,blue,0,0,None,None,None,0,None,None,None,1,0,0,1,1,None,1,0,89,242,153,0,0
2026pncmp_qm56,qm,1,56,frc492,frc4488,frc4089,frc492,frc1778,frc2412,frc3674,red,Annalee M,depotWall1,0,0,0,0,"{""version"":1,""segments"":[]}",0,"{""version"":1,""segments"":[]}",,0,120.39999999999743,0,"{""version"":1,""segments"":[]}",0,"{""version"":1,""segments"":[]}",0,"{""version"":1,""segments"":[]}",0,0,0,0,0,0,0,x,x,1,they did nothing the robot cant move,they got stuck by the rail,Stayed put,242,242,374,blue,0,0,None,None,None,0,None,None,None,1,0,0,1,1,None,1,0,89,242,153,0,0
2026pncmp_qm56,qm,1,56,frc1778,frc4488,frc4089,frc492,frc1778,frc2412,frc3674,blue,Archer B,depotWall1,0,0,0,0.962,"{""version"":1,""segments"":[{""start"":1775854390932,""stop"":1775854391083},{""start"":1775854391153,""stop"":1775854391213},{""start"":1775854391551,""stop"":1775854391645},{""start"":1775854391693,""stop"":1775854392350}]}",0.347,"{""version"":1,""segments"":[{""start"":1775854392662,""stop"":1775854393009}]}",,0,0,26.661,"{""version"":1,""segments"":[{""start"":1775854418311,""stop"":1775854418646},{""start"":1775854418811,""stop"":1775854419057},{""start"":1775854419279,""stop"":1775854419319},{""start"":1775854419654,""stop"":1775854420645},{""start"":1775854420967,""stop"":1775854421064},{""start"":1775854421744,""stop"":1775854422023},{""start"":1775854422315,""stop"":1775854422543},{""start"":1775854422914,""stop"":1775854423023},{""start"":1775854423223,""stop"":1775854423492},{""start"":1775854423672,""stop"":1775854423894},{""start"":1775854424095,""stop"":1775854424320},{""start"":1775854424523,""stop"":1775854424651},{""start"":1775854424902,""stop"":1775854425081},{""start"":1775854425271,""stop"":1775854425475},{""start"":1775854425672,""stop"":1775854425791},{""start"":1775854426043,""stop"":1775854426170},{""start"":1775854426471,""stop"":1775854426568},{""start"":1775854426830,""stop"":1775854426942},{""start"":1775854427271,""stop"":1775854427350},{""start"":1775854427639,""stop"":1775854427719},{""start"":1775854428020,""stop"":1775854428080},{""start"":1775854428379,""stop"":1775854428468},{""start"":1775854428768,""stop"":1775854428831},{""start"":1775854429128,""stop"":1775854429187},{""start"":1775854429499,""stop"":1775854429568},{""start"":1775854429758,""stop"":1775854429978},{""start"":1775854455691,""stop"":1775854457958},{""start"":1775854458621,""stop"":1775854458940},{""start"":1775854459600,""stop"":1775854460559},{""start"":1775854460798,""stop"":1775854462408},{""start"":1775854462728,""stop"":1775854463007},{""start"":1775854463866,""stop"":1775854464014},{""start"":1775854464625,""stop"":1775854464734},{""start"":1775854464907,""stop"":1775854465031},{""start"":1775854465283,""stop"":1775854465483},{""start"":1775854469298,""stop"":1775854469368},{""start"":1775854469488,""stop"":1775854469565},{""start"":1775854469638,""stop"":1775854471493},{""start"":1775854471726,""stop"":1775854472773},{""start"":1775854472961,""stop"":1775854473611},{""start"":1775854473913,""stop"":1775854474361},{""start"":1775854474493,""stop"":1775854474573},{""start"":1775854474671,""stop"":1775854474920},{""start"":1775854475750,""stop"":1775854476329},{""start"":1775854476530,""stop"":1775854477219},{""start"":1775854480401,""stop"":1775854480580},{""start"":1775854482010,""stop"":1775854482117},{""start"":1775854482447,""stop"":1775854482518},{""start"":1775854483025,""stop"":1775854483136},{""start"":1775854483327,""stop"":1775854483416},{""start"":1775854483595,""stop"":1775854483658},{""start"":1775854483886,""stop"":1775854483926},{""start"":1775854484116,""stop"":1775854484195},{""start"":1775854486090,""stop"":1775854486197},{""start"":1775854486568,""stop"":1775854486632},{""start"":1775854487286,""stop"":1775854487370},{""start"":1775854487797,""stop"":1775854487827},{""start"":1775854508145,""stop"":1775854510192},{""start"":1775854510719,""stop"":1775854515213},{""start"":1775854515794,""stop"":1775854516443},{""start"":1775854516623,""stop"":1775854516863},{""start"":1775854517044,""stop"":1775854517624},{""start"":1775854518041,""stop"":1775854518153},{""start"":1775854518345,""stop"":1775854518383},{""start"":1775854518512,""stop"":1775854519123},{""start"":1775854520452,""stop"":1775854520631},{""start"":1775854520861,""stop"":1775854520934},{""start"":1775854528130,""stop"":1775854528259}]}",5.857,"{""version"":1,""segments"":[{""start"":1775854434025,""stop"":1775854434413},{""start"":1775854436203,""stop"":1775854436319},{""start"":1775854436370,""stop"":1775854436420},{""start"":1775854452518,""stop"":1775854454925},{""start"":1775854509720,""stop"":1775854510129},{""start"":1775854510509,""stop"":1775854512996}]}",2.194,"{""version"":1,""segments"":[{""start"":1775854453905,""stop"":1775854455550},{""start"":1775854511678,""stop"":1775854512227}]}",0,0,0,0,0,0,0,x,.5,1,Shot some in then got more,shot fuel in,ferried,242,374,374,blue,0,15,None,None,Level1,0,None,None,None,1,20,0,0,0,None,4,0,74,374,280,15,0
2026pncmp_qm56,qm,1,56,frc2412,frc4488,frc4089,frc492,frc1778,frc2412,frc3674,blue,,depotWall1,0,0,0,0,"{""version"":1,""segments"":[]}",0,"{""version"":1,""segments"":[]}",,0,0,0,"{""version"":1,""segments"":[]}",0,"{""version"":1,""segments"":[]}",0,"{""version"":1,""segments"":[]}",0,0,0,0,0,0,0,x,x,1,,,,242,374,374,blue,0,15,None,None,Level1,0,None,None,None,1,20,0,0,0,None,4,0,74,374,280,15,0
2026pncmp_qm56,qm,1,56,frc3674,frc4488,frc4089,frc492,frc1778,frc2412,frc3674,blue,,depotWall1,0,0,0,0,"{""version"":1,""segments"":[]}",0,"{""version"":1,""segments"":[]}",,0,0,0,"{""version"":1,""segments"":[]}",0,"{""version"":1,""segments"":[]}",0,"{""version"":1,""segments"":[]}",0,0,0,0,0,0,0,x,x,1,,,,242,374,374,blue,0,15,None,None,Level1,0,None,None,None,1,20,0,0,0,None,4,0,74,374,280,15,0
2026pncmp_qm57,qm,1,57,frc2926,frc2926,frc488,frc8051,frc2374,frc1425,frc8896,red,,middle3,0,0,0,1.361,"{""version"":1,""segments"":[{""start"":1775855069907,""stop"":1775855071025},{""start"":1775855079858,""stop"":1775855080101}]}",1.128,"{""version"":1,""segments"":[{""start"":1775855071636,""stop"":1775855072285},{""start"":1775855075214,""stop"":1775855075693}]}",Auto 1,0,0,0.912,"{""version"":1,""segments"":[{""start"":1775855129836,""stop"":1775855129995},{""start"":1775855134994,""stop"":1775855135201},{""start"":1775855171674,""stop"":1775855171923},{""start"":1775855190664,""stop"":1775855190961}]}",0.867,"{""version"":1,""segments"":[{""start"":1775855089101,""stop"":1775855089968}]}",0,"{""version"":1,""segments"":[]}",0,0,0,1,0,1,1,0,0,1,Not a great auto because sucuring fuel from your zone doesn't give you much,doesn't have a very effective shooter that is about60% accurate ,played a lot of defense though it got pushed around a lot.,237,237,197,red,0,0,None,None,None,0,None,None,None,0,40,0,0,0,None,3,0,44,237,153,0,0
2026pncmp_qm57,qm,1,57,frc488,frc2926,frc488,frc8051,frc2374,frc1425,frc8896,red,Alyson W,depotWall1,0,0,0,0,"{""version"":1,""segments"":[]}",0,"{""version"":1,""segments"":[]}",,1,0,22.803,"{""version"":1,""segments"":[{""start"":1775855180168,""stop"":1775855183139},{""start"":1775855183560,""stop"":1775855186804},{""start"":1775855191291,""stop"":1775855192161},{""start"":1775855198994,""stop"":1775855205795},{""start"":1775855206950,""stop"":1775855207108},{""start"":1775855207567,""stop"":1775855208515},{""start"":1775855222681,""stop"":1775855222945},{""start"":1775855223604,""stop"":1775855224917},{""start"":1775855225642,""stop"":1775855225707},{""start"":1775855227612,""stop"":1775855233781}]}",0.963,"{""version"":1,""segments"":[{""start"":1775855114681,""stop"":1775855114937},{""start"":1775855115000,""stop"":1775855115707}]}",0,"{""version"":1,""segments"":[]}",0,0,0,0,0,0,0,x,-.5,1,- hit trench and didnt move rest of auto,"- was defended against by opp alliance bot near trench/bump, could not escape and get to their alliance zone for a long time
- bot has trouble getting over the bump in general i think (?)
- shoot very slow, have to back into a corner in order to have good accuracy, can shoot multiple at once but still kind of slow","- pushed balls around and tried to get away from a defense robot 
- i ranked it 2nd",237,237,197,red,0,0,None,None,None,0,None,None,None,0,40,0,0,0,None,3,0,44,237,153,0,0
2026pncmp_qm57,qm,1,57,frc8051,frc2926,frc488,frc8051,frc2374,frc1425,frc8896,red,Luke M,outpostWall5,0,0,0,4.445,"{""version"":1,""segments"":[{""start"":1775855070976,""stop"":1775855072416},{""start"":1775855078712,""stop"":1775855080929},{""start"":1775855088388,""stop"":1775855089176}]}",0.36,"{""version"":1,""segments"":[{""start"":1775855076482,""stop"":1775855076842}]}",Auto 1,0,0,15.973,"{""version"":1,""segments"":[{""start"":1775855096581,""stop"":1775855097263},{""start"":1775855128950,""stop"":1775855130619},{""start"":1775855137941,""stop"":1775855138342},{""start"":1775855139432,""stop"":1775855143038},{""start"":1775855147963,""stop"":1775855150819},{""start"":1775855178704,""stop"":1775855180663},{""start"":1775855194035,""stop"":1775855195816},{""start"":1775855210449,""stop"":1775855212629},{""start"":1775855221073,""stop"":1775855221912}]}",9.328,"{""version"":1,""segments"":[{""start"":1775855104279,""stop"":1775855106371},{""start"":1775855111802,""stop"":1775855112644},{""start"":1775855115381,""stop"":1775855116449},{""start"":1775855117126,""stop"":1775855118646},{""start"":1775855120865,""stop"":1775855122765},{""start"":1775855123482,""stop"":1775855123693},{""start"":1775855157212,""stop"":1775855158301},{""start"":1775855159124,""stop"":1775855159582},{""start"":1775855164757,""stop"":1775855164905}]}",0,"{""version"":1,""segments"":[]}",0,0,0,0,0,0,0,x,0,2,was able to transition from shooting to collecting fast ,was defended a little but didn't affect them much,ferried and tried to stop others from ferrying ,237,237,197,red,0,0,None,None,None,0,None,None,None,0,40,0,0,0,None,3,0,44,237,153,0,0
2026pncmp_qm57,qm,1,57,frc2374,frc2926,frc488,frc8051,frc2374,frc1425,frc8896,blue,Archer B,outpostWall5,0,0,0,0.051,"{""version"":1,""segments"":[{""start"":1775855069764,""stop"":1775855069815}]}",0,"{""version"":1,""segments"":[]}",,0,0,0,"{""version"":1,""segments"":[]}",1.351,"{""version"":1,""segments"":[{""start"":1775855098730,""stop"":1775855098937},{""start"":1775855154780,""stop"":1775855155427},{""start"":1775855155601,""stop"":1775855156098}]}",0,"{""version"":1,""segments"":[]}",0,0,0,1,1,1,0,.5,x,2,didn't do any thing,played defense on the enemy team by blocking them when they tried too pick up balls and bumping into them when they where shooting,continued defending,237,197,197,red,0,0,None,None,None,0,None,None,None,0,0,0,1,5,None,0,0,15,197,182,0,0
2026pncmp_qm57,qm,1,57,frc1425,frc2926,frc488,frc8051,frc2374,frc1425,frc8896,blue,Adam M,depotWall1,0,0,0,0,"{""version"":1,""segments"":[]}",0,"{""version"":1,""segments"":[]}",Auto 1,0,0,37.156,"{""version"":1,""segments"":[{""start"":1775855100383,""stop"":1775855100444},{""start"":1775855100715,""stop"":1775855104239},{""start"":1775855114458,""stop"":1775855118794},{""start"":1775855126708,""stop"":1775855128773},{""start"":1775855158528,""stop"":1775855160392},{""start"":1775855167796,""stop"":1775855171853},{""start"":1775855203566,""stop"":1775855216119},{""start"":1775855223034,""stop"":1775855230332},{""start"":1775855232436,""stop"":1775855233834}]}",2.615,"{""version"":1,""segments"":[{""start"":1775855188297,""stop"":1775855190912}]}",0,"{""version"":1,""segments"":[]}",0,0,0,0,0,0,0,x,x,1,Got beached ,we were the only ones shooting,Light ferrying. We got hard defended ,237,197,197,red,0,0,None,None,None,0,None,None,None,0,0,0,1,5,None,0,0,15,197,182,0,0
2026pncmp_qm57,qm,1,57,frc8896,frc2926,frc488,frc8051,frc2374,frc1425,frc8896,blue,Eve G,middle3,0,0,0,0,"{""version"":1,""segments"":[]}",0.013,"{""version"":1,""segments"":[{""start"":1775854909100,""stop"":1775854909113}]}",Other,0,0,0,"{""version"":1,""segments"":[]}",0,"{""version"":1,""segments"":[]}",0,"{""version"":1,""segments"":[]}",0,0,0,0,0,1,0,0,x,1,backed up then stopped moving,"played defense, got in the way times, never shoot or collected","played defense mostly on other alliance zone, semi effective, i got distracted",237,197,197,red,0,0,None,None,None,0,None,None,None,0,0,0,1,5,None,0,0,15,197,182,0,0
2026pncmp_qm58,qm,1,58,frc957,frc957,frc360,frc5937,frc3663,frc4131,frc2522,red,James H,middle3,0,0,0,0.754,"{""version"":1,""segments"":[{""start"":1775855779885,""stop"":1775855780639}]}",0.69,"{""version"":1,""segments"":[{""start"":1775855780888,""stop"":1775855781578}]}",Other,0,0,18.913,"{""version"":1,""segments"":[{""start"":1775855808111,""stop"":1775855808583},{""start"":1775855810523,""stop"":1775855813151},{""start"":1775855814117,""stop"":1775855814741},{""start"":1775855822409,""stop"":1775855824694},{""start"":1775855855043,""stop"":1775855858965},{""start"":1775855864427,""stop"":1775855865957},{""start"":1775855871402,""stop"":1775855871762},{""start"":1775855872201,""stop"":1775855873651},{""start"":1775855877838,""stop"":1775855878527},{""start"":1775855907813,""stop"":1775855911362},{""start"":1775855917786,""stop"":1775855919190}]}",5.364,"{""version"":1,""segments"":[{""start"":1775855798323,""stop"":1775855799581},{""start"":1775855801732,""stop"":1775855802504},{""start"":1775855804251,""stop"":1775855805144},{""start"":1775855835139,""stop"":1775855835929},{""start"":1775855838306,""stop"":1775855838726},{""start"":1775855844718,""stop"":1775855845600},{""start"":1775855895224,""stop"":1775855895573}]}",0,"{""version"":1,""segments"":[]}",0,0,0,0,0,0,0,x,0,1,Got fuel from their alliance zone but was not a able to score it all.,it fired into the hub but missed 20% of their balls,inifective intake that struggles to intake a lot of balls and their intake did break part way through the mach,280,280,347,blue,0,0,None,None,None,0,None,None,None,1,5,0,0,0,None,1,0,31,280,244,0,0
2026pncmp_qm58,qm,1,58,frc360,frc957,frc360,frc5937,frc3663,frc4131,frc2522,red,Alyson W,noShow,0,0,0,0,"{""version"":1,""segments"":[]}",0,"{""version"":1,""segments"":[]}",,0,0,0,"{""version"":1,""segments"":[]}",0,"{""version"":1,""segments"":[]}",0,"{""version"":1,""segments"":[]}",0,0,0,0,0,0,0,x,x,1,no show,no show,no show,280,280,347,blue,0,0,None,None,None,0,None,None,None,1,5,0,0,0,None,1,0,31,280,244,0,0
2026pncmp_qm58,qm,1,58,frc5937,frc957,frc360,frc5937,frc3663,frc4131,frc2522,red,,outpostWall5,0,0,0,1.792,"{""version"":1,""segments"":[{""start"":1775855795040,""stop"":1775855796832}]}",0,"{""version"":1,""segments"":[]}",Other,1,0,28.389,"{""version"":1,""segments"":[{""start"":1775855801730,""stop"":1775855803857},{""start"":1775855809281,""stop"":1775855813126},{""start"":1775855827110,""stop"":1775855833473},{""start"":1775855858670,""stop"":1775855860190},{""start"":1775855860508,""stop"":1775855861906},{""start"":1775855862188,""stop"":1775855862656},{""start"":1775855862986,""stop"":1775855863614},{""start"":1775855863825,""stop"":1775855864374},{""start"":1775855864685,""stop"":1775855865564},{""start"":1775855865831,""stop"":1775855866785},{""start"":1775855867221,""stop"":1775855869401},{""start"":1775855871827,""stop"":1775855875412},{""start"":1775855913617,""stop"":1775855913805},{""start"":1775855918424,""stop"":1775855918731},{""start"":1775855919130,""stop"":1775855921677},{""start"":1775855922226,""stop"":1775855923018},{""start"":1775855940095,""stop"":1775855940154}]}",0.859,"{""version"":1,""segments"":[{""start"":1775855854363,""stop"":1775855855222}]}",19.02,"{""version"":1,""segments"":[{""start"":1775855843834,""stop"":1775855853914},{""start"":1775855891034,""stop"":1775855899974}]}",0,0,0,0,0,0,0,x,0,1,got stuck on bump in auto but freed itself,could shoot while intaking High ball output,was able to shoot balls from opponents side to theirs while intaking balls on opponents side,280,280,347,blue,0,0,None,None,None,0,None,None,None,1,5,0,0,0,None,1,0,31,280,244,0,0
2026pncmp_qm58,qm,1,58,frc3663,frc957,frc360,frc5937,frc3663,frc4131,frc2522,blue,Archer B,outpostWall5,0,0,0,12.311,"{""version"":1,""segments"":[{""start"":1775855779587,""stop"":1775855782140},{""start"":1775855782512,""stop"":1775855782712},{""start"":1775855783673,""stop"":1775855783996},{""start"":1775855784754,""stop"":1775855785040},{""start"":1775855785950,""stop"":1775855786209},{""start"":1775855787962,""stop"":1775855788191},{""start"":1775855788401,""stop"":1775855789028},{""start"":1775855789260,""stop"":1775855790207},{""start"":1775855790619,""stop"":1775855790701},{""start"":1775855805240,""stop"":1775855805297},{""start"":1775855808207,""stop"":1775855808287},{""start"":1775855808567,""stop"":1775855808606},{""start"":1775855808889,""stop"":1775855808926},{""start"":1775855809105,""stop"":1775855809145},{""start"":1775855831758,""stop"":1775855832375},{""start"":1775855832989,""stop"":1775855833147},{""start"":1775855834137,""stop"":1775855834303},{""start"":1775855836610,""stop"":1775855836650},{""start"":1775855836955,""stop"":1775855837026},{""start"":1775855838497,""stop"":1775855838605},{""start"":1775855838863,""stop"":1775855838974},{""start"":1775855839257,""stop"":1775855839374},{""start"":1775855840093,""stop"":1775855840191},{""start"":1775855840455,""stop"":1775855840522},{""start"":1775855843976,""stop"":1775855844127},{""start"":1775855844418,""stop"":1775855844498},{""start"":1775855845227,""stop"":1775855845299},{""start"":1775855846438,""stop"":1775855846527},{""start"":1775855847477,""stop"":1775855847548},{""start"":1775855848337,""stop"":1775855848396},{""start"":1775855848685,""stop"":1775855848775},{""start"":1775855850699,""stop"":1775855851089},{""start"":1775855851328,""stop"":1775855851393},{""start"":1775855851749,""stop"":1775855851838},{""start"":1775855853856,""stop"":1775855853915},{""start"":1775855855310,""stop"":1775855858755},{""start"":1775855860494,""stop"":1775855860742},{""start"":1775855860996,""stop"":1775855861087}]}",7.274,"{""version"":1,""segments"":[{""start"":1775855809915,""stop"":1775855810943},{""start"":1775855811532,""stop"":1775855811736},{""start"":1775855812133,""stop"":1775855812251},{""start"":1775855812673,""stop"":1775855812822},{""start"":1775855813053,""stop"":1775855813221},{""start"":1775855814052,""stop"":1775855814178},{""start"":1775855822405,""stop"":1775855824619},{""start"":1775855825433,""stop"":1775855825741},{""start"":1775855831318,""stop"":1775855831499},{""start"":1775855861795,""stop"":1775855863571},{""start"":1775855863751,""stop"":1775855864753}]}",,0,0,31.705,"{""version"":1,""segments"":[{""start"":1775855866718,""stop"":1775855866791},{""start"":1775855866923,""stop"":1775855867989},{""start"":1775855875609,""stop"":1775855878804},{""start"":1775855885396,""stop"":1775855890808},{""start"":1775855891181,""stop"":1775855891438},{""start"":1775855899850,""stop"":1775855906629},{""start"":1775855909811,""stop"":1775855918821},{""start"":1775855919074,""stop"":1775855919432},{""start"":1775855919603,""stop"":1775855919730},{""start"":1775855919941,""stop"":1775855920367},{""start"":1775855920541,""stop"":1775855920642},{""start"":1775855920772,""stop"":1775855921139},{""start"":1775855921200,""stop"":1775855921347},{""start"":1775855921422,""stop"":1775855921501},{""start"":1775855922598,""stop"":1775855922776},{""start"":1775855922858,""stop"":1775855922928},{""start"":1775855923077,""stop"":1775855923226},{""start"":1775855923408,""stop"":1775855923493},{""start"":1775855923698,""stop"":1775855923787},{""start"":1775855925745,""stop"":1775855926683},{""start"":1775855932950,""stop"":1775855933306},{""start"":1775855933538,""stop"":1775855933786},{""start"":1775855934334,""stop"":1775855936372},{""start"":1775855936635,""stop"":1775855936792}]}",11.416,"{""version"":1,""segments"":[{""start"":1775855867845,""stop"":1775855867966},{""start"":1775855868239,""stop"":1775855870304},{""start"":1775855870416,""stop"":1775855871686},{""start"":1775855871956,""stop"":1775855872172},{""start"":1775855872314,""stop"":1775855872430},{""start"":1775855872542,""stop"":1775855872640},{""start"":1775855872725,""stop"":1775855874182},{""start"":1775855874502,""stop"":1775855874601},{""start"":1775855874690,""stop"":1775855874720},{""start"":1775855874861,""stop"":1775855875151},{""start"":1775855875310,""stop"":1775855875678},{""start"":1775855877578,""stop"":1775855880892},{""start"":1775855884975,""stop"":1775855885245},{""start"":1775855909809,""stop"":1775855909815},{""start"":1775855933947,""stop"":1775855935643}]}",0,"{""version"":1,""segments"":[]}",0,0,0,0,0,0,0,x,.5,1,shot some in got more then shot those in,collected and shot,ferried,280,347,347,blue,0,15,None,None,Level1,10,None,None,Level1,1,0,0,0,1,None,4,0,93,347,254,25,0
2026pncmp_qm58,qm,1,58,frc4131,frc957,frc360,frc5937,frc3663,frc4131,frc2522,blue,Adam M,middle3,0,0,0,0,"{""version"":1,""segments"":[]}",0,"{""version"":1,""segments"":[]}",Other,0,0,0,"{""version"":1,""segments"":[]}",0,"{""version"":1,""segments"":[]}",0,"{""version"":1,""segments"":[]}",0,0,0,0,0,1,1,0,0,1,No auto ,no shooting,no ferrying and little defense,280,347,347,blue,0,15,None,None,Level1,10,None,None,Level1,1,0,0,0,1,None,4,0,93,347,254,25,0
2026pncmp_qm58,qm,1,58,frc2522,frc957,frc360,frc5937,frc3663,frc4131,frc2522,blue,Eve G,depotWall1,0,0,0,1.88,"{""version"":1,""segments"":[{""start"":1775855799646,""stop"":1775855801526}]}",0,"{""version"":1,""segments"":[]}",,0,0,38.13,"{""version"":1,""segments"":[{""start"":1775855810324,""stop"":1775855810356},{""start"":1775855810478,""stop"":1775855813015},{""start"":1775855837236,""stop"":1775855840048},{""start"":1775855840434,""stop"":1775855845284},{""start"":1775855845653,""stop"":1775855849391},{""start"":1775855849742,""stop"":1775855853573},{""start"":1775855889567,""stop"":1775855892004},{""start"":1775855893302,""stop"":1775855902962},{""start"":1775855932465,""stop"":1775855940698}]}",4.546,"{""version"":1,""segments"":[{""start"":1775855828902,""stop"":1775855830680},{""start"":1775855874581,""stop"":1775855877349}]}",0,"{""version"":1,""segments"":[]}",0,0,0,0,0,0,0,x,x,1,Over shot some,"can collect while shooting, decent shooter but over shoots sometimes ",collected and ferried with shooter,280,347,347,blue,0,15,None,None,Level1,10,None,None,Level1,1,0,0,0,1,None,4,0,93,347,254,25,0
2026pncmp_qm59,qm,1,59,frc2811,frc2811,frc9430,frc2521,frc4450,frc6696,frc7034,red,James H,middle3,0,0,0,0,"{""version"":1,""segments"":[]}",0.78,"{""version"":1,""segments"":[{""start"":1775856268872,""stop"":1775856269652}]}",Other,0,0,0,"{""version"":1,""segments"":[]}",0,"{""version"":1,""segments"":[]}",1.209,"{""version"":1,""segments"":[{""start"":1775856291109,""stop"":1775856291726},{""start"":1775856292897,""stop"":1775856293489}]}",0,0,0,0,0,1,1,0,0,1,dosen't shoot in auto at all,didn't make many atempts at shooting into the hub but chose defense instead,they tried to stop the opposing aliance from scoring.,193,193,367,blue,0,0,None,None,None,0,None,None,None,0,5,0,0,0,None,0,0,59,193,129,0,0
2026pncmp_qm59,qm,1,59,frc9430,frc2811,frc9430,frc2521,frc4450,frc6696,frc7034,red,Alyson W,depotWall1,0,0,0,6.787,"{""version"":1,""segments"":[{""start"":1775856257360,""stop"":1775856260491},{""start"":1775856267795,""stop"":1775856271451}]}",0,"{""version"":1,""segments"":[]}",Auto 1,0,40.80000000000031,10.057,"{""version"":1,""segments"":[{""start"":1775856282912,""stop"":1775856288516},{""start"":1775856301681,""stop"":1775856304677},{""start"":1775856307625,""stop"":1775856308853},{""start"":1775856309449,""stop"":1775856309582},{""start"":1775856309665,""stop"":1775856309761}]}",6.088,"{""version"":1,""segments"":[{""start"":1775856318119,""stop"":1775856318828},{""start"":1775856319813,""stop"":1775856320489},{""start"":1775856320867,""stop"":1775856321520},{""start"":1775856322704,""stop"":1775856325029},{""start"":1775856325896,""stop"":1775856326662},{""start"":1775856326783,""stop"":1775856327742}]}",0,"{""version"":1,""segments"":[]}",0,0,0,1,0,1,0,-.5,0,1,- able to shoot three balls at once every now and then,"- i accidentally hit broken time, it was never broken
- can shoot multiple balls at once, but only shot for the first half of the game and switched to defense after, good accuracy
- during endgame, it pushed balls into the outpost for human players","- i ranked it 2nd
- played defense in neutral zone but it wasnt very effective, they were bumping in a robot and trying to stop them from going into the opp alliance zone, but the robot was still able to escape",193,193,367,blue,0,0,None,None,None,0,None,None,None,0,5,0,0,0,None,0,0,59,193,129,0,0
2026pncmp_qm59,qm,1,59,frc2521,frc2811,frc9430,frc2521,frc4450,frc6696,frc7034,red,,outpost4,0,0,0,1.305,"{""version"":1,""segments"":[{""start"":1775856262968,""stop"":1775856264127},{""start"":1775856270844,""stop"":1775856270909},{""start"":1775856271231,""stop"":1775856271312}]}",1.548,"{""version"":1,""segments"":[{""start"":1775856254579,""stop"":1775856255437},{""start"":1775856255826,""stop"":1775856256446},{""start"":1775856257978,""stop"":1775856258048}]}",,0,0,12.119,"{""version"":1,""segments"":[{""start"":1775856299977,""stop"":1775856301301},{""start"":1775856306945,""stop"":1775856307512},{""start"":1775856308072,""stop"":1775856308225},{""start"":1775856336827,""stop"":1775856339825},{""start"":1775856345447,""stop"":1775856346267},{""start"":1775856346793,""stop"":1775856347074},{""start"":1775856352159,""stop"":1775856352467},{""start"":1775856353078,""stop"":1775856353140},{""start"":1775856386040,""stop"":1775856386241},{""start"":1775856386320,""stop"":1775856389366},{""start"":1775856396377,""stop"":1775856398736}]}",6.787,"{""version"":1,""segments"":[{""start"":1775856315470,""stop"":1775856317649},{""start"":1775856318094,""stop"":1775856319388},{""start"":1775856320169,""stop"":1775856320437},{""start"":1775856322042,""stop"":1775856322265},{""start"":1775856371123,""stop"":1775856373946}]}",0,"{""version"":1,""segments"":[]}",0,0,0,0,0,0,0,x,0,3,missed most shots in auto ,was slow to line but when driving and had a hard time shooting,ferried a small amount but didn't move a large amount of fuel ,193,193,367,blue,0,0,None,None,None,0,None,None,None,0,5,0,0,0,None,0,0,59,193,129,0,0
2026pncmp_qm59,qm,1,59,frc4450,frc2811,frc9430,frc2521,frc4450,frc6696,frc7034,blue,Archer B,depotWall1,0,0,0,0.984,"{""version"":1,""segments"":[{""start"":1775856290049,""stop"":1775856290128},{""start"":1775856290274,""stop"":1775856290320},{""start"":1775856290418,""stop"":1775856290478},{""start"":1775856290589,""stop"":1775856290639},{""start"":1775856291019,""stop"":1775856291058},{""start"":1775856291558,""stop"":1775856291619},{""start"":1775856291808,""stop"":1775856291856},{""start"":1775856292017,""stop"":1775856292041},{""start"":1775856293239,""stop"":1775856293816}]}",0.768,"{""version"":1,""segments"":[{""start"":1775856294455,""stop"":1775856295223}]}",Auto 1,0,0,20.429,"{""version"":1,""segments"":[{""start"":1775856335877,""stop"":1775856336638},{""start"":1775856336775,""stop"":1775856341371},{""start"":1775856369641,""stop"":1775856369722},{""start"":1775856369889,""stop"":1775856380459},{""start"":1775856393160,""stop"":1775856395755},{""start"":1775856397217,""stop"":1775856398854},{""start"":1775856399015,""stop"":1775856399204}]}",8.096,"{""version"":1,""segments"":[{""start"":1775856300968,""stop"":1775856301435},{""start"":1775856301607,""stop"":1775856303145},{""start"":1775856337093,""stop"":1775856342408},{""start"":1775856370251,""stop"":1775856370630},{""start"":1775856370820,""stop"":1775856370901},{""start"":1775856371058,""stop"":1775856371157},{""start"":1775856371278,""stop"":1775856371417},{""start"":1775856371527,""stop"":1775856371587},{""start"":1775856371749,""stop"":1775856371767}]}",0,"{""version"":1,""segments"":[]}",0,0,0,1,1,0,0,.5,.5,2,shot some in then got more and shot those im,shot lots in,defended,193,367,367,blue,0,0,None,None,None,0,None,None,None,1,0,0,0,1,None,5,1,67,367,300,0,0
2026pncmp_qm59,qm,1,59,frc6696,frc2811,frc9430,frc2521,frc4450,frc6696,frc7034,blue,Adam M,outpostWall5,0,0,0,1.199,"{""version"":1,""segments"":[{""start"":1775856276157,""stop"":1775856277356}]}",0,"{""version"":1,""segments"":[]}",Auto 1,0,0,18.22,"{""version"":1,""segments"":[{""start"":1775856284409,""stop"":1775856285685},{""start"":1775856304480,""stop"":1775856304568},{""start"":1775856322028,""stop"":1775856322959},{""start"":1775856323385,""stop"":1775856324345},{""start"":1775856324572,""stop"":1775856327622},{""start"":1775856329650,""stop"":1775856329952},{""start"":1775856331020,""stop"":1775856331166},{""start"":1775856332478,""stop"":1775856333470},{""start"":1775856361507,""stop"":1775856367187},{""start"":1775856368441,""stop"":1775856369529},{""start"":1775856373430,""stop"":1775856375694},{""start"":1775856382649,""stop"":1775856383434},{""start"":1775856410355,""stop"":1775856411013}]}",8.701,"{""version"":1,""segments"":[{""start"":1775856336939,""stop"":1775856338904},{""start"":1775856352193,""stop"":1775856352549},{""start"":1775856352600,""stop"":1775856354729},{""start"":1775856354994,""stop"":1775856359245}]}",8.482,"{""version"":1,""segments"":[{""start"":1775856339544,""stop"":1775856344391},{""start"":1775856345995,""stop"":1775856349630}]}",0,0,0,0,0,0,0,0,0,3,Good shooting,"good shooting, able to shoot while moving",good ferrying from opposite and neutral zones,193,367,367,blue,0,0,None,None,None,0,None,None,None,1,0,0,0,1,None,5,1,67,367,300,0,0
2026pncmp_qm59,qm,1,59,frc7034,frc2811,frc9430,frc2521,frc4450,frc6696,frc7034,blue,Eve G,depot2,0,0,0,1.635,"{""version"":1,""segments"":[{""start"":1775856255868,""stop"":1775856257503}]}",0,"{""version"":1,""segments"":[]}",Other,0,0,24.5,"{""version"":1,""segments"":[{""start"":1775856310745,""stop"":1775856315664},{""start"":1775856363213,""stop"":1775856368247},{""start"":1775856370605,""stop"":1775856371304},{""start"":1775856380573,""stop"":1775856380655},{""start"":1775856380814,""stop"":1775856381173},{""start"":1775856381626,""stop"":1775856386192},{""start"":1775856388509,""stop"":1775856391790},{""start"":1775856396640,""stop"":1775856401194},{""start"":1775856413477,""stop"":1775856414483}]}",18.2,"{""version"":1,""segments"":[{""start"":1775856293061,""stop"":1775856293873},{""start"":1775856294135,""stop"":1775856296452},{""start"":1775856296990,""stop"":1775856303665},{""start"":1775856341663,""stop"":1775856346861},{""start"":1775856353606,""stop"":1775856356804}]}",0,"{""version"":1,""segments"":[]}",0,0,0,0,0,0,0,x,.5,1,shoot but then had to a stop,scored lots of fuel pretty consistently ,collected and ferried lots with shooter,193,367,367,blue,0,0,None,None,None,0,None,None,None,1,0,0,0,1,None,5,1,67,367,300,0,0
2026pncmp_qm6,qm,1,6,frc2926,frc2926,frc8896,frc4125,frc2412,frc1318,frc9430,red,Pranav K,middle3,0,0,0,4.421,"{""version"":1,""segments"":[{""start"":1775845738780,""stop"":1775845739506},{""start"":1775845749553,""stop"":1775845753248}]}",0,"{""version"":1,""segments"":[]}",,0,0,32.03,"{""version"":1,""segments"":[{""start"":1775845771735,""stop"":1775845775919},{""start"":1775845779730,""stop"":1775845779936},{""start"":1775845780535,""stop"":1775845784018},{""start"":1775845789387,""stop"":1775845789511},{""start"":1775845790478,""stop"":1775845792354},{""start"":1775845813885,""stop"":1775845814430},{""start"":1775845817025,""stop"":1775845821233},{""start"":1775845823765,""stop"":1775845825264},{""start"":1775845826434,""stop"":1775845829153},{""start"":1775845835955,""stop"":1775845839380},{""start"":1775845896833,""stop"":1775845900420},{""start"":1775845906347,""stop"":1775845908829},{""start"":1775845919647,""stop"":1775845922389},{""start"":1775845926236,""stop"":1775845927186}]}",2.784,"{""version"":1,""segments"":[{""start"":1775845803319,""stop"":1775845806103}]}",0,"{""version"":1,""segments"":[]}",0,0,0,0,0,0,0,x,x,1,,,,118,118,192,blue,0,0,None,None,None,0,None,None,None,0,0,0,2,1,None,0,0,22,118,96,0,0
2026pncmp_qm6,qm,1,6,frc8896,frc2926,frc8896,frc4125,frc2412,frc1318,frc9430,red,Eve G,depotWall1,0,0,0,0,"{""version"":1,""segments"":[]}",0,"{""version"":1,""segments"":[]}",Other,0,0,0,"{""version"":1,""segments"":[]}",0,"{""version"":1,""segments"":[]}",0,"{""version"":1,""segments"":[]}",0,0,0,0,0,0,0,-.5,x,1,Backed up slowly then was inactive,Continued with defense sometimes pushed fuel Into alliance zone,"Play defense in other alliance zone, only effective a few times,
",118,118,192,blue,0,0,None,None,None,0,None,None,None,0,0,0,2,1,None,0,0,22,118,96,0,0
2026pncmp_qm6,qm,1,6,frc4125,frc2926,frc8896,frc4125,frc2412,frc1318,frc9430,red,Adam M,outpostWall5,0,0,0,4.057,"{""version"":1,""segments"":[{""start"":1775769321823,""stop"":1775769325880}]}",0,"{""version"":1,""segments"":[]}",,1,0,2.455,"{""version"":1,""segments"":[{""start"":1775769404504,""stop"":1775769406921},{""start"":1775769484336,""stop"":1775769484374}]}",0,"{""version"":1,""segments"":[]}",0,"{""version"":1,""segments"":[]}",0,0,0,0,0,0,0,x,-.5,2,"gathered fuel from the outpost, scored, then got stuck on a field piece.","scored only one time, but no other scoring attempts. driving around aimlessly",drove around aimlessly and just did nothing really. to say this robot did second best is not a good look for this.,118,118,192,blue,0,0,None,None,None,0,None,None,None,0,0,0,2,1,None,0,0,22,118,96,0,0
2026pncmp_qm6,qm,1,6,frc2412,frc2926,frc8896,frc4125,frc2412,frc1318,frc9430,blue,Archer B,noShow,0,0,0,0,"{""version"":1,""segments"":[]}",0,"{""version"":1,""segments"":[]}",,0,0,0,"{""version"":1,""segments"":[]}",0,"{""version"":1,""segments"":[]}",0,"{""version"":1,""segments"":[]}",0,0,0,0,0,0,0,x,x,1,no show,no show,no show,118,192,192,blue,0,0,None,None,None,0,None,None,None,0,35,0,0,0,None,3,0,51,192,106,0,0
2026pncmp_qm6,qm,1,6,frc1318,frc2926,frc8896,frc4125,frc2412,frc1318,frc9430,blue,Hendrix D,depotWall1,0,0,0,6.038,"{""version"":1,""segments"":[{""start"":1775769322417,""stop"":1775769326040},{""start"":1775769333354,""stop"":1775769335769}]}",0,"{""version"":1,""segments"":[]}",Auto 1,0,7.39999999999999,16.264,"{""version"":1,""segments"":[{""start"":1775769345554,""stop"":1775769347078},{""start"":1775769347518,""stop"":1775769348837},{""start"":1775769350236,""stop"":1775769350343},{""start"":1775769374182,""stop"":1775769380420},{""start"":1775769381225,""stop"":1775769381739},{""start"":1775769382490,""stop"":1775769382769},{""start"":1775769390414,""stop"":1775769395931},{""start"":1775769425992,""stop"":1775769426758}]}",1.639,"{""version"":1,""segments"":[{""start"":1775769354421,""stop"":1775769355348},{""start"":1775769363680,""stop"":1775769364126},{""start"":1775769371886,""stop"":1775769372152}]}",0.78,"{""version"":1,""segments"":[{""start"":1775769405794,""stop"":1775769406574}]}",37.700000000000266,0,0,0,0,0,0,x,0,3,"were unaccurate, but got 2 cycles off","focused on scoring, were able to intake fast and store a full hopper. struggled with their shooter as it was slow and inconsistent and really slowed them down","focused on ferrying, were able to ferry while moving and move fuel around with their bumper",118,192,192,blue,0,0,None,None,None,0,None,None,None,0,35,0,0,0,None,3,0,51,192,106,0,0
2026pncmp_qm6,qm,1,6,frc9430,frc2926,frc8896,frc4125,frc2412,frc1318,frc9430,blue,Cayden W,outpostWall5,0,0,0,2.041,"{""version"":1,""segments"":[{""start"":1775769320743,""stop"":1775769321429},{""start"":1775769331750,""stop"":1775769333012},{""start"":1775769333327,""stop"":1775769333420}]}",0,"{""version"":1,""segments"":[]}",Auto 1,0,0,11.757,"{""version"":1,""segments"":[{""start"":1775769349863,""stop"":1775769351077},{""start"":1775769352143,""stop"":1775769352286},{""start"":1775769352541,""stop"":1775769352650},{""start"":1775769372708,""stop"":1775769373873},{""start"":1775769374046,""stop"":1775769374821},{""start"":1775769374993,""stop"":1775769375112},{""start"":1775769375285,""stop"":1775769375877},{""start"":1775769389345,""stop"":1775769391350},{""start"":1775769391787,""stop"":1775769391967},{""start"":1775769398727,""stop"":1775769399389},{""start"":1775769428761,""stop"":1775769429407},{""start"":1775769429556,""stop"":1775769429790},{""start"":1775769429930,""stop"":1775769430108},{""start"":1775769430272,""stop"":1775769430754},{""start"":1775769430985,""stop"":1775769431109},{""start"":1775769431766,""stop"":1775769432166},{""start"":1775769447905,""stop"":1775769448674},{""start"":1775769448913,""stop"":1775769448994},{""start"":1775769449512,""stop"":1775769449578},{""start"":1775769477092,""stop"":1775769478905}]}",1.193,"{""version"":1,""segments"":[{""start"":1775769364645,""stop"":1775769365399},{""start"":1775769407769,""stop"":1775769408208}]}",0,"{""version"":1,""segments"":[]}",0,0,0,0,0,0,0,x,0,1,in the 1st past intake wasn't deployed all the way,"shot pretty fast, they was very weak against defense,",Ferry fuel but kept on getting defended ,118,192,192,blue,0,0,None,None,None,0,None,None,None,0,35,0,0,0,None,3,0,51,192,106,0,0
2026pncmp_qm60,qm,1,60,frc10079,frc10079,frc1318,frc2046,frc4469,frc3218,frc8248,red,James H,middle3,0,0,0,3.14,"{""version"":1,""segments"":[{""start"":1775856759896,""stop"":1775856763036}]}",0,"{""version"":1,""segments"":[]}",Other,0,0,7.245,"{""version"":1,""segments"":[{""start"":1775856802752,""stop"":1775856804095},{""start"":1775856816775,""stop"":1775856817393},{""start"":1775856828423,""stop"":1775856828673},{""start"":1775856851887,""stop"":1775856852271},{""start"":1775856852644,""stop"":1775856853806},{""start"":1775856854813,""stop"":1775856854965},{""start"":1775856871009,""stop"":1775856872749},{""start"":1775856905491,""stop"":1775856907087}]}",3.536,"{""version"":1,""segments"":[{""start"":1775856781826,""stop"":1775856783387},{""start"":1775856832180,""stop"":1775856833308},{""start"":1775856898904,""stop"":1775856899751}]}",0,"{""version"":1,""segments"":[]}",0,0,0,0,0,0,1,-.5,.5,1,dosen't have a great auto,had about 40% acuraccy and also cant shoot much fuel at once,Its intake is mostly effective ,529,529,483,red,0,0,None,None,None,0,None,None,None,1,5,0,0,0,None,5,1,75,529,449,0,0
2026pncmp_qm60,qm,1,60,frc1318,frc10079,frc1318,frc2046,frc4469,frc3218,frc8248,red,Alyson W,depotWall1,0,0,0,5.287,"{""version"":1,""segments"":[{""start"":1775856758481,""stop"":1775856761114},{""start"":1775856768651,""stop"":1775856771305}]}",0,"{""version"":1,""segments"":[]}",Auto 1,0,0,37.413,"{""version"":1,""segments"":[{""start"":1775856781120,""stop"":1775856784947},{""start"":1775856809414,""stop"":1775856814576},{""start"":1775856821826,""stop"":1775856821943},{""start"":1775856822046,""stop"":1775856822093},{""start"":1775856822541,""stop"":1775856822632},{""start"":1775856822733,""stop"":1775856822822},{""start"":1775856827830,""stop"":1775856832673},{""start"":1775856859993,""stop"":1775856860048},{""start"":1775856860079,""stop"":1775856865023},{""start"":1775856865569,""stop"":1775856865673},{""start"":1775856865773,""stop"":1775856867106},{""start"":1775856873689,""stop"":1775856876673},{""start"":1775856876965,""stop"":1775856879852},{""start"":1775856888209,""stop"":1775856890802},{""start"":1775856891433,""stop"":1775856895154},{""start"":1775856909208,""stop"":1775856913824}]}",3.765,"{""version"":1,""segments"":[{""start"":1775856843056,""stop"":1775856846821}]}",2.532,"{""version"":1,""segments"":[{""start"":1775856795160,""stop"":1775856797692}]}",0,0,0,0,0,0,0,x,0,1,- shoots balls relatively quick twice,"- shoots relatively quick, good accuracy
- got stuck on bump once, almost got stuck on it ~2 times","- can shoot very far, ferried balls to alliance zone from opp alliance zone well + quick",529,529,483,red,0,0,None,None,None,0,None,None,None,1,5,0,0,0,None,5,1,75,529,449,0,0
2026pncmp_qm60,qm,1,60,frc2046,frc10079,frc1318,frc2046,frc4469,frc3218,frc8248,red,,outpostWall5,0,0,0,6.065,"{""version"":1,""segments"":[{""start"":1775856756409,""stop"":1775856759488},{""start"":1775856765249,""stop"":1775856768235}]}",0,"{""version"":1,""segments"":[]}",Auto 1,0,0,34.037,"{""version"":1,""segments"":[{""start"":1775856781952,""stop"":1775856782254},{""start"":1775856782431,""stop"":1775856785731},{""start"":1775856811193,""stop"":1775856819505},{""start"":1775856821166,""stop"":1775856822110},{""start"":1775856830872,""stop"":1775856833179},{""start"":1775856860027,""stop"":1775856864817},{""start"":1775856874745,""stop"":1775856877891},{""start"":1775856879842,""stop"":1775856880890},{""start"":1775856882763,""stop"":1775856884542},{""start"":1775856893407,""stop"":1775856897252},{""start"":1775856901561,""stop"":1775856902926},{""start"":1775856912676,""stop"":1775856915575}]}",3.899,"{""version"":1,""segments"":[{""start"":1775856788530,""stop"":1775856791068},{""start"":1775856853586,""stop"":1775856854947}]}",7.214,"{""version"":1,""segments"":[{""start"":1775856792957,""stop"":1775856795704},{""start"":1775856837206,""stop"":1775856840445},{""start"":1775856847393,""stop"":1775856848621}]}",0,0,0,0,0,1,0,0,1,3,shot very fast in auto and intook a lot every time,shot insanely fast and missed almost no shotx,ferried and shot into their side from opponents side of field and also evaded opponent defense to leave,529,529,483,red,0,0,None,None,None,0,None,None,None,1,5,0,0,0,None,5,1,75,529,449,0,0
2026pncmp_qm60,qm,1,60,frc4469,frc10079,frc1318,frc2046,frc4469,frc3218,frc8248,blue,Archer B,outpostWall5,0,0,0,0.968,"{""version"":1,""segments"":[{""start"":1775856777871,""stop"":1775856778132},{""start"":1775856778304,""stop"":1775856779011}]}",0.231,"{""version"":1,""segments"":[{""start"":1775856779170,""stop"":1775856779288},{""start"":1775856779415,""stop"":1775856779469},{""start"":1775856779570,""stop"":1775856779629}]}",,0,0,29.609,"{""version"":1,""segments"":[{""start"":1775856783046,""stop"":1775856783771},{""start"":1775856784134,""stop"":1775856784444},{""start"":1775856785222,""stop"":1775856787121},{""start"":1775856787510,""stop"":1775856787639},{""start"":1775856787991,""stop"":1775856789038},{""start"":1775856789471,""stop"":1775856789778},{""start"":1775856791898,""stop"":1775856792586},{""start"":1775856794606,""stop"":1775856794814},{""start"":1775856797171,""stop"":1775856797341},{""start"":1775856797633,""stop"":1775856797861},{""start"":1775856799639,""stop"":1775856799859},{""start"":1775856804295,""stop"":1775856804556},{""start"":1775856806434,""stop"":1775856806571},{""start"":1775856810872,""stop"":1775856810888},{""start"":1775856831906,""stop"":1775856841755},{""start"":1775856844734,""stop"":1775856844813},{""start"":1775856849459,""stop"":1775856849757},{""start"":1775856850828,""stop"":1775856850986},{""start"":1775856852226,""stop"":1775856852482},{""start"":1775856853387,""stop"":1775856853594},{""start"":1775856854024,""stop"":1775856854146},{""start"":1775856854775,""stop"":1775856854854},{""start"":1775856855105,""stop"":1775856855156},{""start"":1775856881605,""stop"":1775856881734},{""start"":1775856881937,""stop"":1775856886279},{""start"":1775856886571,""stop"":1775856886682},{""start"":1775856886904,""stop"":1775856886952},{""start"":1775856887239,""stop"":1775856887480},{""start"":1775856887802,""stop"":1775856887917},{""start"":1775856895842,""stop"":1775856900315},{""start"":1775856907418,""stop"":1775856907517},{""start"":1775856907809,""stop"":1775856910416}]}",7.884,"{""version"":1,""segments"":[{""start"":1775856783763,""stop"":1775856784205},{""start"":1775856784474,""stop"":1775856785193},{""start"":1775856811376,""stop"":1775856817111},{""start"":1775856842585,""stop"":1775856843573}]}",0,"{""version"":1,""segments"":[]}",0,0,0,0,0,0,0,x,.5,2,shot their fuel in  ,shot lots of fuel in,ferried,529,483,483,red,0,0,None,None,None,0,None,None,None,1,0,0,0,1,None,2,1,37,483,446,0,0
2026pncmp_qm60,qm,1,60,frc3218,frc10079,frc1318,frc2046,frc4469,frc3218,frc8248,blue,Adam M,depotWall1,0,0,0,9.655,"{""version"":1,""segments"":[{""start"":1775856757842,""stop"":1775856767497}]}",0,"{""version"":1,""segments"":[]}",Other,0,0,35.496,"{""version"":1,""segments"":[{""start"":1775856784972,""stop"":1775856789068},{""start"":1775856792887,""stop"":1775856794092},{""start"":1775856794377,""stop"":1775856795211},{""start"":1775856795513,""stop"":1775856795850},{""start"":1775856796498,""stop"":1775856796761},{""start"":1775856797866,""stop"":1775856798034},{""start"":1775856837854,""stop"":1775856842838},{""start"":1775856843386,""stop"":1775856844917},{""start"":1775856852894,""stop"":1775856856756},{""start"":1775856886272,""stop"":1775856893012},{""start"":1775856899066,""stop"":1775856905509},{""start"":1775856910917,""stop"":1775856915950}]}",2.071,"{""version"":1,""segments"":[{""start"":1775856815471,""stop"":1775856816216},{""start"":1775856818481,""stop"":1775856819105},{""start"":1775856820821,""stop"":1775856821208},{""start"":1775856824659,""stop"":1775856824755},{""start"":1775856824858,""stop"":1775856824925},{""start"":1775856825723,""stop"":1775856825828},{""start"":1775856825960,""stop"":1775856826007}]}",0.52,"{""version"":1,""segments"":[{""start"":1775856835522,""stop"":1775856836042}]}",0,0,0,0,1,0,0,0,-.5,2,"Good auto, ran into the hub",Good shooting. Consistent speed and aiming,good defending bear metal and keeping them in the alliance zone,529,483,483,red,0,0,None,None,None,0,None,None,None,1,0,0,0,1,None,2,1,37,483,446,0,0
2026pncmp_qm60,qm,1,60,frc8248,frc10079,frc1318,frc2046,frc4469,frc3218,frc8248,blue,,depot2,0,0,0,3.641,"{""version"":1,""segments"":[{""start"":1775856759702,""stop"":1775856763343}]}",0,"{""version"":1,""segments"":[]}",Other,0,0,19.873,"{""version"":1,""segments"":[{""start"":1775856786751,""stop"":1775856788701},{""start"":1775856800447,""stop"":1775856802812},{""start"":1775856814435,""stop"":1775856815231},{""start"":1775856836013,""stop"":1775856841504},{""start"":1775856850343,""stop"":1775856857180},{""start"":1775856859378,""stop"":1775856859608},{""start"":1775856859930,""stop"":1775856861772},{""start"":1775856916891,""stop"":1775856917253}]}",8.01,"{""version"":1,""segments"":[{""start"":1775856816183,""stop"":1775856819563},{""start"":1775856820844,""stop"":1775856821762},{""start"":1775856825023,""stop"":1775856827071},{""start"":1775856828260,""stop"":1775856829924}]}",0,"{""version"":1,""segments"":[]}",0,0,0,0,0,0,0,x,x,1,collected from depot ,scored quite well and consistently ,"they ferried with hopper from neutral zone,",529,483,483,red,0,0,None,None,None,0,None,None,None,1,0,0,0,1,None,2,1,37,483,446,0,0
2026pncmp_qm61,qm,1,61,frc2471,frc2471,frc1983,frc2412,frc9023,frc9450,frc955,red,James H,outpostWall5,1,0,0,0,"{""version"":1,""segments"":[]}",0.721,"{""version"":1,""segments"":[{""start"":1775857279365,""stop"":1775857280086}]}",Other,0,0,0,"{""version"":1,""segments"":[]}",0,"{""version"":1,""segments"":[]}",0,"{""version"":1,""segments"":[]}",0,0,0,0,0,1,0,.5,0,1,shooter was not working in auto so they could not score points,Shooter still not working so deffense was played in the opposing zone,same as active,211,211,377,blue,0,0,None,None,None,0,None,None,None,0,0,0,0,1,None,0,0,43,211,168,0,0
2026pncmp_qm61,qm,1,61,frc1983,frc2471,frc1983,frc2412,frc9023,frc9450,frc955,red,Alyson W,middle3,0,0,0,0,"{""version"":1,""segments"":[]}",0,"{""version"":1,""segments"":[]}",,0,0,19.036,"{""version"":1,""segments"":[{""start"":1775857308690,""stop"":1775857309867},{""start"":1775857316768,""stop"":1775857319455},{""start"":1775857320995,""stop"":1775857321184},{""start"":1775857327321,""stop"":1775857328838},{""start"":1775857329303,""stop"":1775857330126},{""start"":1775857335900,""stop"":1775857336707},{""start"":1775857362904,""stop"":1775857365308},{""start"":1775857370078,""stop"":1775857371586},{""start"":1775857378155,""stop"":1775857379040},{""start"":1775857380215,""stop"":1775857380322},{""start"":1775857385306,""stop"":1775857387190},{""start"":1775857414232,""stop"":1775857416228},{""start"":1775857420706,""stop"":1775857422152},{""start"":1775857426522,""stop"":1775857428128}]}",0,"{""version"":1,""segments"":[]}",0,"{""version"":1,""segments"":[]}",0,0,0,0,0,0,0,x,0,1,- didnt move,"- relatively quick shooting (slower when low on stored fuel), good accuracy, can shoot multiple balls at once","- i ranked them 2nd
- mostly focused on collecting balls for when hub is active again",211,211,377,blue,0,0,None,None,None,0,None,None,None,0,0,0,0,1,None,0,0,43,211,168,0,0
2026pncmp_qm61,qm,1,61,frc2412,frc2471,frc1983,frc2412,frc9023,frc9450,frc955,red,,depotWall1,0,0,0,4.266,"{""version"":1,""segments"":[{""start"":1775857286680,""stop"":1775857290058},{""start"":1775857297885,""stop"":1775857298773}]}",0,"{""version"":1,""segments"":[]}",Auto 1,0,0,20.013,"{""version"":1,""segments"":[{""start"":1775857302894,""stop"":1775857306041},{""start"":1775857324080,""stop"":1775857325465},{""start"":1775857326549,""stop"":1775857331095},{""start"":1775857331414,""stop"":1775857332729},{""start"":1775857333263,""stop"":1775857333545},{""start"":1775857334031,""stop"":1775857334170},{""start"":1775857364130,""stop"":1775857370870},{""start"":1775857371172,""stop"":1775857372232},{""start"":1775857375441,""stop"":1775857375961},{""start"":1775857385998,""stop"":1775857386419},{""start"":1775857386985,""stop"":1775857387155},{""start"":1775857422560,""stop"":1775857422848}]}",4.409,"{""version"":1,""segments"":[{""start"":1775857340005,""stop"":1775857342522},{""start"":1775857361119,""stop"":1775857362053},{""start"":1775857389358,""stop"":1775857390316}]}",11.679,"{""version"":1,""segments"":[{""start"":1775857343323,""stop"":1775857348579},{""start"":1775857349057,""stop"":1775857352033},{""start"":1775857391178,""stop"":1775857393737},{""start"":1775857395578,""stop"":1775857396119},{""start"":1775857400863,""stop"":1775857401210}]}",0,0,0,0,0,1,0,0,0,1,auto was average and missed few,shot kinda slowly and drove a little also spent some time ferrying but mostly undefended shooting ,ferried from both zones and tried to defend them a little but mostly ineffective ,211,211,377,blue,0,0,None,None,None,0,None,None,None,0,0,0,0,1,None,0,0,43,211,168,0,0
2026pncmp_qm61,qm,1,61,frc9023,frc2471,frc1983,frc2412,frc9023,frc9450,frc955,blue,Archer B,outpostWall5,0,0,0,5.211,"{""version"":1,""segments"":[{""start"":1775857281915,""stop"":1775857283963},{""start"":1775857284025,""stop"":1775857285801},{""start"":1775857285932,""stop"":1775857286351},{""start"":1775857292816,""stop"":1775857293784}]}",3.025,"{""version"":1,""segments"":[{""start"":1775857282914,""stop"":1775857283965},{""start"":1775857286632,""stop"":1775857286923},{""start"":1775857287113,""stop"":1775857287182},{""start"":1775857288290,""stop"":1775857289904}]}",,0,0,39.427,"{""version"":1,""segments"":[{""start"":1775857298158,""stop"":1775857299934},{""start"":1775857335907,""stop"":1775857337756},{""start"":1775857338826,""stop"":1775857339282},{""start"":1775857342149,""stop"":1775857342346},{""start"":1775857344245,""stop"":1775857344314},{""start"":1775857344532,""stop"":1775857344603},{""start"":1775857345082,""stop"":1775857345142},{""start"":1775857349092,""stop"":1775857352579},{""start"":1775857353347,""stop"":1775857353657},{""start"":1775857353746,""stop"":1775857354085},{""start"":1775857354185,""stop"":1775857355085},{""start"":1775857355537,""stop"":1775857358493},{""start"":1775857358595,""stop"":1775857358863},{""start"":1775857359611,""stop"":1775857360880},{""start"":1775857395870,""stop"":1775857396759},{""start"":1775857397059,""stop"":1775857398135},{""start"":1775857401175,""stop"":1775857401394},{""start"":1775857401505,""stop"":1775857405348},{""start"":1775857405613,""stop"":1775857406527},{""start"":1775857406818,""stop"":1775857412013},{""start"":1775857412135,""stop"":1775857412744},{""start"":1775857414922,""stop"":1775857415560},{""start"":1775857417963,""stop"":1775857418193},{""start"":1775857419260,""stop"":1775857419411},{""start"":1775857419801,""stop"":1775857419910},{""start"":1775857420042,""stop"":1775857420119},{""start"":1775857420260,""stop"":1775857420818},{""start"":1775857420899,""stop"":1775857420997},{""start"":1775857421112,""stop"":1775857421866},{""start"":1775857422290,""stop"":1775857422747},{""start"":1775857422991,""stop"":1775857423647},{""start"":1775857423859,""stop"":1775857424627},{""start"":1775857424807,""stop"":1775857425565},{""start"":1775857426094,""stop"":1775857426864},{""start"":1775857427185,""stop"":1775857427582},{""start"":1775857427925,""stop"":1775857428482},{""start"":1775857428782,""stop"":1775857429349},{""start"":1775857429742,""stop"":1775857430510},{""start"":1775857431161,""stop"":1775857432397},{""start"":1775857432598,""stop"":1775857433178},{""start"":1775857433590,""stop"":1775857434389},{""start"":1775857434967,""stop"":1775857436714}]}",6.845,"{""version"":1,""segments"":[{""start"":1775857302755,""stop"":1775857304553},{""start"":1775857345951,""stop"":1775857346221},{""start"":1775857348649,""stop"":1775857349790},{""start"":1775857353069,""stop"":1775857355156},{""start"":1775857359607,""stop"":1775857360940},{""start"":1775857362015,""stop"":1775857362231}]}",0,"{""version"":1,""segments"":[]}",0,0,0,0,0,0,0,x,1,1,shot two full hoppers in ,shot lots of fuel in,ferried,211,377,377,blue,0,0,None,None,None,10,None,Level1,None,1,5,0,0,0,None,5,1,124,377,248,10,0
2026pncmp_qm61,qm,1,61,frc9450,frc2471,frc1983,frc2412,frc9023,frc9450,frc955,blue,Adam M,depot2,0,0,0,1.641,"{""version"":1,""segments"":[{""start"":1775857281594,""stop"":1775857281598},{""start"":1775857285895,""stop"":1775857287532}]}",0,"{""version"":1,""segments"":[]}",,0,0,4.639,"{""version"":1,""segments"":[{""start"":1775857316256,""stop"":1775857318930},{""start"":1775857367344,""stop"":1775857368951},{""start"":1775857419836,""stop"":1775857420194}]}",0.645,"{""version"":1,""segments"":[{""start"":1775857374787,""stop"":1775857375432}]}",0,"{""version"":1,""segments"":[]}",0,0,0,0,0,0,0,x,x,1,"Bad auto, missed lots of fuel",Drives around aimlessly most of the match, drove in the neutral zone to gather fuel on alliance zone ,211,377,377,blue,0,0,None,None,None,10,None,Level1,None,1,5,0,0,0,None,5,1,124,377,248,10,0
2026pncmp_qm61,qm,1,61,frc955,frc2471,frc1983,frc2412,frc9023,frc9450,frc955,blue,Eve g,depotWall1,0,0,0,7.32,"{""version"":1,""segments"":[{""start"":1775857301673,""stop"":1775857308993}]}",0,"{""version"":1,""segments"":[]}",Other,0,0,28.872,"{""version"":1,""segments"":[{""start"":1775857284746,""stop"":1775857286849},{""start"":1775857292602,""stop"":1775857298321},{""start"":1775857336312,""stop"":1775857342720},{""start"":1775857350156,""stop"":1775857352737},{""start"":1775857357343,""stop"":1775857358808},{""start"":1775857360195,""stop"":1775857365044},{""start"":1775857418291,""stop"":1775857424038}]}",11.5,"{""version"":1,""segments"":[{""start"":1775857323640,""stop"":1775857330046},{""start"":1775857384070,""stop"":1775857389102},{""start"":1775857390252,""stop"":1775857390314}]}",6.311,"{""version"":1,""segments"":[{""start"":1775857375096,""stop"":1775857381407}]}",0,0,0,0,0,0,0,x,0,1,,Shoot fairly well when being defended but had trouble getting around bot that was blocking them from trench,ferried with shooter mostly from neutral but also from other alliance,211,377,377,blue,0,0,None,None,None,10,None,Level1,None,1,5,0,0,0,None,5,1,124,377,248,10,0
2026pncmp_qm62,qm,1,62,frc753,frc753,frc1595,frc2976,frc1425,frc3674,frc8051,red,,depot2,0,0,0,0,"{""version"":1,""segments"":[]}",0,"{""version"":1,""segments"":[]}",Other,0,0,12.134,"{""version"":1,""segments"":[{""start"":1775857914679,""stop"":1775857914979},{""start"":1775857915797,""stop"":1775857916380},{""start"":1775857928596,""stop"":1775857929688},{""start"":1775857958020,""stop"":1775857960995},{""start"":1775857978139,""stop"":1775857980040},{""start"":1775858005571,""stop"":1775858010854}]}",2.234,"{""version"":1,""segments"":[{""start"":1775857910141,""stop"":1775857910291},{""start"":1775857950439,""stop"":1775857951055},{""start"":1775857989021,""stop"":1775857989353},{""start"":1775857989694,""stop"":1775857990830}]}",0,"{""version"":1,""segments"":[]}",7.799999999999988,0,1,0,0,0,0,x,0,1,got stuck on bump momentarily then got beached on fuel.,can shoot but at a mid speed,cant go under trench for shuttling fuel,195,195,390,blue,0,0,None,None,None,30,Level3,None,None,0,0,0,0,0,None,0,0,35,195,160,30,0
2026pncmp_qm62,qm,1,62,frc1595,frc753,frc1595,frc2976,frc1425,frc3674,frc8051,red,Alyson W,outpostWall5,1,0,0,3.336,"{""version"":1,""segments"":[{""start"":1775857887226,""stop"":1775857890562}]}",0,"{""version"":1,""segments"":[]}",Other,0,0,29.739,"{""version"":1,""segments"":[{""start"":1775857906636,""stop"":1775857911100},{""start"":1775857925307,""stop"":1775857931194},{""start"":1775857962309,""stop"":1775857968691},{""start"":1775857985005,""stop"":1775857986030},{""start"":1775857986817,""stop"":1775857988882},{""start"":1775857995375,""stop"":1775857996154},{""start"":1775858012838,""stop"":1775858013016},{""start"":1775858013883,""stop"":1775858016539},{""start"":1775858016606,""stop"":1775858019037},{""start"":1775858030780,""stop"":1775858034002},{""start"":1775858042624,""stop"":1775858043207},{""start"":1775858044375,""stop"":1775858044442}]}",2.708,"{""version"":1,""segments"":[{""start"":1775857941184,""stop"":1775857942853},{""start"":1775857998147,""stop"":1775857999186}]}",0,"{""version"":1,""segments"":[]}",0,0,0,0,0,0,0,x,0,1,"- intakes in neutral zone and shoots, then reloads fuel","- bad accuracy in the beginning, has to position itself in order to score
- quick shooter, can shoot multiple balls at once, good accuracy
- i think it bumped into the walls a few times","- ferries only a few balls
- i ranked them 2nd",195,195,390,blue,0,0,None,None,None,30,Level3,None,None,0,0,0,0,0,None,0,0,35,195,160,30,0
2026pncmp_qm62,qm,1,62,frc2976,frc753,frc1595,frc2976,frc1425,frc3674,frc8051,red,,middle3,0,0,0,0,"{""version"":1,""segments"":[]}",0,"{""version"":1,""segments"":[]}",,1,74.90000000000002,0,"{""version"":1,""segments"":[]}",0,"{""version"":1,""segments"":[]}",1.979,"{""version"":1,""segments"":[{""start"":1775857935207,""stop"":1775857937058},{""start"":1775857944190,""stop"":1775857944318}]}",0,0,0,0,0,1,0,-.5,-.5,1,auto ran into a wall then stopped moving,didn't score then went to play defense and broke ,broken ,195,195,390,blue,0,0,None,None,None,30,Level3,None,None,0,0,0,0,0,None,0,0,35,195,160,30,0
2026pncmp_qm62,qm,1,62,frc1425,frc753,frc1595,frc2976,frc1425,frc3674,frc8051,blue,Archer B,outpostWall5,0,0,0,6.173,"{""version"":1,""segments"":[{""start"":1775857880447,""stop"":1775857881798},{""start"":1775857882066,""stop"":1775857882596},{""start"":1775857883097,""stop"":1775857883684},{""start"":1775857891186,""stop"":1775857894891}]}",0.684,"{""version"":1,""segments"":[{""start"":1775857879532,""stop"":1775857880216}]}",Auto 3,0,0,26.803,"{""version"":1,""segments"":[{""start"":1775857908768,""stop"":1775857911534},{""start"":1775857935386,""stop"":1775857940110},{""start"":1775857940550,""stop"":1775857941538},{""start"":1775857941789,""stop"":1775857941880},{""start"":1775857943549,""stop"":1775857943695},{""start"":1775857946015,""stop"":1775857946176},{""start"":1775857946428,""stop"":1775857947144},{""start"":1775857947345,""stop"":1775857947565},{""start"":1775857950276,""stop"":1775857950454},{""start"":1775857951164,""stop"":1775857951246},{""start"":1775857952073,""stop"":1775857952172},{""start"":1775857985804,""stop"":1775857987948},{""start"":1775857989610,""stop"":1775857991047},{""start"":1775857993079,""stop"":1775857994094},{""start"":1775857997565,""stop"":1775857999904},{""start"":1775858000297,""stop"":1775858001280},{""start"":1775858001573,""stop"":1775858001752},{""start"":1775858003863,""stop"":1775858003979},{""start"":1775858006334,""stop"":1775858006565},{""start"":1775858007085,""stop"":1775858007242},{""start"":1775858007775,""stop"":1775858007964},{""start"":1775858008252,""stop"":1775858008262},{""start"":1775858008513,""stop"":1775858008522},{""start"":1775858008723,""stop"":1775858008797},{""start"":1775858009773,""stop"":1775858010080},{""start"":1775858010363,""stop"":1775858010990},{""start"":1775858011111,""stop"":1775858011378},{""start"":1775858012400,""stop"":1775858012558},{""start"":1775858017480,""stop"":1775858017629},{""start"":1775858017742,""stop"":1775858017960},{""start"":1775858018089,""stop"":1775858018408},{""start"":1775858018750,""stop"":1775858020486},{""start"":1775858026622,""stop"":1775858028019},{""start"":1775858028511,""stop"":1775858028948},{""start"":1775858029190,""stop"":1775858029917},{""start"":1775858030598,""stop"":1775858030738},{""start"":1775858031030,""stop"":1775858031744},{""start"":1775858031979,""stop"":1775858032096},{""start"":1775858056111,""stop"":1775858056547}]}",4.832,"{""version"":1,""segments"":[{""start"":1775857913022,""stop"":1775857915206},{""start"":1775857952614,""stop"":1775857952933},{""start"":1775857953207,""stop"":1775857953575},{""start"":1775857954036,""stop"":1775857954151},{""start"":1775857955317,""stop"":1775857955446},{""start"":1775857972977,""stop"":1775857974245},{""start"":1775858055379,""stop"":1775858055588},{""start"":1775858055688,""stop"":1775858055928}]}",0,"{""version"":1,""segments"":[]}",0,0,0,0,0,0,0,x,.5,1,shot two hoppers of balls in,Shot lots in,ferried using shooter,195,390,390,blue,0,0,None,None,None,0,None,None,None,1,0,0,0,0,None,5,1,55,390,335,0,0
2026pncmp_qm62,qm,1,62,frc3674,frc753,frc1595,frc2976,frc1425,frc3674,frc8051,blue,Adam M,depotWall1,0,0,0,7.354,"{""version"":1,""segments"":[{""start"":1775857886279,""stop"":1775857893633}]}",0,"{""version"":1,""segments"":[]}",Auto 1,0,0.7999999999999999,16.215,"{""version"":1,""segments"":[{""start"":1775857937866,""stop"":1775857943345},{""start"":1775857950955,""stop"":1775857953172},{""start"":1775857956820,""stop"":1775857957425},{""start"":1775857958123,""stop"":1775857958604},{""start"":1775857987824,""stop"":1775857988181},{""start"":1775857988893,""stop"":1775857989738},{""start"":1775857990071,""stop"":1775857990115},{""start"":1775857990350,""stop"":1775857990375},{""start"":1775858010711,""stop"":1775858016645},{""start"":1775858028815,""stop"":1775858029043}]}",0,"{""version"":1,""segments"":[]}",0,"{""version"":1,""segments"":[]}",0,0,0,0,0,0,0,x,x,1,"Good auto, no contact or major misses","good shooting, and timing for shooting",good moving for defense,195,390,390,blue,0,0,None,None,None,0,None,None,None,1,0,0,0,0,None,5,1,55,390,335,0,0
2026pncmp_qm62,qm,1,62,frc8051,frc753,frc1595,frc2976,frc1425,frc3674,frc8051,blue,Eve G,depot2,0,0,0,5.498,"{""version"":1,""segments"":[{""start"":1775857881395,""stop"":1775857883875},{""start"":1775857887297,""stop"":1775857890315}]}",0,"{""version"":1,""segments"":[]}",,0,0,34.006,"{""version"":1,""segments"":[{""start"":1775857936603,""stop"":1775857941948},{""start"":1775857943252,""stop"":1775857952365},{""start"":1775857989704,""stop"":1775857995756},{""start"":1775857998346,""stop"":1775858007874},{""start"":1775858008385,""stop"":1775858008723},{""start"":1775858035421,""stop"":1775858036897},{""start"":1775858038879,""stop"":1775858038892},{""start"":1775858040788,""stop"":1775858042929}]}",0,"{""version"":1,""segments"":[]}",0,"{""version"":1,""segments"":[]}",0,0,0,0,0,0,0,x,x,1,scored a good amount did move for last 5sec thought.,"consistent shot, big hopper, ",collecting and pushing fuel into outpost and alliance zone,195,390,390,blue,0,0,None,None,None,0,None,None,None,1,0,0,0,0,None,5,1,55,390,335,0,0
2026pncmp_qm63,qm,1,63,frc1778,frc1778,frc2926,frc2374,frc10991,frc1294,frc3663,red,James H,depotWall1,0,0,0,2.605,"{""version"":1,""segments"":[{""start"":1775858394335,""stop"":1775858396940}]}",1.938,"{""version"":1,""segments"":[{""start"":1775858397500,""stop"":1775858398459},{""start"":1775858398759,""stop"":1775858399738}]}",Auto 1,0,0,16.313,"{""version"":1,""segments"":[{""start"":1775858434738,""stop"":1775858437685},{""start"":1775858460286,""stop"":1775858460932},{""start"":1775858486238,""stop"":1775858492361},{""start"":1775858497356,""stop"":1775858499002},{""start"":1775858508245,""stop"":1775858511135},{""start"":1775858511982,""stop"":1775858512262},{""start"":1775858538040,""stop"":1775858538571},{""start"":1775858541008,""stop"":1775858542258}]}",3.025,"{""version"":1,""segments"":[{""start"":1775858416015,""stop"":1775858417972},{""start"":1775858421598,""stop"":1775858422666}]}",4.048,"{""version"":1,""segments"":[{""start"":1775858467435,""stop"":1775858471483}]}",0,0,0,0,0,0,0,x,.5,2,very good auto where they can get 2 full hoppers of fuel into the hub,has a  mid to slow speed shooter but also was defended against a lot in the match,shuttled by launching fuel,257,257,108,red,0,0,None,None,None,0,None,None,None,0,25,0,0,0,None,3,0,58,257,174,0,0
2026pncmp_qm63,qm,1,63,frc2926,frc1778,frc2926,frc2374,frc10991,frc1294,frc3663,red,Eryn M,middle3,0,0,0,3.175,"{""version"":1,""segments"":[{""start"":1775858395746,""stop"":1775858395812},{""start"":1775858396501,""stop"":1775858399109},{""start"":1775858457553,""stop"":1775858458054}]}",1.237,"{""version"":1,""segments"":[{""start"":1775858467631,""stop"":1775858468868}]}",,0,0,18.57,"{""version"":1,""segments"":[{""start"":1775858470102,""stop"":1775858476501},{""start"":1775858494216,""stop"":1775858498452},{""start"":1775858500804,""stop"":1775858501132},{""start"":1775858506798,""stop"":1775858510274},{""start"":1775858517345,""stop"":1775858517463},{""start"":1775858517513,""stop"":1775858517652},{""start"":1775858519724,""stop"":1775858519804},{""start"":1775858524311,""stop"":1775858525300},{""start"":1775858531204,""stop"":1775858532781},{""start"":1775858547111,""stop"":1775858548339}]}",2.988,"{""version"":1,""segments"":[{""start"":1775858483311,""stop"":1775858486299}]}",0,"{""version"":1,""segments"":[]}",0,0,0,0,0,0,0,x,0,1,,"Struggled a bit against defense, seemed like they didnt know what to do? nothing else of note other than them not being all that efficient with their time",,257,257,108,red,0,0,None,None,None,0,None,None,None,0,25,0,0,0,None,3,0,58,257,174,0,0
2026pncmp_qm63,qm,1,63,frc2374,frc1778,frc2926,frc2374,frc10991,frc1294,frc3663,red,Annalee M,outpostWall5,0,0,0,4.197,"{""version"":1,""segments"":[{""start"":1775858389688,""stop"":1775858392088},{""start"":1775858393407,""stop"":1775858394155},{""start"":1775858394626,""stop"":1775858395675}]}",0,"{""version"":1,""segments"":[]}",,0,0,2.18,"{""version"":1,""segments"":[{""start"":1775858544314,""stop"":1775858546494}]}",0,"{""version"":1,""segments"":[]}",0,"{""version"":1,""segments"":[]}",0,0,0,1,0,1,1,.5,0,2,they can shoot and in the auto they will get more from the outpost, they are great at helping get more fuel for their alliance from other zones by pushing it not shooting,"when its the other teams turn they will go on defense and block shots not let them into the opponents zone quite effectively 
",257,257,108,red,0,0,None,None,None,0,None,None,None,0,25,0,0,0,None,3,0,58,257,174,0,0
2026pncmp_qm63,qm,1,63,frc10991,frc1778,frc2926,frc2374,frc10991,frc1294,frc3663,blue,Maxwell G,outpostWall5,0,0,0,1.047,"{""version"":1,""segments"":[{""start"":1775858390577,""stop"":1775858390937},{""start"":1775858394737,""stop"":1775858395424}]}",0,"{""version"":1,""segments"":[]}",,0,0,4.363,"{""version"":1,""segments"":[{""start"":1775858406581,""stop"":1775858406747},{""start"":1775858422500,""stop"":1775858423491},{""start"":1775858434937,""stop"":1775858435945},{""start"":1775858464018,""stop"":1775858464525},{""start"":1775858471081,""stop"":1775858471631},{""start"":1775858479314,""stop"":1775858479902},{""start"":1775858545988,""stop"":1775858546125},{""start"":1775858546711,""stop"":1775858547057},{""start"":1775858547485,""stop"":1775858547555}]}",0,"{""version"":1,""segments"":[]}",0,"{""version"":1,""segments"":[]}",0,0,0,1,1,0,0,0,-.5,1,Unloaded and went to the center to get more,"Shot the remainder of its fuel before going and defending, whilst still going back to score",defense,257,108,108,red,0,0,None,None,None,0,None,None,None,0,0,0,1,2,None,0,0,54,108,54,0,0
2026pncmp_qm63,qm,1,63,frc1294,frc1778,frc2926,frc2374,frc10991,frc1294,frc3663,blue,Naman p,middle3,0,0,0,3.145,"{""version"":1,""segments"":[{""start"":1775858383262,""stop"":1775858386407}]}",0,"{""version"":1,""segments"":[]}",Auto 2,0,0,0,"{""version"":1,""segments"":[]}",0,"{""version"":1,""segments"":[]}",4.317,"{""version"":1,""segments"":[{""start"":1775858476823,""stop"":1775858478583},{""start"":1775858478956,""stop"":1775858479668},{""start"":1775858479893,""stop"":1775858480180},{""start"":1775858480424,""stop"":1775858480997},{""start"":1775858481943,""stop"":1775858482928}]}",0,0,0,0,0,1,0,.5,.5,2,Shot some and they went in,did great at defense and were able to shut the other alliance down,they ferried and played defense,257,108,108,red,0,0,None,None,None,0,None,None,None,0,0,0,1,2,None,0,0,54,108,54,0,0
2026pncmp_qm63,qm,1,63,frc3663,frc1778,frc2926,frc2374,frc10991,frc1294,frc3663,blue,Aubrey E,outpostWall5,0,0,0,6.997,"{""version"":1,""segments"":[{""start"":1775858387843,""stop"":1775858392554},{""start"":1775858397802,""stop"":1775858400088}]}",0,"{""version"":1,""segments"":[]}",Auto 1,0,26.300000000000104,12.909,"{""version"":1,""segments"":[{""start"":1775858413799,""stop"":1775858416406},{""start"":1775858424112,""stop"":1775858425472},{""start"":1775858427621,""stop"":1775858428827},{""start"":1775858436400,""stop"":1775858438049},{""start"":1775858438481,""stop"":1775858438762},{""start"":1775858443300,""stop"":1775858443613},{""start"":1775858475269,""stop"":1775858479992},{""start"":1775858493998,""stop"":1775858494768}]}",11.012,"{""version"":1,""segments"":[{""start"":1775858450853,""stop"":1775858453966},{""start"":1775858454536,""stop"":1775858457179},{""start"":1775858458366,""stop"":1775858460188},{""start"":1775858461926,""stop"":1775858462795},{""start"":1775858464004,""stop"":1775858464883},{""start"":1775858515502,""stop"":1775858517188}]}",0,"{""version"":1,""segments"":[]}",0,0,0,0,0,0,0,x,0,1,"went well, nothing of note","shooter was fairly accurate. Was very heavily defended, which caused them to break right before endgame. ",Intake was very efficient. Prioritized ferrying,257,108,108,red,0,0,None,None,None,0,None,None,None,0,0,0,1,2,None,0,0,54,108,54,0,0
2026pncmp_qm64,qm,1,64,frc4089,frc4089,frc2811,frc997,frc8896,frc5937,frc2522,red,Sofia C,middle3,0,0,0,2.247,"{""version"":1,""segments"":[{""start"":1775858944712,""stop"":1775858946959}]}",2.135,"{""version"":1,""segments"":[{""start"":1775858947681,""stop"":1775858948650},{""start"":1775858949543,""stop"":1775858950709}]}",Auto 1,0,0,1.448,"{""version"":1,""segments"":[{""start"":1775858982620,""stop"":1775858984068}]}",1.226,"{""version"":1,""segments"":[{""start"":1775859073024,""stop"":1775859074250}]}",1.87,"{""version"":1,""segments"":[{""start"":1775858993865,""stop"":1775858995735}]}",0,0,0,0,0,1,1,.5,x,1,mostly effective auto but did get stuck on the bump at the end,mostly played defense implying their shooter may be broken,played defense and tried to keep opponents out of the opposing zone so they could not shoot,168,168,316,blue,0,0,None,None,None,0,None,None,None,0,15,0,0,1,None,0,0,60,168,93,0,0
2026pncmp_qm64,qm,1,64,frc2811,frc4089,frc2811,frc997,frc8896,frc5937,frc2522,red,Eryn M,depotWall1,0,0,0,0,"{""version"":1,""segments"":[]}",0,"{""version"":1,""segments"":[]}",,0,0,20.167,"{""version"":1,""segments"":[{""start"":1775858971653,""stop"":1775858976995},{""start"":1775859005362,""stop"":1775859007765},{""start"":1775859056521,""stop"":1775859059792},{""start"":1775859080854,""stop"":1775859085061},{""start"":1775859094958,""stop"":1775859098112},{""start"":1775859101690,""stop"":1775859103480}]}",3.143,"{""version"":1,""segments"":[{""start"":1775859013875,""stop"":1775859017018}]}",0,"{""version"":1,""segments"":[]}",0,0,0,0,0,0,0,x,x,1,got confused around depot?,"no idea what to note on, they did alright",,168,168,316,blue,0,0,None,None,None,0,None,None,None,0,15,0,0,1,None,0,0,60,168,93,0,0
2026pncmp_qm64,qm,1,64,frc997,frc4089,frc2811,frc997,frc8896,frc5937,frc2522,red,Annalee M,middle3,0,0,0,8.237,"{""version"":1,""segments"":[{""start"":1775858952805,""stop"":1775858955714},{""start"":1775858956563,""stop"":1775858961350},{""start"":1775858961767,""stop"":1775858962308}]}",0,"{""version"":1,""segments"":[]}",Auto 1,0,0,7.121,"{""version"":1,""segments"":[{""start"":1775858975718,""stop"":1775858978935},{""start"":1775858989060,""stop"":1775858991236},{""start"":1775859095035,""stop"":1775859096763}]}",0,"{""version"":1,""segments"":[]}",0,"{""version"":1,""segments"":[]}",36.00000000000024,0,0,0,1,1,0,0,0,2,they shoot then go for more fuel to shoot more from the neutral zone,they did use their shooter just not much only about three times after the auto they mostly just got fuel for their alliance.,they helped their alliance go on the defense and block the shots it worked until they got pushed and beached then later beached even worse on their side ,168,168,316,blue,0,0,None,None,None,0,None,None,None,0,15,0,0,1,None,0,0,60,168,93,0,0
2026pncmp_qm64,qm,1,64,frc8896,frc4089,frc2811,frc997,frc8896,frc5937,frc2522,blue,Anders H,middle3,0,0,0,3.157,"{""version"":1,""segments"":[{""start"":1775858942611,""stop"":1775858945768}]}",0,"{""version"":1,""segments"":[]}",Auto 2,0,0,0,"{""version"":1,""segments"":[]}",0,"{""version"":1,""segments"":[]}",0,"{""version"":1,""segments"":[]}",1.5000000000000002,0,0,0,1,1,1,-.5,-.5,1,moved and shot preloaded but then stopped and didn't do anything. ,"Only played defense, not effective at all, too small of a robot and light and didn't have good enough drive skill to make it work. ",Same as active shift. ,168,316,316,blue,0,15,None,None,Level1,10,None,None,Level1,1,5,0,1,0,None,4,0,85,316,226,25,0
2026pncmp_qm64,qm,1,64,frc5937,frc4089,frc2811,frc997,frc8896,frc5937,frc2522,blue,Nauman p,outpostWall5,0,0,0,6.416,"{""version"":1,""segments"":[{""start"":1775858949575,""stop"":1775858952508},{""start"":1775858958826,""stop"":1775858961777},{""start"":1775858962151,""stop"":1775858962683}]}",0,"{""version"":1,""segments"":[]}",Auto 1,0,0,40.161,"{""version"":1,""segments"":[{""start"":1775858967185,""stop"":1775858968074},{""start"":1775858968631,""stop"":1775858969347},{""start"":1775858975571,""stop"":1775858977551},{""start"":1775858999356,""stop"":1775858999523},{""start"":1775859003091,""stop"":1775859007989},{""start"":1775859010937,""stop"":1775859011446},{""start"":1775859012259,""stop"":1775859012429},{""start"":1775859020688,""stop"":1775859021908},{""start"":1775859022019,""stop"":1775859027336},{""start"":1775859054082,""stop"":1775859066001},{""start"":1775859066507,""stop"":1775859071414},{""start"":1775859073487,""stop"":1775859073973},{""start"":1775859074293,""stop"":1775859074525},{""start"":1775859075109,""stop"":1775859075252},{""start"":1775859099009,""stop"":1775859101441},{""start"":1775859102435,""stop"":1775859103619},{""start"":1775859104267,""stop"":1775859105902},{""start"":1775859106833,""stop"":1775859107179},{""start"":1775859107756,""stop"":1775859107858},{""start"":1775859108031,""stop"":1775859108159},{""start"":1775859108290,""stop"":1775859108337},{""start"":1775859108458,""stop"":1775859108519},{""start"":1775859108630,""stop"":1775859108692},{""start"":1775859108809,""stop"":1775859108858},{""start"":1775859108977,""stop"":1775859109036},{""start"":1775859109157,""stop"":1775859109230},{""start"":1775859109338,""stop"":1775859109409},{""start"":1775859109517,""stop"":1775859109548},{""start"":1775859110123,""stop"":1775859110188},{""start"":1775859110442,""stop"":1775859110548},{""start"":1775859110953,""stop"":1775859111110}]}",20.05,"{""version"":1,""segments"":[{""start"":1775858982128,""stop"":1775858989320},{""start"":1775858989556,""stop"":1775858989564},{""start"":1775858990703,""stop"":1775858991681},{""start"":1775858992733,""stop"":1775858993513},{""start"":1775859031052,""stop"":1775859031610},{""start"":1775859031876,""stop"":1775859033247},{""start"":1775859033673,""stop"":1775859034216},{""start"":1775859034562,""stop"":1775859035477},{""start"":1775859035807,""stop"":1775859035855},{""start"":1775859036075,""stop"":1775859036667},{""start"":1775859036934,""stop"":1775859037033},{""start"":1775859090259,""stop"":1775859093532},{""start"":1775859094885,""stop"":1775859095565},{""start"":1775859096171,""stop"":1775859096265},{""start"":1775859096761,""stop"":1775859096793},{""start"":1775859096963,""stop"":1775859097034},{""start"":1775859097142,""stop"":1775859097202},{""start"":1775859097302,""stop"":1775859097364},{""start"":1775859097463,""stop"":1775859097515},{""start"":1775859097615,""stop"":1775859097663},{""start"":1775859097782,""stop"":1775859097816},{""start"":1775859097982,""stop"":1775859098021},{""start"":1775859098153,""stop"":1775859098201},{""start"":1775859098333,""stop"":1775859098373},{""start"":1775859098494,""stop"":1775859098539},{""start"":1775859113948,""stop"":1775859114677},{""start"":1775859115053,""stop"":1775859115965},{""start"":1775859116371,""stop"":1775859116463},{""start"":1775859116586,""stop"":1775859116710},{""start"":1775859116813,""stop"":1775859116895},{""start"":1775859117005,""stop"":1775859117083},{""start"":1775859117193,""stop"":1775859117265},{""start"":1775859117570,""stop"":1775859117726},{""start"":1775859117925,""stop"":1775859118025},{""start"":1775859118429,""stop"":1775859118472}]}",0,"{""version"":1,""segments"":[]}",0,0,0,0,0,0,0,x,.5,3,They had an effective auto,They had very rapid and accurate shots,they ferried effectively,168,316,316,blue,0,15,None,None,Level1,10,None,None,Level1,1,5,0,1,0,None,4,0,85,316,226,25,0
2026pncmp_qm64,qm,1,64,frc2522,frc4089,frc2811,frc997,frc8896,frc5937,frc2522,blue,Aubrey E,depotWall1,1,0,0,11.664,"{""version"":1,""segments"":[{""start"":1775858948930,""stop"":1775858955845},{""start"":1775858956271,""stop"":1775858956860},{""start"":1775858958712,""stop"":1775858962410},{""start"":1775858973750,""stop"":1775858974212}]}",0,"{""version"":1,""segments"":[]}",Other,0,0,41.265,"{""version"":1,""segments"":[{""start"":1775858975825,""stop"":1775858977917},{""start"":1775859003307,""stop"":1775859015048},{""start"":1775859017991,""stop"":1775859021037},{""start"":1775859060164,""stop"":1775859063238},{""start"":1775859064336,""stop"":1775859066001},{""start"":1775859066831,""stop"":1775859069458},{""start"":1775859070026,""stop"":1775859070727},{""start"":1775859072270,""stop"":1775859074116},{""start"":1775859082788,""stop"":1775859085579},{""start"":1775859087158,""stop"":1775859088993},{""start"":1775859094948,""stop"":1775859098423},{""start"":1775859099573,""stop"":1775859103327},{""start"":1775859108202,""stop"":1775859110820}]}",11.423,"{""version"":1,""segments"":[{""start"":1775858986631,""stop"":1775858990461},{""start"":1775858993459,""stop"":1775858994605},{""start"":1775858996972,""stop"":1775858998580},{""start"":1775859045702,""stop"":1775859050541}]}",0,"{""version"":1,""segments"":[]}",0,0,0,0,0,0,0,x,.5,1,"hit a bot, but it didn't mess a lot up",shooter overshot a lot. Got around defense well,"focused on ferrying, which was helpful for alliance partners",168,316,316,blue,0,15,None,None,Level1,10,None,None,Level1,1,5,0,1,0,None,4,0,85,316,226,25,0
2026pncmp_qm65,qm,1,65,frc948,frc948,frc4131,frc4061,frc488,frc4512,frc2910,red,James H,depotWall1,0,0,0,3.628,"{""version"":1,""segments"":[{""start"":1775859613319,""stop"":1775859615894},{""start"":1775859621608,""stop"":1775859622661}]}",2.948,"{""version"":1,""segments"":[{""start"":1775859616465,""stop"":1775859618426},{""start"":1775859618828,""stop"":1775859619815}]}",Auto 1,0,0,23.753,"{""version"":1,""segments"":[{""start"":1775859646721,""stop"":1775859650200},{""start"":1775859657777,""stop"":1775859660090},{""start"":1775859686042,""stop"":1775859690256},{""start"":1775859697919,""stop"":1775859699885},{""start"":1775859707024,""stop"":1775859707095},{""start"":1775859707135,""stop"":1775859709353},{""start"":1775859737853,""stop"":1775859742233},{""start"":1775859749940,""stop"":1775859751956},{""start"":1775859761513,""stop"":1775859763773},{""start"":1775859765776,""stop"":1775859766612}]}",4.523,"{""version"":1,""segments"":[{""start"":1775859639140,""stop"":1775859640587},{""start"":1775859667334,""stop"":1775859668315},{""start"":1775859674996,""stop"":1775859676844},{""start"":1775859680442,""stop"":1775859680689}]}",0,"{""version"":1,""segments"":[]}",0,0,0,0,0,0,0,x,1,1,very good auto with two hoppers worth of balls being emptyed into the hub.,can empty its entire hopper into the hub in 3-4 seconds,filled up its hopper very fast,321,321,411,blue,0,0,None,None,None,0,None,None,None,1,0,0,0,0,None,1,0,61,321,260,0,0
2026pncmp_qm65,qm,1,65,frc4131,frc948,frc4131,frc4061,frc488,frc4512,frc2910,red,Eryn M,depotWall1,0,0,0,0,"{""version"":1,""segments"":[]}",0,"{""version"":1,""segments"":[]}",,0,0,0,"{""version"":1,""segments"":[]}",0,"{""version"":1,""segments"":[]}",0,"{""version"":1,""segments"":[]}",0,0,0,0,0,0,0,x,x,1,,,,321,321,411,blue,0,0,None,None,None,0,None,None,None,1,0,0,0,0,None,1,0,61,321,260,0,0
2026pncmp_qm65,qm,1,65,frc4061,frc948,frc4131,frc4061,frc488,frc4512,frc2910,red,Annalee M,depotWall1,0,0,0,0,"{""version"":1,""segments"":[]}",0,"{""version"":1,""segments"":[]}",,0,0,0,"{""version"":1,""segments"":[]}",0,"{""version"":1,""segments"":[]}",0,"{""version"":1,""segments"":[]}",0,0,0,0,0,0,0,x,x,1,,,,321,321,411,blue,0,0,None,None,None,0,None,None,None,1,0,0,0,0,None,1,0,61,321,260,0,0
2026pncmp_qm65,qm,1,65,frc488,frc948,frc4131,frc4061,frc488,frc4512,frc2910,blue,Anders H,depotWall1,0,0,0,0,"{""version"":1,""segments"":[]}",0,"{""version"":1,""segments"":[]}",Auto 1,0,0,0,"{""version"":1,""segments"":[]}",0,"{""version"":1,""segments"":[]}",0,"{""version"":1,""segments"":[]}",0,0,0,0,0,0,0,x,x,1,,,,321,411,411,blue,0,0,None,None,None,0,None,None,None,1,0,0,0,0,None,5,1,69,411,342,0,0
2026pncmp_qm65,qm,1,65,frc4512,frc948,frc4131,frc4061,frc488,frc4512,frc2910,blue,Naman p,depotWall1,0,0,0,0,"{""version"":1,""segments"":[]}",0,"{""version"":1,""segments"":[]}",,0,0,0,"{""version"":1,""segments"":[]}",0,"{""version"":1,""segments"":[]}",0,"{""version"":1,""segments"":[]}",0,0,0,0,0,0,0,x,x,1,,,,321,411,411,blue,0,0,None,None,None,0,None,None,None,1,0,0,0,0,None,5,1,69,411,342,0,0
2026pncmp_qm65,qm,1,65,frc2910,frc948,frc4131,frc4061,frc488,frc4512,frc2910,blue,Aubrey E,depotWall1,0,0,0,0,"{""version"":1,""segments"":[]}",0,"{""version"":1,""segments"":[]}",,0,0,0,"{""version"":1,""segments"":[]}",0,"{""version"":1,""segments"":[]}",0,"{""version"":1,""segments"":[]}",0,0,0,0,0,0,0,x,x,1,,,,321,411,411,blue,0,0,None,None,None,0,None,None,None,1,0,0,0,0,None,5,1,69,411,342,0,0
2026pncmp_qm66,qm,1,66,frc957,frc957,frc4915,frc5468,frc4488,frc4125,frc1540,red,James H,depot2,0,0,0,1.261,"{""version"":1,""segments"":[{""start"":1775860125380,""stop"":1775860126641}]}",0,"{""version"":1,""segments"":[]}",Other,0,0,5.094,"{""version"":1,""segments"":[{""start"":1775860261299,""stop"":1775860263023},{""start"":1775860265264,""stop"":1775860266471},{""start"":1775860266671,""stop"":1775860266822},{""start"":1775860268091,""stop"":1775860268322},{""start"":1775860271370,""stop"":1775860271642},{""start"":1775860271730,""stop"":1775860272729},{""start"":1775860273468,""stop"":1775860273978}]}",12.992,"{""version"":1,""segments"":[{""start"":1775860143159,""stop"":1775860143698},{""start"":1775860161628,""stop"":1775860164596},{""start"":1775860164924,""stop"":1775860165093},{""start"":1775860184967,""stop"":1775860186353},{""start"":1775860208897,""stop"":1775860209374},{""start"":1775860216673,""stop"":1775860218201},{""start"":1775860218641,""stop"":1775860219591},{""start"":1775860227767,""stop"":1775860228580},{""start"":1775860235411,""stop"":1775860236558},{""start"":1775860248802,""stop"":1775860251817}]}",0,"{""version"":1,""segments"":[]}",0,0,0,0,0,0,0,x,0,1,not a very good auto,instead of shooting into the hub it suplyed two of the bots on its team fuel by ferrying fuel into their aliance zone. it has a mid to slow speed shooter.,did the same as active shift,432,432,374,red,0,0,None,None,None,0,None,None,None,1,0,0,0,0,None,5,1,90,432,342,0,0
2026pncmp_qm66,qm,1,66,frc4915,frc957,frc4915,frc5468,frc4488,frc4125,frc1540,red,eryn m,depotWall1,0,0,0,6.684,"{""version"":1,""segments"":[{""start"":1775860122619,""stop"":1775860125287},{""start"":1775860131687,""stop"":1775860135703}]}",0,"{""version"":1,""segments"":[]}",,0,0.8999999999999999,36.933,"{""version"":1,""segments"":[{""start"":1775860156309,""stop"":1775860163002},{""start"":1775860170522,""stop"":1775860175405},{""start"":1775860201639,""stop"":1775860207493},{""start"":1775860213999,""stop"":1775860215176},{""start"":1775860216057,""stop"":1775860216915},{""start"":1775860217691,""stop"":1775860220939},{""start"":1775860251719,""stop"":1775860255638},{""start"":1775860256070,""stop"":1775860256435},{""start"":1775860261500,""stop"":1775860264653},{""start"":1775860265311,""stop"":1775860266681},{""start"":1775860267196,""stop"":1775860267431},{""start"":1775860269854,""stop"":1775860272070},{""start"":1775860276926,""stop"":1775860278871},{""start"":1775860279668,""stop"":1775860280685}]}",2.657,"{""version"":1,""segments"":[{""start"":1775860192403,""stop"":1775860193804},{""start"":1775860241973,""stop"":1775860243229}]}",4.831,"{""version"":1,""segments"":[{""start"":1775860193996,""stop"":1775860196873},{""start"":1775860238184,""stop"":1775860240138}]}",0,0,0,0,0,0,0,x,x,1,"very efficent, went for a third cycle after completing 2","very efficient and they shoot very fast, didnt have to deal with much defense at all",stole fuel from other side regularly,432,432,374,red,0,0,None,None,None,0,None,None,None,1,0,0,0,0,None,5,1,90,432,342,0,0
2026pncmp_qm66,qm,1,66,frc5468,frc957,frc4915,frc5468,frc4488,frc4125,frc1540,red,,,,,,,,,,,,,,,,,,,,,,,,,,,,,,,,432,432,374,red,0,0,None,None,None,0,None,None,None,1,0,0,0,0,None,5,1,90,432,342,0,0
2026pncmp_qm66,qm,1,66,frc4488,frc957,frc4915,frc5468,frc4488,frc4125,frc1540,blue,Anders H,outpostWall5,0,0,0,9.039,"{""version"":1,""segments"":[{""start"":1775860121027,""stop"":1775860126221},{""start"":1775860131061,""stop"":1775860134906}]}",0,"{""version"":1,""segments"":[]}",Auto 2,0,31.300000000000175,5.789,"{""version"":1,""segments"":[{""start"":1775860145178,""stop"":1775860146915},{""start"":1775860174536,""stop"":1775860177501},{""start"":1775860177901,""stop"":1775860178988}]}",0.067,"{""version"":1,""segments"":[{""start"":1775860172521,""stop"":1775860172588}]}",0,"{""version"":1,""segments"":[]}",0,0,0,0,0,0,0,x,0,1,fast intake and outtake. Accurate. ,Intake broke and was inconsistent before it broke. Outtake was slow and inconsistent. ,Cannot ferry and intake and outtake was inconsistent and slow. ,432,374,374,red,0,0,None,None,None,0,None,None,None,1,0,0,0,0,None,2,1,108,374,266,0,0
2026pncmp_qm66,qm,1,66,frc4125,frc957,frc4915,frc5468,frc4488,frc4125,frc1540,blue,Naman p,outpostWall5,0,0,0,2.45,"{""version"":1,""segments"":[{""start"":1775860124070,""stop"":1775860126520}]}",0,"{""version"":1,""segments"":[]}",Other,1,0,4.675,"{""version"":1,""segments"":[{""start"":1775860269013,""stop"":1775860273688}]}",0,"{""version"":1,""segments"":[]}",0,"{""version"":1,""segments"":[]}",0,0,0,0,0,1,0,0,0,2,Did decent and scored a couple,they shot once and were every accurate,played some mediocre defense,432,374,374,red,0,0,None,None,None,0,None,None,None,1,0,0,0,0,None,2,1,108,374,266,0,0
2026pncmp_qm66,qm,1,66,frc1540,frc957,frc4915,frc5468,frc4488,frc4125,frc1540,blue,Aubrey,depotWall1,0,0,0,9.157,"{""version"":1,""segments"":[{""start"":1775860123401,""stop"":1775860126162},{""start"":1775860127168,""stop"":1775860129378},{""start"":1775860134045,""stop"":1775860138231}]}",0,"{""version"":1,""segments"":[]}",Auto 1,0,0,62.696,"{""version"":1,""segments"":[{""start"":1775860148855,""stop"":1775860152247},{""start"":1775860177000,""stop"":1775860180789},{""start"":1775860181163,""stop"":1775860190697},{""start"":1775860192011,""stop"":1775860201897},{""start"":1775860226679,""stop"":1775860233722},{""start"":1775860237681,""stop"":1775860253214},{""start"":1775860262405,""stop"":1775860264477},{""start"":1775860265660,""stop"":1775860268919},{""start"":1775860274377,""stop"":1775860282565}]}",3.275,"{""version"":1,""segments"":[{""start"":1775860156615,""stop"":1775860159890}]}",0,"{""version"":1,""segments"":[]}",0,0,0,0,0,1,0,0,0,3,went well,shooter was accurate and efficient,"Ferried and played defense, drove good on opposite side",432,374,374,red,0,0,None,None,None,0,None,None,None,1,0,0,0,0,None,2,1,108,374,266,0,0
2026pncmp_qm67,qm,1,67,frc10416,frc10416,frc360,frc3218,frc492,frc6696,frc8051,red,James H,outpost4,0,0,0,1.784,"{""version"":1,""segments"":[{""start"":1775860641656,""stop"":1775860643440}]}",0.918,"{""version"":1,""segments"":[{""start"":1775860640449,""stop"":1775860641367}]}",Auto 2,0,0,17.391,"{""version"":1,""segments"":[{""start"":1775860660347,""stop"":1775860661669},{""start"":1775860682757,""stop"":1775860684485},{""start"":1775860685770,""stop"":1775860687081},{""start"":1775860687691,""stop"":1775860688681},{""start"":1775860716798,""stop"":1775860721018},{""start"":1775860734700,""stop"":1775860737846},{""start"":1775860766829,""stop"":1775860767209},{""start"":1775860770296,""stop"":1775860771880},{""start"":1775860781737,""stop"":1775860783571},{""start"":1775860791549,""stop"":1775860792425}]}",1.831,"{""version"":1,""segments"":[{""start"":1775860673112,""stop"":1775860673951},{""start"":1775860726868,""stop"":1775860727860}]}",0,"{""version"":1,""segments"":[]}",0,0,0,0,0,0,0,x,.5,2,avrage auto that gets one hopper worth of balls into the hub,can shoot multipull balls at once at a pretty high speed,spent the inactive time refilling its hopper.,471,471,334,red,0,0,None,None,None,0,None,None,None,1,0,0,0,1,None,5,1,64,471,407,0,0
2026pncmp_qm67,qm,1,67,frc360,frc10416,frc360,frc3218,frc492,frc6696,frc8051,red,eryn m,depotWall1,0,0,0,6.483,"{""version"":1,""segments"":[{""start"":1775860645438,""stop"":1775860649014},{""start"":1775860659879,""stop"":1775860661097},{""start"":1775860665406,""stop"":1775860667095}]}",0,"{""version"":1,""segments"":[]}",,0,0.8999999999999999,23.171,"{""version"":1,""segments"":[{""start"":1775860667924,""stop"":1775860672190},{""start"":1775860726397,""stop"":1775860731951},{""start"":1775860738241,""stop"":1775860740578},{""start"":1775860745891,""stop"":1775860748480},{""start"":1775860776851,""stop"":1775860779782},{""start"":1775860782931,""stop"":1775860788425}]}",5.273,"{""version"":1,""segments"":[{""start"":1775860707214,""stop"":1775860710490},{""start"":1775860724112,""stop"":1775860726109}]}",0,"{""version"":1,""segments"":[]}",0,0,0,0,0,0,0,x,x,1,,"unsure what to say!!! overall good robot, didnt need to defend or deal with defense",,471,471,334,red,0,0,None,None,None,0,None,None,None,1,0,0,0,1,None,5,1,64,471,407,0,0
2026pncmp_qm67,qm,1,67,frc3218,frc10416,frc360,frc3218,frc492,frc6696,frc8051,red,,,,,,,,,,,,,,,,,,,,,,,,,,,,,,,,471,471,334,red,0,0,None,None,None,0,None,None,None,1,0,0,0,1,None,5,1,64,471,407,0,0
2026pncmp_qm67,qm,1,67,frc492,frc10416,frc360,frc3218,frc492,frc6696,frc8051,blue,Anders H,outpostWall5,0,0,0,6.918,"{""version"":1,""segments"":[{""start"":1775860641183,""stop"":1775860644955},{""start"":1775860653627,""stop"":1775860656773}]}",0,"{""version"":1,""segments"":[]}",Side auto,0,0,34.756,"{""version"":1,""segments"":[{""start"":1775860666935,""stop"":1775860668062},{""start"":1775860699206,""stop"":1775860706476},{""start"":1775860709972,""stop"":1775860713808},{""start"":1775860717240,""stop"":1775860717608},{""start"":1775860746122,""stop"":1775860747149},{""start"":1775860748313,""stop"":1775860748582},{""start"":1775860756442,""stop"":1775860760106},{""start"":1775860764500,""stop"":1775860766646},{""start"":1775860768377,""stop"":1775860770224},{""start"":1775860773239,""stop"":1775860774487},{""start"":1775860781222,""stop"":1775860787524},{""start"":1775860791757,""stop"":1775860795933},{""start"":1775860798236,""stop"":1775860799712}]}",7.053,"{""version"":1,""segments"":[{""start"":1775860680290,""stop"":1775860683378},{""start"":1775860733251,""stop"":1775860737216}]}",0,"{""version"":1,""segments"":[]}",0,0,0,0,0,0,0,x,0,2,accurate and fast shooter. Fast intake. Consistent. ,Fast shooting with ferried balls pairing with fast intake. Accurate. Defense doesn't affect too much because of turrets. ,Ferried with long range fast shooters. ,471,334,334,red,0,0,None,None,None,0,None,None,None,1,5,0,0,0,None,1,0,78,334,251,0,0
2026pncmp_qm67,qm,1,67,frc6696,frc10416,frc360,frc3218,frc492,frc6696,frc8051,blue,Naman p,depotWall1,0,0,0,7.234,"{""version"":1,""segments"":[{""start"":1775860654820,""stop"":1775860660695},{""start"":1775860661222,""stop"":1775860662313},{""start"":1775860662639,""stop"":1775860662907}]}",0,"{""version"":1,""segments"":[]}",,0,0,18.752,"{""version"":1,""segments"":[{""start"":1775860669899,""stop"":1775860672797},{""start"":1775860673592,""stop"":1775860673810},{""start"":1775860701045,""stop"":1775860704057},{""start"":1775860704532,""stop"":1775860707914},{""start"":1775860709237,""stop"":1775860711805},{""start"":1775860712061,""stop"":1775860712612},{""start"":1775860712854,""stop"":1775860713573},{""start"":1775860714026,""stop"":1775860714632},{""start"":1775860714953,""stop"":1775860715362},{""start"":1775860715956,""stop"":1775860719046},{""start"":1775860719273,""stop"":1775860720227},{""start"":1775860720426,""stop"":1775860720652},{""start"":1775860721431,""stop"":1775860721550}]}",6.722,"{""version"":1,""segments"":[{""start"":1775860683861,""stop"":1775860685904},{""start"":1775860690147,""stop"":1775860692874},{""start"":1775860693729,""stop"":1775860694028},{""start"":1775860737894,""stop"":1775860738240},{""start"":1775860738360,""stop"":1775860739431},{""start"":1775860739676,""stop"":1775860739912}]}",0,"{""version"":1,""segments"":[]}",0,0,0,0,0,0,0,x,0,2,Great autonlotta fuel,great shots,great ferrying,471,334,334,red,0,0,None,None,None,0,None,None,None,1,5,0,0,0,None,1,0,78,334,251,0,0
2026pncmp_qm67,qm,1,67,frc8051,frc10416,frc360,frc3218,frc492,frc6696,frc8051,blue,Aubrey,depot2,0,0,0,2.301,"{""version"":1,""segments"":[{""start"":1775860641570,""stop"":1775860643122},{""start"":1775860645966,""stop"":1775860646465},{""start"":1775860646888,""stop"":1775860647138}]}",0,"{""version"":1,""segments"":[]}",Auto 1,0,0,5.864,"{""version"":1,""segments"":[{""start"":1775860699576,""stop"":1775860701760},{""start"":1775860724466,""stop"":1775860725713},{""start"":1775860752093,""stop"":1775860754526}]}",0,"{""version"":1,""segments"":[]}",0,"{""version"":1,""segments"":[]}",0,0,0,0,0,0,0,x,0,2,went well,"Didn't shoot very much, first couple fuel come up short",focused on intaking,471,334,334,red,0,0,None,None,None,0,None,None,None,1,5,0,0,0,None,1,0,78,334,251,0,0
2026pncmp_qm68,qm,1,68,frc10079,frc10079,frc753,frc9450,frc1778,frc9023,frc2046,red,James H,middle3,0,0,0,2.891,"{""version"":1,""segments"":[{""start"":1775861153229,""stop"":1775861154107},{""start"":1775861164434,""stop"":1775861166447}]}",0,"{""version"":1,""segments"":[]}",Other,0,0,24.838,"{""version"":1,""segments"":[{""start"":1775861177545,""stop"":1775861178156},{""start"":1775861196332,""stop"":1775861199955},{""start"":1775861231748,""stop"":1775861233982},{""start"":1775861235582,""stop"":1775861238095},{""start"":1775861239097,""stop"":1775861239468},{""start"":1775861240832,""stop"":1775861241333},{""start"":1775861253582,""stop"":1775861255292},{""start"":1775861256003,""stop"":1775861256580},{""start"":1775861283936,""stop"":1775861290068},{""start"":1775861298515,""stop"":1775861302862},{""start"":1775861309295,""stop"":1775861311432},{""start"":1775861311499,""stop"":1775861311581}]}",2.194,"{""version"":1,""segments"":[{""start"":1775861212021,""stop"":1775861212668},{""start"":1775861277263,""stop"":1775861277319},{""start"":1775861277400,""stop"":1775861278891}]}",0,"{""version"":1,""segments"":[]}",0,0,0,0,0,0,1,-.5,.5,2,gets around 20-30 fuel into the hub,can shoot fuel medium to fast speed,used time to refill their hopper.,343,343,766,blue,0,15,None,None,Level1,30,None,Level2,Level1,1,0,0,1,0,None,1,0,53,343,290,45,0
2026pncmp_qm68,qm,1,68,frc753,frc10079,frc753,frc9450,frc1778,frc9023,frc2046,red,eryn m,depot2,0,0,0,0,"{""version"":1,""segments"":[]}",0,"{""version"":1,""segments"":[]}",,0,0,6.488,"{""version"":1,""segments"":[{""start"":1775861186114,""stop"":1775861186800},{""start"":1775861188076,""stop"":1775861188220},{""start"":1775861208788,""stop"":1775861210856},{""start"":1775861263337,""stop"":1775861265954},{""start"":1775861273845,""stop"":1775861274109},{""start"":1775861274317,""stop"":1775861274509},{""start"":1775861274946,""stop"":1775861275049},{""start"":1775861275367,""stop"":1775861275449},{""start"":1775861275808,""stop"":1775861275907},{""start"":1775861276276,""stop"":1775861276389},{""start"":1775861276717,""stop"":1775861276837}]}",11.36,"{""version"":1,""segments"":[{""start"":1775861188428,""stop"":1775861191238},{""start"":1775861206871,""stop"":1775861207821},{""start"":1775861239504,""stop"":1775861242813},{""start"":1775861279271,""stop"":1775861279378},{""start"":1775861279740,""stop"":1775861279897},{""start"":1775861280030,""stop"":1775861280177},{""start"":1775861281340,""stop"":1775861281486},{""start"":1775861287843,""stop"":1775861291577}]}",0,"{""version"":1,""segments"":[]}",0,0,0,0,0,0,0,x,x,1,,priotized ferrying balls over for future shooting but slowly fell out of a rhythm,,343,343,766,blue,0,15,None,None,Level1,30,None,Level2,Level1,1,0,0,1,0,None,1,0,53,343,290,45,0
2026pncmp_qm68,qm,1,68,frc9450,frc10079,frc753,frc9450,frc1778,frc9023,frc2046,red,,,,,,,,,,,,,,,,,,,,,,,,,,,,,,,,343,343,766,blue,0,15,None,None,Level1,30,None,Level2,Level1,1,0,0,1,0,None,1,0,53,343,290,45,0
2026pncmp_qm68,qm,1,68,frc1778,frc10079,frc753,frc9450,frc1778,frc9023,frc2046,blue,Anders H,depot2,0,0,0,1.611,"{""version"":1,""segments"":[{""start"":1775861156631,""stop"":1775861156864},{""start"":1775861158543,""stop"":1775861159921}]}",0,"{""version"":1,""segments"":[]}",Other,0,0,64.907,"{""version"":1,""segments"":[{""start"":1775861180111,""stop"":1775861183295},{""start"":1775861215191,""stop"":1775861222245},{""start"":1775861222853,""stop"":1775861231737},{""start"":1775861233273,""stop"":1775861236090},{""start"":1775861240743,""stop"":1775861240762},{""start"":1775861260204,""stop"":1775861274438},{""start"":1775861275891,""stop"":1775861280824},{""start"":1775861282171,""stop"":1775861289689},{""start"":1775861290710,""stop"":1775861291618},{""start"":1775861292185,""stop"":1775861293535},{""start"":1775861294185,""stop"":1775861295411},{""start"":1775861296755,""stop"":1775861298722},{""start"":1775861300498,""stop"":1775861302271},{""start"":1775861310244,""stop"":1775861319284}]}",1.295,"{""version"":1,""segments"":[{""start"":1775861195942,""stop"":1775861197068},{""start"":1775861241382,""stop"":1775861241551}]}",10.344,"{""version"":1,""segments"":[{""start"":1775861197231,""stop"":1775861202446},{""start"":1775861241903,""stop"":1775861244426},{""start"":1775861246446,""stop"":1775861249052}]}",0,0,0,0,0,0,0,x,.5,1,only went to depot and scored 8. ,Medium speed and consistency but accurate turret shooter. ,Ferrying and stealing from the opponent side but came to alliance zone late every time. ,343,766,766,blue,0,0,None,None,None,0,None,None,None,1,15,0,0,0,None,5,1,81,766,670,0,0
2026pncmp_qm68,qm,1,68,frc9023,frc10079,frc753,frc9450,frc1778,frc9023,frc2046,blue,Archer B,outpostWall5,1,0,0,5.241,"{""version"":1,""segments"":[{""start"":1775861167877,""stop"":1775861171198},{""start"":1775861176659,""stop"":1775861177176},{""start"":1775861177440,""stop"":1775861178395},{""start"":1775861185316,""stop"":1775861185764}]}",1.659,"{""version"":1,""segments"":[{""start"":1775861176494,""stop"":1775861177234},{""start"":1775861178532,""stop"":1775861179451}]}",Auto 1,0,0,20.242,"{""version"":1,""segments"":[{""start"":1775861223469,""stop"":1775861225986},{""start"":1775861226281,""stop"":1775861228166},{""start"":1775861229932,""stop"":1775861233241},{""start"":1775861237578,""stop"":1775861240544},{""start"":1775861266497,""stop"":1775861268004},{""start"":1775861269002,""stop"":1775861270853},{""start"":1775861278916,""stop"":1775861281793},{""start"":1775861282379,""stop"":1775861282642},{""start"":1775861301651,""stop"":1775861304718}]}",11.655,"{""version"":1,""segments"":[{""start"":1775861197195,""stop"":1775861197441},{""start"":1775861202518,""stop"":1775861204964},{""start"":1775861205311,""stop"":1775861205454},{""start"":1775861205583,""stop"":1775861205704},{""start"":1775861205763,""stop"":1775861205914},{""start"":1775861206043,""stop"":1775861206114},{""start"":1775861206255,""stop"":1775861206353},{""start"":1775861206495,""stop"":1775861206594},{""start"":1775861207638,""stop"":1775861207924},{""start"":1775861208150,""stop"":1775861208265},{""start"":1775861208436,""stop"":1775861208533},{""start"":1775861208703,""stop"":1775861208823},{""start"":1775861209035,""stop"":1775861209165},{""start"":1775861209642,""stop"":1775861209692},{""start"":1775861250202,""stop"":1775861253805},{""start"":1775861255799,""stop"":1775861259005},{""start"":1775861259308,""stop"":1775861259981}]}",0,"{""version"":1,""segments"":[]}",0,0,0,0,0,0,0,x,.5,2,Great shooting and ferrying,played effectively and shot rapidly and accurately,Ferried well,343,766,766,blue,0,0,None,None,None,0,None,None,None,1,15,0,0,0,None,5,1,81,766,670,0,0
2026pncmp_qm68,qm,1,68,frc2046,frc10079,frc753,frc9450,frc1778,frc9023,frc2046,blue,Aubrey E,depotWall1,0,0,0,0,"{""version"":1,""segments"":[]}",0,"{""version"":1,""segments"":[]}",,0,0,30.142,"{""version"":1,""segments"":[{""start"":1775861186783,""stop"":1775861186925},{""start"":1775861187015,""stop"":1775861190574},{""start"":1775861215888,""stop"":1775861219818},{""start"":1775861224632,""stop"":1775861228036},{""start"":1775861234946,""stop"":1775861238238},{""start"":1775861266780,""stop"":1775861270201},{""start"":1775861287379,""stop"":1775861289506},{""start"":1775861295845,""stop"":1775861299852},{""start"":1775861306464,""stop"":1775861309962},{""start"":1775861318716,""stop"":1775861321478}]}",3.208,"{""version"":1,""segments"":[{""start"":1775861206046,""stop"":1775861207822},{""start"":1775861261711,""stop"":1775861263143}]}",0,"{""version"":1,""segments"":[]}",0,0,0,0,0,0,0,x,.5,3,got beached,very efficient shooter,good ferrying,343,766,766,blue,0,0,None,None,None,0,None,None,None,1,15,0,0,0,None,5,1,81,766,670,0,0
2026pncmp_qm69,qm,1,69,frc3674,frc3674,frc4469,frc10991,frc8896,frc2811,frc4450,red,Saturn Gojo,outpostWall5,1,0,0,5.855,"{""version"":1,""segments"":[{""start"":1775861663298,""stop"":1775861666263},{""start"":1775861673075,""stop"":1775861675965}]}",0,"{""version"":1,""segments"":[]}",Auto 1,0,0,25.672,"{""version"":1,""segments"":[{""start"":1775861687750,""stop"":1775861691807},{""start"":1775861716440,""stop"":1775861720371},{""start"":1775861720920,""stop"":1775861721162},{""start"":1775861726256,""stop"":1775861731172},{""start"":1775861734952,""stop"":1775861738428},{""start"":1775861738495,""stop"":1775861738534},{""start"":1775861766337,""stop"":1775861770467},{""start"":1775861770806,""stop"":1775861771048},{""start"":1775861810887,""stop"":1775861811455},{""start"":1775861811953,""stop"":1775861814408},{""start"":1775861814968,""stop"":1775861816584}]}",0.062,"{""version"":1,""segments"":[{""start"":1775861709470,""stop"":1775861709532}]}",0.467,"{""version"":1,""segments"":[{""start"":1775861706267,""stop"":1775861706734}]}",0,0,0,0,0,0,0,x,0,1,Straddle midline,Solid slow shooting,push balls and fill hopper; poor utilization,353,353,181,red,0,0,None,None,None,0,None,None,None,1,5,0,0,0,None,4,0,77,353,271,0,0
2026pncmp_qm69,qm,1,69,frc4469,frc3674,frc4469,frc10991,frc8896,frc2811,frc4450,red,eryn m ,depotWall1,0,0,0,6.61,"{""version"":1,""segments"":[{""start"":1775861672120,""stop"":1775861677414},{""start"":1775861688397,""stop"":1775861689713}]}",0.79,"{""version"":1,""segments"":[{""start"":1775861700465,""stop"":1775861701255}]}",,0,0,18.471,"{""version"":1,""segments"":[{""start"":1775861723479,""stop"":1775861723657},{""start"":1775861725201,""stop"":1775861729036},{""start"":1775861746399,""stop"":1775861749843},{""start"":1775861774846,""stop"":1775861776556},{""start"":1775861802208,""stop"":1775861805384},{""start"":1775861810402,""stop"":1775861810800},{""start"":1775861811933,""stop"":1775861815541},{""start"":1775861821103,""stop"":1775861821178},{""start"":1775861825298,""stop"":1775861827345}]}",7.78,"{""version"":1,""segments"":[{""start"":1775861702363,""stop"":1775861705100},{""start"":1775861708728,""stop"":1775861713771}]}",0,"{""version"":1,""segments"":[]}",0,0,0,0,0,0,0,x,x,1,,nothing really notable ;3;,,353,353,181,red,0,0,None,None,None,0,None,None,None,1,5,0,0,0,None,4,0,77,353,271,0,0
2026pncmp_qm69,qm,1,69,frc10991,frc3674,frc4469,frc10991,frc8896,frc2811,frc4450,red,,,,,,,,,,,,,,,,,,,,,,,,,,,,,,,,353,353,181,red,0,0,None,None,None,0,None,None,None,1,5,0,0,0,None,4,0,77,353,271,0,0
2026pncmp_qm69,qm,1,69,frc8896,frc3674,frc4469,frc10991,frc8896,frc2811,frc4450,blue,,middle3,0,0,0,3.397,"{""version"":1,""segments"":[{""start"":1775861663839,""stop"":1775861667236}]}",0,"{""version"":1,""segments"":[]}",Auto 2,0,0,0,"{""version"":1,""segments"":[]}",0,"{""version"":1,""segments"":[]}",0,"{""version"":1,""segments"":[]}",0,0,0,0,0,1,1,-.5,-.5,1,Only scored about half preloaded. Very slow shooter. ,defense only. Too light and small so gets pushed around. ,Same as active,353,181,181,red,0,0,None,None,None,0,None,None,None,0,0,0,0,1,None,0,0,45,181,136,0,0
2026pncmp_qm69,qm,1,69,frc2811,frc3674,frc4469,frc10991,frc8896,frc2811,frc4450,blue,Naman p,depot2,0,0,0,2.992,"{""version"":1,""segments"":[{""start"":1775861666462,""stop"":1775861667704},{""start"":1775861671604,""stop"":1775861673262},{""start"":1775861675340,""stop"":1775861675432}]}",0,"{""version"":1,""segments"":[]}",,0,0,4.313,"{""version"":1,""segments"":[{""start"":1775861701826,""stop"":1775861701914},{""start"":1775861702582,""stop"":1775861704243},{""start"":1775861714825,""stop"":1775861717389}]}",4.163,"{""version"":1,""segments"":[{""start"":1775861730101,""stop"":1775861731243},{""start"":1775861733693,""stop"":1775861734699},{""start"":1775861734984,""stop"":1775861735918},{""start"":1775861736993,""stop"":1775861737751},{""start"":1775861738277,""stop"":1775861738600}]}",0,"{""version"":1,""segments"":[]}",0,0,0,0,0,1,0,1,1,2,Meh,Despite usually playing defense they shot and were successful,great at defense refused to let a team into their own zone,353,181,181,red,0,0,None,None,None,0,None,None,None,0,0,0,0,1,None,0,0,45,181,136,0,0
2026pncmp_qm69,qm,1,69,frc4450,frc3674,frc4469,frc10991,frc8896,frc2811,frc4450,blue,Aubrey E,depotWall1,0,0,0,5.002,"{""version"":1,""segments"":[{""start"":1775861672179,""stop"":1775861673915},{""start"":1775861682395,""stop"":1775861685661}]}",0,"{""version"":1,""segments"":[]}",Auto 1,0,0,33.883,"{""version"":1,""segments"":[{""start"":1775861702470,""stop"":1775861710735},{""start"":1775861718953,""stop"":1775861723266},{""start"":1775861753290,""stop"":1775861761189},{""start"":1775861769626,""stop"":1775861773045},{""start"":1775861801119,""stop"":1775861806022},{""start"":1775861819464,""stop"":1775861824071},{""start"":1775861829875,""stop"":1775861830352}]}",3.403,"{""version"":1,""segments"":[{""start"":1775861738524,""stop"":1775861741927}]}",0,"{""version"":1,""segments"":[]}",0,0,0,0,0,0,0,x,.5,3,went well,accurate shooter,good at ferrying,353,181,181,red,0,0,None,None,None,0,None,None,None,0,0,0,0,1,None,0,0,45,181,136,0,0
2026pncmp_qm7,qm,1,7,frc2910,frc2910,frc8051,frc4450,frc3663,frc957,frc492,red,Aaden D,outpostWall5,0,0,0,3.484,"{""version"":1,""segments"":[{""start"":1775840971176,""stop"":1775840972764},{""start"":1775840981821,""stop"":1775840983717}]}",6.698,"{""version"":1,""segments"":[{""start"":1775840966283,""stop"":1775840969485},{""start"":1775840976427,""stop"":1775840979923}]}",,0,0,15.654,"{""version"":1,""segments"":[{""start"":1775841000903,""stop"":1775841001360},{""start"":1775841022976,""stop"":1775841025585},{""start"":1775841033487,""stop"":1775841035396},{""start"":1775841046025,""stop"":1775841048009},{""start"":1775841075440,""stop"":1775841077899},{""start"":1775841092748,""stop"":1775841095970},{""start"":1775841106085,""stop"":1775841109099}]}",53.438,"{""version"":1,""segments"":[{""start"":1775840991639,""stop"":1775840994188},{""start"":1775841006649,""stop"":1775841021393},{""start"":1775841028762,""stop"":1775841030725},{""start"":1775841038678,""stop"":1775841043810},{""start"":1775841050385,""stop"":1775841054845},{""start"":1775841055447,""stop"":1775841062691},{""start"":1775841063769,""stop"":1775841063851},{""start"":1775841064661,""stop"":1775841070904},{""start"":1775841072290,""stop"":1775841072986},{""start"":1775841081711,""stop"":1775841092036}]}",0,"{""version"":1,""segments"":[]}",0,0,0,0,0,0,0,x,x,1,,,,506,506,200,red,0,0,None,None,None,0,None,None,None,1,0,0,0,1,None,5,1,64,506,442,0,0
2026pncmp_qm7,qm,1,7,frc8051,frc2910,frc8051,frc4450,frc3663,frc957,frc492,red,Pranav K,middle3,0,0,0,8.751,"{""version"":1,""segments"":[{""start"":1775841062938,""stop"":1775841065279},{""start"":1775841069670,""stop"":1775841072965},{""start"":1775841080022,""stop"":1775841083137}]}",0,"{""version"":1,""segments"":[]}",,0,0,21.205,"{""version"":1,""segments"":[{""start"":1775841097458,""stop"":1775841098293},{""start"":1775841109831,""stop"":1775841110347},{""start"":1775841116922,""stop"":1775841117131},{""start"":1775841127551,""stop"":1775841135409},{""start"":1775841139883,""stop"":1775841144541},{""start"":1775841201029,""stop"":1775841205734},{""start"":1775841206590,""stop"":1775841209014}]}",4.705,"{""version"":1,""segments"":[{""start"":1775841110623,""stop"":1775841113651},{""start"":1775841185475,""stop"":1775841187152}]}",0,"{""version"":1,""segments"":[]}",0,0,0,0,0,0,0,x,x,1,,,,506,506,200,red,0,0,None,None,None,0,None,None,None,1,0,0,0,1,None,5,1,64,506,442,0,0
2026pncmp_qm7,qm,1,7,frc4450,frc2910,frc8051,frc4450,frc3663,frc957,frc492,red,,depotWall1,0,0,0,18.469,"{""version"":1,""segments"":[{""start"":1775841264068,""stop"":1775841268152},{""start"":1775841275481,""stop"":1775841280764},{""start"":1775841296150,""stop"":1775841296578},{""start"":1775841316935,""stop"":1775841317631},{""start"":1775841320363,""stop"":1775841328341}]}",27.949,"{""version"":1,""segments"":[{""start"":1775841259600,""stop"":1775841262426},{""start"":1775841270122,""stop"":1775841272600},{""start"":1775841287065,""stop"":1775841293705},{""start"":1775841300311,""stop"":1775841314876},{""start"":1775841335858,""stop"":1775841336117},{""start"":1775841377301,""stop"":1775841377414},{""start"":1775841378014,""stop"":1775841379082}]}",,0,0,0,"{""version"":1,""segments"":[]}",0,"{""version"":1,""segments"":[]}",0,"{""version"":1,""segments"":[]}",0,0,0,0,0,0,0,x,x,1,,,,506,506,200,red,0,0,None,None,None,0,None,None,None,1,0,0,0,1,None,5,1,64,506,442,0,0
2026pncmp_qm7,qm,1,7,frc3663,frc2910,frc8051,frc4450,frc3663,frc957,frc492,blue,Pranav K,depotWall1,0,0,0,3.593,"{""version"":1,""segments"":[{""start"":1775841402385,""stop"":1775841405430},{""start"":1775841413876,""stop"":1775841414424}]}",0,"{""version"":1,""segments"":[]}",,0,0,77.737,"{""version"":1,""segments"":[{""start"":1775841420989,""stop"":1775841426429},{""start"":1775841427098,""stop"":1775841430538},{""start"":1775841431881,""stop"":1775841432047},{""start"":1775841432274,""stop"":1775841432346},{""start"":1775841432487,""stop"":1775841432576},{""start"":1775841432846,""stop"":1775841432935},{""start"":1775841433295,""stop"":1775841433376},{""start"":1775841438415,""stop"":1775841444615},{""start"":1775841446422,""stop"":1775841452450},{""start"":1775841453896,""stop"":1775841459816},{""start"":1775841479139,""stop"":1775841493159},{""start"":1775841494786,""stop"":1775841500699},{""start"":1775841501475,""stop"":1775841504057},{""start"":1775841506012,""stop"":1775841509267},{""start"":1775841529252,""stop"":1775841542377},{""start"":1775841547845,""stop"":1775841550349},{""start"":1775841551237,""stop"":1775841556914},{""start"":1775841559016,""stop"":1775841562152}]}",8.048,"{""version"":1,""segments"":[{""start"":1775841515299,""stop"":1775841522153},{""start"":1775841524852,""stop"":1775841524998},{""start"":1775841525122,""stop"":1775841525177},{""start"":1775841525309,""stop"":1775841525368},{""start"":1775841525501,""stop"":1775841525588},{""start"":1775841525728,""stop"":1775841525818},{""start"":1775841525948,""stop"":1775841526038},{""start"":1775841526148,""stop"":1775841526247},{""start"":1775841526361,""stop"":1775841526457},{""start"":1775841526548,""stop"":1775841527020}]}",0,"{""version"":1,""segments"":[]}",0,0,0,0,0,0,0,x,x,1,,,,506,200,200,red,0,0,None,None,None,0,None,None,None,0,5,0,0,0,None,0,0,25,200,170,0,0
2026pncmp_qm7,qm,1,7,frc957,frc2910,frc8051,frc4450,frc3663,frc957,frc492,blue,Pranav k,outpostWall5,0,0,0,5.665,"{""version"":1,""segments"":[{""start"":1775841851438,""stop"":1775841851977},{""start"":1775841853446,""stop"":1775841855203},{""start"":1775841869734,""stop"":1775841873008},{""start"":1775841882527,""stop"":1775841882622}]}",0.938,"{""version"":1,""segments"":[{""start"":1775841882752,""stop"":1775841883690}]}",,0,0,18.603,"{""version"":1,""segments"":[{""start"":1775841895695,""stop"":1775841899057},{""start"":1775841899476,""stop"":1775841903514},{""start"":1775841912591,""stop"":1775841916467},{""start"":1775841922884,""stop"":1775841923898},{""start"":1775841941945,""stop"":1775841942023},{""start"":1775841945386,""stop"":1775841946397},{""start"":1775841949764,""stop"":1775841954873},{""start"":1775841956796,""stop"":1775841956911}]}",9.902,"{""version"":1,""segments"":[{""start"":1775841885740,""stop"":1775841888709},{""start"":1775841922390,""stop"":1775841922597},{""start"":1775841924109,""stop"":1775841927333},{""start"":1775841931126,""stop"":1775841934628}]}",0,"{""version"":1,""segments"":[]}",11.599999999999975,0,0,0,0,0,0,x,x,1,,,,506,200,200,red,0,0,None,None,None,0,None,None,None,0,5,0,0,0,None,0,0,25,200,170,0,0
2026pncmp_qm7,qm,1,7,frc492,frc2910,frc8051,frc4450,frc3663,frc957,frc492,blue,Aaden D,middle3,0,0,0,0,"{""version"":1,""segments"":[]}",0,"{""version"":1,""segments"":[]}",,0,0,0.734,"{""version"":1,""segments"":[{""start"":1775841928028,""stop"":1775841928762}]}",0,"{""version"":1,""segments"":[]}",0,"{""version"":1,""segments"":[]}",0,0,0,0,0,0,0,x,x,1,,,,506,200,200,red,0,0,None,None,None,0,None,None,None,0,5,0,0,0,None,0,0,25,200,170,0,0
2026pncmp_qm70,qm,1,70,frc2522,frc2522,frc1425,frc2471,frc2374,frc9430,frc1294,red,Olivia S,depotWall1,0,0,0,12.546,"{""version"":1,""segments"":[{""start"":1775862207352,""stop"":1775862207412},{""start"":1775862208317,""stop"":1775862220803}]}",1.077,"{""version"":1,""segments"":[{""start"":1775862204375,""stop"":1775862205214},{""start"":1775862224642,""stop"":1775862224880}]}",Auto 1,0,0,52.002,"{""version"":1,""segments"":[{""start"":1775862232438,""stop"":1775862238210},{""start"":1775862259740,""stop"":1775862276154},{""start"":1775862277926,""stop"":1775862280396},{""start"":1775862282481,""stop"":1775862284701},{""start"":1775862311323,""stop"":1775862313881},{""start"":1775862314884,""stop"":1775862319808},{""start"":1775862327528,""stop"":1775862331606},{""start"":1775862333645,""stop"":1775862336877},{""start"":1775862345610,""stop"":1775862349355},{""start"":1775862352461,""stop"":1775862353755},{""start"":1775862359915,""stop"":1775862365210}]}",14.328,"{""version"":1,""segments"":[{""start"":1775862243403,""stop"":1775862244534},{""start"":1775862249538,""stop"":1775862251672},{""start"":1775862253528,""stop"":1775862253968},{""start"":1775862289265,""stop"":1775862293102},{""start"":1775862297040,""stop"":1775862297680},{""start"":1775862298358,""stop"":1775862303864},{""start"":1775862342352,""stop"":1775862342992}]}",0,"{""version"":1,""segments"":[]}",0,0,0,0,0,0,0,x,.5,1,"good swipe into NZ and then using depot to shoot. did a weird ferry portion, but just super short",used turret to clean up alliance side fuel. tended to focus on ferrying during NZ so clean up was kind of slow w/out a full hopper. good dodging defense,ferrying from neutral zone... worked fine b/c turret.,317,317,261,red,0,0,None,None,None,10,Level1,None,None,1,0,0,0,0,None,4,0,58,317,259,10,0
2026pncmp_qm70,qm,1,70,frc1425,frc2522,frc1425,frc2471,frc2374,frc9430,frc1294,red,Cayden W,outpostWall5,0,0,0,6.766,"{""version"":1,""segments"":[{""start"":1775862216117,""stop"":1775862218714},{""start"":1775862218922,""stop"":1775862219340},{""start"":1775862219421,""stop"":1775862219521},{""start"":1775862219681,""stop"":1775862219970},{""start"":1775862226545,""stop"":1775862229907}]}",0,"{""version"":1,""segments"":[]}",Auto 3,0,0,27.841,"{""version"":1,""segments"":[{""start"":1775862239232,""stop"":1775862244113},{""start"":1775862268421,""stop"":1775862274381},{""start"":1775862283142,""stop"":1775862285896},{""start"":1775862291622,""stop"":1775862292078},{""start"":1775862323033,""stop"":1775862323191},{""start"":1775862323352,""stop"":1775862328427},{""start"":1775862343643,""stop"":1775862345079},{""start"":1775862351831,""stop"":1775862354614},{""start"":1775862358086,""stop"":1775862359561},{""start"":1775862368891,""stop"":1775862371754}]}",6.596,"{""version"":1,""segments"":[{""start"":1775862251945,""stop"":1775862255508},{""start"":1775862302727,""stop"":1775862305760}]}",0,"{""version"":1,""segments"":[]}",0,0,0,0,0,0,0,x,.5,3,Accurate shooting ,shot consistently with defense ,decided to eject fuel into opposing teams ,317,317,261,red,0,0,None,None,None,10,Level1,None,None,1,0,0,0,0,None,4,0,58,317,259,10,0
2026pncmp_qm70,qm,1,70,frc2471,frc2522,frc1425,frc2471,frc2374,frc9430,frc1294,red,,,,,,,,,,,,,,,,,,,,,,,,,,,,,,,,317,317,261,red,0,0,None,None,None,10,Level1,None,None,1,0,0,0,0,None,4,0,58,317,259,10,0
2026pncmp_qm70,qm,1,70,frc2374,frc2522,frc1425,frc2471,frc2374,frc9430,frc1294,blue,Owen R,outpostWall5,0,0,0,2.261,"{""version"":1,""segments"":[{""start"":1775862213502,""stop"":1775862214059},{""start"":1775862214271,""stop"":1775862214697},{""start"":1775862215237,""stop"":1775862215529},{""start"":1775862216257,""stop"":1775862216315},{""start"":1775862220040,""stop"":1775862220447},{""start"":1775862220840,""stop"":1775862221255},{""start"":1775862223504,""stop"":1775862223541},{""start"":1775862224886,""stop"":1775862224955}]}",0,"{""version"":1,""segments"":[]}",,0,0,0,"{""version"":1,""segments"":[]}",0,"{""version"":1,""segments"":[]}",0,"{""version"":1,""segments"":[]}",0,0,0,0,1,1,1,1,.5,1,"Auto only used preloaded, never used intake, decent accuracy","Never used intake or attempted to score, played great defense and ferry for fuel on the ground","Great defense, great driving tactics, good ferry",317,261,261,red,0,0,None,None,None,0,None,None,None,1,0,0,0,0,None,1,0,52,261,209,0,0
2026pncmp_qm70,qm,1,70,frc9430,frc2522,frc1425,frc2471,frc2374,frc9430,frc1294,blue,Naman p,depotWall1,0,0,0,0,"{""version"":1,""segments"":[]}",0,"{""version"":1,""segments"":[]}",,0,0,27.502,"{""version"":1,""segments"":[{""start"":1775862259172,""stop"":1775862263012},{""start"":1775862271099,""stop"":1775862273923},{""start"":1775862292979,""stop"":1775862298561},{""start"":1775862306653,""stop"":1775862310571},{""start"":1775862346350,""stop"":1775862348016},{""start"":1775862357245,""stop"":1775862358360},{""start"":1775862358838,""stop"":1775862360530},{""start"":1775862363420,""stop"":1775862368291},{""start"":1775862372771,""stop"":1775862374765}]}",2.079,"{""version"":1,""segments"":[{""start"":1775862333831,""stop"":1775862335910}]}",0,"{""version"":1,""segments"":[]}",0,0,0,0,0,0,0,x,.5,2,Efrective,Good drivier,,317,261,261,red,0,0,None,None,None,0,None,None,None,1,0,0,0,0,None,1,0,52,261,209,0,0
2026pncmp_qm70,qm,1,70,frc1294,frc2522,frc1425,frc2471,frc2374,frc9430,frc1294,blue,Yamini A,middle3,0,0,0,3.542,"{""version"":1,""segments"":[{""start"":1775862213431,""stop"":1775862216074},{""start"":1775862218279,""stop"":1775862219178}]}",0,"{""version"":1,""segments"":[]}",,0,0,0.53,"{""version"":1,""segments"":[{""start"":1775862249701,""stop"":1775862250231}]}",0,"{""version"":1,""segments"":[]}",1.251,"{""version"":1,""segments"":[{""start"":1775862250697,""stop"":1775862251948}]}",0,0,0,0,0,1,0,-.5,0,1,shot like three balls,was in the opponrnts side the whole match including during inactive moments but wasn't doing a good job at defending,,317,261,261,red,0,0,None,None,None,0,None,None,None,1,0,0,0,0,None,1,0,52,261,209,0,0
2026pncmp_qm71,qm,1,71,frc2926,frc2926,frc8248,frc1540,frc1595,frc4488,frc4131,red,Sofia C,middle3,0,0,0,1.888,"{""version"":1,""segments"":[{""start"":1775863693490,""stop"":1775863695378}]}",0,"{""version"":1,""segments"":[]}",Auto 1,0,0,4.77,"{""version"":1,""segments"":[{""start"":1775863765267,""stop"":1775863766128},{""start"":1775863796567,""stop"":1775863796988},{""start"":1775863797110,""stop"":1775863797170},{""start"":1775863797431,""stop"":1775863798342},{""start"":1775863804188,""stop"":1775863804524},{""start"":1775863813444,""stop"":1775863813691},{""start"":1775863817191,""stop"":1775863817357},{""start"":1775863829034,""stop"":1775863829958},{""start"":1775863846618,""stop"":1775863847462}]}",0,"{""version"":1,""segments"":[]}",0,"{""version"":1,""segments"":[]}",0,0,0,0,0,0,0,x,-.5,1,"very slow. scored little the first round and when the went in for a second round, they didn't line up properly so they weren't able to start the teleop period with a full hopper. ",hardly scored b/c small hopper capacity and inacurate shots. driving was also slow ,mostly tried to push balls to alliance zone since they couldm't ferry. this was somewhat effective but didn't really make much of a difference. a more effective use of time would be to have gone to opponent zone to push balls out and/or defense. ,402,402,235,red,0,0,None,None,None,0,None,None,None,1,20,0,0,1,None,5,1,78,402,304,0,0
2026pncmp_qm71,qm,1,71,frc8248,frc2926,frc8248,frc1540,frc1595,frc4488,frc4131,red,Cayden W,outpostWall5,0,0,0,2.079,"{""version"":1,""segments"":[{""start"":1775863702721,""stop"":1775863703544},{""start"":1775863712421,""stop"":1775863713677}]}",0,"{""version"":1,""segments"":[]}",Auto 1,0,0,14.426,"{""version"":1,""segments"":[{""start"":1775863725684,""stop"":1775863726002},{""start"":1775863726225,""stop"":1775863726469},{""start"":1775863727046,""stop"":1775863727420},{""start"":1775863753086,""stop"":1775863754610},{""start"":1775863755088,""stop"":1775863755810},{""start"":1775863755842,""stop"":1775863756409},{""start"":1775863756606,""stop"":1775863757620},{""start"":1775863757816,""stop"":1775863758747},{""start"":1775863771140,""stop"":1775863773565},{""start"":1775863777363,""stop"":1775863778390},{""start"":1775863805263,""stop"":1775863807296},{""start"":1775863820410,""stop"":1775863823042},{""start"":1775863824745,""stop"":1775863825023},{""start"":1775863834782,""stop"":1775863835119}]}",6.9,"{""version"":1,""segments"":[{""start"":1775863746399,""stop"":1775863750646},{""start"":1775863789466,""stop"":1775863790585},{""start"":1775863790864,""stop"":1775863790972},{""start"":1775863791012,""stop"":1775863791261},{""start"":1775863793702,""stop"":1775863794879}]}",0,"{""version"":1,""segments"":[]}",0,0,0,0,0,0,0,x,-.5,2,No fuel on pass one,"Slow at intaking, very inaccurate shooting because defended ","ferrying fuel slow but very high, ",402,402,235,red,0,0,None,None,None,0,None,None,None,1,20,0,0,1,None,5,1,78,402,304,0,0
2026pncmp_qm71,qm,1,71,frc1540,frc2926,frc8248,frc1540,frc1595,frc4488,frc4131,red,,,,,,,,,,,,,,,,,,,,,,,,,,,,,,,,402,402,235,red,0,0,None,None,None,0,None,None,None,1,20,0,0,1,None,5,1,78,402,304,0,0
2026pncmp_qm71,qm,1,71,frc1595,frc2926,frc8248,frc1540,frc1595,frc4488,frc4131,blue,Owen R,outpostWall5,0,0,0,0,"{""version"":1,""segments"":[]}",0,"{""version"":1,""segments"":[]}",,0,0,8.093,"{""version"":1,""segments"":[{""start"":1775863720058,""stop"":1775863721296},{""start"":1775863721986,""stop"":1775863722953},{""start"":1775863723745,""stop"":1775863724311},{""start"":1775863742859,""stop"":1775863744165},{""start"":1775863745146,""stop"":1775863745760},{""start"":1775863746846,""stop"":1775863747233},{""start"":1775863748006,""stop"":1775863748274},{""start"":1775863749142,""stop"":1775863749278},{""start"":1775863786690,""stop"":1775863787165},{""start"":1775863787769,""stop"":1775863788146},{""start"":1775863798208,""stop"":1775863798737},{""start"":1775863829695,""stop"":1775863830560},{""start"":1775863830900,""stop"":1775863831265}]}",0,"{""version"":1,""segments"":[]}",0,"{""version"":1,""segments"":[]}",0,0,0,0,0,1,0,-.5,0,2,"Auto just went into NZ and got fuel, nothing else","fast intake, good consistent firing, good driving","Just got a full hopper and attempted defense, not much else",402,235,235,red,0,0,None,None,None,0,None,None,None,0,5,0,1,1,None,0,0,13,235,217,0,0
2026pncmp_qm71,qm,1,71,frc4488,frc2926,frc8248,frc1540,frc1595,frc4488,frc4131,blue,Va,depotWall1,0,0,0,1.311,"{""version"":1,""segments"":[{""start"":1775863701724,""stop"":1775863702230},{""start"":1775863721516,""stop"":1775863722321}]}",0,"{""version"":1,""segments"":[]}",Auto 1,0,0,31.515,"{""version"":1,""segments"":[{""start"":1775863723339,""stop"":1775863727310},{""start"":1775863737821,""stop"":1775863743868},{""start"":1775863750306,""stop"":1775863753371},{""start"":1775863778064,""stop"":1775863783544},{""start"":1775863792905,""stop"":1775863796370},{""start"":1775863800795,""stop"":1775863802232},{""start"":1775863831139,""stop"":1775863836521},{""start"":1775863856392,""stop"":1775863859060}]}",6.659,"{""version"":1,""segments"":[{""start"":1775863765304,""stop"":1775863768340},{""start"":1775863774693,""stop"":1775863775578},{""start"":1775863816448,""stop"":1775863819186}]}",0,"{""version"":1,""segments"":[]}",0,0,0,0,0,0,0,x,.5,3,Basic auto was fine,Good shooting driver didna good job,ferried from neutral,402,235,235,red,0,0,None,None,None,0,None,None,None,0,5,0,1,1,None,0,0,13,235,217,0,0
2026pncmp_qm71,qm,1,71,frc4131,frc2926,frc8248,frc1540,frc1595,frc4488,frc4131,blue,Yamini A,middle3,0,0,0,0,"{""version"":1,""segments"":[]}",0,"{""version"":1,""segments"":[]}",Other,0,0,0,"{""version"":1,""segments"":[]}",0,"{""version"":1,""segments"":[]}",0,"{""version"":1,""segments"":[]}",0,0,0,1,0,1,0,0,0,1,didn't move ,played defense ,played defense but was just decent at it,402,235,235,red,0,0,None,None,None,0,None,None,None,0,5,0,1,1,None,0,0,13,235,217,0,0
2026pncmp_qm72,qm,1,72,frc5937,frc5937,frc4125,frc4915,frc4089,frc4512,frc360,red,Sofia C,depotWall1,0,0,0,8.343,"{""version"":1,""segments"":[{""start"":1775864195376,""stop"":1775864196361},{""start"":1775864196780,""stop"":1775864200487},{""start"":1775864206752,""stop"":1775864210403}]}",0,"{""version"":1,""segments"":[]}",Auto 1,0,0,26.518,"{""version"":1,""segments"":[{""start"":1775864220824,""stop"":1775864224961},{""start"":1775864243872,""stop"":1775864244629},{""start"":1775864248057,""stop"":1775864253464},{""start"":1775864255859,""stop"":1775864256222},{""start"":1775864263223,""stop"":1775864267199},{""start"":1775864268823,""stop"":1775864269306},{""start"":1775864270989,""stop"":1775864271125},{""start"":1775864298014,""stop"":1775864304686},{""start"":1775864305329,""stop"":1775864307138},{""start"":1775864308650,""stop"":1775864309758},{""start"":1775864310111,""stop"":1775864310268},{""start"":1775864313378,""stop"":1775864314387},{""start"":1775864316560,""stop"":1775864316660},{""start"":1775864326828,""stop"":1775864327232}]}",6.08,"{""version"":1,""segments"":[{""start"":1775864228989,""stop"":1775864234122},{""start"":1775864328714,""stop"":1775864329661}]}",2.326,"{""version"":1,""segments"":[{""start"":1775864281387,""stop"":1775864282071},{""start"":1775864283306,""stop"":1775864283863},{""start"":1775864284626,""stop"":1775864285245},{""start"":1775864286111,""stop"":1775864286577}]}",0,0,0,0,0,0,0,x,0,2,was able to complete 2 rounds successfully ,focused on shorter rounds of intaking from NZ and scoring. they never completely filled their hopper. stayed on one side of the field almost the whole time. ,"focused on ferrying from neutral zone and opponent zone. with turret they could ferry on the move so they were really productive during this time. they also have a high throughput during this process, making them super efficient. ",405,405,438,blue,0,0,None,None,None,0,None,None,None,1,10,0,0,1,None,2,1,91,405,304,0,0
2026pncmp_qm72,qm,1,72,frc4125,frc5937,frc4125,frc4915,frc4089,frc4512,frc360,red,Cayden W,outpost4,0,0,0,2.225,"{""version"":1,""segments"":[{""start"":1775864203182,""stop"":1775864205407}]}",0,"{""version"":1,""segments"":[]}",Auto 1,0,0,2.639,"{""version"":1,""segments"":[{""start"":1775864346084,""stop"":1775864346295},{""start"":1775864355003,""stop"":1775864356188},{""start"":1775864356309,""stop"":1775864357337},{""start"":1775864357601,""stop"":1775864357816}]}",1.116,"{""version"":1,""segments"":[{""start"":1775864237849,""stop"":1775864238965}]}",0,"{""version"":1,""segments"":[]}",0,0,0,0,0,1,0,-.5,x,1,A stopped before going over bump ,"Played defense on OZ, they was very ineffective at playing defense on a turret bot",Playing defense ,405,405,438,blue,0,0,None,None,None,0,None,None,None,1,10,0,0,1,None,2,1,91,405,304,0,0
2026pncmp_qm72,qm,1,72,frc4915,frc5937,frc4125,frc4915,frc4089,frc4512,frc360,red,,,,,,,,,,,,,,,,,,,,,,,,,,,,,,,,405,405,438,blue,0,0,None,None,None,0,None,None,None,1,10,0,0,1,None,2,1,91,405,304,0,0
2026pncmp_qm72,qm,1,72,frc4089,frc5937,frc4125,frc4915,frc4089,frc4512,frc360,blue,Owen R,depotWall1,1,0,0,0,"{""version"":1,""segments"":[]}",0,"{""version"":1,""segments"":[]}",,1,0,40.277,"{""version"":1,""segments"":[{""start"":1775864221218,""stop"":1775864221838},{""start"":1775864222706,""stop"":1775864222738},{""start"":1775864224252,""stop"":1775864224491},{""start"":1775864232796,""stop"":1775864237072},{""start"":1775864249499,""stop"":1775864252708},{""start"":1775864253568,""stop"":1775864253827},{""start"":1775864281797,""stop"":1775864283306},{""start"":1775864288926,""stop"":1775864298484},{""start"":1775864300747,""stop"":1775864302155},{""start"":1775864328910,""stop"":1775864329084},{""start"":1775864329267,""stop"":1775864343011},{""start"":1775864351634,""stop"":1775864353631},{""start"":1775864354047,""stop"":1775864357299}]}",0,"{""version"":1,""segments"":[]}",0,"{""version"":1,""segments"":[]}",0,0,0,0,0,0,0,x,.5,3,"Auto got interrupted by opposing team, got stranded on fuel","Consistent firing rate, good driving, good intake",Just filled hopper and got back to AZ,405,438,438,blue,0,0,None,None,None,0,None,None,None,1,5,0,0,2,None,5,1,48,438,385,0,0
2026pncmp_qm72,qm,1,72,frc4512,frc5937,frc4125,frc4915,frc4089,frc4512,frc360,blue,Va,depotWall1,0,0,0,4.466,"{""version"":1,""segments"":[{""start"":1775864201400,""stop"":1775864203966},{""start"":1775864214953,""stop"":1775864216853}]}",0,"{""version"":1,""segments"":[]}",Other,0,0,27.737,"{""version"":1,""segments"":[{""start"":1775864230084,""stop"":1775864232449},{""start"":1775864246836,""stop"":1775864250712},{""start"":1775864252733,""stop"":1775864255538},{""start"":1775864256791,""stop"":1775864258538},{""start"":1775864284923,""stop"":1775864289186},{""start"":1775864293732,""stop"":1775864296339},{""start"":1775864306022,""stop"":1775864307847},{""start"":1775864333797,""stop"":1775864334252},{""start"":1775864336835,""stop"":1775864338965},{""start"":1775864356103,""stop"":1775864358030},{""start"":1775864359373,""stop"":1775864363110}]}",2.216,"{""version"":1,""segments"":[{""start"":1775864264762,""stop"":1775864266669},{""start"":1775864319965,""stop"":1775864320274}]}",2.332,"{""version"":1,""segments"":[{""start"":1775864320740,""stop"":1775864323072}]}",0,0,0,0,0,0,0,x,.5,2,didn't do much shooting,Strong alliance and driver was strong,ferried from central ans opponent zone,405,438,438,blue,0,0,None,None,None,0,None,None,None,1,5,0,0,2,None,5,1,48,438,385,0,0
2026pncmp_qm72,qm,1,72,frc360,frc5937,frc4125,frc4915,frc4089,frc4512,frc360,blue,Yamini a,outpostWall5,0,0,0,4.931,"{""version"":1,""segments"":[{""start"":1775864203615,""stop"":1775864207844},{""start"":1775864218801,""stop"":1775864219503}]}",0,"{""version"":1,""segments"":[]}",Auto 2,0,0,20.253,"{""version"":1,""segments"":[{""start"":1775864224575,""stop"":1775864229811},{""start"":1775864240758,""stop"":1775864243935},{""start"":1775864250591,""stop"":1775864255822},{""start"":1775864283255,""stop"":1775864289864}]}",0,"{""version"":1,""segments"":[]}",0,"{""version"":1,""segments"":[]}",0,0,0,0,0,1,1,-.5,0,2,scored lots did a good job ,for the first half of the game it was collecting and shooting lots of balls but towards the second half it almost looked confused and lost and then it started playing a weak defense in opponents side,collected balls to shoot,405,438,438,blue,0,0,None,None,None,0,None,None,None,1,5,0,0,2,None,5,1,48,438,385,0,0
2026pncmp_qm73,qm,1,73,frc7034,frc7034,frc948,frc957,frc5468,frc10416,frc2412,red,Sofia C,depotWall1,0,0,0,5.271,"{""version"":1,""segments"":[{""start"":1775864681075,""stop"":1775864683145},{""start"":1775864683870,""stop"":1775864685895},{""start"":1775864693630,""stop"":1775864694806}]}",0,"{""version"":1,""segments"":[]}",Auto 1,1,0,22.632,"{""version"":1,""segments"":[{""start"":1775864707630,""stop"":1775864709620},{""start"":1775864735359,""stop"":1775864737586},{""start"":1775864738349,""stop"":1775864739228},{""start"":1775864744644,""stop"":1775864751366},{""start"":1775864756775,""stop"":1775864758589},{""start"":1775864758660,""stop"":1775864758753},{""start"":1775864784829,""stop"":1775864786788},{""start"":1775864791105,""stop"":1775864792778},{""start"":1775864796361,""stop"":1775864796796},{""start"":1775864800945,""stop"":1775864801534},{""start"":1775864807609,""stop"":1775864810567},{""start"":1775864815565,""stop"":1775864816475},{""start"":1775864817429,""stop"":1775864817812}]}",5.896,"{""version"":1,""segments"":[{""start"":1775864719989,""stop"":1775864720384},{""start"":1775864721954,""stop"":1775864722362},{""start"":1775864773499,""stop"":1775864778592}]}",2.726,"{""version"":1,""segments"":[{""start"":1775864720564,""stop"":1775864721592},{""start"":1775864722941,""stop"":1775864724639}]}",0,0,0,0,0,0,0,x,1,2,For the first round of collecting from NZ they missed a lot of balls b/c another robot took the ones in their path. Other than that auto was successful. ,alternated between taking balls from alliance zone and NZ. shot when hopper was about 1/2 full,went to opponent zone to ferry ball across the field. they were able to clean up very well and got lots of balls to AZ,419,419,408,red,0,0,None,None,None,0,None,None,None,1,15,0,1,0,None,5,1,90,419,314,0,0
2026pncmp_qm73,qm,1,73,frc948,frc7034,frc948,frc957,frc5468,frc10416,frc2412,red,,outpost4,0,0,0,5.075,"{""version"":1,""segments"":[{""start"":1775864689032,""stop"":1775864690775},{""start"":1775864698316,""stop"":1775864701648}]}",0,"{""version"":1,""segments"":[]}",Auto 1,0,0,19.178,"{""version"":1,""segments"":[{""start"":1775864712159,""stop"":1775864715299},{""start"":1775864716126,""stop"":1775864716691},{""start"":1775864741371,""stop"":1775864743004},{""start"":1775864752424,""stop"":1775864754750},{""start"":1775864807006,""stop"":1775864810041},{""start"":1775864815586,""stop"":1775864815633},{""start"":1775864815785,""stop"":1775864815924},{""start"":1775864816191,""stop"":1775864817834},{""start"":1775864825172,""stop"":1775864826587},{""start"":1775864834974,""stop"":1775864835103},{""start"":1775864836659,""stop"":1775864840244},{""start"":1775864843705,""stop"":1775864845069},{""start"":1775864846434,""stop"":1775864846591}]}",0,"{""version"":1,""segments"":[]}",0,"{""version"":1,""segments"":[]}",5.599999999999996,0,0,0,0,0,0,x,0,3,Was a very effective accurate auto,"shot fast with defense on them, they was accurate ",fill own hopper to set up for next shift,419,419,408,red,0,0,None,None,None,0,None,None,None,1,15,0,1,0,None,5,1,90,419,314,0,0
2026pncmp_qm73,qm,1,73,frc957,frc7034,frc948,frc957,frc5468,frc10416,frc2412,red,,,,,,,,,,,,,,,,,,,,,,,,,,,,,,,,419,419,408,red,0,0,None,None,None,0,None,None,None,1,15,0,1,0,None,5,1,90,419,314,0,0
2026pncmp_qm73,qm,1,73,frc5468,frc7034,frc948,frc957,frc5468,frc10416,frc2412,blue,Owen R,outpostWall5,0,0,0,8.499,"{""version"":1,""segments"":[{""start"":1775864682883,""stop"":1775864686996},{""start"":1775864694125,""stop"":1775864698511}]}",0,"{""version"":1,""segments"":[]}",,0,0,38.051,"{""version"":1,""segments"":[{""start"":1775864716326,""stop"":1775864719273},{""start"":1775864722746,""stop"":1775864728700},{""start"":1775864729030,""stop"":1775864729677},{""start"":1775864729887,""stop"":1775864729961},{""start"":1775864732267,""stop"":1775864733466},{""start"":1775864733675,""stop"":1775864734024},{""start"":1775864763351,""stop"":1775864763797},{""start"":1775864764049,""stop"":1775864764326},{""start"":1775864764736,""stop"":1775864764847},{""start"":1775864764977,""stop"":1775864765026},{""start"":1775864766648,""stop"":1775864767188},{""start"":1775864767767,""stop"":1775864768514},{""start"":1775864771311,""stop"":1775864776157},{""start"":1775864776617,""stop"":1775864777532},{""start"":1775864777807,""stop"":1775864778262},{""start"":1775864778463,""stop"":1775864778962},{""start"":1775864779433,""stop"":1775864780512},{""start"":1775864780663,""stop"":1775864781640},{""start"":1775864781932,""stop"":1775864783446},{""start"":1775864783810,""stop"":1775864785741},{""start"":1775864812885,""stop"":1775864816161},{""start"":1775864816481,""stop"":1775864818096},{""start"":1775864819529,""stop"":1775864821499},{""start"":1775864821938,""stop"":1775864822318},{""start"":1775864825087,""stop"":1775864825524},{""start"":1775864831280,""stop"":1775864832716},{""start"":1775864840735,""stop"":1775864843809},{""start"":1775864845123,""stop"":1775864845430}]}",3.032,"{""version"":1,""segments"":[{""start"":1775864756510,""stop"":1775864758436},{""start"":1775864802519,""stop"":1775864802841},{""start"":1775864805661,""stop"":1775864806445}]}",0,"{""version"":1,""segments"":[]}",0,0,0,0,0,0,0,x,.5,3,"Auto was great, fast firing and quick movement","Fast consistent firing, great driving,","good ferry, fast firing, great driving",419,408,408,red,0,0,None,None,None,0,None,None,None,1,15,0,0,3,None,2,1,70,408,323,0,0
2026pncmp_qm73,qm,1,73,frc10416,frc7034,frc948,frc957,frc5468,frc10416,frc2412,blue,Va,depot2,0,0,0,2.177,"{""version"":1,""segments"":[{""start"":1775864688238,""stop"":1775864690415}]}",0,"{""version"":1,""segments"":[]}",Auto 1,0,0,15.209,"{""version"":1,""segments"":[{""start"":1775864720359,""stop"":1775864721257},{""start"":1775864721597,""stop"":1775864725667},{""start"":1775864738067,""stop"":1775864738112},{""start"":1775864738212,""stop"":1775864739163},{""start"":1775864771853,""stop"":1775864775736},{""start"":1775864826082,""stop"":1775864831444}]}",0.979,"{""version"":1,""segments"":[{""start"":1775864716688,""stop"":1775864717466},{""start"":1775864719109,""stop"":1775864719310}]}",0,"{""version"":1,""segments"":[]}",0,0,0,0,0,0,0,x,0,2,No good scoring in auto,driving was chaotic shitting was decent but inconsistent,Ferrying wasn't that good,419,408,408,red,0,0,None,None,None,0,None,None,None,1,15,0,0,3,None,2,1,70,408,323,0,0
2026pncmp_qm73,qm,1,73,frc2412,frc7034,frc948,frc957,frc5468,frc10416,frc2412,blue,Yamini A,depotWall1,0,0,0,1.361,"{""version"":1,""segments"":[{""start"":1775864693341,""stop"":1775864693629},{""start"":1775864697157,""stop"":1775864697535},{""start"":1775864709450,""stop"":1775864710145}]}",0,"{""version"":1,""segments"":[]}",Other,0,0,18.836,"{""version"":1,""segments"":[{""start"":1775864717996,""stop"":1775864721416},{""start"":1775864735369,""stop"":1775864735699},{""start"":1775864765271,""stop"":1775864765892},{""start"":1775864828299,""stop"":1775864833487},{""start"":1775864833843,""stop"":1775864839469},{""start"":1775864844836,""stop"":1775864848487}]}",9.307,"{""version"":1,""segments"":[{""start"":1775864728065,""stop"":1775864729343},{""start"":1775864735938,""stop"":1775864736711},{""start"":1775864772591,""stop"":1775864777545},{""start"":1775864808959,""stop"":1775864810106},{""start"":1775864821114,""stop"":1775864822269}]}",5.928,"{""version"":1,""segments"":[{""start"":1775864766042,""stop"":1775864767677},{""start"":1775864785483,""stop"":1775864788541},{""start"":1775864791756,""stop"":1775864792991}]}",0,0,0,0,0,1,0,-.5,.5,2,good auto,ferried a lot and scored occasionally. Good robot control and scored fast,ferried,419,408,408,red,0,0,None,None,None,0,None,None,None,1,15,0,0,3,None,2,1,70,408,323,0,0
2026pncmp_qm74,qm,1,74,frc2521,frc2521,frc2976,frc492,frc997,frc488,frc4061,red,Sofia C,depot2,0,0,0,2.665,"{""version"":1,""segments"":[{""start"":1775865286056,""stop"":1775865286346},{""start"":1775865286986,""stop"":1775865289361}]}",0,"{""version"":1,""segments"":[]}",Auto 1,0,0,14.524,"{""version"":1,""segments"":[{""start"":1775865352683,""stop"":1775865357259},{""start"":1775865402489,""stop"":1775865405649},{""start"":1775865409346,""stop"":1775865409719},{""start"":1775865410864,""stop"":1775865412401},{""start"":1775865430552,""stop"":1775865432631},{""start"":1775865438504,""stop"":1775865438680},{""start"":1775865442058,""stop"":1775865442096},{""start"":1775865442208,""stop"":1775865443226},{""start"":1775865453084,""stop"":1775865453220},{""start"":1775865453461,""stop"":1775865454892}]}",9.653,"{""version"":1,""segments"":[{""start"":1775865316491,""stop"":1775865319193},{""start"":1775865320029,""stop"":1775865320575},{""start"":1775865323276,""stop"":1775865325514},{""start"":1775865333901,""stop"":1775865334789},{""start"":1775865340187,""stop"":1775865341302},{""start"":1775865345581,""stop"":1775865347745}]}",3.582,"{""version"":1,""segments"":[{""start"":1775865376678,""stop"":1775865377593},{""start"":1775865380193,""stop"":1775865382860}]}",1.4000000000000001,0,0,0,0,0,0,x,0,1,auto was completed successfully but doesn't score a whole ton. ,took a while to align to hub to shoot. their weren't super fast at transitioning between collecting balls and emptying out hopper. ,biggest strength is ferrying. they can do it from any range and high throughput allowed them to get tons of balls across. they are susceptable to defense though when ferrying. ,240,240,124,red,0,0,None,None,None,0,None,None,None,1,0,0,0,0,None,4,0,73,240,167,0,0
2026pncmp_qm74,qm,1,74,frc2976,frc2521,frc2976,frc492,frc997,frc488,frc4061,red,Cayden W,depotWall1,0,0,0,0,"{""version"":1,""segments"":[]}",0,"{""version"":1,""segments"":[]}",,0,0,0,"{""version"":1,""segments"":[]}",0,"{""version"":1,""segments"":[]}",0,"{""version"":1,""segments"":[]}",0,0,0,0,0,0,0,x,x,1,,,,240,240,124,red,0,0,None,None,None,0,None,None,None,1,0,0,0,0,None,4,0,73,240,167,0,0
2026pncmp_qm74,qm,1,74,frc492,frc2521,frc2976,frc492,frc997,frc488,frc4061,red,Hugh W,depotWall1,0,0,0,4.904,"{""version"":1,""segments"":[{""start"":1775865296527,""stop"":1775865299345},{""start"":1775865306414,""stop"":1775865308500}]}",0,"{""version"":1,""segments"":[]}",,0,0,18.684,"{""version"":1,""segments"":[{""start"":1775865320950,""stop"":1775865321617},{""start"":1775865321769,""stop"":1775865322167},{""start"":1775865330816,""stop"":1775865330823},{""start"":1775865331819,""stop"":1775865331909},{""start"":1775865334120,""stop"":1775865334228},{""start"":1775865334527,""stop"":1775865334848},{""start"":1775865347639,""stop"":1775865351065},{""start"":1775865354892,""stop"":1775865359050},{""start"":1775865368656,""stop"":1775865371822},{""start"":1775865398493,""stop"":1775865401991},{""start"":1775865409785,""stop"":1775865412543},{""start"":1775865420142,""stop"":1775865420209},{""start"":1775865421268,""stop"":1775865421288}]}",4.345,"{""version"":1,""segments"":[{""start"":1775865335306,""stop"":1775865338544},{""start"":1775865344846,""stop"":1775865345807},{""start"":1775865345938,""stop"":1775865346008},{""start"":1775865346117,""stop"":1775865346193}]}",0,"{""version"":1,""segments"":[]}",0,0,0,0,0,0,0,x,.5,1,I don't remember auto,Really efficient and worked very well,No defense just ferrying,240,240,124,red,0,0,None,None,None,0,None,None,None,1,0,0,0,0,None,4,0,73,240,167,0,0
2026pncmp_qm74,qm,1,74,frc997,frc2521,frc2976,frc492,frc997,frc488,frc4061,blue,,depotWall1,0,0,0,0,"{""version"":1,""segments"":[]}",0,"{""version"":1,""segments"":[]}",,0,0,0,"{""version"":1,""segments"":[]}",0,"{""version"":1,""segments"":[]}",0,"{""version"":1,""segments"":[]}",0,0,0,0,0,0,0,x,x,1,,,,240,124,124,red,0,0,None,None,None,0,None,None,None,0,0,0,0,0,None,0,0,46,124,78,0,0
2026pncmp_qm74,qm,1,74,frc488,frc2521,frc2976,frc492,frc997,frc488,frc4061,blue,Va,depotWall1,0,0,0,0,"{""version"":1,""segments"":[]}",0,"{""version"":1,""segments"":[]}",,0,0,0,"{""version"":1,""segments"":[]}",0,"{""version"":1,""segments"":[]}",0,"{""version"":1,""segments"":[]}",0,0,0,0,0,0,0,x,x,1,,,,240,124,124,red,0,0,None,None,None,0,None,None,None,0,0,0,0,0,None,0,0,46,124,78,0,0
2026pncmp_qm74,qm,1,74,frc4061,frc2521,frc2976,frc492,frc997,frc488,frc4061,blue,Yamini A,depotWall1,0,0,0,0,"{""version"":1,""segments"":[]}",0,"{""version"":1,""segments"":[]}",,0,0,0,"{""version"":1,""segments"":[]}",0,"{""version"":1,""segments"":[]}",0,"{""version"":1,""segments"":[]}",0,0,0,0,0,0,0,x,x,1,,,,240,124,124,red,0,0,None,None,None,0,None,None,None,0,0,0,0,0,None,0,0,46,124,78,0,0
2026pncmp_qm75,qm,1,75,frc1983,frc1983,frc955,frc6696,frc3663,frc2910,frc1318,red,Sofia C,depotWall1,0,0,0,0,"{""version"":1,""segments"":[]}",0,"{""version"":1,""segments"":[]}",,0,0,7.913,"{""version"":1,""segments"":[{""start"":1775866440453,""stop"":1775866443977},{""start"":1775866469508,""stop"":1775866470225},{""start"":1775866470276,""stop"":1775866472783},{""start"":1775866474434,""stop"":1775866474833},{""start"":1775866477845,""stop"":1775866478611}]}",0.718,"{""version"":1,""segments"":[{""start"":1775866484601,""stop"":1775866485319}]}",0,"{""version"":1,""segments"":[]}",0,0,0,0,0,0,0,x,0,1,I wasn't able to catch the begining of the match so auto wasn't recorded ,small hopper and slow throughput prevented them from shooting much. they had to take lots of trips since they emptied out their hopper so quickly and they weren't very accurate. ,they tried some ferrying but they mostly pushed balls to AZ. this was somewhat effective but not super productive. ,330,330,358,blue,0,0,None,None,None,0,None,None,None,1,0,0,0,0,None,1,0,101,330,229,0,0
2026pncmp_qm75,qm,1,75,frc955,frc1983,frc955,frc6696,frc3663,frc2910,frc1318,red,Cayden W,depotWall1,0,0,0,8.883,"{""version"":1,""segments"":[{""start"":1775866327644,""stop"":1775866331700},{""start"":1775866337065,""stop"":1775866339191},{""start"":1775866339651,""stop"":1775866340299},{""start"":1775866340482,""stop"":1775866341239},{""start"":1775866341449,""stop"":1775866342258},{""start"":1775866342820,""stop"":1775866343307}]}",0,"{""version"":1,""segments"":[]}",Auto 1,0,0,24.094,"{""version"":1,""segments"":[{""start"":1775866353987,""stop"":1775866357103},{""start"":1775866379570,""stop"":1775866380256},{""start"":1775866381093,""stop"":1775866383957},{""start"":1775866384498,""stop"":1775866385036},{""start"":1775866385624,""stop"":1775866386484},{""start"":1775866386830,""stop"":1775866387943},{""start"":1775866388310,""stop"":1775866388821},{""start"":1775866389265,""stop"":1775866389631},{""start"":1775866395615,""stop"":1775866396321},{""start"":1775866397287,""stop"":1775866397734},{""start"":1775866398360,""stop"":1775866398683},{""start"":1775866399509,""stop"":1775866399695},{""start"":1775866400551,""stop"":1775866400807},{""start"":1775866404228,""stop"":1775866404785},{""start"":1775866429273,""stop"":1775866429532},{""start"":1775866431574,""stop"":1775866432024},{""start"":1775866432720,""stop"":1775866436684},{""start"":1775866437410,""stop"":1775866437725},{""start"":1775866439469,""stop"":1775866439956},{""start"":1775866440213,""stop"":1775866440815},{""start"":1775866442374,""stop"":1775866443326},{""start"":1775866456838,""stop"":1775866457385},{""start"":1775866458181,""stop"":1775866459123},{""start"":1775866468123,""stop"":1775866470029},{""start"":1775866470415,""stop"":1775866471556}]}",7.081,"{""version"":1,""segments"":[{""start"":1775866362060,""stop"":1775866363457},{""start"":1775866363785,""stop"":1775866364737},{""start"":1775866364899,""stop"":1775866365357},{""start"":1775866367808,""stop"":1775866372082}]}",3.345,"{""version"":1,""segments"":[{""start"":1775866412606,""stop"":1775866413971},{""start"":1775866419843,""stop"":1775866421823}]}",0,0,0,0,0,0,0,x,.5,3,Was very accurate in shooting and pretty fast,consistent shooting even when defended ,"Stole fuel from OZ, and ferrying as much as possible ",330,330,358,blue,0,0,None,None,None,0,None,None,None,1,0,0,0,0,None,1,0,101,330,229,0,0
2026pncmp_qm75,qm,1,75,frc6696,frc1983,frc955,frc6696,frc3663,frc2910,frc1318,red,Hugh W,outpostWall5,1,0,0,7.16,"{""version"":1,""segments"":[{""start"":1775866329355,""stop"":1775866332873},{""start"":1775866338924,""stop"":1775866342566}]}",0,"{""version"":1,""segments"":[]}",,0,0,0.583,"{""version"":1,""segments"":[{""start"":1775866354647,""stop"":1775866354773},{""start"":1775866355175,""stop"":1775866355415},{""start"":1775866356367,""stop"":1775866356428},{""start"":1775866356748,""stop"":1775866356767},{""start"":1775866357088,""stop"":1775866357147},{""start"":1775866357735,""stop"":1775866357776},{""start"":1775866358859,""stop"":1775866358896}]}",0,"{""version"":1,""segments"":[]}",0,"{""version"":1,""segments"":[]}",117.3999999999976,0,0,0,0,0,0,x,0,1,Hit a bot and did average,Got disconnected after transition so didn't do anything ,Same ,330,330,358,blue,0,0,None,None,None,0,None,None,None,1,0,0,0,0,None,1,0,101,330,229,0,0
2026pncmp_qm75,qm,1,75,frc3663,frc1983,frc955,frc6696,frc3663,frc2910,frc1318,blue,Owen R,depotWall1,1,0,0,0,"{""version"":1,""segments"":[]}",0,"{""version"":1,""segments"":[]}",,0,27.50000000000012,9.165,"{""version"":1,""segments"":[{""start"":1775866354862,""stop"":1775866355317},{""start"":1775866357379,""stop"":1775866358524},{""start"":1775866360198,""stop"":1775866361337},{""start"":1775866361787,""stop"":1775866362166},{""start"":1775866369324,""stop"":1775866369614},{""start"":1775866370413,""stop"":1775866370751},{""start"":1775866371715,""stop"":1775866372262},{""start"":1775866405819,""stop"":1775866406229},{""start"":1775866406949,""stop"":1775866407259},{""start"":1775866419095,""stop"":1775866419677},{""start"":1775866422106,""stop"":1775866423151},{""start"":1775866425219,""stop"":1775866426378},{""start"":1775866426647,""stop"":1775866428013}]}",2.098,"{""version"":1,""segments"":[{""start"":1775866387142,""stop"":1775866388674},{""start"":1775866388886,""stop"":1775866389452}]}",1.599,"{""version"":1,""segments"":[{""start"":1775866399082,""stop"":1775866400681}]}",0,0,0,0,0,0,0,x,0,1,"Interrupted by another robot, got stuck on fuel","Good firing, good intake, decent driving","good ferry, decent driving",330,358,358,blue,0,0,None,None,None,0,None,None,None,1,0,0,0,0,None,4,0,76,358,282,0,0
2026pncmp_qm75,qm,1,75,frc2910,frc1983,frc955,frc6696,frc3663,frc2910,frc1318,blue,Va,outpostWall5,0,0,0,4.144,"{""version"":1,""segments"":[{""start"":1775866330069,""stop"":1775866332226},{""start"":1775866341145,""stop"":1775866343132}]}",0,"{""version"":1,""segments"":[]}",Auto 1,0,0,16.963,"{""version"":1,""segments"":[{""start"":1775866357370,""stop"":1775866359788},{""start"":1775866373056,""stop"":1775866376713},{""start"":1775866379156,""stop"":1775866380550},{""start"":1775866411915,""stop"":1775866414153},{""start"":1775866429695,""stop"":1775866433072},{""start"":1775866460915,""stop"":1775866462928},{""start"":1775866466889,""stop"":1775866467993},{""start"":1775866470926,""stop"":1775866471491},{""start"":1775866479472,""stop"":1775866479669}]}",2.217,"{""version"":1,""segments"":[{""start"":1775866392978,""stop"":1775866395195}]}",2.242,"{""version"":1,""segments"":[{""start"":1775866375158,""stop"":1775866375255},{""start"":1775866446644,""stop"":1775866448789}]}",0,0,0,0,0,0,0,x,.5,2,,driver did good good shooting,No defense but did ferry from neutral and opp zone,330,358,358,blue,0,0,None,None,None,0,None,None,None,1,0,0,0,0,None,4,0,76,358,282,0,0
2026pncmp_qm75,qm,1,75,frc1318,frc1983,frc955,frc6696,frc3663,frc2910,frc1318,blue,Yamini A,middle3,0,0,0,4.105,"{""version"":1,""segments"":[{""start"":1775866332513,""stop"":1775866335445},{""start"":1775866337813,""stop"":1775866338986}]}",0,"{""version"":1,""segments"":[]}",Other,0,0,11.271,"{""version"":1,""segments"":[{""start"":1775866361666,""stop"":1775866361722},{""start"":1775866468842,""stop"":1775866469439},{""start"":1775866469926,""stop"":1775866471453},{""start"":1775866471637,""stop"":1775866473489},{""start"":1775866480891,""stop"":1775866487078},{""start"":1775866488019,""stop"":1775866489071}]}",1.867,"{""version"":1,""segments"":[{""start"":1775866411272,""stop"":1775866413047},{""start"":1775866469575,""stop"":1775866469667}]}",13.179,"{""version"":1,""segments"":[{""start"":1775866375294,""stop"":1775866382915},{""start"":1775866445875,""stop"":1775866447315},{""start"":1775866449658,""stop"":1775866450106},{""start"":1775866450692,""stop"":1775866451745},{""start"":1775866452094,""stop"":1775866453302},{""start"":1775866453886,""stop"":1775866455295}]}",0,0,0,0,0,0,0,-.5,.5,2,Very short auto but shot a few balls,very good at shooting but didn't do it that often,mostly ferried balls from opponents side and was good at it,330,358,358,blue,0,0,None,None,None,0,None,None,None,1,0,0,0,0,None,4,0,76,358,282,0,0
2026pncmp_qm76,qm,1,76,frc4450,frc4450,frc1778,frc9430,frc2374,frc2046,frc1595,red,Meri H,middle3,0,0,0,1.97,"{""version"":1,""segments"":[{""start"":1775866838419,""stop"":1775866839103},{""start"":1775866846982,""stop"":1775866847749},{""start"":1775866849578,""stop"":1775866850097}]}",0,"{""version"":1,""segments"":[]}",Other,0,0,11.783,"{""version"":1,""segments"":[{""start"":1775866908383,""stop"":1775866913133},{""start"":1775867692659,""stop"":1775867693296},{""start"":1775867740578,""stop"":1775867741900},{""start"":1775867755470,""stop"":1775867755587},{""start"":1775867755847,""stop"":1775867756886},{""start"":1775867757396,""stop"":1775867758484},{""start"":1775867759240,""stop"":1775867759377},{""start"":1775867790111,""stop"":1775867791826},{""start"":1775867793400,""stop"":1775867793700},{""start"":1775867794018,""stop"":1775867794148},{""start"":1775867794829,""stop"":1775867795288},{""start"":1775867796128,""stop"":1775867796217}]}",0,"{""version"":1,""segments"":[]}",0,"{""version"":1,""segments"":[]}",1.2,0,0,0,0,1,0,0,.5,2,"Auto went backward first, shot, went to intake from depot, and shot",Shot the full hopper and additional fuel that they intaked,Intaking in OZ and after they have a full hopper they played defense,394,394,452,blue,0,0,None,None,None,0,None,None,None,1,5,0,0,0,None,2,1,80,394,309,0,0
2026pncmp_qm76,qm,1,76,frc1778,frc4450,frc1778,frc9430,frc2374,frc2046,frc1595,red,Dev S,depotWall1,1,0,0,7.405,"{""version"":1,""segments"":[{""start"":1775866847942,""stop"":1775866852584},{""start"":1775866860306,""stop"":1775866863069}]}",0,"{""version"":1,""segments"":[]}",Auto 1,0,0,23.74,"{""version"":1,""segments"":[{""start"":1775866869872,""stop"":1775866871650},{""start"":1775866872236,""stop"":1775866874508},{""start"":1775866905118,""stop"":1775866908640},{""start"":1775866909035,""stop"":1775866910254},{""start"":1775866912222,""stop"":1775866912419},{""start"":1775866916968,""stop"":1775866917587},{""start"":1775867702426,""stop"":1775867703131},{""start"":1775867703514,""stop"":1775867703891},{""start"":1775867704914,""stop"":1775867705562},{""start"":1775867713869,""stop"":1775867714547},{""start"":1775867714991,""stop"":1775867716745},{""start"":1775867745323,""stop"":1775867745437},{""start"":1775867745796,""stop"":1775867746318},{""start"":1775867747493,""stop"":1775867747709},{""start"":1775867749373,""stop"":1775867750379},{""start"":1775867751366,""stop"":1775867751744},{""start"":1775867752129,""stop"":1775867752431},{""start"":1775867753029,""stop"":1775867753630},{""start"":1775867754057,""stop"":1775867754820},{""start"":1775867755506,""stop"":1775867755920},{""start"":1775867756874,""stop"":1775867757151},{""start"":1775867758536,""stop"":1775867758990},{""start"":1775867762532,""stop"":1775867763608},{""start"":1775867764275,""stop"":1775867765115},{""start"":1775867798613,""stop"":1775867799677},{""start"":1775867801620,""stop"":1775867802547},{""start"":1775867805430,""stop"":1775867805825},{""start"":1775867806216,""stop"":1775867806544},{""start"":1775867813180,""stop"":1775867813474}]}",3.076,"{""version"":1,""segments"":[{""start"":1775866879723,""stop"":1775866880899},{""start"":1775866886635,""stop"":1775866888160},{""start"":1775866936464,""stop"":1775866936839}]}",6.348,"{""version"":1,""segments"":[{""start"":1775866888509,""stop"":1775866890890},{""start"":1775866891342,""stop"":1775866893414},{""start"":1775866937876,""stop"":1775866938121},{""start"":1775867482970,""stop"":1775867483613},{""start"":1775867725660,""stop"":1775867726667}]}",0,0,0,1,0,1,0,0,.5,1,Went to nz and shot pretty accurately,Shot in the hub ,focused on ferrying and stealing from the opponent played good defense and disrupted bear metal,394,394,452,blue,0,0,None,None,None,0,None,None,None,1,5,0,0,0,None,2,1,80,394,309,0,0
2026pncmp_qm76,qm,1,76,frc9430,frc4450,frc1778,frc9430,frc2374,frc2046,frc1595,red,Adam M,outpostWall5,0,0,0,4.054,"{""version"":1,""segments"":[{""start"":1775866849878,""stop"":1775866851786},{""start"":1775866862256,""stop"":1775866864402}]}",0,"{""version"":1,""segments"":[]}",Auto 1,0,0,20.342,"{""version"":1,""segments"":[{""start"":1775866878138,""stop"":1775866883093},{""start"":1775866884895,""stop"":1775866884996},{""start"":1775866885155,""stop"":1775866885224},{""start"":1775866901757,""stop"":1775866911168},{""start"":1775867798913,""stop"":1775867799303},{""start"":1775867801395,""stop"":1775867801624},{""start"":1775867803516,""stop"":1775867805543},{""start"":1775867817750,""stop"":1775867820191},{""start"":1775867827346,""stop"":1775867827994},{""start"":1775867828463,""stop"":1775867828534}]}",1.842,"{""version"":1,""segments"":[{""start"":1775867795324,""stop"":1775867796312},{""start"":1775867796651,""stop"":1775867797124},{""start"":1775867829966,""stop"":1775867830347}]}",0,"{""version"":1,""segments"":[]}",0,0,0,0,0,0,0,x,0,2,"good auto, scored both loads ",consistent accuracy and speed in scoring,Got stuck in the tower,394,394,452,blue,0,0,None,None,None,0,None,None,None,1,5,0,0,0,None,2,1,80,394,309,0,0
2026pncmp_qm76,qm,1,76,frc2374,frc4450,frc1778,frc9430,frc2374,frc2046,frc1595,blue,Maxwell G,middle3,0,0,0,0,"{""version"":1,""segments"":[]}",0,"{""version"":1,""segments"":[]}",,0,0,0,"{""version"":1,""segments"":[]}",0,"{""version"":1,""segments"":[]}",0,"{""version"":1,""segments"":[]}",0,0,0,1,1,1,0,0,.5,1,Auto interfered with another robot. Match redo: Instantly stopped auto,defended from opponents getting into their area,defended in opposing area,394,452,452,blue,0,0,None,None,None,0,None,None,None,1,0,0,0,1,None,5,1,107,452,345,0,0
2026pncmp_qm76,qm,1,76,frc2046,frc4450,frc1778,frc9430,frc2374,frc2046,frc1595,blue,Archer B,depotWall1,1,0,0,0,"{""version"":1,""segments"":[]}",0,"{""version"":1,""segments"":[]}",,0,0,16.138,"{""version"":1,""segments"":[{""start"":1775866878793,""stop"":1775866878930},{""start"":1775866879012,""stop"":1775866879112},{""start"":1775866879179,""stop"":1775866879280},{""start"":1775866879412,""stop"":1775866879499},{""start"":1775866896835,""stop"":1775866897287},{""start"":1775866900245,""stop"":1775866902202},{""start"":1775866930430,""stop"":1775866940687},{""start"":1775867781023,""stop"":1775867781149},{""start"":1775867781300,""stop"":1775867781399},{""start"":1775867781540,""stop"":1775867781617},{""start"":1775867781760,""stop"":1775867781857},{""start"":1775867782000,""stop"":1775867782098},{""start"":1775867782247,""stop"":1775867782436},{""start"":1775867787194,""stop"":1775867787213},{""start"":1775867787214,""stop"":1775867787304},{""start"":1775867787775,""stop"":1775867788213},{""start"":1775867788273,""stop"":1775867789212},{""start"":1775867799113,""stop"":1775867799988}]}",3.592,"{""version"":1,""segments"":[{""start"":1775866897475,""stop"":1775866898227},{""start"":1775866898740,""stop"":1775866898828},{""start"":1775866898953,""stop"":1775866899033},{""start"":1775866899145,""stop"":1775866899228},{""start"":1775866899353,""stop"":1775866899464},{""start"":1775866899532,""stop"":1775866899632},{""start"":1775866899712,""stop"":1775866899813},{""start"":1775866899893,""stop"":1775866899985},{""start"":1775867702378,""stop"":1775867702472},{""start"":1775867702664,""stop"":1775867702742},{""start"":1775867702915,""stop"":1775867703022},{""start"":1775867703174,""stop"":1775867703272},{""start"":1775867703467,""stop"":1775867703551},{""start"":1775867703748,""stop"":1775867703833},{""start"":1775867704697,""stop"":1775867705655},{""start"":1775867791725,""stop"":1775867792406}]}",0,"{""version"":1,""segments"":[]}",0,0,0,0,0,0,0,x,1,3,Shot theirs In got more and repeated,shot lots of fuel in,ferried,394,452,452,blue,0,0,None,None,None,0,None,None,None,1,0,0,0,1,None,5,1,107,452,345,0,0
2026pncmp_qm76,qm,1,76,frc1595,frc4450,frc1778,frc9430,frc2374,frc2046,frc1595,blue,Gabriel D,outpostWall5,0,0,0,3.505,"{""version"":1,""segments"":[{""start"":1775866851613,""stop"":1775866854836},{""start"":1775866863069,""stop"":1775866863351}]}",0,"{""version"":1,""segments"":[]}",Auto 1,0,75.39999999999999,8.392,"{""version"":1,""segments"":[{""start"":1775866874566,""stop"":1775866877450},{""start"":1775866931686,""stop"":1775866937194}]}",3.091,"{""version"":1,""segments"":[{""start"":1775866886587,""stop"":1775866888161},{""start"":1775866911583,""stop"":1775866913100}]}",0,"{""version"":1,""segments"":[]}",0,0,0,0,0,0,0,x,x,1,,,,394,452,452,blue,0,0,None,None,None,0,None,None,None,1,0,0,0,1,None,5,1,107,452,345,0,0
2026pncmp_qm77,qm,1,77,frc2522,frc2522,frc360,frc753,frc3674,frc4125,frc8248,red,Meri H,middle3,0,15,1,2.197,"{""version"":1,""segments"":[{""start"":1775868132118,""stop"":1775868132364},{""start"":1775868135355,""stop"":1775868136321},{""start"":1775868136581,""stop"":1775868137280},{""start"":1775868138774,""stop"":1775868138903},{""start"":1775868139413,""stop"":1775868139472},{""start"":1775868139692,""stop"":1775868139742},{""start"":1775868139954,""stop"":1775868140002}]}",0,"{""version"":1,""segments"":[]}",Auto 2,0,0,21.667,"{""version"":1,""segments"":[{""start"":1775868188506,""stop"":1775868190661},{""start"":1775868192561,""stop"":1775868193580},{""start"":1775868194129,""stop"":1775868194989},{""start"":1775868196143,""stop"":1775868196472},{""start"":1775868197141,""stop"":1775868197212},{""start"":1775868197382,""stop"":1775868197419},{""start"":1775868197562,""stop"":1775868197981},{""start"":1775868198171,""stop"":1775868198210},{""start"":1775868198541,""stop"":1775868198578},{""start"":1775868198760,""stop"":1775868198798},{""start"":1775868198970,""stop"":1775868199008},{""start"":1775868199159,""stop"":1775868199240},{""start"":1775868199560,""stop"":1775868199607},{""start"":1775868199739,""stop"":1775868199800},{""start"":1775868199859,""stop"":1775868199919},{""start"":1775868200089,""stop"":1775868200818},{""start"":1775868201028,""stop"":1775868201078},{""start"":1775868201249,""stop"":1775868201285},{""start"":1775868201661,""stop"":1775868201696},{""start"":1775868201867,""stop"":1775868201908},{""start"":1775868202276,""stop"":1775868202346},{""start"":1775868204629,""stop"":1775868204997},{""start"":1775868234985,""stop"":1775868235595},{""start"":1775868235974,""stop"":1775868238101},{""start"":1775868239635,""stop"":1775868241973},{""start"":1775868242333,""stop"":1775868242862},{""start"":1775868243402,""stop"":1775868243511},{""start"":1775868247119,""stop"":1775868249471},{""start"":1775868249780,""stop"":1775868250349},{""start"":1775868250798,""stop"":1775868251311},{""start"":1775868251438,""stop"":1775868252088},{""start"":1775868254787,""stop"":1775868254938},{""start"":1775868255801,""stop"":1775868255990},{""start"":1775868257122,""stop"":1775868257172},{""start"":1775868257553,""stop"":1775868257729},{""start"":1775868257818,""stop"":1775868258607},{""start"":1775868258937,""stop"":1775868259473},{""start"":1775868266530,""stop"":1775868268350},{""start"":1775868268787,""stop"":1775868269577},{""start"":1775868269966,""stop"":1775868270506},{""start"":1775868274592,""stop"":1775868274692},{""start"":1775868279562,""stop"":1775868279632},{""start"":1775868280271,""stop"":1775868280310}]}",6.425,"{""version"":1,""segments"":[{""start"":1775868215665,""stop"":1775868216548},{""start"":1775868218279,""stop"":1775868219598},{""start"":1775868220553,""stop"":1775868220912},{""start"":1775868221342,""stop"":1775868221632},{""start"":1775868224743,""stop"":1775868225200},{""start"":1775868225579,""stop"":1775868225949},{""start"":1775868262361,""stop"":1775868264059},{""start"":1775868264219,""stop"":1775868265268}]}",0,"{""version"":1,""segments"":[]}",0,10,1,0,0,0,0,x,.5,3,,All ranking points scored,Ferried during inactive,526,526,301,red,0,15,Level1,None,None,40,Level1,None,Level3,1,0,0,0,0,None,6,1,114,526,412,55,1
2026pncmp_qm77,qm,1,77,frc360,frc2522,frc360,frc753,frc3674,frc4125,frc8248,red,Hendrix D,outpostWall5,0,0,0,5.967,"{""version"":1,""segments"":[{""start"":1775868135973,""stop"":1775868137760},{""start"":1775868138306,""stop"":1775868138531},{""start"":1775868139006,""stop"":1775868139197},{""start"":1775868140563,""stop"":1775868140782},{""start"":1775868148639,""stop"":1775868152184}]}",0,"{""version"":1,""segments"":[]}",Auto 1,0,0,28.594,"{""version"":1,""segments"":[{""start"":1775868163734,""stop"":1775868164979},{""start"":1775868165400,""stop"":1775868166430},{""start"":1775868190906,""stop"":1775868198020},{""start"":1775868200826,""stop"":1775868202053},{""start"":1775868214835,""stop"":1775868219009},{""start"":1775868244577,""stop"":1775868247630},{""start"":1775868251670,""stop"":1775868254805},{""start"":1775868255435,""stop"":1775868255671},{""start"":1775868267582,""stop"":1775868268429},{""start"":1775868269965,""stop"":1775868270390},{""start"":1775868272326,""stop"":1775868273070},{""start"":1775868273807,""stop"":1775868274013},{""start"":1775868288242,""stop"":1775868290567},{""start"":1775868296254,""stop"":1775868299087}]}",5.471,"{""version"":1,""segments"":[{""start"":1775868176236,""stop"":1775868178854},{""start"":1775868230763,""stop"":1775868232519},{""start"":1775868239661,""stop"":1775868240758}]}",0,"{""version"":1,""segments"":[]}",0,0,0,0,0,0,0,x,.5,1,Made 2 full hoppers in,"were an effective shooter, intaked quick and cleanly. When they were defended they were able to quickly get back to shooting.","were able to ferry well and setup for the next period. Were able to navigate other bots, had a time where they tried to ferry but were blocked",526,526,301,red,0,15,Level1,None,None,40,Level1,None,Level3,1,0,0,0,0,None,6,1,114,526,412,55,1
2026pncmp_qm77,qm,1,77,frc753,frc2522,frc360,frc753,frc3674,frc4125,frc8248,red,Adam M,depotWall1,0,0,0,2.195,"{""version"":1,""segments"":[{""start"":1775868175783,""stop"":1775868177978}]}",0,"{""version"":1,""segments"":[]}",,0,0,30.59,"{""version"":1,""segments"":[{""start"":1775868180159,""stop"":1775868181427},{""start"":1775868192632,""stop"":1775868193401},{""start"":1775868194170,""stop"":1775868197430},{""start"":1775868198366,""stop"":1775868198715},{""start"":1775868212304,""stop"":1775868215982},{""start"":1775868244324,""stop"":1775868252506},{""start"":1775868255574,""stop"":1775868257442},{""start"":1775868260862,""stop"":1775868264827},{""start"":1775868272496,""stop"":1775868273150},{""start"":1775868274889,""stop"":1775868279773},{""start"":1775868283717,""stop"":1775868284677},{""start"":1775868285405,""stop"":1775868286158}]}",0,"{""version"":1,""segments"":[]}",0,"{""version"":1,""segments"":[]}",0,30,0,0,0,0,0,x,0,2,"good auto, hit the right times with good hopper fills",great work in the shooting,"Good climb, spent time collecting fuel to score during active",526,526,301,red,0,15,Level1,None,None,40,Level1,None,Level3,1,0,0,0,0,None,6,1,114,526,412,55,1
2026pncmp_qm77,qm,1,77,frc3674,frc2522,frc360,frc753,frc3674,frc4125,frc8248,blue,Maxwell G,depotWall1,0,0,0,9.767,"{""version"":1,""segments"":[{""start"":1775868135362,""stop"":1775868136001},{""start"":1775868136074,""stop"":1775868136101},{""start"":1775868136174,""stop"":1775868137457},{""start"":1775868137989,""stop"":1775868139215},{""start"":1775868140372,""stop"":1775868142152},{""start"":1775868142797,""stop"":1775868147609}]}",0,"{""version"":1,""segments"":[]}",,0,0,34.14,"{""version"":1,""segments"":[{""start"":1775868157470,""stop"":1775868158946},{""start"":1775868166681,""stop"":1775868169837},{""start"":1775868174507,""stop"":1775868179373},{""start"":1775868183468,""stop"":1775868183755},{""start"":1775868184675,""stop"":1775868188687},{""start"":1775868212899,""stop"":1775868213976},{""start"":1775868214069,""stop"":1775868217483},{""start"":1775868222456,""stop"":1775868226519},{""start"":1775868233090,""stop"":1775868234836},{""start"":1775868268206,""stop"":1775868271951},{""start"":1775868273653,""stop"":1775868273691},{""start"":1775868275109,""stop"":1775868279515},{""start"":1775868285374,""stop"":1775868287228}]}",3.242,"{""version"":1,""segments"":[{""start"":1775868164602,""stop"":1775868165730},{""start"":1775868198544,""stop"":1775868199981},{""start"":1775868247827,""stop"":1775868248504}]}",0,"{""version"":1,""segments"":[]}",0,0,0,0,0,0,0,x,.5,2,"Unloaded fuel in before going and getting more, unloaded half before auto ended",High accuracy but slow shooting ,collected some before going to prep for next active period,526,301,301,red,0,0,None,None,None,0,None,None,None,1,0,0,0,0,None,1,0,48,301,253,0,0
2026pncmp_qm77,qm,1,77,frc4125,frc2522,frc360,frc753,frc3674,frc4125,frc8248,blue,Archer B,depot2,0,0,0,2.073,"{""version"":1,""segments"":[{""start"":1775868139939,""stop"":1775868140687},{""start"":1775868156583,""stop"":1775868157908}]}",0,"{""version"":1,""segments"":[]}",Other,1,0,10.558,"{""version"":1,""segments"":[{""start"":1775868177416,""stop"":1775868179330},{""start"":1775868179770,""stop"":1775868180333},{""start"":1775868183974,""stop"":1775868184200},{""start"":1775868186961,""stop"":1775868187173},{""start"":1775868189034,""stop"":1775868189250},{""start"":1775868190737,""stop"":1775868190970},{""start"":1775868190974,""stop"":1775868191186},{""start"":1775868192469,""stop"":1775868192685},{""start"":1775868193409,""stop"":1775868193623},{""start"":1775868197001,""stop"":1775868198430},{""start"":1775868199304,""stop"":1775868199525},{""start"":1775868200292,""stop"":1775868200509},{""start"":1775868200937,""stop"":1775868201160},{""start"":1775868202792,""stop"":1775868203011},{""start"":1775868205456,""stop"":1775868205680},{""start"":1775868206976,""stop"":1775868207197},{""start"":1775868207792,""stop"":1775868208014},{""start"":1775868210341,""stop"":1775868210551},{""start"":1775868211082,""stop"":1775868212544},{""start"":1775868221642,""stop"":1775868221817},{""start"":1775868221990,""stop"":1775868222109},{""start"":1775868222271,""stop"":1775868222353},{""start"":1775868222539,""stop"":1775868222649},{""start"":1775868222792,""stop"":1775868223067},{""start"":1775868244595,""stop"":1775868244765},{""start"":1775868244874,""stop"":1775868245169},{""start"":1775868245473,""stop"":1775868245547},{""start"":1775868245678,""stop"":1775868245746},{""start"":1775868263698,""stop"":1775868264234}]}",4.987,"{""version"":1,""segments"":[{""start"":1775868215103,""stop"":1775868215320},{""start"":1775868215672,""stop"":1775868218363},{""start"":1775868264785,""stop"":1775868266693},{""start"":1775868268025,""stop"":1775868268196}]}",0,"{""version"":1,""segments"":[]}",0,0,0,0,0,0,0,x,.5,2,shot their fuel in then ran ino\to part of the field,shot fuel in,ferried,526,301,301,red,0,0,None,None,None,0,None,None,None,1,0,0,0,0,None,1,0,48,301,253,0,0
2026pncmp_qm77,qm,1,77,frc8248,frc2522,frc360,frc753,frc3674,frc4125,frc8248,blue,Gabriel D,depotWall1,0,0,0,2.835,"{""version"":1,""segments"":[{""start"":1775868146998,""stop"":1775868149833}]}",0,"{""version"":1,""segments"":[]}",,0,0,7.715,"{""version"":1,""segments"":[{""start"":1775868231228,""stop"":1775868233238},{""start"":1775868244283,""stop"":1775868246604},{""start"":1775868280177,""stop"":1775868282556},{""start"":1775868300338,""stop"":1775868301343}]}",0.678,"{""version"":1,""segments"":[{""start"":1775868267389,""stop"":1775868268067}]}",0,"{""version"":1,""segments"":[]}",0,0,0,1,0,1,0,0,0,2,"Solid auto, intaked + consistent shooting ","Scored some balls, mainly defense",mainly defense,526,301,301,red,0,0,None,None,None,0,None,None,None,1,0,0,0,0,None,1,0,48,301,253,0,0
2026pncmp_qm78,qm,1,78,frc2811,frc2811,frc4131,frc1425,frc10416,frc957,frc9023,red,Meri H,middle3,0,0,0,3.442,"{""version"":1,""segments"":[{""start"":1775868627883,""stop"":1775868628772},{""start"":1775868631324,""stop"":1775868633324},{""start"":1775868635264,""stop"":1775868635727},{""start"":1775868639454,""stop"":1775868639544}]}",0,"{""version"":1,""segments"":[]}",Other,0,0,3.485,"{""version"":1,""segments"":[{""start"":1775868662167,""stop"":1775868664228},{""start"":1775868676378,""stop"":1775868677543},{""start"":1775868680542,""stop"":1775868680801}]}",0.277,"{""version"":1,""segments"":[{""start"":1775868718661,""stop"":1775868718938}]}",3.174,"{""version"":1,""segments"":[{""start"":1775868719219,""stop"":1775868721228},{""start"":1775868766669,""stop"":1775868766694},{""start"":1775868766836,""stop"":1775868767976}]}",0,0,0,0,0,1,0,0,0,1,Auto shot the eight fuel and intaked from depot and shot,"Ferried from OZ during active and inactive. Also pushed fuel to other side. Played defense by pushing other robots, but wasn't very affective because it wasnt strong enough",,219,219,461,blue,0,0,None,None,None,0,None,None,None,0,5,0,0,0,None,0,0,53,219,161,0,0
2026pncmp_qm78,qm,1,78,frc4131,frc2811,frc4131,frc1425,frc10416,frc957,frc9023,red,Dev S,depotWall1,0,0,0,0,"{""version"":1,""segments"":[]}",0,"{""version"":1,""segments"":[]}",Other,0,0,0,"{""version"":1,""segments"":[]}",0,"{""version"":1,""segments"":[]}",0,"{""version"":1,""segments"":[]}",0,0,0,1,1,0,0,-.5,-.5,1,Didn't move,Just shifted around,didn't do anything,219,219,461,blue,0,0,None,None,None,0,None,None,None,0,5,0,0,0,None,0,0,53,219,161,0,0
2026pncmp_qm78,qm,1,78,frc1425,frc2811,frc4131,frc1425,frc10416,frc957,frc9023,red,Adam M,outpostWall5,0,0,0,7.026,"{""version"":1,""segments"":[{""start"":1775868640849,""stop"":1775868644553},{""start"":1775868651927,""stop"":1775868655249}]}",0,"{""version"":1,""segments"":[]}",Auto 1,0,0,41.808,"{""version"":1,""segments"":[{""start"":1775868662463,""stop"":1775868663183},{""start"":1775868664764,""stop"":1775868665192},{""start"":1775868665671,""stop"":1775868665820},{""start"":1775868669850,""stop"":1775868674746},{""start"":1775868679319,""stop"":1775868683718},{""start"":1775868719493,""stop"":1775868724977},{""start"":1775868730510,""stop"":1775868736074},{""start"":1775868742555,""stop"":1775868745862},{""start"":1775868766774,""stop"":1775868767514},{""start"":1775868769015,""stop"":1775868775677},{""start"":1775868783108,""stop"":1775868787876},{""start"":1775868788094,""stop"":1775868788896},{""start"":1775868789093,""stop"":1775868789413},{""start"":1775868790296,""stop"":1775868790414},{""start"":1775868794671,""stop"":1775868795811},{""start"":1775868797150,""stop"":1775868799461}]}",0,"{""version"":1,""segments"":[]}",0,"{""version"":1,""segments"":[]}",0,0,0,0,0,0,0,x,1,3,amazing effort we did great shooting didn't get stuck,amazing how we wee the only shooters ,we were collecting lots of fuel to score since we were the only ones shooting.,219,219,461,blue,0,0,None,None,None,0,None,None,None,0,5,0,0,0,None,0,0,53,219,161,0,0
2026pncmp_qm78,qm,1,78,frc10416,frc2811,frc4131,frc1425,frc10416,frc957,frc9023,blue,Maxwell G,depot2,0,0,0,0,"{""version"":1,""segments"":[]}",0,"{""version"":1,""segments"":[]}",,0,0,23.261,"{""version"":1,""segments"":[{""start"":1775868656532,""stop"":1775868658018},{""start"":1775868691401,""stop"":1775868696108},{""start"":1775868697547,""stop"":1775868697636},{""start"":1775868701897,""stop"":1775868705171},{""start"":1775868709959,""stop"":1775868710963},{""start"":1775868712273,""stop"":1775868712422},{""start"":1775868712633,""stop"":1775868712802},{""start"":1775868713102,""stop"":1775868713260},{""start"":1775868713730,""stop"":1775868713739},{""start"":1775868713874,""stop"":1775868713901},{""start"":1775868714232,""stop"":1775868714520},{""start"":1775868716715,""stop"":1775868716857},{""start"":1775868747301,""stop"":1775868750996},{""start"":1775868759353,""stop"":1775868761257},{""start"":1775868763071,""stop"":1775868764928},{""start"":1775868776170,""stop"":1775868776211},{""start"":1775868777060,""stop"":1775868780606},{""start"":1775868788301,""stop"":1775868789017}]}",2.646,"{""version"":1,""segments"":[{""start"":1775868723454,""stop"":1775868726100}]}",0,"{""version"":1,""segments"":[]}",1.4000000000000001,0,0,0,0,0,0,x,.5,2,Fast cycles and large hopper allowed for a fair bit of fuel to be scored,"high accuracy on scoring fuel, whilst not being stopped from the other robots",filled their hopper for prep,219,461,461,blue,0,0,None,None,None,0,None,None,None,1,0,0,0,1,None,5,1,74,461,387,0,0
2026pncmp_qm78,qm,1,78,frc957,frc2811,frc4131,frc1425,frc10416,frc957,frc9023,blue,Archer B,depotWall1,0,0,0,3.434,"{""version"":1,""segments"":[{""start"":1775868649662,""stop"":1775868653096}]}",1.537,"{""version"":1,""segments"":[{""start"":1775868653702,""stop"":1775868653880},{""start"":1775868654307,""stop"":1775868655666}]}",Auto 1,0,0,24.004,"{""version"":1,""segments"":[{""start"":1775868665327,""stop"":1775868667373},{""start"":1775868693977,""stop"":1775868699264},{""start"":1775868710785,""stop"":1775868711906},{""start"":1775868712661,""stop"":1775868713017},{""start"":1775868717542,""stop"":1775868717978},{""start"":1775868745613,""stop"":1775868747885},{""start"":1775868763505,""stop"":1775868766877},{""start"":1775868783556,""stop"":1775868784401},{""start"":1775868788499,""stop"":1775868792400},{""start"":1775868792737,""stop"":1775868793533},{""start"":1775868793947,""stop"":1775868794233},{""start"":1775868794406,""stop"":1775868794467},{""start"":1775868794762,""stop"":1775868794838},{""start"":1775868795163,""stop"":1775868795195},{""start"":1775868795388,""stop"":1775868795402},{""start"":1775868795608,""stop"":1775868795616},{""start"":1775868795848,""stop"":1775868796067},{""start"":1775868796071,""stop"":1775868796293},{""start"":1775868796300,""stop"":1775868796527},{""start"":1775868796530,""stop"":1775868796762},{""start"":1775868796765,""stop"":1775868796995},{""start"":1775868796999,""stop"":1775868797249},{""start"":1775868797252,""stop"":1775868797496},{""start"":1775868797499,""stop"":1775868797745},{""start"":1775868797748,""stop"":1775868797964},{""start"":1775868797971,""stop"":1775868798204},{""start"":1775868798208,""stop"":1775868798451},{""start"":1775868798454,""stop"":1775868798987}]}",5.123,"{""version"":1,""segments"":[{""start"":1775868670335,""stop"":1775868671586},{""start"":1775868683765,""stop"":1775868683944},{""start"":1775868685526,""stop"":1775868689219}]}",0,"{""version"":1,""segments"":[]}",0,0,0,0,0,0,0,x,.5,2,scorred then got more then scorred,scorred,ferried,219,461,461,blue,0,0,None,None,None,0,None,None,None,1,0,0,0,1,None,5,1,74,461,387,0,0
2026pncmp_qm78,qm,1,78,frc9023,frc2811,frc4131,frc1425,frc10416,frc957,frc9023,blue,Gabriel D,outpostWall5,0,0,0,4.242,"{""version"":1,""segments"":[{""start"":1775868648422,""stop"":1775868650734},{""start"":1775868655241,""stop"":1775868656450},{""start"":1775868659013,""stop"":1775868659734}]}",0,"{""version"":1,""segments"":[]}",,0,0,23.353,"{""version"":1,""segments"":[{""start"":1775868666531,""stop"":1775868670008},{""start"":1775868695638,""stop"":1775868699422},{""start"":1775868712503,""stop"":1775868716372},{""start"":1775868718495,""stop"":1775868720305},{""start"":1775868741351,""stop"":1775868741460},{""start"":1775868743026,""stop"":1775868748036},{""start"":1775868764259,""stop"":1775868765432},{""start"":1775868792829,""stop"":1775868796950}]}",0,"{""version"":1,""segments"":[]}",0,"{""version"":1,""segments"":[]}",0,0,0,1,0,1,0,0,.5,1,,,Played defense blocking other bots from shooting and holding them from going over the bump,219,461,461,blue,0,0,None,None,None,0,None,None,None,1,0,0,0,1,None,5,1,74,461,387,0,0
2026pncmp_qm79,qm,1,79,frc4488,frc4488,frc4061,frc2412,frc2471,frc10079,frc8896,red,Meri H,depotWall1,0,0,0,7.433,"{""version"":1,""segments"":[{""start"":1775869174080,""stop"":1775869177917},{""start"":1775869178267,""stop"":1775869178806},{""start"":1775869184369,""stop"":1775869187426}]}",0,"{""version"":1,""segments"":[]}",Auto 1,0,0,22.716,"{""version"":1,""segments"":[{""start"":1775869203384,""stop"":1775869206267},{""start"":1775869217182,""stop"":1775869218238},{""start"":1775869218612,""stop"":1775869218692},{""start"":1775869220233,""stop"":1775869222234},{""start"":1775869222333,""stop"":1775869223006},{""start"":1775869223065,""stop"":1775869223895},{""start"":1775869251945,""stop"":1775869255069},{""start"":1775869265174,""stop"":1775869266305},{""start"":1775869268123,""stop"":1775869268567},{""start"":1775869271066,""stop"":1775869274119},{""start"":1775869274459,""stop"":1775869274608},{""start"":1775869290755,""stop"":1775869291145},{""start"":1775869301471,""stop"":1775869304535},{""start"":1775869304645,""stop"":1775869304997},{""start"":1775869305209,""stop"":1775869305640},{""start"":1775869305689,""stop"":1775869305841},{""start"":1775869305879,""stop"":1775869306340},{""start"":1775869318577,""stop"":1775869319701},{""start"":1775869319937,""stop"":1775869320227},{""start"":1775869327880,""stop"":1775869328838},{""start"":1775869329147,""stop"":1775869329217}]}",0,"{""version"":1,""segments"":[]}",0,"{""version"":1,""segments"":[]}",0,0,0,0,0,0,0,x,.5,1,,"Always shot against the hub, unless there was a defense bot parked there.",Just collected fuel during inactive,362,362,264,red,0,0,None,None,None,0,None,None,None,1,15,0,0,0,None,4,0,76,362,271,0,0
2026pncmp_qm79,qm,1,79,frc4061,frc4488,frc4061,frc2412,frc2471,frc10079,frc8896,red,Hendrix DAY,middle3,0,0,0,0.786,"{""version"":1,""segments"":[{""start"":1775869182394,""stop"":1775869183180}]}",0,"{""version"":1,""segments"":[]}",Other,0,0,0,"{""version"":1,""segments"":[]}",0.679,"{""version"":1,""segments"":[{""start"":1775869359995,""stop"":1775869360674}]}",0,"{""version"":1,""segments"":[]}",0,0,0,1,0,1,1,0,-.5,1,No auto,"focused on defense and preventing ferrying, ferried a little bit by moving fuel with bumper","Played good defense and prevented lots of scoring, were able to slow the other teams down on the bump, were really effective against the dumper bot, arrowdynamics, but not as effective against mean machine. ",362,362,264,red,0,0,None,None,None,0,None,None,None,1,15,0,0,0,None,4,0,76,362,271,0,0
2026pncmp_qm79,qm,1,79,frc2412,frc4488,frc4061,frc2412,frc2471,frc10079,frc8896,red,Adam M,outpostWall5,0,0,0,3.974,"{""version"":1,""segments"":[{""start"":1775869180340,""stop"":1775869180489},{""start"":1775869184431,""stop"":1775869188256}]}",0,"{""version"":1,""segments"":[]}",Other,0,0,28.368,"{""version"":1,""segments"":[{""start"":1775869213997,""stop"":1775869215833},{""start"":1775869231532,""stop"":1775869231982},{""start"":1775869232138,""stop"":1775869232387},{""start"":1775869232577,""stop"":1775869232886},{""start"":1775869233076,""stop"":1775869236274},{""start"":1775869240329,""stop"":1775869241196},{""start"":1775869242510,""stop"":1775869242858},{""start"":1775869243476,""stop"":1775869243917},{""start"":1775869271592,""stop"":1775869277286},{""start"":1775869278669,""stop"":1775869283653},{""start"":1775869303505,""stop"":1775869304865},{""start"":1775869311857,""stop"":1775869316013},{""start"":1775869323502,""stop"":1775869325329},{""start"":1775869326262,""stop"":1775869326812},{""start"":1775869328142,""stop"":1775869329571},{""start"":1775869343079,""stop"":1775869343749}]}",1.446,"{""version"":1,""segments"":[{""start"":1775869246427,""stop"":1775869246637},{""start"":1775869247366,""stop"":1775869247572},{""start"":1775869259658,""stop"":1775869260688}]}",0,"{""version"":1,""segments"":[]}",4.799999999999999,0,0,0,0,0,0,x,-.5,2,"good auto, scored on both loads","great scoring, able to score consistently and quickly while moving and collecting",worked on collecting and getting ,362,362,264,red,0,0,None,None,None,0,None,None,None,1,15,0,0,0,None,4,0,76,362,271,0,0
2026pncmp_qm79,qm,1,79,frc2471,frc4488,frc4061,frc2412,frc2471,frc10079,frc8896,blue,,depotWall1,0,0,0,7.477,"{""version"":1,""segments"":[{""start"":1775869177947,""stop"":1775869181450},{""start"":1775869187144,""stop"":1775869191118}]}",0,"{""version"":1,""segments"":[]}",,0,0,33.388,"{""version"":1,""segments"":[{""start"":1775869236036,""stop"":1775869236087},{""start"":1775869238295,""stop"":1775869248632},{""start"":1775869248985,""stop"":1775869250431},{""start"":1775869251761,""stop"":1775869251786},{""start"":1775869252042,""stop"":1775869252450},{""start"":1775869253524,""stop"":1775869253610},{""start"":1775869253792,""stop"":1775869253840},{""start"":1775869253973,""stop"":1775869254022},{""start"":1775869254140,""stop"":1775869254202},{""start"":1775869254729,""stop"":1775869254759},{""start"":1775869262270,""stop"":1775869262308},{""start"":1775869262871,""stop"":1775869262922},{""start"":1775869263369,""stop"":1775869263478},{""start"":1775869263922,""stop"":1775869264107},{""start"":1775869264468,""stop"":1775869264649},{""start"":1775869286836,""stop"":1775869287635},{""start"":1775869287764,""stop"":1775869288104},{""start"":1775869290155,""stop"":1775869295477},{""start"":1775869296873,""stop"":1775869297063},{""start"":1775869297341,""stop"":1775869297422},{""start"":1775869297613,""stop"":1775869298521},{""start"":1775869299112,""stop"":1775869299230},{""start"":1775869299473,""stop"":1775869299511},{""start"":1775869299842,""stop"":1775869300000},{""start"":1775869300822,""stop"":1775869302776},{""start"":1775869303076,""stop"":1775869303455},{""start"":1775869304177,""stop"":1775869305374},{""start"":1775869305699,""stop"":1775869306303},{""start"":1775869308992,""stop"":1775869309000},{""start"":1775869309855,""stop"":1775869309924},{""start"":1775869309982,""stop"":1775869310001},{""start"":1775869310091,""stop"":1775869310221},{""start"":1775869310261,""stop"":1775869310689},{""start"":1775869310731,""stop"":1775869310780},{""start"":1775869311359,""stop"":1775869311398},{""start"":1775869311488,""stop"":1775869311520},{""start"":1775869311688,""stop"":1775869312197},{""start"":1775869314395,""stop"":1775869314564},{""start"":1775869315405,""stop"":1775869315464},{""start"":1775869317147,""stop"":1775869317275},{""start"":1775869318145,""stop"":1775869318693},{""start"":1775869319525,""stop"":1775869319773},{""start"":1775869321355,""stop"":1775869321804},{""start"":1775869329896,""stop"":1775869335206}]}",9.041,"{""version"":1,""segments"":[{""start"":1775869217264,""stop"":1775869219300},{""start"":1775869220053,""stop"":1775869222467},{""start"":1775869266078,""stop"":1775869270669}]}",6.302,"{""version"":1,""segments"":[{""start"":1775869273788,""stop"":1775869274241},{""start"":1775869274603,""stop"":1775869280251},{""start"":1775869280654,""stop"":1775869280771},{""start"":1775869281291,""stop"":1775869281375}]}",0,0,0,0,0,0,0,x,1,3,managed to get 2.5 cycles with a fairly full hopper,fast cycles along with accuracy being very good,ferried some fuel from all areas along with prepping their funnel,362,264,264,red,0,0,None,None,None,0,None,None,None,1,0,0,1,0,None,1,0,108,264,156,0,0
2026pncmp_qm79,qm,1,79,frc10079,frc4488,frc4061,frc2412,frc2471,frc10079,frc8896,blue,Archer B,depotWall1,0,0,0,3.957,"{""version"":1,""segments"":[{""start"":1775869192797,""stop"":1775869196177},{""start"":1775869197372,""stop"":1775869197544},{""start"":1775869200726,""stop"":1775869201131}]}",0.521,"{""version"":1,""segments"":[{""start"":1775869199813,""stop"":1775869200334}]}",Auto 1,0,0,24.586,"{""version"":1,""segments"":[{""start"":1775869242784,""stop"":1775869245951},{""start"":1775869246390,""stop"":1775869257664},{""start"":1775869292005,""stop"":1775869292431},{""start"":1775869292951,""stop"":1775869293232},{""start"":1775869297168,""stop"":1775869306606}]}",14.735,"{""version"":1,""segments"":[{""start"":1775869260083,""stop"":1775869261574},{""start"":1775869269682,""stop"":1775869271029},{""start"":1775869281754,""stop"":1775869290842},{""start"":1775869307597,""stop"":1775869310406}]}",0,"{""version"":1,""segments"":[]}",0,0,0,0,0,0,0,x,0,1,shot some in ,shot some more in,ferried,362,264,264,red,0,0,None,None,None,0,None,None,None,1,0,0,1,0,None,1,0,108,264,156,0,0
2026pncmp_qm79,qm,1,79,frc8896,frc4488,frc4061,frc2412,frc2471,frc10079,frc8896,blue,Gabriel D,middle3,0,0,0,2.067,"{""version"":1,""segments"":[{""start"":1775869184968,""stop"":1775869187035}]}",0,"{""version"":1,""segments"":[]}",Auto 2,0,0,5.162,"{""version"":1,""segments"":[{""start"":1775869306774,""stop"":1775869310651},{""start"":1775869338171,""stop"":1775869339456}]}",0,"{""version"":1,""segments"":[]}",0,"{""version"":1,""segments"":[]}",0,0,0,1,0,1,0,0,0,1,,"Couldn't defend themselves against opposite defenders, gave balls to human players","Played defense by pushing bot trying to shoot and blocking them from going through the trench/bump
",362,264,264,red,0,0,None,None,None,0,None,None,None,1,0,0,1,0,None,1,0,108,264,156,0,0
2026pncmp_qm8,qm,1,8,frc1595,frc1595,frc4061,frc10416,frc360,frc2811,frc1983,red,naman p,outpostWall5,0,0,0,0,"{""version"":1,""segments"":[]}",0,"{""version"":1,""segments"":[]}",,0,0,11.697,"{""version"":1,""segments"":[{""start"":1775771219608,""stop"":1775771225598},{""start"":1775771226646,""stop"":1775771226768},{""start"":1775771326592,""stop"":1775771332044},{""start"":1775771354526,""stop"":1775771354659}]}",0,"{""version"":1,""segments"":[]}",0,"{""version"":1,""segments"":[]}",0,0,0,0,0,0,0,x,0,3,they got stuck on the trench whiletrying to go through,very low bps but effective in shooting and pretty accurat and reliable,,137,137,274,blue,0,0,None,None,None,0,None,None,None,0,5,0,0,0,None,0,0,26,137,106,0,0
2026pncmp_qm8,qm,1,8,frc4061,frc1595,frc4061,frc10416,frc360,frc2811,frc1983,red,,depotWall1,0,0,0,0,"{""version"":1,""segments"":[]}",0,"{""version"":1,""segments"":[]}",,0,0,0,"{""version"":1,""segments"":[]}",0,"{""version"":1,""segments"":[]}",0,"{""version"":1,""segments"":[]}",0,0,0,0,0,0,0,x,x,1,,,,137,137,274,blue,0,0,None,None,None,0,None,None,None,0,5,0,0,0,None,0,0,26,137,106,0,0
2026pncmp_qm8,qm,1,8,frc10416,frc1595,frc4061,frc10416,frc360,frc2811,frc1983,red,Adam M,middle3,0,0,0,3.05,"{""version"":1,""segments"":[{""start"":1775771210536,""stop"":1775771213274},{""start"":1775771214615,""stop"":1775771214824},{""start"":1775771216016,""stop"":1775771216119}]}",0,"{""version"":1,""segments"":[]}",,0,0,2.089,"{""version"":1,""segments"":[{""start"":1775771234944,""stop"":1775771236502},{""start"":1775771237268,""stop"":1775771237589},{""start"":1775771238066,""stop"":1775771238276}]}",0,"{""version"":1,""segments"":[]}",0,"{""version"":1,""segments"":[]}",94.99999999999888,0,0,0,0,0,0,x,x,1,"Decent auto, collects from the depot then shoots into the hub accuratly","shooting then got caught on something, disabled rest of the match",N/A,137,137,274,blue,0,0,None,None,None,0,None,None,None,0,5,0,0,0,None,0,0,26,137,106,0,0
2026pncmp_qm8,qm,1,8,frc360,frc1595,frc4061,frc10416,frc360,frc2811,frc1983,blue,Annalee. M,depotWall1,0,0,0,2.754,"{""version"":1,""segments"":[{""start"":1775771200409,""stop"":1775771203163}]}",0,"{""version"":1,""segments"":[]}",,0,0,31.911,"{""version"":1,""segments"":[{""start"":1775771252638,""stop"":1775771252892},{""start"":1775771253452,""stop"":1775771253969},{""start"":1775771254869,""stop"":1775771256684},{""start"":1775771261301,""stop"":1775771263417},{""start"":1775771264724,""stop"":1775771264832},{""start"":1775771265472,""stop"":1775771267709},{""start"":1775771277858,""stop"":1775771278484},{""start"":1775771278967,""stop"":1775771280473},{""start"":1775771305425,""stop"":1775771307229},{""start"":1775771308143,""stop"":1775771310397},{""start"":1775771314265,""stop"":1775771314391},{""start"":1775771314781,""stop"":1775771318903},{""start"":1775771327333,""stop"":1775771329748},{""start"":1775771330200,""stop"":1775771330560},{""start"":1775771338155,""stop"":1775771338234},{""start"":1775771338235,""stop"":1775771338236},{""start"":1775771338268,""stop"":1775771338322},{""start"":1775771338672,""stop"":1775771343856},{""start"":1775771352388,""stop"":1775771358721}]}",6.975,"{""version"":1,""segments"":[{""start"":1775771238079,""stop"":1775771240666},{""start"":1775771250407,""stop"":1775771251152},{""start"":1775771289447,""stop"":1775771293090}]}",1.267,"{""version"":1,""segments"":[{""start"":1775771248083,""stop"":1775771248170},{""start"":1775771248920,""stop"":1775771249649},{""start"":1775771363557,""stop"":1775771364008}]}",0,0,0,0,0,0,0,x,0,2,they can get one refill on the fuel during the auto,they do have a good range they can shoot lots at a time while in different places ,They have a good aim with shooting the fuel into their alliance zone and lots at a time.,137,274,274,blue,0,0,None,None,None,0,None,None,None,1,0,0,0,1,None,4,0,29,274,245,0,0
2026pncmp_qm8,qm,1,8,frc2811,frc1595,frc4061,frc10416,frc360,frc2811,frc1983,blue,,depotWall1,0,0,0,0,"{""version"":1,""segments"":[]}",0,"{""version"":1,""segments"":[]}",,0,0,0,"{""version"":1,""segments"":[]}",0,"{""version"":1,""segments"":[]}",0,"{""version"":1,""segments"":[]}",0,0,0,0,0,0,0,x,x,1,,,,137,274,274,blue,0,0,None,None,None,0,None,None,None,1,0,0,0,1,None,4,0,29,274,245,0,0
2026pncmp_qm8,qm,1,8,frc1983,frc1595,frc4061,frc10416,frc360,frc2811,frc1983,blue,Eryn M,outpostWall5,0,0,0,3.128,"{""version"":1,""segments"":[{""start"":1775771202440,""stop"":1775771204016},{""start"":1775771204399,""stop"":1775771205349},{""start"":1775771205680,""stop"":1775771206091},{""start"":1775771213055,""stop"":1775771213246}]}",0,"{""version"":1,""segments"":[]}",,0,0,7.35,"{""version"":1,""segments"":[{""start"":1775771262623,""stop"":1775771262973},{""start"":1775771263817,""stop"":1775771264688},{""start"":1775771270247,""stop"":1775771271604},{""start"":1775771314733,""stop"":1775771315951},{""start"":1775771329432,""stop"":1775771331487},{""start"":1775771341442,""stop"":1775771341504},{""start"":1775771342435,""stop"":1775771343279},{""start"":1775771343817,""stop"":1775771344410}]}",1.597,"{""version"":1,""segments"":[{""start"":1775771300404,""stop"":1775771302001}]}",0,"{""version"":1,""segments"":[]}",0,0,0,0,0,1,0,x,x,1,Fills up in neutral then shoots around outpost ,"inefficient way of getting balls into hopper, doesn't hold too much, shoots fast",Prefirin during inactive Went to red to fill up,137,274,274,blue,0,0,None,None,None,0,None,None,None,1,0,0,0,1,None,4,0,29,274,245,0,0
2026pncmp_qm80,qm,1,80,frc6696,frc6696,frc3663,frc4915,frc5468,frc997,frc948,red,Meri H,outpostWall5,0,0,0,0,"{""version"":1,""segments"":[]}",0,"{""version"":1,""segments"":[]}",Other,1,0,10.808,"{""version"":1,""segments"":[{""start"":1775869728780,""stop"":1775869729619},{""start"":1775869729668,""stop"":1775869731038},{""start"":1775869732489,""stop"":1775869733908},{""start"":1775869734287,""stop"":1775869736646},{""start"":1775869736934,""stop"":1775869737015},{""start"":1775869737707,""stop"":1775869737884},{""start"":1775869738990,""stop"":1775869739298},{""start"":1775869741438,""stop"":1775869742107},{""start"":1775869742627,""stop"":1775869742896},{""start"":1775869743556,""stop"":1775869743656},{""start"":1775869744385,""stop"":1775869744475},{""start"":1775869744635,""stop"":1775869744714},{""start"":1775869744904,""stop"":1775869744962},{""start"":1775869745285,""stop"":1775869745393},{""start"":1775869746706,""stop"":1775869746905},{""start"":1775869779087,""stop"":1775869779405},{""start"":1775869780004,""stop"":1775869781740},{""start"":1775869790287,""stop"":1775869790647},{""start"":1775869791490,""stop"":1775869791759}]}",4.217,"{""version"":1,""segments"":[{""start"":1775869675200,""stop"":1775869677897},{""start"":1775869679151,""stop"":1775869679470},{""start"":1775869710827,""stop"":1775869711134},{""start"":1775869721323,""stop"":1775869722217}]}",3.607,"{""version"":1,""segments"":[{""start"":1775869757074,""stop"":1775869759343},{""start"":1775869760063,""stop"":1775869761171},{""start"":1775869764602,""stop"":1775869764733},{""start"":1775869765269,""stop"":1775869765368}]}",0,0,0,0,0,0,0,x,x,2,Auto hit the outpost very hard and then stopped,Struggled with aiming first active period,just intaked fuel,239,239,532,blue,0,0,None,None,None,0,None,None,None,0,0,0,0,0,None,0,0,20,239,219,0,0
2026pncmp_qm80,qm,1,80,frc3663,frc6696,frc3663,frc4915,frc5468,frc997,frc948,red,Dev S,middle3,0,0,0,1.138,"{""version"":1,""segments"":[{""start"":1775869656361,""stop"":1775869657499}]}",0,"{""version"":1,""segments"":[]}",Auto 2,0,0,14.467,"{""version"":1,""segments"":[{""start"":1775869702713,""stop"":1775869703790},{""start"":1775869704405,""stop"":1775869704745},{""start"":1775869704993,""stop"":1775869705255},{""start"":1775869707259,""stop"":1775869708105},{""start"":1775869708614,""stop"":1775869709317},{""start"":1775869709589,""stop"":1775869710064},{""start"":1775869736350,""stop"":1775869737436},{""start"":1775869737894,""stop"":1775869738510},{""start"":1775869741104,""stop"":1775869741383},{""start"":1775869742830,""stop"":1775869743513},{""start"":1775869744779,""stop"":1775869745915},{""start"":1775869749936,""stop"":1775869750141},{""start"":1775869754133,""stop"":1775869754889},{""start"":1775869755495,""stop"":1775869756026},{""start"":1775869759626,""stop"":1775869759773},{""start"":1775869785587,""stop"":1775869786146},{""start"":1775869786890,""stop"":1775869787416},{""start"":1775869788253,""stop"":1775869789010},{""start"":1775869789415,""stop"":1775869790257},{""start"":1775869791413,""stop"":1775869791758},{""start"":1775869793424,""stop"":1775869793929},{""start"":1775869803339,""stop"":1775869804524},{""start"":1775869807227,""stop"":1775869807833}]}",7.03,"{""version"":1,""segments"":[{""start"":1775869689366,""stop"":1775869689434},{""start"":1775869690200,""stop"":1775869690586},{""start"":1775869691205,""stop"":1775869691398},{""start"":1775869715679,""stop"":1775869716286},{""start"":1775869718944,""stop"":1775869720072},{""start"":1775869720710,""stop"":1775869721023},{""start"":1775869722278,""stop"":1775869722675},{""start"":1775869723829,""stop"":1775869724534},{""start"":1775869725441,""stop"":1775869725867},{""start"":1775869728358,""stop"":1775869728435},{""start"":1775869728549,""stop"":1775869728765},{""start"":1775869729502,""stop"":1775869729670},{""start"":1775869768765,""stop"":1775869769399},{""start"":1775869770296,""stop"":1775869770794},{""start"":1775869771891,""stop"":1775869772375},{""start"":1775869773411,""stop"":1775869773907},{""start"":1775869776379,""stop"":1775869776476},{""start"":1775869776499,""stop"":1775869776636}]}",0,"{""version"":1,""segments"":[]}",0,0,0,0,0,0,0,x,x,1,Moved back and shot preload,shot close to hub but not very accurate,ferrying slowly ,239,239,532,blue,0,0,None,None,None,0,None,None,None,0,0,0,0,0,None,0,0,20,239,219,0,0
2026pncmp_qm80,qm,1,80,frc4915,frc6696,frc3663,frc4915,frc5468,frc997,frc948,red,Adam M,depotWall1,0,0,0,0,"{""version"":1,""segments"":[]}",0,"{""version"":1,""segments"":[]}",Auto 1,0,0,17.528,"{""version"":1,""segments"":[{""start"":1775869736827,""stop"":1775869736856},{""start"":1775869737058,""stop"":1775869740468},{""start"":1775869748759,""stop"":1775869751719},{""start"":1775869778135,""stop"":1775869778804},{""start"":1775869786805,""stop"":1775869789492},{""start"":1775869789842,""stop"":1775869791509},{""start"":1775869792472,""stop"":1775869793113},{""start"":1775869794347,""stop"":1775869794556},{""start"":1775869798831,""stop"":1775869799033},{""start"":1775869799292,""stop"":1775869799393},{""start"":1775869799530,""stop"":1775869799632},{""start"":1775869799751,""stop"":1775869799872},{""start"":1775869800049,""stop"":1775869800091},{""start"":1775869800311,""stop"":1775869800329},{""start"":1775869801671,""stop"":1775869801720},{""start"":1775869801851,""stop"":1775869801922},{""start"":1775869801980,""stop"":1775869802073},{""start"":1775869806285,""stop"":1775869810742}]}",7.171,"{""version"":1,""segments"":[{""start"":1775869721798,""stop"":1775869721998},{""start"":1775869722157,""stop"":1775869726392},{""start"":1775869728562,""stop"":1775869730650},{""start"":1775869780576,""stop"":1775869781224}]}",0.117,"{""version"":1,""segments"":[{""start"":1775869733611,""stop"":1775869733660},{""start"":1775869734052,""stop"":1775869734070},{""start"":1775869734310,""stop"":1775869734337},{""start"":1775869734551,""stop"":1775869734569},{""start"":1775869734811,""stop"":1775869734816}]}",32.000000000000185,0,0,0,0,0,0,x,0,1,a stopped,got beached for a while and didn't do anything much after that,"ferrying. Was able to cross up defense and score, but got bodied a lot ",239,239,532,blue,0,0,None,None,None,0,None,None,None,0,0,0,0,0,None,0,0,20,239,219,0,0
2026pncmp_qm80,qm,1,80,frc5468,frc6696,frc3663,frc4915,frc5468,frc997,frc948,blue,Maxwell G,outpostWall5,0,0,0,7.811,"{""version"":1,""segments"":[{""start"":1775869653778,""stop"":1775869657272},{""start"":1775869663697,""stop"":1775869668014}]}",0,"{""version"":1,""segments"":[]}",,0,0,32.63,"{""version"":1,""segments"":[{""start"":1775869681717,""stop"":1775869685534},{""start"":1775869705553,""stop"":1775869712852},{""start"":1775869715186,""stop"":1775869717957},{""start"":1775869757162,""stop"":1775869764522},{""start"":1775869764793,""stop"":1775869765771},{""start"":1775869766361,""stop"":1775869766762},{""start"":1775869767362,""stop"":1775869767462},{""start"":1775869768552,""stop"":1775869768589},{""start"":1775869768739,""stop"":1775869769527},{""start"":1775869769688,""stop"":1775869769955},{""start"":1775869770392,""stop"":1775869770454},{""start"":1775869771021,""stop"":1775869771028},{""start"":1775869771240,""stop"":1775869771249},{""start"":1775869771402,""stop"":1775869771408},{""start"":1775869771670,""stop"":1775869771711},{""start"":1775869771840,""stop"":1775869771859},{""start"":1775869772683,""stop"":1775869772886},{""start"":1775869782864,""stop"":1775869784082},{""start"":1775869791335,""stop"":1775869791412},{""start"":1775869791560,""stop"":1775869791583},{""start"":1775869794028,""stop"":1775869794586},{""start"":1775869796020,""stop"":1775869798432},{""start"":1775869799006,""stop"":1775869800291},{""start"":1775869801234,""stop"":1775869801564},{""start"":1775869803519,""stop"":1775869803635},{""start"":1775869809323,""stop"":1775869811769}]}",8.312,"{""version"":1,""segments"":[{""start"":1775869700955,""stop"":1775869702262},{""start"":1775869703513,""stop"":1775869703653},{""start"":1775869719832,""stop"":1775869722398},{""start"":1775869731081,""stop"":1775869731180},{""start"":1775869739156,""stop"":1775869740904},{""start"":1775869741085,""stop"":1775869742112},{""start"":1775869742222,""stop"":1775869742620},{""start"":1775869742761,""stop"":1775869743769},{""start"":1775869756602,""stop"":1775869756621}]}",2.816,"{""version"":1,""segments"":[{""start"":1775869728943,""stop"":1775869731759}]}",0,0,0,0,0,0,0,x,.5,2,"Fast cycles, got 2 full cycles in and high accuracy","Long range capability shooter allowed them to ferry fuel very well, along with maintaining their fast cycle times",ferried fuel from opposing and neutral,239,532,532,blue,0,0,None,None,None,0,None,None,None,1,0,0,0,0,None,5,1,114,532,418,0,0
2026pncmp_qm80,qm,1,80,frc997,frc6696,frc3663,frc4915,frc5468,frc997,frc948,blue,Archer B,depotWall1,0,0,0,5.844,"{""version"":1,""segments"":[{""start"":1775869677409,""stop"":1775869683253}]}",0.824,"{""version"":1,""segments"":[{""start"":1775869684724,""stop"":1775869685548}]}",Other,0,0,7.227,"{""version"":1,""segments"":[{""start"":1775869725470,""stop"":1775869725688},{""start"":1775869725930,""stop"":1775869726100},{""start"":1775869726342,""stop"":1775869726493},{""start"":1775869728424,""stop"":1775869728956},{""start"":1775869729009,""stop"":1775869729145},{""start"":1775869729311,""stop"":1775869729379},{""start"":1775869729519,""stop"":1775869729578},{""start"":1775869729765,""stop"":1775869729833},{""start"":1775869730005,""stop"":1775869730080},{""start"":1775869730452,""stop"":1775869730540},{""start"":1775869730728,""stop"":1775869730829},{""start"":1775869736077,""stop"":1775869736340},{""start"":1775869736535,""stop"":1775869736610},{""start"":1775869736798,""stop"":1775869736899},{""start"":1775869737124,""stop"":1775869737193},{""start"":1775869737733,""stop"":1775869737798},{""start"":1775869737970,""stop"":1775869738067},{""start"":1775869743693,""stop"":1775869743832},{""start"":1775869744506,""stop"":1775869744599},{""start"":1775869745225,""stop"":1775869745312},{""start"":1775869767844,""stop"":1775869771578},{""start"":1775869806290,""stop"":1775869807128}]}",8.632,"{""version"":1,""segments"":[{""start"":1775869719503,""stop"":1775869722333},{""start"":1775869732233,""stop"":1775869732644},{""start"":1775869733216,""stop"":1775869733422},{""start"":1775869735532,""stop"":1775869735629},{""start"":1775869736076,""stop"":1775869736310},{""start"":1775869737091,""stop"":1775869737217},{""start"":1775869737414,""stop"":1775869737541},{""start"":1775869744105,""stop"":1775869744240},{""start"":1775869744825,""stop"":1775869744949},{""start"":1775869745555,""stop"":1775869745709},{""start"":1775869747771,""stop"":1775869748299},{""start"":1775869757598,""stop"":1775869757657},{""start"":1775869772460,""stop"":1775869772557},{""start"":1775869778315,""stop"":1775869778390},{""start"":1775869778493,""stop"":1775869778601},{""start"":1775869778674,""stop"":1775869778781},{""start"":1775869779149,""stop"":1775869779511},{""start"":1775869779867,""stop"":1775869780299},{""start"":1775869780453,""stop"":1775869780618},{""start"":1775869780799,""stop"":1775869780833},{""start"":1775869780939,""stop"":1775869781029},{""start"":1775869781101,""stop"":1775869781212},{""start"":1775869781392,""stop"":1775869781652},{""start"":1775869781800,""stop"":1775869782068},{""start"":1775869782189,""stop"":1775869782398},{""start"":1775869782537,""stop"":1775869783238},{""start"":1775869783598,""stop"":1775869784180}]}",7.667,"{""version"":1,""segments"":[{""start"":1775869757106,""stop"":1775869759786},{""start"":1775869761574,""stop"":1775869763798},{""start"":1775869779180,""stop"":1775869779541},{""start"":1775869780454,""stop"":1775869780628},{""start"":1775869780792,""stop"":1775869780892},{""start"":1775869780919,""stop"":1775869781048},{""start"":1775869781099,""stop"":1775869781232},{""start"":1775869781398,""stop"":1775869781692},{""start"":1775869781799,""stop"":1775869782078},{""start"":1775869782178,""stop"":1775869782379},{""start"":1775869782529,""stop"":1775869783621}]}",0,0,0,0,0,1,0,0,.5,1,shot some in then got more then stop,shot fuel in,ferried and played defense in enemy zone a little bit,239,532,532,blue,0,0,None,None,None,0,None,None,None,1,0,0,0,0,None,5,1,114,532,418,0,0
2026pncmp_qm80,qm,1,80,frc948,frc6696,frc3663,frc4915,frc5468,frc997,frc948,blue,Gabriel D,depot2,0,0,0,3.781,"{""version"":1,""segments"":[{""start"":1775869660135,""stop"":1775869662949},{""start"":1775869669176,""stop"":1775869670143}]}",0,"{""version"":1,""segments"":[]}",,0,0,20.741,"{""version"":1,""segments"":[{""start"":1775869684255,""stop"":1775869686099},{""start"":1775869711665,""stop"":1775869715554},{""start"":1775869723800,""stop"":1775869725690},{""start"":1775869733600,""stop"":1775869734027},{""start"":1775869734150,""stop"":1775869735134},{""start"":1775869762166,""stop"":1775869764584},{""start"":1775869776933,""stop"":1775869778844},{""start"":1775869786398,""stop"":1775869788110},{""start"":1775869802582,""stop"":1775869805798},{""start"":1775869813205,""stop"":1775869815655}]}",0,"{""version"":1,""segments"":[]}",0,"{""version"":1,""segments"":[]}",0,0,0,0,0,0,0,x,.5,2,,"Focused on scoring, could effectively dodge defense","didn't do much, just reloaded on neutral zone ",239,532,532,blue,0,0,None,None,None,0,None,None,None,1,0,0,0,0,None,5,1,114,532,418,0,0
2026pncmp_qm81,qm,1,81,frc1540,frc1540,frc492,frc4469,frc2521,frc2926,frc4512,red,,outpostWall5,0,0,0,5.117,"{""version"":1,""segments"":[{""start"":1775870179675,""stop"":1775870180692},{""start"":1775870181519,""stop"":1775870183367},{""start"":1775870185547,""stop"":1775870187481},{""start"":1775870188042,""stop"":1775870188293},{""start"":1775870188673,""stop"":1775870188740}]}",0,"{""version"":1,""segments"":[]}",Auto 1,0,0,30.084,"{""version"":1,""segments"":[{""start"":1775870199177,""stop"":1775870200939},{""start"":1775870201319,""stop"":1775870201429},{""start"":1775870201958,""stop"":1775870202017},{""start"":1775870202198,""stop"":1775870202236},{""start"":1775870202451,""stop"":1775870202489},{""start"":1775870203080,""stop"":1775870203119},{""start"":1775870229039,""stop"":1775870244418},{""start"":1775870245106,""stop"":1775870246188},{""start"":1775870251494,""stop"":1775870252060},{""start"":1775870252550,""stop"":1775870252629},{""start"":1775870252749,""stop"":1775870252807},{""start"":1775870252923,""stop"":1775870252976},{""start"":1775870253089,""stop"":1775870253126},{""start"":1775870253261,""stop"":1775870253306},{""start"":1775870253442,""stop"":1775870253489},{""start"":1775870278094,""stop"":1775870280283},{""start"":1775870282462,""stop"":1775870284052},{""start"":1775870284391,""stop"":1775870284459},{""start"":1775870284597,""stop"":1775870284635},{""start"":1775870285007,""stop"":1775870285045},{""start"":1775870285216,""stop"":1775870285254},{""start"":1775870285416,""stop"":1775870285454},{""start"":1775870286045,""stop"":1775870287298},{""start"":1775870293161,""stop"":1775870293800},{""start"":1775870295882,""stop"":1775870296592},{""start"":1775870299559,""stop"":1775870299965},{""start"":1775870300165,""stop"":1775870300213},{""start"":1775870300365,""stop"":1775870300403},{""start"":1775870300684,""stop"":1775870300722},{""start"":1775870300855,""stop"":1775870300898},{""start"":1775870301266,""stop"":1775870301311},{""start"":1775870301453,""stop"":1775870301501},{""start"":1775870301673,""stop"":1775870301721},{""start"":1775870301873,""stop"":1775870301920},{""start"":1775870302306,""stop"":1775870302345},{""start"":1775870302799,""stop"":1775870302836},{""start"":1775870313392,""stop"":1775870314339},{""start"":1775870314690,""stop"":1775870314748},{""start"":1775870314890,""stop"":1775870314938},{""start"":1775870315139,""stop"":1775870315197},{""start"":1775870315400,""stop"":1775870315459},{""start"":1775870319178,""stop"":1775870320447},{""start"":1775870320867,""stop"":1775870320905},{""start"":1775870321296,""stop"":1775870321334},{""start"":1775870331497,""stop"":1775870331803},{""start"":1775870332056,""stop"":1775870332125},{""start"":1775870332737,""stop"":1775870332786},{""start"":1775870332968,""stop"":1775870333022},{""start"":1775870333173,""stop"":1775870333212},{""start"":1775870333363,""stop"":1775870333412},{""start"":1775870333573,""stop"":1775870333622},{""start"":1775870334022,""stop"":1775870334071},{""start"":1775870334259,""stop"":1775870334298},{""start"":1775870334465,""stop"":1775870334501}]}",12.46,"{""version"":1,""segments"":[{""start"":1775870207800,""stop"":1775870218249},{""start"":1775870260848,""stop"":1775870261045},{""start"":1775870262785,""stop"":1775870264323},{""start"":1775870341944,""stop"":1775870341981},{""start"":1775870342103,""stop"":1775870342142},{""start"":1775870342243,""stop"":1775870342291},{""start"":1775870342393,""stop"":1775870342431},{""start"":1775870342533,""stop"":1775870342571},{""start"":1775870342683,""stop"":1775870342721},{""start"":1775870342823,""stop"":1775870342861}]}",0,"{""version"":1,""segments"":[]}",0,0,0,0,0,0,0,x,1,3,,,Cleared the OZ from fuel. All the fuel was on their side at all times.,654,654,350,red,0,0,None,None,None,0,None,None,None,1,0,0,2,1,None,5,1,71,654,583,0,0
2026pncmp_qm81,qm,1,81,frc492,frc1540,frc492,frc4469,frc2521,frc2926,frc4512,red,Dev S,middle3,0,0,1,1.124,"{""version"":1,""segments"":[{""start"":1775870181140,""stop"":1775870182124},{""start"":1775870182861,""stop"":1775870183001}]}",0,"{""version"":1,""segments"":[]}",Center climb,0,0,18.375,"{""version"":1,""segments"":[{""start"":1775870237592,""stop"":1775870239229},{""start"":1775870239644,""stop"":1775870240208},{""start"":1775870243208,""stop"":1775870243926},{""start"":1775870244680,""stop"":1775870245765},{""start"":1775870246661,""stop"":1775870247619},{""start"":1775870253881,""stop"":1775870254358},{""start"":1775870255572,""stop"":1775870256477},{""start"":1775870286520,""stop"":1775870289174},{""start"":1775870297705,""stop"":1775870299190},{""start"":1775870303499,""stop"":1775870305513},{""start"":1775870308391,""stop"":1775870309397},{""start"":1775870317118,""stop"":1775870319275},{""start"":1775870331815,""stop"":1775870334530}]}",5.144,"{""version"":1,""segments"":[{""start"":1775870219283,""stop"":1775870220460},{""start"":1775870224997,""stop"":1775870225542},{""start"":1775870227726,""stop"":1775870228563},{""start"":1775870271355,""stop"":1775870272553},{""start"":1775870273356,""stop"":1775870273777},{""start"":1775870274558,""stop"":1775870275524}]}",0,"{""version"":1,""segments"":[]}",0,0,1,0,0,0,0,x,0,2,Shot and collected depot then shot them barely climbed off tge ground,Shot and collected balls attempted to climb but didn't get off,ferried ,654,654,350,red,0,0,None,None,None,0,None,None,None,1,0,0,2,1,None,5,1,71,654,583,0,0
2026pncmp_qm81,qm,1,81,frc4469,frc1540,frc492,frc4469,frc2521,frc2926,frc4512,red,Adam M,depotWall1,1,0,0,0,"{""version"":1,""segments"":[]}",0,"{""version"":1,""segments"":[]}",Auto 1,0,0,21.494,"{""version"":1,""segments"":[{""start"":1775870211440,""stop"":1775870212580},{""start"":1775870237221,""stop"":1775870240578},{""start"":1775870252718,""stop"":1775870256351},{""start"":1775870266805,""stop"":1775870267255},{""start"":1775870268359,""stop"":1775870268500},{""start"":1775870286871,""stop"":1775870293355},{""start"":1775870302821,""stop"":1775870305398},{""start"":1775870307012,""stop"":1775870307441},{""start"":1775870309123,""stop"":1775870309721},{""start"":1775870312640,""stop"":1775870313199},{""start"":1775870316877,""stop"":1775870317185},{""start"":1775870331825,""stop"":1775870331904},{""start"":1775870332065,""stop"":1775870332101},{""start"":1775870332225,""stop"":1775870332274},{""start"":1775870332404,""stop"":1775870332453},{""start"":1775870332584,""stop"":1775870332653},{""start"":1775870332785,""stop"":1775870332852},{""start"":1775870332984,""stop"":1775870333054},{""start"":1775870333203,""stop"":1775870333273},{""start"":1775870333484,""stop"":1775870333574},{""start"":1775870341102,""stop"":1775870341252},{""start"":1775870341402,""stop"":1775870341569},{""start"":1775870341722,""stop"":1775870341964},{""start"":1775870342142,""stop"":1775870342284},{""start"":1775870342462,""stop"":1775870342670},{""start"":1775870342881,""stop"":1775870343041},{""start"":1775870343309,""stop"":1775870343479}]}",0.72,"{""version"":1,""segments"":[{""start"":1775870269551,""stop"":1775870270271}]}",0,"{""version"":1,""segments"":[]}",0,0,0,0,0,0,0,x,x,2,a stopped,Good scoring consistency and timing to when the next phase starts,good at collecting fuel and dropping it of in alliance zone ,654,654,350,red,0,0,None,None,None,0,None,None,None,1,0,0,2,1,None,5,1,71,654,583,0,0
2026pncmp_qm81,qm,1,81,frc2521,frc1540,frc492,frc4469,frc2521,frc2926,frc4512,blue,Maxwell G,depot2,0,0,0,1.478,"{""version"":1,""segments"":[{""start"":1775870180385,""stop"":1775870181863}]}",0,"{""version"":1,""segments"":[]}",,0,0,28.564,"{""version"":1,""segments"":[{""start"":1775870202909,""stop"":1775870205754},{""start"":1775870212134,""stop"":1775870215087},{""start"":1775870225505,""stop"":1775870227533},{""start"":1775870235246,""stop"":1775870235776},{""start"":1775870256948,""stop"":1775870259273},{""start"":1775870267543,""stop"":1775870270609},{""start"":1775870274815,""stop"":1775870275113},{""start"":1775870277361,""stop"":1775870277672},{""start"":1775870277852,""stop"":1775870278441},{""start"":1775870278812,""stop"":1775870279281},{""start"":1775870283029,""stop"":1775870283954},{""start"":1775870308212,""stop"":1775870313003},{""start"":1775870317207,""stop"":1775870318304},{""start"":1775870318644,""stop"":1775870319946},{""start"":1775870323406,""stop"":1775870324904},{""start"":1775870326599,""stop"":1775870326658},{""start"":1775870326796,""stop"":1775870326815},{""start"":1775870332371,""stop"":1775870334499},{""start"":1775870334839,""stop"":1775870334846},{""start"":1775870334959,""stop"":1775870335068},{""start"":1775870335360,""stop"":1775870335758},{""start"":1775870335857,""stop"":1775870335878},{""start"":1775870337300,""stop"":1775870338096}]}",6.065,"{""version"":1,""segments"":[{""start"":1775870236228,""stop"":1775870238882},{""start"":1775870246194,""stop"":1775870249448},{""start"":1775870255142,""stop"":1775870255299}]}",0,"{""version"":1,""segments"":[]}",0,0,0,0,0,0,0,x,.5,1,Unloaded then went and got 1.5 cycles. Fires 3 at once but lower accuracy,good cycle times along with ferrying to their teams side. ,Ferried fuel for future use,654,350,350,red,0,0,None,None,None,0,None,None,None,1,35,0,0,0,None,1,0,41,350,274,0,0
2026pncmp_qm81,qm,1,81,frc2926,frc1540,frc492,frc4469,frc2521,frc2926,frc4512,blue,Archer B,middle3,0,0,0,3.519,"{""version"":1,""segments"":[{""start"":1775870188220,""stop"":1775870189487},{""start"":1775870192847,""stop"":1775870193154},{""start"":1775870193345,""stop"":1775870193425},{""start"":1775870194299,""stop"":1775870194626},{""start"":1775870202117,""stop"":1775870203085},{""start"":1775870203276,""stop"":1775870203846}]}",0.429,"{""version"":1,""segments"":[{""start"":1775870202710,""stop"":1775870203139}]}",Auto 1,0,0,21.735,"{""version"":1,""segments"":[{""start"":1775870208432,""stop"":1775870208600},{""start"":1775870209874,""stop"":1775870210102},{""start"":1775870210155,""stop"":1775870211821},{""start"":1775870263193,""stop"":1775870265622},{""start"":1775870286455,""stop"":1775870288650},{""start"":1775870323859,""stop"":1775870337974},{""start"":1775870338896,""stop"":1775870339454},{""start"":1775870339637,""stop"":1775870339891},{""start"":1775870340069,""stop"":1775870340161},{""start"":1775870340410,""stop"":1775870340440}]}",7.566,"{""version"":1,""segments"":[{""start"":1775870332803,""stop"":1775870340122},{""start"":1775870340243,""stop"":1775870340330},{""start"":1775870340421,""stop"":1775870340581}]}",0,"{""version"":1,""segments"":[]}",0,0,0,0,0,0,0,x,.5,2,fired their fuel in ,shot fuel in,ferried,654,350,350,red,0,0,None,None,None,0,None,None,None,1,35,0,0,0,None,1,0,41,350,274,0,0
2026pncmp_qm81,qm,1,81,frc4512,frc1540,frc492,frc4469,frc2521,frc2926,frc4512,blue,Gabriel D,outpostWall5,1,0,0,3.083,"{""version"":1,""segments"":[{""start"":1775870187582,""stop"":1775870190009},{""start"":1775870199269,""stop"":1775870199925}]}",0,"{""version"":1,""segments"":[]}",,0,0,23.519,"{""version"":1,""segments"":[{""start"":1775870203626,""stop"":1775870206555},{""start"":1775870213237,""stop"":1775870217754},{""start"":1775870220553,""stop"":1775870223224},{""start"":1775870223277,""stop"":1775870223685},{""start"":1775870229454,""stop"":1775870234657},{""start"":1775870263823,""stop"":1775870266603},{""start"":1775870270249,""stop"":1775870270267},{""start"":1775870282168,""stop"":1775870282339},{""start"":1775870313150,""stop"":1775870315292},{""start"":1775870318705,""stop"":1775870318775},{""start"":1775870324954,""stop"":1775870326479},{""start"":1775870344778,""stop"":1775870344889},{""start"":1775870345019,""stop"":1775870345993}]}",4.998,"{""version"":1,""segments"":[{""start"":1775870245282,""stop"":1775870246472},{""start"":1775870249548,""stop"":1775870253356}]}",0,"{""version"":1,""segments"":[]}",0,0,0,0,0,0,0,x,0,1,,"Focused on scoring, consistent shooter ","Focused on ferrying and reloading, didn't play defense",654,350,350,red,0,0,None,None,None,0,None,None,None,1,35,0,0,0,None,1,0,41,350,274,0,0
2026pncmp_qm82,qm,1,82,frc955,frc955,frc5937,frc2910,frc4089,frc488,frc10991,red,Meri H,depotWall1,0,0,0,8.238,"{""version"":1,""segments"":[{""start"":1775870817213,""stop"":1775870820517},{""start"":1775870820926,""stop"":1775870821126},{""start"":1775870827039,""stop"":1775870831773}]}",0,"{""version"":1,""segments"":[]}",Auto 1,0,0,29.776,"{""version"":1,""segments"":[{""start"":1775870840516,""stop"":1775870840915},{""start"":1775870841565,""stop"":1775870841834},{""start"":1775870843365,""stop"":1775870845194},{""start"":1775870870036,""stop"":1775870877184},{""start"":1775870881005,""stop"":1775870881866},{""start"":1775870882275,""stop"":1775870882374},{""start"":1775870882574,""stop"":1775870882642},{""start"":1775870882843,""stop"":1775870882912},{""start"":1775870883093,""stop"":1775870883173},{""start"":1775870883333,""stop"":1775870883403},{""start"":1775870883583,""stop"":1775870883642},{""start"":1775870884743,""stop"":1775870885054},{""start"":1775870885374,""stop"":1775870885463},{""start"":1775870885644,""stop"":1775870885712},{""start"":1775870890800,""stop"":1775870891119},{""start"":1775870920139,""stop"":1775870920954},{""start"":1775870921524,""stop"":1775870921674},{""start"":1775870921883,""stop"":1775870921984},{""start"":1775870922123,""stop"":1775870922192},{""start"":1775870922343,""stop"":1775870922401},{""start"":1775870922589,""stop"":1775870922646},{""start"":1775870922803,""stop"":1775870922874},{""start"":1775870923034,""stop"":1775870923093},{""start"":1775870923254,""stop"":1775870923314},{""start"":1775870923484,""stop"":1775870923542},{""start"":1775870923723,""stop"":1775870923787},{""start"":1775870923947,""stop"":1775870924017},{""start"":1775870924176,""stop"":1775870924236},{""start"":1775870925169,""stop"":1775870925289},{""start"":1775870925528,""stop"":1775870925598},{""start"":1775870925778,""stop"":1775870925847},{""start"":1775870925978,""stop"":1775870926059},{""start"":1775870926208,""stop"":1775870926266},{""start"":1775870927352,""stop"":1775870927783},{""start"":1775870928363,""stop"":1775870928453},{""start"":1775870928607,""stop"":1775870928686},{""start"":1775870928826,""stop"":1775870928879},{""start"":1775870931062,""stop"":1775870931185},{""start"":1775870931361,""stop"":1775870931442},{""start"":1775870931594,""stop"":1775870931661},{""start"":1775870931821,""stop"":1775870931891},{""start"":1775870932081,""stop"":1775870932139},{""start"":1775870932320,""stop"":1775870932391},{""start"":1775870932560,""stop"":1775870932618},{""start"":1775870932809,""stop"":1775870932857},{""start"":1775870933040,""stop"":1775870933099},{""start"":1775870933280,""stop"":1775870933389},{""start"":1775870933579,""stop"":1775870933649},{""start"":1775870933848,""stop"":1775870933897},{""start"":1775870934078,""stop"":1775870934126},{""start"":1775870934298,""stop"":1775870934944},{""start"":1775870935213,""stop"":1775870935282},{""start"":1775870935453,""stop"":1775870935494},{""start"":1775870942288,""stop"":1775870944442},{""start"":1775870945121,""stop"":1775870946149},{""start"":1775870946829,""stop"":1775870947792},{""start"":1775870948201,""stop"":1775870948291},{""start"":1775870948461,""stop"":1775870948530},{""start"":1775870948671,""stop"":1775870948760},{""start"":1775870948911,""stop"":1775870948970},{""start"":1775870949120,""stop"":1775870949179},{""start"":1775870949340,""stop"":1775870949388},{""start"":1775870949545,""stop"":1775870949617},{""start"":1775870949756,""stop"":1775870951090},{""start"":1775870951481,""stop"":1775870952144},{""start"":1775870958795,""stop"":1775870962145},{""start"":1775870962674,""stop"":1775870963154},{""start"":1775870967522,""stop"":1775870970692}]}",3.687,"{""version"":1,""segments"":[{""start"":1775870852156,""stop"":1775870853824},{""start"":1775870898149,""stop"":1775870900168}]}",8.659,"{""version"":1,""segments"":[{""start"":1775870855306,""stop"":1775870859721},{""start"":1775870860141,""stop"":1775870860271},{""start"":1775870905850,""stop"":1775870909566},{""start"":1775870910098,""stop"":1775870910496}]}",0,0,0,0,0,0,0,x,1,3,,,Ferried during inactive and collected a full hopper,768,768,234,red,0,0,None,None,None,0,None,None,None,1,0,0,0,0,None,5,1,141,768,627,0,0
2026pncmp_qm82,qm,1,82,frc5937,frc955,frc5937,frc2910,frc4089,frc488,frc10991,red,Hendrix D,depot2,0,0,0,2.847,"{""version"":1,""segments"":[{""start"":1775870821068,""stop"":1775870822221},{""start"":1775870824196,""stop"":1775870825890}]}",0,"{""version"":1,""segments"":[]}",Other,0,0,49.529,"{""version"":1,""segments"":[{""start"":1775870855465,""stop"":1775870856085},{""start"":1775870877722,""stop"":1775870882225},{""start"":1775870882520,""stop"":1775870897829},{""start"":1775870899611,""stop"":1775870901658},{""start"":1775870927548,""stop"":1775870931742},{""start"":1775870932387,""stop"":1775870936177},{""start"":1775870939029,""stop"":1775870940758},{""start"":1775870946556,""stop"":1775870952013},{""start"":1775870953125,""stop"":1775870954310},{""start"":1775870964571,""stop"":1775870968006},{""start"":1775870969529,""stop"":1775870972660},{""start"":1775870974247,""stop"":1775870975531},{""start"":1775870976339,""stop"":1775870976614},{""start"":1775870977351,""stop"":1775870978636},{""start"":1775870981827,""stop"":1775870983112}]}",11.492,"{""version"":1,""segments"":[{""start"":1775870858230,""stop"":1775870859907},{""start"":1775870860951,""stop"":1775870862345},{""start"":1775870862902,""stop"":1775870864273},{""start"":1775870864790,""stop"":1775870865752},{""start"":1775870868695,""stop"":1775870869194},{""start"":1775870906832,""stop"":1775870907232},{""start"":1775870909724,""stop"":1775870910311},{""start"":1775870911307,""stop"":1775870912172},{""start"":1775870913159,""stop"":1775870913736},{""start"":1775870914440,""stop"":1775870914962},{""start"":1775870916268,""stop"":1775870916566},{""start"":1775870917580,""stop"":1775870918105},{""start"":1775870918704,""stop"":1775870919220},{""start"":1775870919861,""stop"":1775870920423},{""start"":1775870960232,""stop"":1775870960969}]}",0,"{""version"":1,""segments"":[]}",0,0,0,0,0,0,0,x,.5,1,Went to depot,"Were able to be shooting most of their period, shot slow but scored a lot. Struggled a little bit when their shooter got Jammed but dealt with defense well",were able to ferry effectively and clean up lose fuel quickly,768,768,234,red,0,0,None,None,None,0,None,None,None,1,0,0,0,0,None,5,1,141,768,627,0,0
2026pncmp_qm82,qm,1,82,frc2910,frc955,frc5937,frc2910,frc4089,frc488,frc10991,red,Adam M,outpostWall5,0,0,0,5.653,"{""version"":1,""segments"":[{""start"":1775870819493,""stop"":1775870819734},{""start"":1775870822401,""stop"":1775870822582},{""start"":1775870825829,""stop"":1775870825928},{""start"":1775870826673,""stop"":1775870827315},{""start"":1775870827493,""stop"":1775870829639},{""start"":1775870837979,""stop"":1775870840323}]}",0,"{""version"":1,""segments"":[]}",Auto 1,0,0,28.487,"{""version"":1,""segments"":[{""start"":1775870852031,""stop"":1775870853739},{""start"":1775870880297,""stop"":1775870881616},{""start"":1775870882965,""stop"":1775870883319},{""start"":1775870884968,""stop"":1775870887107},{""start"":1775870891893,""stop"":1775870892374},{""start"":1775870894223,""stop"":1775870896249},{""start"":1775870896688,""stop"":1775870897681},{""start"":1775870928466,""stop"":1775870932544},{""start"":1775870944746,""stop"":1775870947644},{""start"":1775870963585,""stop"":1775870967267},{""start"":1775870976468,""stop"":1775870985277}]}",6.682,"{""version"":1,""segments"":[{""start"":1775870860290,""stop"":1775870862110},{""start"":1775870870637,""stop"":1775870871445},{""start"":1775870876580,""stop"":1775870877020},{""start"":1775870912923,""stop"":1775870913272},{""start"":1775870913842,""stop"":1775870915758},{""start"":1775870922533,""stop"":1775870923654},{""start"":1775870944326,""stop"":1775870944554}]}",0,"{""version"":1,""segments"":[]}",0,0,0,0,0,0,0,x,.5,3,good auto and scored quite a bit in auto without missing. ,"Perfect shooting, they utilized the fuel they ferryed",ferried a lot of fuel into the alliance zone from neutral,768,768,234,red,0,0,None,None,None,0,None,None,None,1,0,0,0,0,None,5,1,141,768,627,0,0
2026pncmp_qm82,qm,1,82,frc4089,frc955,frc5937,frc2910,frc4089,frc488,frc10991,blue,Maxwell G,outpostWall5,0,0,0,0,"{""version"":1,""segments"":[]}",0,"{""version"":1,""segments"":[]}",,0,0,28.797,"{""version"":1,""segments"":[{""start"":1775870857658,""stop"":1775870858118},{""start"":1775870859376,""stop"":1775870860024},{""start"":1775870861355,""stop"":1775870861965},{""start"":1775870864440,""stop"":1775870866185},{""start"":1775870920929,""stop"":1775870924805},{""start"":1775870948204,""stop"":1775870956181},{""start"":1775870956462,""stop"":1775870957158},{""start"":1775870957511,""stop"":1775870957563},{""start"":1775870957734,""stop"":1775870957888},{""start"":1775870958190,""stop"":1775870958218},{""start"":1775870958561,""stop"":1775870958580},{""start"":1775870958759,""stop"":1775870958969},{""start"":1775870960837,""stop"":1775870962004},{""start"":1775870962595,""stop"":1775870965673},{""start"":1775870971117,""stop"":1775870974662},{""start"":1775870974873,""stop"":1775870979405}]}",0,"{""version"":1,""segments"":[]}",3.627,"{""version"":1,""segments"":[{""start"":1775870940020,""stop"":1775870943647}]}",0,0,0,0,0,0,0,x,0,1,Grabbed fuel then e stopped auto,"didn't fire during the first active period, but fast cycles",ferrying fuel from opponents side,768,234,234,red,0,0,None,None,None,0,None,None,None,0,0,0,0,0,None,0,0,26,234,208,0,0
2026pncmp_qm82,qm,1,82,frc488,frc955,frc5937,frc2910,frc4089,frc488,frc10991,blue,Archer B,depotWall1,1,0,0,0.693,"{""version"":1,""segments"":[{""start"":1775870835128,""stop"":1775870835821}]}",3.74,"{""version"":1,""segments"":[{""start"":1775870827761,""stop"":1775870831501}]}",Auto 1,0,0,11.582,"{""version"":1,""segments"":[{""start"":1775870870968,""stop"":1775870871538},{""start"":1775870874338,""stop"":1775870879226},{""start"":1775870907410,""stop"":1775870911912},{""start"":1775870912764,""stop"":1775870912998},{""start"":1775870927341,""stop"":1775870928729}]}",4.046,"{""version"":1,""segments"":[{""start"":1775870872502,""stop"":1775870873449},{""start"":1775870880150,""stop"":1775870883249}]}",7.079,"{""version"":1,""segments"":[{""start"":1775870885403,""stop"":1775870889574},{""start"":1775870896763,""stop"":1775870897951},{""start"":1775870904272,""stop"":1775870905992}]}",0,0,0,0,0,1,0,0,0,2,shot some in got more shot those in,shot some in,ferried and played defense in enemy's zone by running into enemy while they were shooting,768,234,234,red,0,0,None,None,None,0,None,None,None,0,0,0,0,0,None,0,0,26,234,208,0,0
2026pncmp_qm82,qm,1,82,frc10991,frc955,frc5937,frc2910,frc4089,frc488,frc10991,blue,Gabriel D,middle3,1,0,0,1.859,"{""version"":1,""segments"":[{""start"":1775870820961,""stop"":1775870821431},{""start"":1775870825456,""stop"":1775870826145},{""start"":1775870832887,""stop"":1775870833010},{""start"":1775870836443,""stop"":1775870837020}]}",0,"{""version"":1,""segments"":[]}",,0,0,5.549,"{""version"":1,""segments"":[{""start"":1775870975130,""stop"":1775870978441},{""start"":1775870979917,""stop"":1775870982155}]}",6.512,"{""version"":1,""segments"":[{""start"":1775870871366,""stop"":1775870871447},{""start"":1775870872191,""stop"":1775870872215},{""start"":1775870872597,""stop"":1775870872844},{""start"":1775870925231,""stop"":1775870925822},{""start"":1775870926408,""stop"":1775870926600},{""start"":1775870941713,""stop"":1775870942528},{""start"":1775870942928,""stop"":1775870943711},{""start"":1775870954959,""stop"":1775870956517},{""start"":1775870957063,""stop"":1775870957126},{""start"":1775870977039,""stop"":1775870977873},{""start"":1775870979490,""stop"":1775870979825},{""start"":1775870980984,""stop"":1775870981973}]}",0,"{""version"":1,""segments"":[]}",0,0,0,1,0,1,0,x,x,1,,focused on ferrying ,Tried playing defense but its not heavy enough for it,768,234,234,red,0,0,None,None,None,0,None,None,None,0,0,0,0,0,None,0,0,26,234,208,0,0
2026pncmp_qm83,qm,1,83,frc8051,frc8051,frc1294,frc7034,frc9450,frc3218,frc1983,red,Luke M,depotWall1,0,0,0,2.93,"{""version"":1,""segments"":[{""start"":1775871262970,""stop"":1775871264251},{""start"":1775871269348,""stop"":1775871269643},{""start"":1775871278732,""stop"":1775871280086}]}",0,"{""version"":1,""segments"":[]}",,0,0,11.611,"{""version"":1,""segments"":[{""start"":1775871291415,""stop"":1775871292249},{""start"":1775871316207,""stop"":1775871317968},{""start"":1775871319014,""stop"":1775871319680},{""start"":1775871341829,""stop"":1775871342604},{""start"":1775871343829,""stop"":1775871344852},{""start"":1775871393170,""stop"":1775871394493},{""start"":1775871401500,""stop"":1775871401873},{""start"":1775871404042,""stop"":1775871404539},{""start"":1775871411339,""stop"":1775871413327},{""start"":1775871413377,""stop"":1775871413435},{""start"":1775871419150,""stop"":1775871419943},{""start"":1775871420967,""stop"":1775871421068},{""start"":1775871421736,""stop"":1775871423155}]}",2.324,"{""version"":1,""segments"":[{""start"":1775871338008,""stop"":1775871339725},{""start"":1775871369128,""stop"":1775871369735}]}",2.627,"{""version"":1,""segments"":[{""start"":1775871370024,""stop"":1775871372651}]}",0,0,0,0,0,0,0,0,0,2,missed a lot of balls while trying to collect in auto because of other robots getting there earlier,Shot early a few times missing a few balls and spent a little longer trying to collect balls then they should have,tried to ferry some balls but wasn't able to move that many and also defense was kinda effective hitting robots while they were shooting,220,220,189,red,0,0,None,None,None,0,None,None,None,0,0,0,0,0,None,3,0,49,220,171,0,0
2026pncmp_qm83,qm,1,83,frc1294,frc8051,frc1294,frc7034,frc9450,frc3218,frc1983,red,Naman p,middle3,0,0,0,1.339,"{""version"":1,""segments"":[{""start"":1775871269795,""stop"":1775871270713},{""start"":1775871271278,""stop"":1775871271699}]}",0,"{""version"":1,""segments"":[]}",Auto 2,0,0,0,"{""version"":1,""segments"":[]}",0.538,"{""version"":1,""segments"":[{""start"":1775871397878,""stop"":1775871398416}]}",1.446,"{""version"":1,""segments"":[{""start"":1775871398833,""stop"":1775871399888},{""start"":1775871400457,""stop"":1775871400848}]}",0,0,0,0,0,1,0,.5,.5,2,Meh,they ferried a bit,they played exceptional defense,220,220,189,red,0,0,None,None,None,0,None,None,None,0,0,0,0,0,None,3,0,49,220,171,0,0
2026pncmp_qm83,qm,1,83,frc7034,frc8051,frc1294,frc7034,frc9450,frc3218,frc1983,red,Eve G,outpostWall5,0,0,0,5.237,"{""version"":1,""segments"":[{""start"":1775871276538,""stop"":1775871281775}]}",0,"{""version"":1,""segments"":[]}",Other,0,0,45.494,"{""version"":1,""segments"":[{""start"":1775871302558,""stop"":1775871311771},{""start"":1775871327374,""stop"":1775871330021},{""start"":1775871352011,""stop"":1775871356058},{""start"":1775871356787,""stop"":1775871364390},{""start"":1775871368887,""stop"":1775871369975},{""start"":1775871370485,""stop"":1775871374291},{""start"":1775871407431,""stop"":1775871411137},{""start"":1775871413128,""stop"":1775871417892},{""start"":1775871422658,""stop"":1775871429921},{""start"":1775871431245,""stop"":1775871432602}]}",1.147,"{""version"":1,""segments"":[{""start"":1775871400470,""stop"":1775871401617}]}",0,"{""version"":1,""segments"":[]}",0,0,0,0,0,0,0,.5,.5,3,,"slow-ish shooter but mostly constant, scored a good amount, good size hopper","ferried with shooter, ",220,220,189,red,0,0,None,None,None,0,None,None,None,0,0,0,0,0,None,3,0,49,220,171,0,0
2026pncmp_qm83,qm,1,83,frc9450,frc8051,frc1294,frc7034,frc9450,frc3218,frc1983,blue,Alyson W,depotWall1,0,0,0,2.942,"{""version"":1,""segments"":[{""start"":1775871274198,""stop"":1775871276183},{""start"":1775871277932,""stop"":1775871278889}]}",0,"{""version"":1,""segments"":[]}",Other,0,0,41.942,"{""version"":1,""segments"":[{""start"":1775871291964,""stop"":1775871294871},{""start"":1775871325884,""stop"":1775871329429},{""start"":1775871335798,""stop"":1775871338804},{""start"":1775871343229,""stop"":1775871343678},{""start"":1775871344043,""stop"":1775871346948},{""start"":1775871347409,""stop"":1775871347778},{""start"":1775871374194,""stop"":1775871380197},{""start"":1775871380757,""stop"":1775871384713},{""start"":1775871385090,""stop"":1775871390479},{""start"":1775871390888,""stop"":1775871392366},{""start"":1775871393995,""stop"":1775871394932},{""start"":1775871395265,""stop"":1775871396083},{""start"":1775871396801,""stop"":1775871396972},{""start"":1775871397085,""stop"":1775871397490},{""start"":1775871401560,""stop"":1775871402016},{""start"":1775871403850,""stop"":1775871404128},{""start"":1775871405461,""stop"":1775871405730},{""start"":1775871406040,""stop"":1775871407606},{""start"":1775871409060,""stop"":1775871409511},{""start"":1775871409792,""stop"":1775871412998},{""start"":1775871413848,""stop"":1775871414724},{""start"":1775871415527,""stop"":1775871417222},{""start"":1775871418324,""stop"":1775871418573},{""start"":1775871419081,""stop"":1775871419149},{""start"":1775871419358,""stop"":1775871419628},{""start"":1775871419787,""stop"":1775871420007}]}",0.387,"{""version"":1,""segments"":[{""start"":1775871306015,""stop"":1775871306233},{""start"":1775871355998,""stop"":1775871356058},{""start"":1775871356598,""stop"":1775871356707}]}",0,"{""version"":1,""segments"":[]}",0,0,0,0,0,0,0,x,0,1,"- Only shot a few balls, intakes in neutral zone","- very good accuracy, can shoot while moving + intaking, pretty slow shooting, can only shoot one ball at a time
","- I ranked it 2nd
- ferries by pushing balls from neutral to alliance zone, didn't push that many though",220,189,189,red,0,0,None,None,None,0,None,None,None,0,0,0,0,0,None,0,0,60,189,129,0,0
2026pncmp_qm83,qm,1,83,frc3218,frc8051,frc1294,frc7034,frc9450,frc3218,frc1983,blue,Aubrey E,outpostWall5,0,0,0,4.572,"{""version"":1,""segments"":[{""start"":1775871274040,""stop"":1775871277515},{""start"":1775871278547,""stop"":1775871279644}]}",0.342,"{""version"":1,""segments"":[{""start"":1775871284289,""stop"":1775871284631}]}",Auto 1,1,0,6.476,"{""version"":1,""segments"":[{""start"":1775871328598,""stop"":1775871331574},{""start"":1775871340924,""stop"":1775871343044},{""start"":1775871351660,""stop"":1775871353040}]}",2.535,"{""version"":1,""segments"":[{""start"":1775871312749,""stop"":1775871315284}]}",0,"{""version"":1,""segments"":[]}",0,0,0,0,0,0,0,0,.5,2,got stuck on bump,played defense almost the whole time because the hopper broke early. defense only really did anything in the last part of the match,same as active,220,189,189,red,0,0,None,None,None,0,None,None,None,0,0,0,0,0,None,0,0,60,189,129,0,0
2026pncmp_qm83,qm,1,83,frc1983,frc8051,frc1294,frc7034,frc9450,frc3218,frc1983,blue,James H,depotWall1,0,0,0,2.217,"{""version"":1,""segments"":[{""start"":1775871270558,""stop"":1775871271255},{""start"":1775871277339,""stop"":1775871278572},{""start"":1775871288528,""stop"":1775871288815}]}",0.887,"{""version"":1,""segments"":[{""start"":1775871273796,""stop"":1775871274683}]}",Auto 3,0,0,5.469,"{""version"":1,""segments"":[{""start"":1775871300904,""stop"":1775871301257},{""start"":1775871320719,""stop"":1775871321035},{""start"":1775871350527,""stop"":1775871353818},{""start"":1775871385094,""stop"":1775871386147},{""start"":1775871399802,""stop"":1775871400258}]}",2.562,"{""version"":1,""segments"":[{""start"":1775871347062,""stop"":1775871347991},{""start"":1775871355339,""stop"":1775871356187},{""start"":1775871372326,""stop"":1775871373111}]}",0,"{""version"":1,""segments"":[]}",0,0,0,0,0,0,0,x,0,2,I missed auto,has a medium speed shooter that is efective, gathered fuel,220,189,189,red,0,0,None,None,None,0,None,None,None,0,0,0,0,0,None,0,0,60,189,129,0,0
2026pncmp_qm84,qm,1,84,frc1318,frc1318,frc957,frc4450,frc2976,frc9023,frc2471,red,Luke M,middle3,0,0,0,5.07,"{""version"":1,""segments"":[{""start"":1775871853128,""stop"":1775871858003},{""start"":1775871859542,""stop"":1775871859682},{""start"":1775871860436,""stop"":1775871860491}]}",0,"{""version"":1,""segments"":[]}",Other,0,0,7.089,"{""version"":1,""segments"":[{""start"":1775871886882,""stop"":1775871891397},{""start"":1775871904279,""stop"":1775871904485},{""start"":1775871942765,""stop"":1775871944907},{""start"":1775871946273,""stop"":1775871946499}]}",2.394,"{""version"":1,""segments"":[{""start"":1775871951146,""stop"":1775871953540}]}",3.653,"{""version"":1,""segments"":[{""start"":1775871913430,""stop"":1775871916074},{""start"":1775871922946,""stop"":1775871923955}]}",0,0,0,1,0,1,0,1,0,1,went over to group of balls on alliance side to intake and shot then didn't move,tried shooting for a little but ran into a tower and I think intake broke since they went to play defense,Ferried for a little but mostly played defense,304,304,427,blue,0,0,None,None,None,0,None,None,None,1,0,0,3,0,None,1,0,80,304,224,0,0
2026pncmp_qm84,qm,1,84,frc957,frc1318,frc957,frc4450,frc2976,frc9023,frc2471,red,Naman p,depotWall1,0,0,0,3.746,"{""version"":1,""segments"":[{""start"":1775871861329,""stop"":1775871863493},{""start"":1775871867893,""stop"":1775871869475}]}",0,"{""version"":1,""segments"":[]}",,0,0,20.294,"{""version"":1,""segments"":[{""start"":1775871894450,""stop"":1775871896120},{""start"":1775871897403,""stop"":1775871897821},{""start"":1775871899393,""stop"":1775871899672},{""start"":1775871905558,""stop"":1775871906663},{""start"":1775871907131,""stop"":1775871907602},{""start"":1775871910154,""stop"":1775871911944},{""start"":1775871939438,""stop"":1775871940416},{""start"":1775871941209,""stop"":1775871941662},{""start"":1775871942279,""stop"":1775871942514},{""start"":1775871943388,""stop"":1775871943613},{""start"":1775871944331,""stop"":1775871944625},{""start"":1775871945167,""stop"":1775871945412},{""start"":1775871949333,""stop"":1775871949770},{""start"":1775871950004,""stop"":1775871950347},{""start"":1775871950631,""stop"":1775871951010},{""start"":1775871951355,""stop"":1775871951848},{""start"":1775871952194,""stop"":1775871952397},{""start"":1775871957288,""stop"":1775871957493},{""start"":1775871957862,""stop"":1775871958085},{""start"":1775871960108,""stop"":1775871960353},{""start"":1775871960541,""stop"":1775871961040},{""start"":1775871961528,""stop"":1775871961691},{""start"":1775871988704,""stop"":1775871990858},{""start"":1775871992949,""stop"":1775871993883},{""start"":1775871994879,""stop"":1775871994995},{""start"":1775871999863,""stop"":1775872002986},{""start"":1775872008046,""stop"":1775872010434},{""start"":1775872017931,""stop"":1775872018157}]}",1.736,"{""version"":1,""segments"":[{""start"":1775871979139,""stop"":1775871980797},{""start"":1775871983477,""stop"":1775871983555}]}",0,"{""version"":1,""segments"":[]}",2.9000000000000012,0,0,0,0,0,0,x,.5,3,Decent auto with some fuel scored,rlly goodshooting,great ferrying,304,304,427,blue,0,0,None,None,None,0,None,None,None,1,0,0,3,0,None,1,0,80,304,224,0,0
2026pncmp_qm84,qm,1,84,frc4450,frc1318,frc957,frc4450,frc2976,frc9023,frc2471,red,Eve G,outpostWall5,0,0,0,2.281,"{""version"":1,""segments"":[{""start"":1775871862643,""stop"":1775871864924}]}",0,"{""version"":1,""segments"":[]}",Other,0,0,30.37,"{""version"":1,""segments"":[{""start"":1775871882798,""stop"":1775871887915},{""start"":1775871900481,""stop"":1775871901461},{""start"":1775871901959,""stop"":1775871902278},{""start"":1775871903221,""stop"":1775871907579},{""start"":1775871907890,""stop"":1775871918827},{""start"":1775871942340,""stop"":1775871945175},{""start"":1775872001772,""stop"":1775872007596}]}",0,"{""version"":1,""segments"":[]}",0,"{""version"":1,""segments"":[]}",0,0,0,0,0,0,0,x,-.5,1,,"misses a lot when being defended, was consistently being defensed and kept from going into their alliance zone. But when nit being defended they are a pretty good shoot",they filled their hopper.,304,304,427,blue,0,0,None,None,None,0,None,None,None,1,0,0,3,0,None,1,0,80,304,224,0,0
2026pncmp_qm84,qm,1,84,frc2976,frc1318,frc957,frc4450,frc2976,frc9023,frc2471,blue,Alyson W,middle3,0,0,0,0,"{""version"":1,""segments"":[]}",0,"{""version"":1,""segments"":[]}",Other,0,0,0.742,"{""version"":1,""segments"":[{""start"":1775871880909,""stop"":1775871881466},{""start"":1775871883537,""stop"":1775871883722}]}",0,"{""version"":1,""segments"":[]}",0,"{""version"":1,""segments"":[]}",0,0,0,1,1,1,1,1,0,2,moves slightly then doesn't move for rest of auto,"- I think it realized there was a problem with either its intake or shooter (or both) and switched to defense immediately
- very good defense, was able to block opp alliance robots from entering opp alliance zone by driving side to side at the trenches/bumps, successfully defended for a good amount of time 
- was able to prevent a bot from shooting by bumping into it
- I don't think they got any fouls while defending","I ranked it 2nd
- continued to play defense, tried to push balls into their alliance zone but not many",304,427,427,blue,0,0,None,None,None,0,None,None,None,1,45,0,0,0,None,5,1,89,427,293,0,0
2026pncmp_qm84,qm,1,84,frc9023,frc1318,frc957,frc4450,frc2976,frc9023,frc2471,blue,Aubrey E,outpostWall5,0,0,0,5.47,"{""version"":1,""segments"":[{""start"":1775871860451,""stop"":1775871864336},{""start"":1775871872832,""stop"":1775871874417}]}",0,"{""version"":1,""segments"":[]}",Auto 1,0,0,30.193,"{""version"":1,""segments"":[{""start"":1775871914187,""stop"":1775871920010},{""start"":1775871928526,""stop"":1775871931845},{""start"":1775871935521,""stop"":1775871937339},{""start"":1775871964551,""stop"":1775871964643},{""start"":1775871964746,""stop"":1775871969820},{""start"":1775871976372,""stop"":1775871977403},{""start"":1775871991258,""stop"":1775871999171},{""start"":1775872004845,""stop"":1775872008723},{""start"":1775872017149,""stop"":1775872018394}]}",5.358,"{""version"":1,""segments"":[{""start"":1775871945428,""stop"":1775871948024},{""start"":1775871953059,""stop"":1775871955821}]}",0,"{""version"":1,""segments"":[]}",0,0,0,0,0,0,0,x,.5,2,"went well, nothing of note",shooter was very accurate. responded to defense well,focused on ferrying which was helpful to team,304,427,427,blue,0,0,None,None,None,0,None,None,None,1,45,0,0,0,None,5,1,89,427,293,0,0
2026pncmp_qm84,qm,1,84,frc2471,frc1318,frc957,frc4450,frc2976,frc9023,frc2471,blue,James H,depotWall1,0,0,0,6.741,"{""version"":1,""segments"":[{""start"":1775871859884,""stop"":1775871861880},{""start"":1775871863811,""stop"":1775871864151},{""start"":1775871869104,""stop"":1775871873509}]}",0.831,"{""version"":1,""segments"":[{""start"":1775871857668,""stop"":1775871858499}]}",Auto 1,0,0,23.749,"{""version"":1,""segments"":[{""start"":1775871887442,""stop"":1775871888840},{""start"":1775871912545,""stop"":1775871914850},{""start"":1775871915239,""stop"":1775871916073},{""start"":1775871916960,""stop"":1775871918933},{""start"":1775871919908,""stop"":1775871920341},{""start"":1775871921738,""stop"":1775871922640},{""start"":1775871924246,""stop"":1775871924336},{""start"":1775871926233,""stop"":1775871928563},{""start"":1775871965658,""stop"":1775871967308},{""start"":1775871968641,""stop"":1775871970522},{""start"":1775871990770,""stop"":1775871991303},{""start"":1775871992200,""stop"":1775871993861},{""start"":1775871994771,""stop"":1775871999115},{""start"":1775871999231,""stop"":1775871999309},{""start"":1775872001638,""stop"":1775872002761},{""start"":1775872003322,""stop"":1775872003469},{""start"":1775872012122,""stop"":1775872013796},{""start"":1775872014492,""stop"":1775872014885}]}",14.056,"{""version"":1,""segments"":[{""start"":1775871893443,""stop"":1775871894205},{""start"":1775871895264,""stop"":1775871897351},{""start"":1775871897798,""stop"":1775871899047},{""start"":1775871902769,""stop"":1775871903783},{""start"":1775871940079,""stop"":1775871940370},{""start"":1775871941773,""stop"":1775871943360},{""start"":1775871943663,""stop"":1775871944783},{""start"":1775871945422,""stop"":1775871948287},{""start"":1775871948701,""stop"":1775871951782}]}",0,"{""version"":1,""segments"":[]}",0,0,0,0,0,0,1,0,1,3,has an effective auto that can get two hoppers of fuel into the hub,After collecting fuel it barely enters its alliance zone then shoots all its file into the hub,spends time ferrying,304,427,427,blue,0,0,None,None,None,0,None,None,None,1,45,0,0,0,None,5,1,89,427,293,0,0
2026pncmp_qm85,qm,1,85,frc2046,frc2046,frc997,frc2412,frc753,frc4131,frc8248,red,Luke M,depotWall1,0,0,0,5.772,"{""version"":1,""segments"":[{""start"":1775872320371,""stop"":1775872323216},{""start"":1775872330546,""stop"":1775872333473}]}",0,"{""version"":1,""segments"":[]}",,0,35.70000000000024,16.667,"{""version"":1,""segments"":[{""start"":1775872347486,""stop"":1775872348328},{""start"":1775872348973,""stop"":1775872349193},{""start"":1775872374716,""stop"":1775872378806},{""start"":1775872384831,""stop"":1775872387647},{""start"":1775872395651,""stop"":1775872398527},{""start"":1775872425190,""stop"":1775872428342},{""start"":1775872435126,""stop"":1775872437797}]}",4.692,"{""version"":1,""segments"":[{""start"":1775872361026,""stop"":1775872363022},{""start"":1775872408843,""stop"":1775872410744},{""start"":1775872419361,""stop"":1775872420156}]}",1.925,"{""version"":1,""segments"":[{""start"":1775872412578,""stop"":1775872414503}]}",0,0,0,0,0,0,0,x,1,3,shot very fast and did not impede teammates in any way,shot insanely fast and was able to score around teammates and other obstacles in endgame broke when driving over area that store fuel in alliance zone,ferried from both areas and also tried to play a little defense but didn't,349,349,287,red,0,0,None,None,None,0,None,None,None,1,0,0,1,1,None,4,0,93,349,256,0,0
2026pncmp_qm85,qm,1,85,frc997,frc2046,frc997,frc2412,frc753,frc4131,frc8248,red,Naman p,outpostWall5,0,0,0,0,"{""version"":1,""segments"":[]}",0,"{""version"":1,""segments"":[]}",Other,0,0,4.431,"{""version"":1,""segments"":[{""start"":1775872383820,""stop"":1775872384185},{""start"":1775872384499,""stop"":1775872384896},{""start"":1775872385311,""stop"":1775872385663},{""start"":1775872385922,""stop"":1775872386356},{""start"":1775872395004,""stop"":1775872396241},{""start"":1775872396797,""stop"":1775872397606},{""start"":1775872438340,""stop"":1775872438680},{""start"":1775872444286,""stop"":1775872444783}]}",0.366,"{""version"":1,""segments"":[{""start"":1775872365956,""stop"":1775872366322}]}",6.374,"{""version"":1,""segments"":[{""start"":1775872366559,""stop"":1775872367938},{""start"":1775872370181,""stop"":1775872372198},{""start"":1775872405302,""stop"":1775872406700},{""start"":1775872406985,""stop"":1775872407486},{""start"":1775872419145,""stop"":1775872420224}]}",0,0,0,0,0,1,0,0,.5,2,Meh,great at shooting very accurate but not that fast,great cross field ferry,349,349,287,red,0,0,None,None,None,0,None,None,None,1,0,0,1,1,None,4,0,93,349,256,0,0
2026pncmp_qm85,qm,1,85,frc2412,frc2046,frc997,frc2412,frc753,frc4131,frc8248,red,Eve g,outpostWall5,0,0,0,4.383,"{""version"":1,""segments"":[{""start"":1775872331720,""stop"":1775872336103}]}",0,"{""version"":1,""segments"":[]}",Other,0,0,8.178,"{""version"":1,""segments"":[{""start"":1775872387221,""stop"":1775872389307},{""start"":1775872435094,""stop"":1775872441027},{""start"":1775872502071,""stop"":1775872502230}]}",0,"{""version"":1,""segments"":[]}",0,"{""version"":1,""segments"":[]}",0,0,0,0,0,0,0,x,x,1,"confused shooter, first hopper full got shot as tower and second got shot at outpost, didn't get any in the hub","released fuel before is shot so it didn't have much to score, but good shot","Collected mostly, ",349,349,287,red,0,0,None,None,None,0,None,None,None,1,0,0,1,1,None,4,0,93,349,256,0,0
2026pncmp_qm85,qm,1,85,frc753,frc2046,frc997,frc2412,frc753,frc4131,frc8248,blue,Alyson W,depot2,0,0,0,2.79,"{""version"":1,""segments"":[{""start"":1775872328071,""stop"":1775872329804},{""start"":1775872331228,""stop"":1775872332285}]}",0,"{""version"":1,""segments"":[]}",Other,0,0,23.281,"{""version"":1,""segments"":[{""start"":1775872352037,""stop"":1775872355982},{""start"":1775872369126,""stop"":1775872371912},{""start"":1775872402420,""stop"":1775872407102},{""start"":1775872416080,""stop"":1775872418576},{""start"":1775872425273,""stop"":1775872426930},{""start"":1775872453627,""stop"":1775872456463},{""start"":1775872471215,""stop"":1775872473870},{""start"":1775872480674,""stop"":1775872482898}]}",0,"{""version"":1,""segments"":[]}",0,"{""version"":1,""segments"":[]}",0,0,0,0,0,0,0,x,-.5,1,"- intakes in neutral, shoots some balls, intakes again and then stops","- got in the way of teammate once on the bumps
- shoots multiple balls at once quickly, runs out of fuel often and has to reload 2-3 times every active shift
","- focuses on reloading fuel before pushing fuel to alliance zone for a little bit
- I ranked it 2nd, maybe 3rd I couldn't pay attention to the other robots too much",349,287,287,red,0,0,None,None,None,0,None,None,None,1,20,0,0,0,None,1,0,51,287,216,0,0
2026pncmp_qm85,qm,1,85,frc4131,frc2046,frc997,frc2412,frc753,frc4131,frc8248,blue,Aubrey E,middle3,0,0,0,0,"{""version"":1,""segments"":[]}",0,"{""version"":1,""segments"":[]}",Other,0,0,0,"{""version"":1,""segments"":[]}",0,"{""version"":1,""segments"":[]}",0,"{""version"":1,""segments"":[]}",0,0,0,0,0,1,1,.5,-.5,1,No auto,wandered around not really doing anything. occasionally pushed fuel to human players,at the very end played defense which worked well,349,287,287,red,0,0,None,None,None,0,None,None,None,1,20,0,0,0,None,1,0,51,287,216,0,0
2026pncmp_qm85,qm,1,85,frc8248,frc2046,frc997,frc2412,frc753,frc4131,frc8248,blue,,depotWall1,0,0,0,3.683,"{""version"":1,""segments"":[{""start"":1775872335067,""stop"":1775872335884},{""start"":1775872335907,""stop"":1775872335914},{""start"":1775872340582,""stop"":1775872343441}]}",0.739,"{""version"":1,""segments"":[{""start"":1775872334089,""stop"":1775872334828}]}",Auto 1,0,0,17.109,"{""version"":1,""segments"":[{""start"":1775872366919,""stop"":1775872368941},{""start"":1775872382390,""stop"":1775872383221},{""start"":1775872409468,""stop"":1775872415696},{""start"":1775872422873,""stop"":1775872424277},{""start"":1775872430258,""stop"":1775872432328},{""start"":1775872457822,""stop"":1775872457872},{""start"":1775872457992,""stop"":1775872460273},{""start"":1775872466726,""stop"":1775872467934},{""start"":1775872470978,""stop"":1775872471270},{""start"":1775872487267,""stop"":1775872487990}]}",8.003,"{""version"":1,""segments"":[{""start"":1775872387919,""stop"":1775872389869},{""start"":1775872396868,""stop"":1775872397162},{""start"":1775872399058,""stop"":1775872399126},{""start"":1775872399224,""stop"":1775872399315},{""start"":1775872441775,""stop"":1775872447375}]}",0,"{""version"":1,""segments"":[]}",0,0,0,0,0,0,0,x,.5,2,effective auto and scored a noticeably large number of points,medium to slow shooting and got bullied quite a bit.,ferried fuel effectively ,349,287,287,red,0,0,None,None,None,0,None,None,None,1,20,0,0,0,None,1,0,51,287,216,0,0
2026pncmp_qm86,qm,1,86,frc492,frc492,frc948,frc2926,frc4125,frc10079,frc2522,red,Luke M,depotWall1,1,0,0,2.654,"{""version"":1,""segments"":[{""start"":1775872910322,""stop"":1775872912827},{""start"":1775872913939,""stop"":1775872914018},{""start"":1775872914558,""stop"":1775872914628}]}",0,"{""version"":1,""segments"":[]}",Other,0,0,24.894,"{""version"":1,""segments"":[{""start"":1775872936242,""stop"":1775872936868},{""start"":1775872963218,""stop"":1775872968644},{""start"":1775872971378,""stop"":1775872974333},{""start"":1775872987003,""stop"":1775872987823},{""start"":1775873017448,""stop"":1775873018518},{""start"":1775873024685,""stop"":1775873027959},{""start"":1775873038786,""stop"":1775873039761},{""start"":1775873048620,""stop"":1775873057089},{""start"":1775873063683,""stop"":1775873064962}]}",7.682,"{""version"":1,""segments"":[{""start"":1775872942285,""stop"":1775872943082},{""start"":1775872943491,""stop"":1775872945270},{""start"":1775872945781,""stop"":1775872946857},{""start"":1775872947017,""stop"":1775872947548},{""start"":1775872948290,""stop"":1775872948702},{""start"":1775872949279,""stop"":1775872949759},{""start"":1775872991650,""stop"":1775872991710},{""start"":1775872992360,""stop"":1775872993340},{""start"":1775873003045,""stop"":1775873003215},{""start"":1775873003344,""stop"":1775873004124},{""start"":1775873004736,""stop"":1775873005353}]}",2.074,"{""version"":1,""segments"":[{""start"":1775872994795,""stop"":1775872996561},{""start"":1775873002466,""stop"":1775873002774}]}",0,0,0,0,0,0,0,x,0,2,ran into teammate in auto so that messed them up and they ran into wall,scored fairly effectively but missed a few when not lined up,tried to shuffle fuel to their side and mainly moved fuel with shooter also got teammate unstuck,311,311,276,red,0,0,None,None,None,0,None,None,None,1,15,0,0,2,None,4,0,81,311,215,0,0
2026pncmp_qm86,qm,1,86,frc948,frc492,frc948,frc2926,frc4125,frc10079,frc2522,red,Naman p,outpost4,0,0,0,2.42,"{""version"":1,""segments"":[{""start"":1775872919378,""stop"":1775872920022},{""start"":1775872920770,""stop"":1775872920887},{""start"":1775872921524,""stop"":1775872921614},{""start"":1775872928875,""stop"":1775872929979},{""start"":1775872930448,""stop"":1775872930619},{""start"":1775872931038,""stop"":1775872931332}]}",0,"{""version"":1,""segments"":[]}",,0,0,5.33,"{""version"":1,""segments"":[{""start"":1775872944744,""stop"":1775872945630},{""start"":1775872970224,""stop"":1775872970650},{""start"":1775872982403,""stop"":1775872982968},{""start"":1775872994282,""stop"":1775872995033},{""start"":1775873029419,""stop"":1775873030964},{""start"":1775873074204,""stop"":1775873074988},{""start"":1775873075694,""stop"":1775873076067}]}",0,"{""version"":1,""segments"":[]}",0,"{""version"":1,""segments"":[]}",4.5,0,0,0,0,0,0,x,0,2,Decent auto,pretty fast shooting,regurgitation of fuel,311,311,276,red,0,0,None,None,None,0,None,None,None,1,15,0,0,2,None,4,0,81,311,215,0,0
2026pncmp_qm86,qm,1,86,frc2926,frc492,frc948,frc2926,frc4125,frc10079,frc2522,red,,middle3,0,0,0,5.902,"{""version"":1,""segments"":[{""start"":1775872919981,""stop"":1775872924006},{""start"":1775872928372,""stop"":1775872930249}]}",0,"{""version"":1,""segments"":[]}",Auto 1,0,0,1.558,"{""version"":1,""segments"":[{""start"":1775873075582,""stop"":1775873077140}]}",0.07,"{""version"":1,""segments"":[{""start"":1775873031295,""stop"":1775873031365}]}",4.746,"{""version"":1,""segments"":[{""start"":1775872980405,""stop"":1775872980573},{""start"":1775872980803,""stop"":1775872981106},{""start"":1775872992646,""stop"":1775872996241},{""start"":1775873032078,""stop"":1775873032279},{""start"":1775873032390,""stop"":1775873032869}]}",0,0,0,0,0,1,0,-.5,x,1,collected from the same spot twice so second hopper full didn't have much fuel,"not great shot when shooting but mostly played defense in other alliance zone and stole fuel, not the best defense ",played meh defense it wasn't super effective but I wasn't bad,311,311,276,red,0,0,None,None,None,0,None,None,None,1,15,0,0,2,None,4,0,81,311,215,0,0
2026pncmp_qm86,qm,1,86,frc4125,frc492,frc948,frc2926,frc4125,frc10079,frc2522,blue,Alyson W,outpostWall5,0,0,0,3.072,"{""version"":1,""segments"":[{""start"":1775872912381,""stop"":1775872915453}]}",0,"{""version"":1,""segments"":[]}",Other,0,0,0,"{""version"":1,""segments"":[]}",0.766,"{""version"":1,""segments"":[{""start"":1775872944434,""stop"":1775872945200}]}",0.799,"{""version"":1,""segments"":[{""start"":1775872960970,""stop"":1775872961769}]}",0,0,0,0,0,1,1,1,.5,1,"intakes at outpost, shoots once, doesn't move rest of time","- did not shoot, started playing good defense in opp alliance zone, they were able to stop two robots from scoring by bumping into them when they were near the hub
- I don't think they got any fouls","- i ranked it 2nd
- continued playing good defense, ferried like 2 balls with their shooter",311,276,276,red,0,0,None,None,None,0,None,None,None,1,10,0,1,0,None,1,0,62,276,204,0,0
2026pncmp_qm86,qm,1,86,frc10079,frc492,frc948,frc2926,frc4125,frc10079,frc2522,blue,Aubrey E,middle3,0,0,0,3.483,"{""version"":1,""segments"":[{""start"":1775872914425,""stop"":1775872916062},{""start"":1775872924706,""stop"":1775872926552}]}",0,"{""version"":1,""segments"":[]}",Other,0,0,22.888,"{""version"":1,""segments"":[{""start"":1775872962670,""stop"":1775872965885},{""start"":1775872971072,""stop"":1775872972201},{""start"":1775872997276,""stop"":1775873001864},{""start"":1775873008976,""stop"":1775873011854},{""start"":1775873017473,""stop"":1775873018809},{""start"":1775873049948,""stop"":1775873050238},{""start"":1775873050591,""stop"":1775873053942},{""start"":1775873061853,""stop"":1775873064380},{""start"":1775873070754,""stop"":1775873074328}]}",2.384,"{""version"":1,""segments"":[{""start"":1775873028133,""stop"":1775873029461},{""start"":1775873031106,""stop"":1775873032162}]}",0,"{""version"":1,""segments"":[]}",0,0,0,0,0,0,0,x,0,2,"went well, but slow",shooter was fairly accurate,intook and occasionally ferried by pushing,311,276,276,red,0,0,None,None,None,0,None,None,None,1,10,0,1,0,None,1,0,62,276,204,0,0
2026pncmp_qm86,qm,1,86,frc2522,frc492,frc948,frc2926,frc4125,frc10079,frc2522,blue,James H,depotWall1,0,0,0,9.205,"{""version"":1,""segments"":[{""start"":1775872917368,""stop"":1775872921087},{""start"":1775872926910,""stop"":1775872932396}]}",1.322,"{""version"":1,""segments"":[{""start"":1775872914577,""stop"":1775872915899}]}",Other,0,0,56.234,"{""version"":1,""segments"":[{""start"":1775872951255,""stop"":1775872958926},{""start"":1775872959813,""stop"":1775872960198},{""start"":1775872961326,""stop"":1775872966736},{""start"":1775872967442,""stop"":1775872967810},{""start"":1775872968306,""stop"":1775872969145},{""start"":1775872995622,""stop"":1775873003265},{""start"":1775873004023,""stop"":1775873005590},{""start"":1775873006155,""stop"":1775873006573},{""start"":1775873008210,""stop"":1775873013226},{""start"":1775873013628,""stop"":1775873016937},{""start"":1775873017576,""stop"":1775873019049},{""start"":1775873046564,""stop"":1775873053793},{""start"":1775873054235,""stop"":1775873059580},{""start"":1775873064542,""stop"":1775873073668},{""start"":1775873076095,""stop"":1775873076530}]}",9.628,"{""version"":1,""segments"":[{""start"":1775872944767,""stop"":1775872945886},{""start"":1775872946322,""stop"":1775872948412},{""start"":1775872982421,""stop"":1775872984268},{""start"":1775872991630,""stop"":1775872993365},{""start"":1775873023827,""stop"":1775873024658},{""start"":1775873026277,""stop"":1775873028283}]}",4.429,"{""version"":1,""segments"":[{""start"":1775872974377,""stop"":1775872974920},{""start"":1775872977327,""stop"":1775872980432},{""start"":1775872989222,""stop"":1775872989295},{""start"":1775872989667,""stop"":1775872990375}]}",0,0,0,0,0,0,0,-.5,1,3,very good auto with a lot of points scored,slow to mid speed shooter but pretty accurate turret with the ability to move and shoot at the same time.,effective at ferrying,311,276,276,red,0,0,None,None,None,0,None,None,None,1,10,0,1,0,None,1,0,62,276,204,0,0
2026pncmp_qm87,qm,1,87,frc8896,frc8896,frc2910,frc10991,frc1425,frc5468,frc360,red,,,,,,,,,,,,,,,,,,,,,,,,,,,,,,,,389,389,665,blue,0,0,None,None,None,0,None,None,None,1,0,0,0,0,None,2,1,55,389,334,0,0
2026pncmp_qm87,qm,1,87,frc2910,frc8896,frc2910,frc10991,frc1425,frc5468,frc360,red,Naman p,depotWall1,0,0,0,2.952,"{""version"":1,""segments"":[{""start"":1775873377858,""stop"":1775873378904},{""start"":1775873382255,""stop"":1775873382981},{""start"":1775873383774,""stop"":1775873384115},{""start"":1775873387533,""stop"":1775873388372}]}",0,"{""version"":1,""segments"":[]}",,0,0,8.029,"{""version"":1,""segments"":[{""start"":1775873411944,""stop"":1775873413239},{""start"":1775873415603,""stop"":1775873416181},{""start"":1775873424092,""stop"":1775873424687},{""start"":1775873425862,""stop"":1775873425941},{""start"":1775873427523,""stop"":1775873427721},{""start"":1775873452646,""stop"":1775873453570},{""start"":1775873454358,""stop"":1775873454866},{""start"":1775873468264,""stop"":1775873468820},{""start"":1775873469147,""stop"":1775873469649},{""start"":1775873504475,""stop"":1775873505512},{""start"":1775873506128,""stop"":1775873506539},{""start"":1775873521912,""stop"":1775873522638},{""start"":1775873523137,""stop"":1775873523757}]}",1.782,"{""version"":1,""segments"":[{""start"":1775873445802,""stop"":1775873446160},{""start"":1775873446839,""stop"":1775873447328},{""start"":1775873491479,""stop"":1775873492414}]}",0,"{""version"":1,""segments"":[]}",0,0,0,0,0,0,0,x,1,3,Phenomenal,phenomenal,Phenomenal,389,389,665,blue,0,0,None,None,None,0,None,None,None,1,0,0,0,0,None,2,1,55,389,334,0,0
2026pncmp_qm87,qm,1,87,frc10991,frc8896,frc2910,frc10991,frc1425,frc5468,frc360,red,eve g,outpostWall5,0,0,0,0,"{""version"":1,""segments"":[]}",0,"{""version"":1,""segments"":[]}",Other,0,65.60000000000055,2.608,"{""version"":1,""segments"":[{""start"":1775873408078,""stop"":1775873410369},{""start"":1775873419923,""stop"":1775873420240}]}",0,"{""version"":1,""segments"":[]}",0,"{""version"":1,""segments"":[]}",0,0,0,0,0,0,0,x,x,1,I got distracted ,"just stopped moving partway through the match,",,389,389,665,blue,0,0,None,None,None,0,None,None,None,1,0,0,0,0,None,2,1,55,389,334,0,0
2026pncmp_qm87,qm,1,87,frc1425,frc8896,frc2910,frc10991,frc1425,frc5468,frc360,blue,Alyson W,depotWall1,0,0,0,7.894,"{""version"":1,""segments"":[{""start"":1775873370978,""stop"":1775873374843},{""start"":1775873382386,""stop"":1775873386415}]}",0,"{""version"":1,""segments"":[]}",Auto 1,0,0,33.645,"{""version"":1,""segments"":[{""start"":1775873397646,""stop"":1775873398045},{""start"":1775873398773,""stop"":1775873399951},{""start"":1775873422990,""stop"":1775873428302},{""start"":1775873430781,""stop"":1775873433875},{""start"":1775873441030,""stop"":1775873441407},{""start"":1775873443009,""stop"":1775873447522},{""start"":1775873449589,""stop"":1775873449748},{""start"":1775873475220,""stop"":1775873481163},{""start"":1775873493821,""stop"":1775873499763},{""start"":1775873510773,""stop"":1775873515428},{""start"":1775873527827,""stop"":1775873529900}]}",4.043,"{""version"":1,""segments"":[{""start"":1775873407650,""stop"":1775873411022},{""start"":1775873413616,""stop"":1775873414287}]}",0,"{""version"":1,""segments"":[]}",0,0,0,0,0,0,0,x,1,3,"- good auto, was able to shoot lots of balls both times","- shoots fast, around two balls at a time, good accuracy
- did not bump into anything","- I ranked us 3rd, we're just so goated",389,665,665,blue,0,0,None,None,None,10,None,Level1,None,1,0,0,0,0,None,5,1,116,665,549,10,0
2026pncmp_qm87,qm,1,87,frc5468,frc8896,frc2910,frc10991,frc1425,frc5468,frc360,blue,,,,,,,,,,,,,,,,,,,,,,,,,,,,,,,,389,665,665,blue,0,0,None,None,None,10,None,Level1,None,1,0,0,0,0,None,5,1,116,665,549,10,0
2026pncmp_qm87,qm,1,87,frc360,frc8896,frc2910,frc10991,frc1425,frc5468,frc360,blue,James H,depotWall1,0,0,0,1.159,"{""version"":1,""segments"":[{""start"":1775873388194,""stop"":1775873389353}]}",0,"{""version"":1,""segments"":[]}",Auto 1,0,0,31.565,"{""version"":1,""segments"":[{""start"":1775873401481,""stop"":1775873404460},{""start"":1775873429512,""stop"":1775873429701},{""start"":1775873431249,""stop"":1775873434880},{""start"":1775873446854,""stop"":1775873451767},{""start"":1775873480423,""stop"":1775873485343},{""start"":1775873486100,""stop"":1775873486292},{""start"":1775873492502,""stop"":1775873497332},{""start"":1775873504090,""stop"":1775873506655},{""start"":1775873519736,""stop"":1775873524375},{""start"":1775873527292,""stop"":1775873527617},{""start"":1775873528519,""stop"":1775873529725},{""start"":1775873533969,""stop"":1775873535145}]}",3.896,"{""version"":1,""segments"":[{""start"":1775873411162,""stop"":1775873413266},{""start"":1775873467749,""stop"":1775873469541}]}",0,"{""version"":1,""segments"":[]}",0,0,0,0,0,0,0,x,.5,2,mid auto it doesn't Finnish its path,decently fast shooter ,can intake quickly,389,665,665,blue,0,0,None,None,None,10,None,Level1,None,1,0,0,0,0,None,5,1,116,665,549,10,0
2026pncmp_qm88,qm,1,88,frc4512,frc4512,frc8051,frc2374,frc955,frc3218,frc2811,red,,,,,,,,,,,,,,,,,,,,,,,,,,,,,,,,-1,-1,-1,,,,,,,,,,,,,,,,,,,,,,,
2026pncmp_qm88,qm,1,88,frc8051,frc4512,frc8051,frc2374,frc955,frc3218,frc2811,red,,,,,,,,,,,,,,,,,,,,,,,,,,,,,,,,-1,-1,-1,,,,,,,,,,,,,,,,,,,,,,,
2026pncmp_qm88,qm,1,88,frc2374,frc4512,frc8051,frc2374,frc955,frc3218,frc2811,red,,depotWall1,0,0,0,0,"{""version"":1,""segments"":[]}",0,"{""version"":1,""segments"":[]}",,0,0,0,"{""version"":1,""segments"":[]}",0,"{""version"":1,""segments"":[]}",0,"{""version"":1,""segments"":[]}",0,0,0,0,0,0,0,x,x,1,,,,-1,-1,-1,,,,,,,,,,,,,,,,,,,,,,,
2026pncmp_qm88,qm,1,88,frc955,frc4512,frc8051,frc2374,frc955,frc3218,frc2811,blue,,depotWall1,0,0,0,0,"{""version"":1,""segments"":[]}",0,"{""version"":1,""segments"":[]}",,0,0,0,"{""version"":1,""segments"":[]}",0,"{""version"":1,""segments"":[]}",0,"{""version"":1,""segments"":[]}",0,0,0,0,0,0,0,x,x,1,,,,-1,-1,-1,,,,,,,,,,,,,,,,,,,,,,,
2026pncmp_qm88,qm,1,88,frc3218,frc4512,frc8051,frc2374,frc955,frc3218,frc2811,blue,,,,,,,,,,,,,,,,,,,,,,,,,,,,,,,,-1,-1,-1,,,,,,,,,,,,,,,,,,,,,,,
2026pncmp_qm88,qm,1,88,frc2811,frc4512,frc8051,frc2374,frc955,frc3218,frc2811,blue,,,,,,,,,,,,,,,,,,,,,,,,,,,,,,,,-1,-1,-1,,,,,,,,,,,,,,,,,,,,,,,
2026pncmp_qm89,qm,1,89,frc488,frc488,frc3663,frc10416,frc9430,frc2976,frc4469,red,,,,,,,,,,,,,,,,,,,,,,,,,,,,,,,,-1,-1,-1,,,,,,,,,,,,,,,,,,,,,,,
2026pncmp_qm89,qm,1,89,frc3663,frc488,frc3663,frc10416,frc9430,frc2976,frc4469,red,,,,,,,,,,,,,,,,,,,,,,,,,,,,,,,,-1,-1,-1,,,,,,,,,,,,,,,,,,,,,,,
2026pncmp_qm89,qm,1,89,frc10416,frc488,frc3663,frc10416,frc9430,frc2976,frc4469,red,,,,,,,,,,,,,,,,,,,,,,,,,,,,,,,,-1,-1,-1,,,,,,,,,,,,,,,,,,,,,,,
2026pncmp_qm89,qm,1,89,frc9430,frc488,frc3663,frc10416,frc9430,frc2976,frc4469,blue,,,,,,,,,,,,,,,,,,,,,,,,,,,,,,,,-1,-1,-1,,,,,,,,,,,,,,,,,,,,,,,
2026pncmp_qm89,qm,1,89,frc2976,frc488,frc3663,frc10416,frc9430,frc2976,frc4469,blue,,,,,,,,,,,,,,,,,,,,,,,,,,,,,,,,-1,-1,-1,,,,,,,,,,,,,,,,,,,,,,,
2026pncmp_qm89,qm,1,89,frc4469,frc488,frc3663,frc10416,frc9430,frc2976,frc4469,blue,,,,,,,,,,,,,,,,,,,,,,,,,,,,,,,,-1,-1,-1,,,,,,,,,,,,,,,,,,,,,,,
2026pncmp_qm9,qm,1,9,frc2471,frc2471,frc5937,frc3674,frc8248,frc9023,frc6696,red,naman p,depotWall1,0,0,0,7.962,"{""version"":1,""segments"":[{""start"":1775771674771,""stop"":1775771678298},{""start"":1775771683832,""stop"":1775771688267}]}",0,"{""version"":1,""segments"":[]}",Auto 1,0,0,41.549,"{""version"":1,""segments"":[{""start"":1775771703431,""stop"":1775771704126},{""start"":1775771704806,""stop"":1775771705007},{""start"":1775771728906,""stop"":1775771738795},{""start"":1775771739214,""stop"":1775771740023},{""start"":1775771740881,""stop"":1775771741870},{""start"":1775771743466,""stop"":1775771743583},{""start"":1775771744073,""stop"":1775771745661},{""start"":1775771745951,""stop"":1775771748619},{""start"":1775771749008,""stop"":1775771749447},{""start"":1775771786462,""stop"":1775771791648},{""start"":1775771793541,""stop"":1775771797492},{""start"":1775771797713,""stop"":1775771798237},{""start"":1775771798499,""stop"":1775771799116},{""start"":1775771815263,""stop"":1775771824126},{""start"":1775771824648,""stop"":1775771826150},{""start"":1775771828991,""stop"":1775771830437},{""start"":1775771831361,""stop"":1775771833197},{""start"":1775771833727,""stop"":1775771833956}]}",19.778,"{""version"":1,""segments"":[{""start"":1775771710198,""stop"":1775771710965},{""start"":1775771711157,""stop"":1775771711973},{""start"":1775771712045,""stop"":1775771715441},{""start"":1775771715821,""stop"":1775771719796},{""start"":1775771755802,""stop"":1775771763220},{""start"":1775771764317,""stop"":1775771764964},{""start"":1775771765496,""stop"":1775771767411},{""start"":1775771768233,""stop"":1775771768890},{""start"":1775771786093,""stop"":1775771786280}]}",0,"{""version"":1,""segments"":[]}",0,0,0,0,0,0,0,x,x,1,pretty decent auto with many fuel and went for third cycle but never completed last cycle,they were great at both ferrying and shooting,ferry soammer,492,492,322,red,0,15,None,None,Level1,0,None,None,None,1,0,0,0,1,None,5,1,142,492,350,15,0
2026pncmp_qm9,qm,1,9,frc5937,frc2471,frc5937,frc3674,frc8248,frc9023,frc6696,red,,outpostWall5,0,0,0,0,"{""version"":1,""segments"":[]}",0,"{""version"":1,""segments"":[]}",Auto 1,0,0,24.062,"{""version"":1,""segments"":[{""start"":1775771734631,""stop"":1775771737266},{""start"":1775771738080,""stop"":1775771740524},{""start"":1775771744554,""stop"":1775771745079},{""start"":1775771745824,""stop"":1775771746512},{""start"":1775771747877,""stop"":1775771748903},{""start"":1775771758631,""stop"":1775771760005},{""start"":1775771780520,""stop"":1775771780578},{""start"":1775771786782,""stop"":1775771788017},{""start"":1775771789613,""stop"":1775771791007},{""start"":1775771791315,""stop"":1775771792455},{""start"":1775771794170,""stop"":1775771796204},{""start"":1775771797131,""stop"":1775771799606},{""start"":1775771803952,""stop"":1775771805317},{""start"":1775771808181,""stop"":1775771809447},{""start"":1775771810234,""stop"":1775771810492},{""start"":1775771810957,""stop"":1775771811072},{""start"":1775771815142,""stop"":1775771816024},{""start"":1775771816384,""stop"":1775771816597},{""start"":1775771818059,""stop"":1775771818104},{""start"":1775771820170,""stop"":1775771820245},{""start"":1775771820814,""stop"":1775771820855},{""start"":1775771821036,""stop"":1775771821074},{""start"":1775771821552,""stop"":1775771821646},{""start"":1775771823418,""stop"":1775771823554},{""start"":1775771824002,""stop"":1775771824204},{""start"":1775771826918,""stop"":1775771827195},{""start"":1775771830834,""stop"":1775771831311},{""start"":1775771833436,""stop"":1775771833944},{""start"":1775771835950,""stop"":1775771836475},{""start"":1775771838381,""stop"":1775771838617},{""start"":1775771839025,""stop"":1775771839205},{""start"":1775771839763,""stop"":1775771839864}]}",1.106,"{""version"":1,""segments"":[{""start"":1775771841789,""stop"":1775771842895}]}",0,"{""version"":1,""segments"":[]}",0,0,0,0,0,0,0,x,.5,2,They had a very fast intake,their shooter is slow and not the most accurate but it wouldn't be the slowest,filled its hopper quickly between active shifts,492,492,322,red,0,15,None,None,Level1,0,None,None,None,1,0,0,0,1,None,5,1,142,492,350,15,0
2026pncmp_qm9,qm,1,9,frc3674,frc2471,frc5937,frc3674,frc8248,frc9023,frc6696,red,Adam M,middle3,0,15,1,4.125,"{""version"":1,""segments"":[{""start"":1775771678613,""stop"":1775771679121},{""start"":1775771679539,""stop"":1775771679841},{""start"":1775771688269,""stop"":1775771691584}]}",0,"{""version"":1,""segments"":[]}",,0,0,17.254,"{""version"":1,""segments"":[{""start"":1775771709551,""stop"":1775771711452},{""start"":1775771730564,""stop"":1775771732204},{""start"":1775771734452,""stop"":1775771736269},{""start"":1775771738041,""stop"":1775771738243},{""start"":1775771738460,""stop"":1775771738530},{""start"":1775771738641,""stop"":1775771738729},{""start"":1775771738840,""stop"":1775771738887},{""start"":1775771739001,""stop"":1775771739069},{""start"":1775771739201,""stop"":1775771739250},{""start"":1775771740073,""stop"":1775771740262},{""start"":1775771740540,""stop"":1775771740856},{""start"":1775771743411,""stop"":1775771744120},{""start"":1775771749413,""stop"":1775771753319},{""start"":1775771786984,""stop"":1775771789991},{""start"":1775771796914,""stop"":1775771800159}]}",2.701,"{""version"":1,""segments"":[{""start"":1775771722002,""stop"":1775771723590},{""start"":1775771776688,""stop"":1775771776723},{""start"":1775771776788,""stop"":1775771777866}]}",0,"{""version"":1,""segments"":[]}",0,0,0,0,0,0,0,x,.5,3,"Great auto, fetched from depot, climbed on the right side relative to the hub. ","Good shooting, used most of the fuel in the alliance zone",ferry's right at the trench and drops the fuel off there.,492,492,322,red,0,15,None,None,Level1,0,None,None,None,1,0,0,0,1,None,5,1,142,492,350,15,0
2026pncmp_qm9,qm,1,9,frc8248,frc2471,frc5937,frc3674,frc8248,frc9023,frc6696,blue,Annalee M,depot2,0,0,0,3.256,"{""version"":1,""segments"":[{""start"":1775771679204,""stop"":1775771682460}]}",0,"{""version"":1,""segments"":[]}",,0,0,25.873,"{""version"":1,""segments"":[{""start"":1775771715889,""stop"":1775771718364},{""start"":1775771719580,""stop"":1775771719765},{""start"":1775771720805,""stop"":1775771721184},{""start"":1775771721484,""stop"":1775771721923},{""start"":1775771722116,""stop"":1775771722346},{""start"":1775771760182,""stop"":1775771766924},{""start"":1775771767273,""stop"":1775771767454},{""start"":1775771772150,""stop"":1775771775994},{""start"":1775771791147,""stop"":1775771791339},{""start"":1775771811111,""stop"":1775771812448},{""start"":1775771813156,""stop"":1775771815556},{""start"":1775771818484,""stop"":1775771819661},{""start"":1775771819833,""stop"":1775771821788},{""start"":1775771827815,""stop"":1775771832152}]}",12.367,"{""version"":1,""segments"":[{""start"":1775771745556,""stop"":1775771751617},{""start"":1775771792247,""stop"":1775771794353},{""start"":1775771795715,""stop"":1775771797572},{""start"":1775771798018,""stop"":1775771798038},{""start"":1775771798466,""stop"":1775771800513},{""start"":1775771805515,""stop"":1775771805791}]}",0,"{""version"":1,""segments"":[]}",0,0,0,0,0,0,0,x,.5,3,they only shot once then stopped completely ,they can shoot accurately and have a big hub for storage,they can shoot into their alliance zone very well its just super high and inconsistent ,492,322,322,red,0,0,None,None,None,0,None,None,None,1,5,0,0,0,None,1,0,51,322,266,0,0
2026pncmp_qm9,qm,1,9,frc9023,frc2471,frc5937,frc3674,frc8248,frc9023,frc6696,blue,,outpostWall5,0,0,0,0,"{""version"":1,""segments"":[]}",0,"{""version"":1,""segments"":[]}",Other,0,0,11.335,"{""version"":1,""segments"":[{""start"":1775771715627,""stop"":1775771718405},{""start"":1775771725755,""stop"":1775771728310},{""start"":1775771761054,""stop"":1775771767056}]}",4.554,"{""version"":1,""segments"":[{""start"":1775771742532,""stop"":1775771743916},{""start"":1775771746501,""stop"":1775771748445},{""start"":1775771749978,""stop"":1775771751204}]}",1.734,"{""version"":1,""segments"":[{""start"":1775771744512,""stop"":1775771746246}]}",0,0,0,1,0,1,1,.5,.5,2,collected fuel but then shooter couldnt aim so it didnt shoot at all. ,fixed the shooters aim for a little bit but then it broke again so they switched to defense. while it was working they shot quickly and accurately for about 3 cycles. ,While the shooter was working the ferried about 4 cycles but then it broke again and they switched to defense. ,492,322,322,red,0,0,None,None,None,0,None,None,None,1,5,0,0,0,None,1,0,51,322,266,0,0
2026pncmp_qm9,qm,1,9,frc6696,frc2471,frc5937,frc3674,frc8248,frc9023,frc6696,blue,Eryn M,depotWall1,1,0,0,5.607,"{""version"":1,""segments"":[{""start"":1775771680960,""stop"":1775771682670},{""start"":1775771684586,""stop"":1775771685811},{""start"":1775771689942,""stop"":1775771692614}]}",0,"{""version"":1,""segments"":[]}",,0,0,45.116,"{""version"":1,""segments"":[{""start"":1775771715341,""stop"":1775771727723},{""start"":1775771728376,""stop"":1775771733573},{""start"":1775771769713,""stop"":1775771776008},{""start"":1775771811677,""stop"":1775771815312},{""start"":1775771817015,""stop"":1775771832216},{""start"":1775771832731,""stop"":1775771833361},{""start"":1775771835286,""stop"":1775771836694},{""start"":1775771837550,""stop"":1775771837918}]}",17.714,"{""version"":1,""segments"":[{""start"":1775771706830,""stop"":1775771710271},{""start"":1775771746720,""stop"":1775771750706},{""start"":1775771759707,""stop"":1775771768895},{""start"":1775771785747,""stop"":1775771785780},{""start"":1775771807202,""stop"":1775771808268}]}",4.946,"{""version"":1,""segments"":[{""start"":1775771741133,""stop"":1775771746079}]}",0,0,0,0,0,0,0,x,x,1,Does 2 sets of shooting and collecting from neutral ,"shoots while moving (and collecting) along the back wall almost all shift, ",ferries while moving from both opposing side and neutral,492,322,322,red,0,0,None,None,None,0,None,None,None,1,5,0,0,0,None,1,0,51,322,266,0,0
2026pncmp_qm90,qm,1,90,frc1595,frc1595,frc3674,frc4915,frc5937,frc4061,frc7034,red,,,,,,,,,,,,,,,,,,,,,,,,,,,,,,,,-1,-1,-1,,,,,,,,,,,,,,,,,,,,,,,
2026pncmp_qm90,qm,1,90,frc3674,frc1595,frc3674,frc4915,frc5937,frc4061,frc7034,red,,,,,,,,,,,,,,,,,,,,,,,,,,,,,,,,-1,-1,-1,,,,,,,,,,,,,,,,,,,,,,,
2026pncmp_qm90,qm,1,90,frc4915,frc1595,frc3674,frc4915,frc5937,frc4061,frc7034,red,,,,,,,,,,,,,,,,,,,,,,,,,,,,,,,,-1,-1,-1,,,,,,,,,,,,,,,,,,,,,,,
2026pncmp_qm90,qm,1,90,frc5937,frc1595,frc3674,frc4915,frc5937,frc4061,frc7034,blue,,,,,,,,,,,,,,,,,,,,,,,,,,,,,,,,-1,-1,-1,,,,,,,,,,,,,,,,,,,,,,,
2026pncmp_qm90,qm,1,90,frc4061,frc1595,frc3674,frc4915,frc5937,frc4061,frc7034,blue,,,,,,,,,,,,,,,,,,,,,,,,,,,,,,,,-1,-1,-1,,,,,,,,,,,,,,,,,,,,,,,
2026pncmp_qm90,qm,1,90,frc7034,frc1595,frc3674,frc4915,frc5937,frc4061,frc7034,blue,,,,,,,,,,,,,,,,,,,,,,,,,,,,,,,,-1,-1,-1,,,,,,,,,,,,,,,,,,,,,,,
2026pncmp_qm91,qm,1,91,frc1294,frc1294,frc9450,frc6696,frc1318,frc1540,frc4089,red,,,,,,,,,,,,,,,,,,,,,,,,,,,,,,,,-1,-1,-1,,,,,,,,,,,,,,,,,,,,,,,
2026pncmp_qm91,qm,1,91,frc9450,frc1294,frc9450,frc6696,frc1318,frc1540,frc4089,red,,,,,,,,,,,,,,,,,,,,,,,,,,,,,,,,-1,-1,-1,,,,,,,,,,,,,,,,,,,,,,,
2026pncmp_qm91,qm,1,91,frc6696,frc1294,frc9450,frc6696,frc1318,frc1540,frc4089,red,,,,,,,,,,,,,,,,,,,,,,,,,,,,,,,,-1,-1,-1,,,,,,,,,,,,,,,,,,,,,,,
2026pncmp_qm91,qm,1,91,frc1318,frc1294,frc9450,frc6696,frc1318,frc1540,frc4089,blue,,,,,,,,,,,,,,,,,,,,,,,,,,,,,,,,-1,-1,-1,,,,,,,,,,,,,,,,,,,,,,,
2026pncmp_qm91,qm,1,91,frc1540,frc1294,frc9450,frc6696,frc1318,frc1540,frc4089,blue,,,,,,,,,,,,,,,,,,,,,,,,,,,,,,,,-1,-1,-1,,,,,,,,,,,,,,,,,,,,,,,
2026pncmp_qm91,qm,1,91,frc4089,frc1294,frc9450,frc6696,frc1318,frc1540,frc4089,blue,,,,,,,,,,,,,,,,,,,,,,,,,,,,,,,,-1,-1,-1,,,,,,,,,,,,,,,,,,,,,,,
2026pncmp_qm92,qm,1,92,frc1778,frc1778,frc4488,frc360,frc2521,frc1983,frc2046,red,,,,,,,,,,,,,,,,,,,,,,,,,,,,,,,,-1,-1,-1,,,,,,,,,,,,,,,,,,,,,,,
2026pncmp_qm92,qm,1,92,frc4488,frc1778,frc4488,frc360,frc2521,frc1983,frc2046,red,,,,,,,,,,,,,,,,,,,,,,,,,,,,,,,,-1,-1,-1,,,,,,,,,,,,,,,,,,,,,,,
2026pncmp_qm92,qm,1,92,frc360,frc1778,frc4488,frc360,frc2521,frc1983,frc2046,red,,,,,,,,,,,,,,,,,,,,,,,,,,,,,,,,-1,-1,-1,,,,,,,,,,,,,,,,,,,,,,,
2026pncmp_qm92,qm,1,92,frc2521,frc1778,frc4488,frc360,frc2521,frc1983,frc2046,blue,,,,,,,,,,,,,,,,,,,,,,,,,,,,,,,,-1,-1,-1,,,,,,,,,,,,,,,,,,,,,,,
2026pncmp_qm92,qm,1,92,frc1983,frc1778,frc4488,frc360,frc2521,frc1983,frc2046,blue,,,,,,,,,,,,,,,,,,,,,,,,,,,,,,,,-1,-1,-1,,,,,,,,,,,,,,,,,,,,,,,
2026pncmp_qm92,qm,1,92,frc2046,frc1778,frc4488,frc360,frc2521,frc1983,frc2046,blue,,,,,,,,,,,,,,,,,,,,,,,,,,,,,,,,-1,-1,-1,,,,,,,,,,,,,,,,,,,,,,,
2026pncmp_qm93,qm,1,93,frc997,frc997,frc3218,frc4131,frc4125,frc2471,frc4450,red,,,,,,,,,,,,,,,,,,,,,,,,,,,,,,,,-1,-1,-1,,,,,,,,,,,,,,,,,,,,,,,
2026pncmp_qm93,qm,1,93,frc3218,frc997,frc3218,frc4131,frc4125,frc2471,frc4450,red,,,,,,,,,,,,,,,,,,,,,,,,,,,,,,,,-1,-1,-1,,,,,,,,,,,,,,,,,,,,,,,
2026pncmp_qm93,qm,1,93,frc4131,frc997,frc3218,frc4131,frc4125,frc2471,frc4450,red,,,,,,,,,,,,,,,,,,,,,,,,,,,,,,,,-1,-1,-1,,,,,,,,,,,,,,,,,,,,,,,
2026pncmp_qm93,qm,1,93,frc4125,frc997,frc3218,frc4131,frc4125,frc2471,frc4450,blue,,,,,,,,,,,,,,,,,,,,,,,,,,,,,,,,-1,-1,-1,,,,,,,,,,,,,,,,,,,,,,,
2026pncmp_qm93,qm,1,93,frc2471,frc997,frc3218,frc4131,frc4125,frc2471,frc4450,blue,,,,,,,,,,,,,,,,,,,,,,,,,,,,,,,,-1,-1,-1,,,,,,,,,,,,,,,,,,,,,,,
2026pncmp_qm93,qm,1,93,frc4450,frc997,frc3218,frc4131,frc4125,frc2471,frc4450,blue,,,,,,,,,,,,,,,,,,,,,,,,,,,,,,,,-1,-1,-1,,,,,,,,,,,,,,,,,,,,,,,
2026pncmp_qm94,qm,1,94,frc8896,frc8896,frc8248,frc492,frc10991,frc2976,frc948,red,,,,,,,,,,,,,,,,,,,,,,,,,,,,,,,,-1,-1,-1,,,,,,,,,,,,,,,,,,,,,,,
2026pncmp_qm94,qm,1,94,frc8248,frc8896,frc8248,frc492,frc10991,frc2976,frc948,red,,,,,,,,,,,,,,,,,,,,,,,,,,,,,,,,-1,-1,-1,,,,,,,,,,,,,,,,,,,,,,,
2026pncmp_qm94,qm,1,94,frc492,frc8896,frc8248,frc492,frc10991,frc2976,frc948,red,,,,,,,,,,,,,,,,,,,,,,,,,,,,,,,,-1,-1,-1,,,,,,,,,,,,,,,,,,,,,,,
2026pncmp_qm94,qm,1,94,frc10991,frc8896,frc8248,frc492,frc10991,frc2976,frc948,blue,,,,,,,,,,,,,,,,,,,,,,,,,,,,,,,,-1,-1,-1,,,,,,,,,,,,,,,,,,,,,,,
2026pncmp_qm94,qm,1,94,frc2976,frc8896,frc8248,frc492,frc10991,frc2976,frc948,blue,,,,,,,,,,,,,,,,,,,,,,,,,,,,,,,,-1,-1,-1,,,,,,,,,,,,,,,,,,,,,,,
2026pncmp_qm94,qm,1,94,frc948,frc8896,frc8248,frc492,frc10991,frc2976,frc948,blue,,,,,,,,,,,,,,,,,,,,,,,,,,,,,,,,-1,-1,-1,,,,,,,,,,,,,,,,,,,,,,,
2026pncmp_qm95,qm,1,95,frc9430,frc9430,frc4915,frc8051,frc9023,frc2412,frc4469,red,,,,,,,,,,,,,,,,,,,,,,,,,,,,,,,,-1,-1,-1,,,,,,,,,,,,,,,,,,,,,,,
2026pncmp_qm95,qm,1,95,frc4915,frc9430,frc4915,frc8051,frc9023,frc2412,frc4469,red,,,,,,,,,,,,,,,,,,,,,,,,,,,,,,,,-1,-1,-1,,,,,,,,,,,,,,,,,,,,,,,
2026pncmp_qm95,qm,1,95,frc8051,frc9430,frc4915,frc8051,frc9023,frc2412,frc4469,red,,,,,,,,,,,,,,,,,,,,,,,,,,,,,,,,-1,-1,-1,,,,,,,,,,,,,,,,,,,,,,,
2026pncmp_qm95,qm,1,95,frc9023,frc9430,frc4915,frc8051,frc9023,frc2412,frc4469,blue,,,,,,,,,,,,,,,,,,,,,,,,,,,,,,,,-1,-1,-1,,,,,,,,,,,,,,,,,,,,,,,
2026pncmp_qm95,qm,1,95,frc2412,frc9430,frc4915,frc8051,frc9023,frc2412,frc4469,blue,,,,,,,,,,,,,,,,,,,,,,,,,,,,,,,,-1,-1,-1,,,,,,,,,,,,,,,,,,,,,,,
2026pncmp_qm95,qm,1,95,frc4469,frc9430,frc4915,frc8051,frc9023,frc2412,frc4469,blue,,,,,,,,,,,,,,,,,,,,,,,,,,,,,,,,-1,-1,-1,,,,,,,,,,,,,,,,,,,,,,,
2026pncmp_qm96,qm,1,96,frc2374,frc2374,frc955,frc488,frc957,frc1540,frc4061,red,,,,,,,,,,,,,,,,,,,,,,,,,,,,,,,,-1,-1,-1,,,,,,,,,,,,,,,,,,,,,,,
2026pncmp_qm96,qm,1,96,frc955,frc2374,frc955,frc488,frc957,frc1540,frc4061,red,,,,,,,,,,,,,,,,,,,,,,,,,,,,,,,,-1,-1,-1,,,,,,,,,,,,,,,,,,,,,,,
2026pncmp_qm96,qm,1,96,frc488,frc2374,frc955,frc488,frc957,frc1540,frc4061,red,,,,,,,,,,,,,,,,,,,,,,,,,,,,,,,,-1,-1,-1,,,,,,,,,,,,,,,,,,,,,,,
2026pncmp_qm96,qm,1,96,frc957,frc2374,frc955,frc488,frc957,frc1540,frc4061,blue,,,,,,,,,,,,,,,,,,,,,,,,,,,,,,,,-1,-1,-1,,,,,,,,,,,,,,,,,,,,,,,
2026pncmp_qm96,qm,1,96,frc1540,frc2374,frc955,frc488,frc957,frc1540,frc4061,blue,,,,,,,,,,,,,,,,,,,,,,,,,,,,,,,,-1,-1,-1,,,,,,,,,,,,,,,,,,,,,,,
2026pncmp_qm96,qm,1,96,frc4061,frc2374,frc955,frc488,frc957,frc1540,frc4061,blue,,,,,,,,,,,,,,,,,,,,,,,,,,,,,,,,-1,-1,-1,,,,,,,,,,,,,,,,,,,,,,,
2026pncmp_qm97,qm,1,97,frc2521,frc2521,frc753,frc1778,frc10416,frc2910,frc2522,red,,,,,,,,,,,,,,,,,,,,,,,,,,,,,,,,-1,-1,-1,,,,,,,,,,,,,,,,,,,,,,,
2026pncmp_qm97,qm,1,97,frc753,frc2521,frc753,frc1778,frc10416,frc2910,frc2522,red,,,,,,,,,,,,,,,,,,,,,,,,,,,,,,,,-1,-1,-1,,,,,,,,,,,,,,,,,,,,,,,
2026pncmp_qm97,qm,1,97,frc1778,frc2521,frc753,frc1778,frc10416,frc2910,frc2522,red,,,,,,,,,,,,,,,,,,,,,,,,,,,,,,,,-1,-1,-1,,,,,,,,,,,,,,,,,,,,,,,
2026pncmp_qm97,qm,1,97,frc10416,frc2521,frc753,frc1778,frc10416,frc2910,frc2522,blue,,,,,,,,,,,,,,,,,,,,,,,,,,,,,,,,-1,-1,-1,,,,,,,,,,,,,,,,,,,,,,,
2026pncmp_qm97,qm,1,97,frc2910,frc2521,frc753,frc1778,frc10416,frc2910,frc2522,blue,,,,,,,,,,,,,,,,,,,,,,,,,,,,,,,,-1,-1,-1,,,,,,,,,,,,,,,,,,,,,,,
2026pncmp_qm97,qm,1,97,frc2522,frc2521,frc753,frc1778,frc10416,frc2910,frc2522,blue,,,,,,,,,,,,,,,,,,,,,,,,,,,,,,,,-1,-1,-1,,,,,,,,,,,,,,,,,,,,,,,
2026pncmp_qm98,qm,1,98,frc9450,frc9450,frc4089,frc7034,frc1595,frc2926,frc2811,red,,,,,,,,,,,,,,,,,,,,,,,,,,,,,,,,-1,-1,-1,,,,,,,,,,,,,,,,,,,,,,,
2026pncmp_qm98,qm,1,98,frc4089,frc9450,frc4089,frc7034,frc1595,frc2926,frc2811,red,,,,,,,,,,,,,,,,,,,,,,,,,,,,,,,,-1,-1,-1,,,,,,,,,,,,,,,,,,,,,,,
2026pncmp_qm98,qm,1,98,frc7034,frc9450,frc4089,frc7034,frc1595,frc2926,frc2811,red,,,,,,,,,,,,,,,,,,,,,,,,,,,,,,,,-1,-1,-1,,,,,,,,,,,,,,,,,,,,,,,
2026pncmp_qm98,qm,1,98,frc1595,frc9450,frc4089,frc7034,frc1595,frc2926,frc2811,blue,,,,,,,,,,,,,,,,,,,,,,,,,,,,,,,,-1,-1,-1,,,,,,,,,,,,,,,,,,,,,,,
2026pncmp_qm98,qm,1,98,frc2926,frc9450,frc4089,frc7034,frc1595,frc2926,frc2811,blue,,,,,,,,,,,,,,,,,,,,,,,,,,,,,,,,-1,-1,-1,,,,,,,,,,,,,,,,,,,,,,,
2026pncmp_qm98,qm,1,98,frc2811,frc9450,frc4089,frc7034,frc1595,frc2926,frc2811,blue,,,,,,,,,,,,,,,,,,,,,,,,,,,,,,,,-1,-1,-1,,,,,,,,,,,,,,,,,,,,,,,
2026pncmp_qm99,qm,1,99,frc4512,frc4512,frc1318,frc1294,frc5468,frc3663,frc3674,red,,,,,,,,,,,,,,,,,,,,,,,,,,,,,,,,-1,-1,-1,,,,,,,,,,,,,,,,,,,,,,,
2026pncmp_qm99,qm,1,99,frc1318,frc4512,frc1318,frc1294,frc5468,frc3663,frc3674,red,,,,,,,,,,,,,,,,,,,,,,,,,,,,,,,,-1,-1,-1,,,,,,,,,,,,,,,,,,,,,,,
2026pncmp_qm99,qm,1,99,frc1294,frc4512,frc1318,frc1294,frc5468,frc3663,frc3674,red,,,,,,,,,,,,,,,,,,,,,,,,,,,,,,,,-1,-1,-1,,,,,,,,,,,,,,,,,,,,,,,
2026pncmp_qm99,qm,1,99,frc5468,frc4512,frc1318,frc1294,frc5468,frc3663,frc3674,blue,,,,,,,,,,,,,,,,,,,,,,,,,,,,,,,,-1,-1,-1,,,,,,,,,,,,,,,,,,,,,,,
2026pncmp_qm99,qm,1,99,frc3663,frc4512,frc1318,frc1294,frc5468,frc3663,frc3674,blue,,,,,,,,,,,,,,,,,,,,,,,,,,,,,,,,-1,-1,-1,,,,,,,,,,,,,,,,,,,,,,,
2026pncmp_qm99,qm,1,99,frc3674,frc4512,frc1318,frc1294,frc5468,frc3663,frc3674,blue,,,,,,,,,,,,,,,,,,,,,,,,,,,,,,,,-1,-1,-1,,,,,,,,,,,,,,,,,,,,,,,