event_key,match_key,status,team,alliance,opr,copr_adjustPoints,copr_autoTowerPoints,copr_endGameTowerPoints,copr_energizedAchieved,copr_foulPoints,copr_g206Penalty,copr_majorFoulCount,copr_minorFoulCount,copr_rp,copr_superchargedAchieved,copr_totalAutoPoints,copr_totalPoints,copr_totalTeleopPoints,copr_totalTowerPoints,copr_traversalAchieved
2026orsal,2026orsal_qm1,,7034,red,8.0,0.0,0.0,0.0,0.0,0.0,0.0,0.0,0.33333333333333337,0.0,0.0,2.333333333333333,8.0,5.666666666666668,0.0,0.0
2026orsal,2026orsal_qm1,,10991,red,8.000000000000002,0.0,0.0,0.0,0.0,0.0,0.0,0.0,0.33333333333333337,0.0,0.0,2.3333333333333335,8.000000000000002,5.666666666666668,0.0,0.0
2026orsal,2026orsal_qm1,,9438,red,8.000000000000002,0.0,0.0,0.0,0.0,0.0,0.0,0.0,0.33333333333333337,0.0,0.0,2.3333333333333335,8.000000000000002,5.666666666666668,0.0,0.0
2026orsal,2026orsal_qm1,,2521,blue,36.33333333333334,0.0,0.0,0.0,0.3333333333333334,1.666666666666667,0.0,0.0,0.0,1.3333333333333337,0.0,10.333333333333336,36.33333333333334,24.33333333333334,0.0,0.0
2026orsal,2026orsal_qm1,,4125,blue,36.33333333333334,0.0,0.0,0.0,0.3333333333333334,1.666666666666667,0.0,0.0,0.0,1.3333333333333337,0.0,10.333333333333336,36.33333333333334,24.33333333333334,0.0,0.0
2026orsal,2026orsal_qm1,,6845,blue,36.33333333333334,0.0,0.0,0.0,0.3333333333333334,1.666666666666667,0.0,0.0,0.0,1.3333333333333337,0.0,10.333333333333336,36.33333333333334,24.33333333333334,0.0,0.0
2026orsal,2026orsal_qm2,,846,red,79.00000000000003,0.0,0.0,0.0,0.3333333333333334,0.0,0.0,0.0,0.0,1.3333333333333337,0.0,20.000000000000004,79.00000000000003,59.000000000000014,0.0,0.0
2026orsal,2026orsal_qm2,,997,red,79.00000000000003,0.0,0.0,0.0,0.3333333333333334,0.0,0.0,0.0,0.0,1.3333333333333337,0.0,20.000000000000004,79.00000000000003,59.000000000000014,0.0,0.0
2026orsal,2026orsal_qm2,,9430,red,79.00000000000003,0.0,0.0,0.0,0.3333333333333334,0.0,0.0,0.0,0.0,1.3333333333333337,0.0,20.000000000000004,79.00000000000003,59.000000000000014,0.0,0.0
2026orsal,2026orsal_qm2,,4043,blue,38.000000000000014,0.0,0.0,0.0,0.3333333333333334,0.0,0.0,0.0,0.0,0.3333333333333334,0.0,7.000000000000002,38.000000000000014,31.000000000000007,0.0,0.0
2026orsal,2026orsal_qm2,,749,blue,38.000000000000014,0.0,0.0,0.0,0.3333333333333334,0.0,0.0,0.0,0.0,0.3333333333333334,0.0,7.000000000000002,38.000000000000014,31.000000000000007,0.0,0.0
2026orsal,2026orsal_qm2,,2926,blue,38.000000000000014,0.0,0.0,0.0,0.3333333333333334,0.0,0.0,0.0,0.0,0.3333333333333334,0.0,7.000000000000002,38.000000000000014,31.000000000000007,0.0,0.0
2026orsal,2026orsal_qm3,,3674,red,41.66666666666668,0.0,0.0,0.0,0.3333333333333334,0.0,0.0,0.0,0.0,0.3333333333333334,0.0,7.333333333333336,41.66666666666668,34.33333333333334,0.0,0.0
2026orsal,2026orsal_qm3,,753,red,41.66666666666668,0.0,0.0,0.0,0.3333333333333334,0.0,0.0,0.0,0.0,0.3333333333333334,0.0,7.333333333333336,41.66666666666668,34.33333333333334,0.0,0.0
2026orsal,2026orsal_qm3,,5920,red,41.66666666666668,0.0,0.0,0.0,0.3333333333333334,0.0,0.0,0.0,0.0,0.3333333333333334,0.0,7.333333333333336,41.66666666666668,34.33333333333334,0.0,0.0
2026orsal,2026orsal_qm3,,5468,blue,96.6666666666667,0.0,0.0,3.333333333333334,0.3333333333333334,0.0,0.0,0.0,0.0,1.3333333333333337,0.0,25.33333333333334,96.6666666666667,71.33333333333334,3.333333333333334,0.0
2026orsal,2026orsal_qm3,,1540,blue,96.6666666666667,0.0,0.0,3.333333333333334,0.3333333333333334,0.0,0.0,0.0,0.0,1.3333333333333337,0.0,25.33333333333334,96.6666666666667,71.33333333333334,3.333333333333334,0.0
2026orsal,2026orsal_qm3,,3024,blue,96.6666666666667,0.0,0.0,3.333333333333334,0.3333333333333334,0.0,0.0,0.0,0.0,1.3333333333333337,0.0,25.33333333333334,96.6666666666667,71.33333333333334,3.333333333333334,0.0
2026orsal,2026orsal_qm4,,9023,red,23.33333333333334,0.0,0.0,0.0,0.0,0.0,0.0,0.0,0.0,1.0000000000000002,0.0,7.000000000000002,23.33333333333334,16.333333333333336,0.0,0.0
2026orsal,2026orsal_qm4,,847,red,23.33333333333334,0.0,0.0,0.0,0.0,0.0,0.0,0.0,0.0,1.0000000000000002,0.0,7.000000000000002,23.33333333333334,16.333333333333336,0.0,0.0
2026orsal,2026orsal_qm4,,1359,red,23.33333333333334,0.0,0.0,0.0,0.0,0.0,0.0,0.0,0.0,1.0000000000000002,0.0,7.000000000000002,23.33333333333334,16.333333333333336,0.0,0.0
2026orsal,2026orsal_qm4,,4692,blue,12.66666666666667,0.0,0.0,3.333333333333334,0.0,0.0,0.0,0.0,0.0,0.0,0.0,2.6666666666666674,12.66666666666667,10.000000000000002,3.333333333333334,0.0
2026orsal,2026orsal_qm4,,2733,blue,12.66666666666667,0.0,0.0,3.333333333333334,0.0,0.0,0.0,0.0,0.0,0.0,0.0,2.6666666666666674,12.66666666666667,10.000000000000002,3.333333333333334,0.0
2026orsal,2026orsal_qm4,,8532,blue,12.66666666666667,0.0,0.0,3.333333333333334,0.0,0.0,0.0,0.0,0.0,0.0,0.0,2.6666666666666674,12.66666666666667,10.000000000000002,3.333333333333334,0.0
2026orsal,2026orsal_qm5,,955,red,28.666666666666675,0.0,0.0,0.0,0.0,1.666666666666667,0.0,0.0,0.0,1.0000000000000002,0.0,8.66666666666667,28.666666666666675,18.33333333333334,0.0,0.0
2026orsal,2026orsal_qm5,,3673,red,28.666666666666675,0.0,0.0,0.0,0.0,1.666666666666667,0.0,0.0,0.0,1.0000000000000002,0.0,8.66666666666667,28.666666666666675,18.33333333333334,0.0,0.0
2026orsal,2026orsal_qm5,,2811,red,28.666666666666675,0.0,0.0,0.0,0.0,1.666666666666667,0.0,0.0,0.0,1.0000000000000002,0.0,8.66666666666667,28.666666666666675,18.33333333333334,0.0,0.0
2026orsal,2026orsal_qm5,,9567,blue,17.000000000000004,0.0,0.0,0.0,0.0,0.0,0.0,0.0,0.3333333333333334,0.0,0.0,3.333333333333334,17.000000000000004,13.66666666666667,0.0,0.0
2026orsal,2026orsal_qm5,,6443,blue,17.000000000000004,0.0,0.0,0.0,0.0,0.0,0.0,0.0,0.3333333333333334,0.0,0.0,3.333333333333334,17.000000000000004,13.66666666666667,0.0,0.0
2026orsal,2026orsal_qm5,,4060,blue,17.000000000000004,0.0,0.0,0.0,0.0,0.0,0.0,0.0,0.3333333333333334,0.0,0.0,3.333333333333334,17.000000000000004,13.66666666666667,0.0,0.0
2026orsal,2026orsal_qm6,,3712,red,22.000000000000004,0.0,0.0,0.0,0.0,1.6666666666666667,0.0,0.0,0.0,0.0,0.0,2.666666666666667,22.000000000000004,17.666666666666668,0.0,0.0
2026orsal,2026orsal_qm6,,6343,red,22.000000000000004,0.0,0.0,0.0,0.0,1.6666666666666667,0.0,0.0,0.0,0.0,0.0,2.666666666666667,22.000000000000004,17.666666666666668,0.0,0.0
2026orsal,2026orsal_qm6,,6465,red,22.000000000000004,0.0,0.0,0.0,0.0,1.6666666666666667,0.0,0.0,0.0,0.0,0.0,2.666666666666667,22.000000000000004,17.666666666666668,0.0,0.0
2026orsal,2026orsal_qm6,,2374,blue,5.749999999999999,0.0,0.0,-1.25,0.24999999999999992,0.0,0.0,0.0,0.3749999999999999,0.9999999999999998,0.0,2.1249999999999982,5.749999999999999,3.624999999999989,-1.25,0.0
2026orsal,2026orsal_qm6,,4061,blue,5.749999999999999,0.0,0.0,-1.25,0.24999999999999992,0.0,0.0,0.0,0.3749999999999999,0.9999999999999998,0.0,2.1249999999999982,5.749999999999999,3.624999999999989,-1.25,0.0
2026orsal,2026orsal_qm6,,3024,blue,100.49999999999994,0.0,0.0,2.4999999999999987,0.4999999999999998,0.0,0.0,0.0,0.24999999999999983,1.999999999999999,0.0,26.749999999999982,100.49999999999994,73.74999999999997,2.4999999999999987,0.0
2026orsal,2026orsal_qm7,,846,red,96.32360097323604,0.0,0.0,-1.3625304136253036,0.5279805352798057,-2.2293106433209966e-18,0.0,0.0,0.00729927007299276,1.768856447688565,0.0,22.90267639902676,96.32360097323604,73.42092457420928,-1.3625304136253036,0.0
2026orsal,2026orsal_qm7,,1359,red,54.68613138686134,0.0,0.0,-0.6082725060827253,0.2773722627737225,-2.057891247752039e-16,0.0,0.0,-0.01459854014598539,1.7956204379562037,0.0,14.527980535279807,54.68613138686134,40.1581508515815,-0.6082725060827253,0.0
2026orsal,2026orsal_qm7,,4692,red,29.990267639902775,0.0,0.0,1.9708029197080301,0.19464720194647253,2.0846429754718907e-16,0.0,0.0,0.007299270072992761,0.4355231143552331,0.0,5.5693430656934435,29.990267639902775,24.420924574209316,1.9708029197080301,0.0
2026orsal,2026orsal_qm7,,847,blue,-13.386861313868614,0.0,0.0,-0.8272506082725081,-0.26277372262773707,-2.2585292056509245e-16,0.0,0.0,0.04014598540145989,0.06204379562043755,0.0,-3.7019464720194626,-13.386861313868614,-9.68491484184916,-0.8272506082725081,0.0
2026orsal,2026orsal_qm7,,5468,blue,68.4452554744526,0.0,0.0,2.335766423357663,0.09489051094890555,3.9726315663979914e-16,0.0,0.0,-0.0839416058394159,0.32481751824817706,0.0,15.952554744525557,68.4452554744526,52.492700729927044,2.335766423357663,0.0
2026orsal,2026orsal_qm7,,4043,blue,9.941605839416027,0.0,0.0,-1.508515815085159,0.1678832116788323,-1.687350633027208e-16,0.0,0.0,0.04379562043795593,-0.38686131386861344,0.0,-2.2506082725060756,9.941605839416027,12.192214111922146,-1.508515815085159,0.0
2026orsal,2026orsal_qm8,,4125,red,21.417675183027086,0.0,0.0,-0.08815180038846233,0.2811145973405052,0.41909457642313125,0.0,0.0,-0.1334229792320335,0.6457492903033026,0.0,5.300239055729883,21.417675183027086,15.6983415508741,-0.08815180038846233,0.0
2026orsal,2026orsal_qm8,,3673,red,5.497982967279222,0.0,0.0,0.17630360077693225,-0.22889586134767653,0.8284775138204113,0.0,0.0,-0.0664873748692663,0.04183475272672948,0.0,3.399521888540272,5.497982967279222,1.2699835649185849,0.17630360077693225,0.0
2026orsal,2026orsal_qm8,,9567,red,2.084341849693756,0.0,0.0,-0.08815180038846357,-0.052218735992828114,-1.2475720902435368,0.0,0.0,0.1999103541012999,-0.6875840430300306,0.0,-1.6997609442701256,2.084341849693756,5.0316748842074155,-0.08815180038846357,0.0
2026orsal,2026orsal_qm8,,9438,blue,24.50605109816228,0.0,0.0,-0.5289108023307925,0.35335425070969695,-0.8187658747945605,0.0,0.0,0.19946212460779889,0.5411624084864793,0.0,2.801434334379204,24.50605109816228,22.5233826385776,-0.5289108023307925,0.0
2026orsal,2026orsal_qm8,,955,blue,52.630546839982,0.0,0.0,-0.4848349021365626,0.37946361870611073,1.471686836993874,0.0,0.0,-0.06715971910951676,1.8849544300014947,0.0,11.65131480651425,52.630546839982,39.507545196473885,-0.4848349021365626,0.0
2026orsal,2026orsal_qm8,,9023,blue,41.8634020618558,0.0,0.0,1.0137457044673563,0.2671821305841932,-0.6529209621993114,0.0,0.0,-0.13230240549828232,1.5738831615120294,0.0,10.54725085910655,41.8634020618558,31.969072164948567,1.0137457044673563,0.0
2026orsal,2026orsal_qm9,,10991,red,-10.85199592479406,0.0,4.329813837176996,1.7136241548578313,-0.1759315859343662,-0.15877867308820456,0.0,0.0,0.3947825013120926,-0.5564817387545945,0.0,9.888864190670217,-10.85199592479406,-20.582081442376094,6.043437992034826,0.0
2026orsal,2026orsal_qm9,,3712,red,51.72355283875157,0.0,5.646790775215339,2.235361674539223,0.1646951313636498,0.8243709672439897,0.0,0.0,-0.21578092680065444,0.445061899910469,0.0,12.868164613627245,51.72355283875157,38.03101725788026,7.882152449754564,0.0
2026orsal,2026orsal_qm9,,8532,red,28.128443086042306,0.0,5.02339538760767,6.051014170602942,0.011236454570712364,-0.6655922941557844,0.0,0.0,-0.17900157451143858,0.11141983884412124,0.0,10.242971195702467,28.128443086042306,18.55106418449557,11.074409558210615,0.0
2026orsal,2026orsal_qm9,,3674,blue,104.96891729184043,0.0,1.1835509863851088,0.9212188570899329,0.5824296872588073,-0.3093328393689612,0.0,0.0,-0.3186539470840663,1.498595288814794,0.0,9.527369948442491,104.96891729184043,95.75088018276683,2.1047698434750424,0.0
2026orsal,2026orsal_qm9,,2374,blue,60.515031953320374,0.0,1.1814948596832462,-0.6636287857738268,0.46690006483282337,-0.331332777623413,0.0,0.0,0.07818097619709172,1.9775863665833087,0.0,2.5949578586644337,60.515031953320374,58.25140687227932,0.5178660739094183,0.0
2026orsal,2026orsal_qm9,,7034,blue,39.51605075483948,0.0,-2.365045846068352,-0.2575900713161046,-0.049329752091628064,0.6406656169923745,0.0,0.0,0.2404729708869754,0.5238183446018988,0.0,-2.1223278071068723,39.51605075483948,40.99771294495395,-2.6226359173844562,0.0
2026orsal,2026orsal_qm10,,4060,red,30.315627905991356,0.0,0.8900744808883415,-2.48419931394616,0.2318776298333786,1.3486102596721308,0.0,0.0,0.5691193175755579,1.2175677744150095,0.0,8.154976838045046,30.315627905991356,20.81204080827423,-1.5941248330578213,0.0
2026orsal,2026orsal_qm10,,1540,red,132.45797478860402,0.0,1.397480426370963,2.1262172634825327,0.7129838214055382,1.7734160049239425,0.0,0.0,0.07414312741738928,2.5000138942559635,0.0,28.843328830366232,132.45797478860402,101.84122995331384,3.523697689853496,0.0
2026orsal,2026orsal_qm10,,2733,red,-6.7736026945951116,0.0,-2.287554907259293,0.3579820504636372,0.05513854876108598,1.8779737354039325,0.0,0.0,0.3567375550070523,0.2824183313290311,0.0,-4.998305668411154,-6.7736026945951116,-3.653270761587861,-1.9295728567956576,0.0
2026orsal,2026orsal_qm10,,6443,blue,23.775798294092457,0.0,-0.29034696183286146,1.1591048905785113,0.056011353679744004,1.2419046768065576,0.0,0.0,0.4240310445271757,-0.1226432923828933,0.0,0.9051248003564284,23.775798294092457,21.62876881692949,0.8687579287456522,0.0
2026orsal,2026orsal_qm10,,9430,blue,72.35222061683442,0.0,0.0004444626630652158,0.13531009446098483,0.42357527199093653,1.731721466584519,0.0,0.0,0.20218035931518297,1.099049822243082,0.0,12.205885596589964,72.35222061683442,58.41461355365998,0.1357545571240511,0.0
2026orsal,2026orsal_qm10,,753,blue,19.87198108907336,0.0,0.28990249916979827,-1.2944149850394882,0.5204133743293217,2.026373856608926,0.0,0.0,0.37378859615764154,0.02359347013981299,0.0,0.8889896030536797,19.87198108907336,16.95661762941079,-1.004512485869693,0.0
2026orsal,2026orsal_qm11,,6845,red,24.886797633302603,0.0,0.8699408334064124,-0.04098692998533662,0.33067254872479224,2.7767020790969403,0.0,0.0,-1.1903205857434825e-05,0.9578716754773264,0.0,-0.43185690339683686,24.886797633302603,22.5419524576024,0.8289539034210784,0.0
2026orsal,2026orsal_qm11,,2811,red,-0.15969860375653466,0.0,-0.5000364209477718,0.3420464491545789,-0.3171229123100683,2.713904628905059,0.0,0.0,0.05856428632321515,0.15294776032300522,0.0,1.0155568418612637,-0.15969860375653466,-3.8891600745228705,-0.15798997179319266,0.0
2026orsal,2026orsal_qm11,,5920,red,-15.727099029546212,0.0,-0.36990441245864725,-0.30105951916924467,-0.013549636414725475,-0.49060670800199424,0.0,0.0,-0.058552383117358234,-1.1108194358003343,0.0,-0.5836999384644849,-15.727099029546212,-14.652792383079783,-0.670963931627888,0.0
2026orsal,2026orsal_qm11,,2926,blue,71.88358623422705,0.0,0.5520204315582182,1.1647706995129377,0.5467393394143341,0.3418682377910666,0.0,0.0,0.16489699639941563,1.283620733320486,0.0,6.720709592360076,71.88358623422705,64.82100840407585,1.7167911310711588,0.0
2026orsal,2026orsal_qm11,,4061,blue,-8.799302857686115,0.0,0.5678658798619558,-2.7716077763694376,0.3850713527741755,0.8951439777350422,0.0,0.0,0.816266702253941,1.2722179840318053,0.0,-3.8091000042452516,-8.799302857686115,-5.885346831175948,-2.2037418965074873,0.0
2026orsal,2026orsal_qm11,,997,blue,78.91571662345935,0.0,-1.1198863114201771,1.6068370768565008,0.06818930781149167,-1.2370122155261105,0.0,0.0,0.018836301346644362,1.444161282647711,0.0,22.088390411885186,78.91571662345935,58.064338427100175,0.48695076543632615,0.0
2026orsal,2026orsal_qm12,,2521,red,76.08266399261421,0.0,3.009585922695927,1.28103367424795,0.5078291974971337,0.6822777515145684,0.0,0.0,0.10274161042246084,2.747297189033855,0.0,25.655000411597122,76.08266399261421,49.74538582950256,4.290619596943875,0.0
2026orsal,2026orsal_qm12,,6465,red,33.50915154401915,0.0,1.8837645265703227,0.7185119099028939,0.29834540308182805,1.3233038972294515,0.0,0.0,0.12438514196266229,0.692982910277183,0.0,-4.892079896838244,33.50915154401915,37.07792754362805,2.602276436473216,0.0
2026orsal,2026orsal_qm12,,8532,red,50.40818446336655,0.0,10.106649550733756,8.000454415849166,0.19382539942103794,-2.0055816487440143,0.0,0.0,-0.22712675238512284,0.5597199006889629,0.0,9.237079485241162,50.40818446336655,43.17668662686952,18.107103966582923,0.0
2026orsal,2026orsal_qm12,,4692,blue,30.61118856355804,0.0,-0.5766212864548556,1.4298142618800027,0.11111877931139288,-0.3203780764159385,0.0,0.0,0.037054237166854354,0.20036965349278546,0.0,3.3467260525788927,30.61118856355804,27.58484058739508,0.8531929754251426,0.0
2026orsal,2026orsal_qm12,,6343,blue,4.230399093120975,0.0,-2.640259278197735,-1.7831683051277412,-0.3318236938938235,1.4308809615269313,0.0,0.0,0.06687308122142727,-0.5844948547882051,0.0,4.1877995249363185,4.230399093120975,-1.388281393342286,-4.423427583325478,0.0
2026orsal,2026orsal_qm12,,749,blue,52.15841234332105,0.0,3.2168805646525773,0.35335404324774194,0.2207049145824292,-1.110502885110994,0.0,0.0,-0.10392731838828415,0.3841252012954141,0.0,19.465474422484895,52.15841234332105,33.80344080594719,3.5702346079003195,0.0
2026orsal,2026orsal_qm13,,3024,red,31.99051693779927,0.0,-9.970931492720652,4.56902758155205,-0.33073802356860704,-0.9557545653296579,0.0,0.0,-0.10216434436886204,-0.12111375739611595,0.0,38.121410634247376,31.99051693779927,-5.175139131118385,-5.401903911168601,0.0
2026orsal,2026orsal_qm13,,3674,red,89.31657101547341,0.0,4.791050509129157,-2.482979929425155,0.7730060098815646,4.261794617828134,0.0,0.0,-0.5505424804921482,1.3463993665674978,0.0,0.7894232926135516,89.31657101547341,84.26535310503179,2.308070579704001,0.0
2026orsal,2026orsal_qm13,,6443,red,42.69291204672744,0.0,5.179880983591487,-2.086047652126889,0.557732013687043,6.693959947501533,0.0,0.0,0.6527068248610121,-0.2252856091713768,0.0,-16.91083392686086,42.69291204672744,52.90978602608675,3.093833331464594,0.0
2026orsal,2026orsal_qm13,,846,blue,159.60801574163878,0.0,2.3455235191526267,-1.0381266435083185,0.8794181142299575,0.18210375111554386,0.0,0.0,0.5226674438646012,1.997579564531583,0.0,25.578631872633107,159.60801574163878,133.84728011789016,1.307396875644311,0.0
2026orsal,2026orsal_qm13,,955,blue,121.2117983159934,0.0,-3.2136540641241207,2.06066064633454,0.3349106180716085,-1.1034324091681462,0.0,0.0,0.44471616694777344,2.3273404011972474,0.0,28.429829438999896,121.2117983159934,93.88540128616165,-1.1529934177895818,0.0
2026orsal,2026orsal_qm13,,847,blue,49.18018594236791,0.0,0.868130544971483,-1.0225340028262278,-0.2143287323015666,0.921328658052602,0.0,0.0,1.0326163891876272,-0.3249199657288321,0.0,-2.0084613116329373,49.18018594236791,50.26731859594833,-0.15440345785473775,0.0
2026orsal,2026orsal_qm14,,9438,red,2.536583805838772,0.0,9.003483466315865,-3.5843092357057627,0.47630214130233434,-0.5765966213840571,0.0,0.0,0.23336062319620884,0.5995042061311949,0.0,-7.3748652885826385,2.536583805838772,10.48804571580545,5.419174230610104,0.0
2026orsal,2026orsal_qm14,,6845,red,34.68291940755179,0.0,-3.659906404898986,3.3097468501873886,-0.15358679874503867,0.21249567928021584,0.0,0.0,-0.5212035027716108,-0.22534463736627725,0.0,12.731380321444437,34.68291940755179,21.739043406827076,-0.35015955471160193,0.0
2026orsal,2026orsal_qm14,,2733,red,-30.219503213390468,0.0,-5.343577061416874,0.2745623855183767,-0.3227153425572946,0.36410094210383837,0.0,0.0,0.2878428795754029,-0.374159568764917,0.0,-1.3565150328617965,-30.219503213390468,-29.227089122632478,-5.069014675898498,0.0
2026orsal,2026orsal_qm14,,3712,blue,22.964947636524652,0.0,4.1784718295375765,-0.02084341351142233,0.02272652215230948,0.5360769855199486,0.0,0.0,-0.029483988270523034,0.520955362606696,0.0,9.983061337059755,22.964947636524652,12.44580931394492,4.157628416026156,0.0
2026orsal,2026orsal_qm14,,2811,blue,-18.978443236439578,0.0,6.5814419983963015,-3.497570622654794,-0.01744914072515577,3.849284465380681,0.0,0.0,0.3589003494501769,1.2130591002398898,0.0,-8.91750458827332,-18.978443236439578,-13.910223113546877,3.08387137574151,0.0
2026orsal,2026orsal_qm14,,5468,blue,74.01349559991503,0.0,4.240086172066126,3.518414036166214,-0.005277381427152574,-4.385361450900636,0.0,0.0,-0.3294163611796539,1.2659855371534163,0.0,21.93444325121361,74.01349559991503,56.46441379960195,7.758500208232338,0.0
2026orsal,2026orsal_qm15,,4060,red,-59.1452347184349,0.0,-4.804096659581193,-1.7141271426764069,-0.13014135740293223,1.0460678484778434,0.0,0.0,-0.14877511919582131,0.7628427775474985,0.0,3.769178452275161,-59.1452347184349,-63.96048101918797,-6.518223802257599,0.0
2026orsal,2026orsal_qm15,,5920,red,30.017737652459136,0.0,-4.573864013661128,1.5180106093194001,-0.04345780771954104,1.5881930255852548,0.0,0.0,0.0296607296510826,-1.4426832533102558,0.0,-11.495115784735237,30.017737652459136,39.92466041160919,-3.0558534043417227,0.0
2026orsal,2026orsal_qm15,,749,red,102.12749706597593,0.0,9.377960673242324,0.19611653335701307,0.17359916512247348,-2.634260874063095,0.0,0.0,0.11911438954473819,0.6798404757627604,0.0,14.725937332460093,102.12749706597593,90.03582060757896,9.57407720659933,0.0
2026orsal,2026orsal_qm15,,2374,blue,197.60960458651425,0.0,4.309814948529627,1.5047437176235134,0.4203839709666161,-3.0658210479446524,0.0,0.0,0.473780588817925,2.5835815924324197,0.0,16.021855771132856,197.60960458651425,184.65356986332614,5.814558666153137,0.0
2026orsal,2026orsal_qm15,,9023,blue,159.11035687798844,0.0,1.2731071874678923,1.4328749801660687,0.24479398572236388,-0.33506983641461263,0.0,0.0,0.15391328744209726,2.1863139832199674,0.0,19.193745810409236,159.11035687798844,140.25168090399387,2.7059821676339544,0.0
2026orsal,2026orsal_qm15,,4043,blue,-74.71996146450256,0.0,-5.582922135997529,-2.937618697789581,0.3348220433110193,3.4008908843592605,0.0,0.0,-0.6276938762600223,-0.7698955756523886,0.0,-4.215601581542108,-74.71996146450256,-73.90525076731984,-8.520540833787098,0.0
2026orsal,2026orsal_qm16,,9430,red,-142.93915646607417,0.0,-12.14693291774756,-3.6523874811358947,0.07352317449671025,1.8850793525541703,0.0,0.0,-1.6595435132122758,1.3022350887229643,0.0,0.7405630135230088,-142.93915646607417,-145.5647988321513,-15.799320398883452,0.0
2026orsal,2026orsal_qm16,,4125,red,80.09448987174068,0.0,10.981426866437166,-0.24619512147007255,1.1971566567702017,3.5870576592393775,0.0,0.0,1.223413524292371,0.8616862130074416,0.0,-16.035311640018577,80.09448987174068,92.54274385251972,10.735231744967088,0.0
2026orsal,2026orsal_qm16,,10991,red,242.84466659433323,0.0,1.165506051310381,3.8985826026059636,-0.27067983126691225,-5.472137011793548,0.0,0.0,0.4361299889199028,1.836078698269595,0.0,46.29474862649555,242.84466659433323,202.0220549796312,5.06408865391634,0.0
2026orsal,2026orsal_qm16,,3673,blue,11.519020282821904,0.0,-13.18212866062356,-2.7434579761892963,-1.0383085264130416,4.512722382779495,0.0,0.0,-1.506934923343495,-0.1107343769007932,0.0,6.8725328704024,11.519020282821904,0.1337650296400752,-15.925586636812865,0.0
2026orsal,2026orsal_qm16,,997,blue,144.25243383999282,0.0,15.529341704230491,7.9194736790191556,0.4429588787074764,-2.2989554461793333,0.0,0.0,1.3307137291261872,-0.39801791227326344,0.0,19.69678348441053,144.25243383999282,126.8546058017616,23.448815383249645,0.0
2026orsal,2026orsal_qm16,,1359,blue,-42.77145412281479,0.0,12.652786956393081,4.823984297170139,0.5953496477055663,-2.2137669366001567,0.0,0.0,0.1762211942173091,0.5087522891740552,0.0,1.4306836451870557,-42.77145412281479,-41.98837083140168,17.47677125356323,0.0
2026orsal,2026orsal_qm17,,753,red,74.66191494100795,0.0,0.8175616599568218,-1.8040711030142635,0.6744846294751025,-0.19619152734514997,0.0,0.0,0.5896882677366899,2.8348420727186863,0.0,25.272979325339215,74.66191494100795,49.58512714301392,-0.9865094430574369,0.0
2026orsal,2026orsal_qm17,,7034,red,50.8661914941008,0.0,-7.418243834004304,-1.1804071103014198,0.16744846294751137,10.480380847265492,0.0,0.0,0.058968826773667216,0.9834842072718727,0.0,-30.07270206746609,50.8661914941008,70.45851271430138,-8.598650944305728,0.0
2026orsal,2026orsal_qm17,,9567,red,18.47189356489114,0.0,6.600682174047477,2.9844782133156755,0.15806690757738615,-5.284189319920344,0.0,0.0,0.35134290548964325,0.1816737200094415,0.0,9.799722742126852,18.47189356489114,13.956360142684842,9.585160387363162,0.0
2026orsal,2026orsal_qm17,,4061,blue,122.64982397117006,0.0,12.72414171401213,-9.400670870968703,1.5280997862388341,14.555290339524555,0.0,0.0,0.19745148818329206,4.9556354158701845,0.0,-40.52238508259558,122.64982397117006,148.61691871424134,3.3234708430434474,0.0
2026orsal,2026orsal_qm17,,6343,blue,-9.905350013131617,0.0,-9.467209436076134,4.636456418320287,-1.0468180171075447,-3.3460105118632644,0.0,0.0,0.3127229449174364,-4.109460344477946,0.0,19.172345355598218,-9.905350013131617,-25.731684856866654,-4.830753017755849,0.0
2026orsal,2026orsal_qm17,,2521,blue,-40.744473958038355,0.0,-3.25693227793599,4.764214452648401,-0.481281769131289,-6.209279827661283,0.0,0.0,0.4898255668992721,-0.8461750713922314,0.0,41.350039726997366,-40.744473958038355,-75.88523385737456,1.5072821747123992,0.0
2026orsal,2026orsal_qm18,,6465,red,168.35171687722732,0.0,16.361758989310054,-1.8108195659216006,1.3948007774538393,7.617022999676052,0.0,0.0,0.6496598639455828,2.357871720116611,0.0,-4.6704729510852,168.35171687722732,165.40516682863645,14.550939423388455,0.0
2026orsal,2026orsal_qm18,,4692,red,-344.3115484288958,0.0,-1.9545675413022512,-10.178166504697128,-0.2208454810495639,4.334710074505986,0.0,0.0,-0.9217687074829954,-1.7271622934888162,0.0,23.292112082928522,-344.3115484288958,-371.93837058633005,-12.13273404599938,0.0
2026orsal,2026orsal_qm18,,5468,red,336.19744088111463,0.0,0.3522837706510754,11.755749919015237,-0.18124392614188412,-6.95902170391965,0.0,0.0,0.21088435374149564,0.5719144800777507,0.0,22.478943958535787,336.19744088111463,320.6775186264986,12.108033689666321,0.0
2026orsal,2026orsal_qm18,,1540,blue,43.96104632329139,0.0,20.836977648202204,-5.046971169420147,1.7728377065111758,8.661726595400058,0.0,0.0,0.4251700680272198,3.648445092322634,0.0,19.245950761256875,43.96104632329139,16.053368966634423,15.790006478782043,0.0
2026orsal,2026orsal_qm18,,6443,blue,242.31211532231978,0.0,16.401846452866923,1.5613864593456446,0.72934888241011,7.618237771299014,0.0,0.0,1.6598639455782385,-0.34256559766764144,0.0,-17.35390346614843,242.31211532231978,252.04778101716917,17.96323291221256,0.0
2026orsal,2026orsal_qm18,,2926,blue,-51.61305474570794,0.0,-36.55733722060268,4.146420472951074,-1.4815354713313917,-16.259313249109166,0.0,0.0,-0.9115646258503547,0.12001943634598213,0.0,46.82296728215104,-51.61305474570794,-82.17670877874988,-32.410916747651584,0.0
2026orsal,2026orsal_qm19,,4043,red,-52.343850541212454,0.0,4.493995416092383,-3.5273131111105247,0.8781557723167132,8.352947366781095,0.0,0.1580632416992745,-0.303893323174307,-0.2726660769963692,0.0,-25.052742716498877,-52.343850541212454,-35.64405519149441,0.9666823049818308,0.0
2026orsal,2026orsal_qm19,,2733,red,182.68922096792357,0.0,10.545494269233581,4.52791248187411,-0.11237746189556963,0.9692757079056554,0.0,0.4210126926092211,0.994353451202723,-0.3362358281443177,0.0,-1.0844552795627995,182.68922096792357,182.8044005395807,15.073406751107678,0.0
2026orsal,2026orsal_qm19,,3024,red,-68.93379363479424,0.0,-14.837440154784023,-1.2349712704749674,-0.6852018915306458,-8.442713353504384,0.0,0.297072577949798,-0.6368871404547048,0.5934914037768891,0.0,40.46816133097351,-68.93379363479424,-100.9592416122634,-16.072411425258956,0.0
2026orsal,2026orsal_qm19,,3674,blue,-8.080140486157855,0.0,1.21380075434294,-1.5892143833697783,0.8790737884494593,7.603864721518937,0.0,-0.10013607097913771,-0.9578779629389563,0.7512578996272968,0.0,0.32289652168002925,-8.080140486157855,-16.006901729356837,-0.37541362902684416,0.0
2026orsal,2026orsal_qm19,,10991,blue,170.97521518115926,0.0,7.524308467530371,6.719104994530995,-0.09962753178296424,1.1515649632367504,0.0,0.20002742584219801,0.8009721623292388,-0.5793742969004676,0.0,37.05578689679681,170.97521518115926,132.7678633211254,14.243413462061389,0.0
2026orsal,2026orsal_qm19,,2811,blue,26.561469013942364,0.0,-6.028407352242184,3.0055313191065856,0.2862434856275928,4.804449041873928,0.0,-0.13905254738453582,0.24786082840153148,4.024175012735523,0.0,-15.512336778759918,26.561469013942364,37.26935675082847,-3.022876033135615,0.0
2026orsal,2026orsal_qm20,,847,red,63.024089900392944,0.0,-0.8476046100816097,-0.18210140397353794,0.07258619699231368,4.8791546698566615,0.0,0.005145203083401098,1.2007175673276154,0.49376438951684026,0.0,13.442237710152563,63.024089900392944,44.702697520383715,-1.0297060140551453,0.0
2026orsal,2026orsal_qm20,,9430,red,69.61378521854803,0.0,-1.3366334310077848,-0.7135060892655001,0.8134351942481451,7.013626041019554,0.0,-0.045238741072622136,-0.3009129998577419,0.8953594727652483,0.0,23.28944305939183,69.61378521854803,39.310716118136604,-2.050139520273279,0.0
2026orsal,2026orsal_qm20,,9438,red,-37.027098389768,0.0,0.956443593486269,0.41076793034466097,0.09262736093717999,-2.677081807899543,0.0,0.012140661038592267,0.0553596105388285,-0.20811442091520693,0.0,-1.5351954811011623,-37.027098389768,-32.81482110076728,1.3672115238309337,0.0
2026orsal,2026orsal_qm20,,7034,blue,-50.25688872125629,0.0,-5.211691400994805,-6.311102580046214,-0.020833305078071383,3.4390078022815507,0.0,-0.07369879481272666,0.07704096713880625,0.5264599651913896,0.0,-26.326757825142543,-50.25688872125629,-27.369138698395307,-11.522793981041017,0.0
2026orsal,2026orsal_qm20,,5920,blue,42.806490072222346,0.0,1.3788659501319473,0.6419786631217208,-0.005550289646777231,-3.6489738109695997,0.0,0.07755959594884045,0.5547305111325259,-0.6586926580503548,0.0,-0.04495974255857854,42.806490072222346,46.50042362575055,2.0208446132536664,0.0
2026orsal,2026orsal_qm20,,2521,blue,195.38595316576107,0.0,6.7031975894572975,4.981816632979864,0.8867445204176229,4.72397752618607,0.0,0.11356867303302083,1.2738714386579186,3.5149784694914596,0.0,51.15323221032439,195.38595316576107,139.50874342925073,11.68501422243716,0.0
2026orsal,2026orsal_qm21,,1359,red,-8.838418182518843,0.0,5.60371977185486,5.877922379324313,-0.39716331016919504,-7.042754469105389,0.0,0.08437812317464784,-0.5317093522758133,0.4617259432180096,0.0,1.1568645237558284,-8.838418182518843,-2.9525282371693127,11.481642151179173,0.0
2026orsal,2026orsal_qm21,,1540,red,154.81951267199267,0.0,5.177931699568012,-1.3137961356200516,1.2665177964949696,14.9154280745576,0.0,-0.15284442384000882,1.1554472280865726,1.9292985779074066,0.0,46.329374326620425,154.81951267199267,93.5747102708146,3.8641355639479724,0.0
2026orsal,2026orsal_qm21,,955,red,125.90972139962986,0.0,4.476821685840783,4.294278030471155,0.3283357135590337,-1.8200983602324694,0.0,0.0828723650918491,0.4908812679048635,1.8805871661313562,0.0,24.375995227514665,125.90972139962986,103.35382453234764,8.771099716311932,0.0
2026orsal,2026orsal_qm21,,8532,blue,-71.58246450172531,0.0,-2.614951030747451,5.738069527574831,-0.5505254658531522,-8.81090745947149,0.0,-0.1167244217858873,-1.2190023545818618,-1.05756992659104,0.0,-11.675685856714143,-71.58246450172531,-51.09587118553968,3.1231184968273733,0.0
2026orsal,2026orsal_qm21,,749,blue,56.31520444962353,0.0,10.245463443447314,-4.767539348226934,0.6568658828572108,8.919027355570325,0.0,-0.09912888117822852,0.8928022539971611,-0.07458631644858799,0.0,15.422709774201786,56.31520444962353,31.973467319851395,5.477924095220391,0.0
2026orsal,2026orsal_qm21,,997,blue,137.01505698335836,0.0,7.994911648024339,1.5925669842955412,0.6736935642831863,3.1076111318998345,0.0,0.18324617979549723,1.0767814272507796,2.025619666302049,0.0,27.70762135641668,137.01505698335836,106.19982449504182,9.587478632319886,0.0
2026orsal,2026orsal_qm22,,753,red,29.75331022689258,0.0,-0.7044537303933602,-0.577666600448215,0.7327309894682404,0.11567320034747662,0.0,-0.0045332919590451845,0.2801458429763181,1.7075407888110512,0.0,1.5724144470203731,29.75331022689258,28.06522257952479,-1.2821203308415798,0.0
2026orsal,2026orsal_qm22,,9023,red,60.692665462868696,0.0,-6.877507227904885,-0.6219120571427774,0.08280470318818836,-2.7563955298994554,0.0,-0.06685216973214352,-0.7791144403824217,2.296542756088056,0.0,2.1358223067602102,60.692665462868696,61.31323868600795,-7.4994192850476615,0.0
2026orsal,2026orsal_qm22,,3712,red,39.08332967949751,0.0,8.414852023531806,0.4722311588294316,0.2442756004439905,3.84444952098756,0.0,0.06972214372230469,0.556127904559132,0.3431734001284474,0.0,14.109607618080855,39.08332967949751,21.129272540429117,8.887083182361236,0.0
2026orsal,2026orsal_qm22,,6465,blue,72.34131234655243,0.0,5.914178584454058,-1.1925620476759209,0.5415241604064743,3.0218972514538947,0.0,0.10948610264604895,0.28542531578090063,1.1708077659271796,0.0,3.7935155794986346,72.34131234655243,65.52589951559999,4.72161653677813,0.0
2026orsal,2026orsal_qm22,,6845,blue,1.9091258651814158,0.0,-3.6612112654977804,4.468794147310311,-0.2929402341502666,-1.4056155280423492,0.0,-0.14349947935924925,-1.0285942759807198,-0.7832119057849486,0.0,4.961511304318797,1.9091258651814158,-1.646769911095053,0.8075828818125392,0.0
2026orsal,2026orsal_qm22,,4061,blue,-43.88377057593985,0.0,-1.690753400859544,-4.291559532998879,-0.1659163209848403,0.5634799591853232,0.0,-0.004657768316817202,0.7661119344497918,-0.6946339881472274,0.0,-10.466078323696058,-43.88377057593985,-33.9811722114292,-5.982312933858418,0.0
2026orsal,2026orsal_qm23,,2374,red,132.3045436722508,0.0,6.359301606833266,0.31722151293424317,0.9292764842176079,-1.1227494794988981,0.0,-0.07161145305174674,0.7730041328056648,3.3673793737014277,0.0,18.34563762865694,132.3045436722508,115.08165552309278,6.676523119767504,0.0
2026orsal,2026orsal_qm23,,3673,red,-18.978687024667508,0.0,-1.3898214227440744,2.792375380772841,-0.4942902349379119,-1.0644033502574997,0.0,-0.06854978218136196,-0.5375737716383271,-1.7813572405634457,0.0,-1.3917420320962077,-18.978687024667508,-16.522541642313744,1.4025539580287667,0.0
2026orsal,2026orsal_qm23,,6343,red,-39.61807881445022,0.0,-4.556203178531804,-1.4638655277888648,-0.6311803657601277,0.7678691278567851,0.0,0.06652854719052785,-0.32320593319083735,-1.9425530563445317,0.0,-6.983069756491343,-39.61807881445022,-33.40287818581567,-6.020068706320662,0.0
2026orsal,2026orsal_qm23,,2926,blue,75.61316665730347,0.0,0.8347247761770402,2.991112377153372,0.6243641531547159,-0.9456153574628215,0.0,0.007147057497775318,-0.17881576524069145,2.3585905934738913,0.0,16.660929731263384,75.61316665730347,59.897852283502885,3.8258371533304123,0.0
2026orsal,2026orsal_qm23,,846,blue,125.60331066011747,0.0,-3.8014588019464775,-3.9066888818536594,0.30141664165911997,-4.1416562541566195,0.0,-0.02360656590648237,0.21046536639461771,1.7757888091777603,0.0,19.126767676146066,125.60331066011747,110.61819923812811,-7.708147683800134,0.0
2026orsal,2026orsal_qm23,,4060,blue,-9.22490739586594,0.0,-0.41516842544504545,0.3366973692061043,0.05544311873787535,3.1909027481948615,0.0,-0.0035514191337159833,-0.3039520612576032,0.20261772059063118,0.0,2.009722930853077,-9.22490739586594,-14.425533074913895,-0.07847105623894192,0.0
2026orsal,2026orsal_qm24,,1540,red,145.44550227300203,0.0,0.1579199996384205,4.3353773945797975,0.5867272788660746,7.096268987342715,0.0,0.21114808593661585,0.5482285304367799,1.805641315350001,0.0,36.02719634782343,145.44550227300203,102.3220369378359,4.493297394218216,0.0
2026orsal,2026orsal_qm24,,7034,red,-7.021222668140993,0.0,-2.9897743158857657,-1.473899938100404,-0.3470420121630124,1.289829609001639,0.0,0.4891296432739992,-0.006765116580369695,-0.35612061792607236,0.0,-15.926086440530298,-7.021222668140993,7.615034163387601,-4.46367425398617,0.0
2026orsal,2026orsal_qm24,,4125,red,-42.54666068068049,0.0,0.39932800296804954,-4.568327603091342,0.05225439443904667,1.3556264924746255,0.0,0.8633141647855458,-0.4973938233542694,-0.35496758412951157,0.0,-10.612588966010636,-42.54666068068049,-33.28969820714445,-4.168999600123291,0.0
2026orsal,2026orsal_qm24,,9567,blue,66.61225947567667,0.0,1.2079827962853635,1.58214755957157,0.21314478636875067,3.590127264148057,0.0,-0.49237438292320906,0.973610040429941,1.9260035979696355,0.0,11.655496436157044,66.61225947567667,51.3666357753716,2.7901303558569337,0.0
2026orsal,2026orsal_qm24,,3024,blue,27.651992581635483,0.0,-0.8736683730593845,1.7900257977991947,0.2152393890724106,8.19476769371057,0.0,0.28245170645946455,0.16979053014160753,1.1286026118587045,0.0,14.937784221526458,27.651992581635483,4.519440666398466,0.91635742473981,0.0
2026orsal,2026orsal_qm24,,847,blue,19.522775791911595,0.0,-1.8141281683595878,-1.8991028037641573,-0.02556216473061495,9.539779703866422,0.0,0.0778793720106594,1.3711534897707305,0.49586431646853013,0.0,-1.4998273979066827,19.522775791911595,11.482823485951968,-3.713230972123749,0.0
2026orsal,2026orsal_qm25,,8532,red,-9.634984199842064,0.0,6.182107527620834,11.37764010239835,0.023088339119904617,1.7082220002018431,0.0,0.37553765212364193,-0.7276478318123005,-0.49162639946316294,0.0,5.401317197390322,-9.634984199842064,-16.744523397434296,17.559747630019185,0.0
2026orsal,2026orsal_qm25,,6443,red,37.654183615275585,0.0,0.752637565492827,-1.2249879125254122,0.0936468108380933,-1.5953744578697837,0.0,0.1431109562741438,0.6807511565259817,-0.21348404164196422,0.0,-2.135758928094496,37.654183615275585,41.38531700123984,-0.47235034703258927,0.0
2026orsal,2026orsal_qm25,,9023,red,92.32161313322365,0.0,-6.3736184106773734,3.5068004258168184,0.4406324218631067,2.126898747657244,0.0,0.138840882730138,-0.4138079293997807,3.246072401668456,0.0,7.208670988397277,92.32161313322365,82.98604339716913,-2.8668179848605546,0.0
2026orsal,2026orsal_qm25,,2521,blue,118.9572452890246,0.0,3.0075553211665214,-0.3317753492952072,0.8402506613039408,3.7580154095086935,0.0,-0.38322875916192284,1.2346058488778977,3.032108445822418,0.0,28.300701436787993,118.9572452890246,86.89852844272792,2.675779971871312,0.0
2026orsal,2026orsal_qm25,,9430,blue,66.67432207847845,0.0,-3.7507900634982385,2.9782434070792703,0.43242139299283383,5.039386271616191,0.0,-7.657792441529859e-05,-0.057453363562805004,0.4648988925924227,0.0,19.63657665452998,66.67432207847845,41.99835915233224,-0.7725466564189647,0.0
2026orsal,2026orsal_qm25,,3712,blue,-10.95186284136774,0.0,2.9349345083504854,-2.340602854986031,-0.19083820143805708,2.086041811833355,0.0,0.06427079047369998,0.4501484364812061,-1.1244218722635928,0.0,4.9826936578497945,-10.95186284136774,-18.020598311050936,0.5943316533644547,0.0
2026orsal,2026orsal_qm26,,6845,red,-8.073472361057275,0.0,-3.046391072647086,2.456282404831251,-0.2938189409113862,2.356523890932062,0.0,-0.06912041704656434,-0.44155233181651754,-1.5125832069784015,0.0,4.645303208891555,-8.073472361057275,-15.075299460880922,-0.5901086678158367,0.0
2026orsal,2026orsal_qm26,,4060,red,-28.093536710552005,0.0,-1.0304635887620794,0.7762576701494512,-0.25044419130346973,2.808698094733603,0.0,0.29317814514989515,-0.37725732433366077,-0.9822238890545002,0.0,-0.03672338303026523,-28.093536710552005,-30.865511422255352,-0.25420591861262487,0.0
2026orsal,2026orsal_qm26,,2374,red,123.35018253437377,0.0,5.609982801986568,-3.656084574377726,0.7554682915972424,-4.732328354176573,0.0,-0.41805110447109467,0.7565437359954589,3.1969633233286228,0.0,17.37332014661648,123.35018253437377,110.70919074193377,1.9538982276088426,0.0
2026orsal,2026orsal_qm26,,9438,blue,-20.917671562421127,0.0,0.9459397091025525,-0.9792228944649125,0.2803992115618144,-0.49353932389707916,0.0,0.0647142616338435,0.18269598286914454,0.03875731825805224,0.0,3.5152263597832003,-20.917671562421127,-23.9393585983073,-0.033283185362358164,0.0
2026orsal,2026orsal_qm26,,3674,blue,93.92029935313445,0.0,-3.8974051027567227,4.025774806487807,0.5765895828883014,4.65502543225016,0.0,-0.04428295680872221,-0.5194072711919789,0.7830787066881272,0.0,8.157961462390768,93.92029935313445,81.10731245849345,0.12836970373108172,0.0
2026orsal,2026orsal_qm26,,1359,blue,28.40968133887396,0.0,6.867892065545428,5.14751039803585,0.056638075995548216,-3.9115637998786887,0.0,-0.0520801944815269,-0.15200594738528933,1.6618166042345985,0.0,10.354661011701632,28.40968133887396,21.966584127050965,12.015402463581278,0.0
2026orsal,2026orsal_qm27,,753,red,50.25143750590772,0.0,2.0016428327842815,-2.44556741460191,0.7245761992818118,2.375381859257203,0.0,0.24824403288416894,0.2319515890525058,1.7026805233286848,0.0,4.734734648803433,50.25143750590772,43.141320997847,-0.4439245818176275,0.0
2026orsal,2026orsal_qm27,,5468,red,118.5091768709157,0.0,4.7690454757839476,2.5816638460465664,0.43561106629811974,-1.8694467713676068,0.0,0.1673783984542436,-0.2778074923030296,2.131567476029747,0.0,23.77395909677972,118.5091768709157,96.60466454550357,7.350709321830511,0.0
2026orsal,2026orsal_qm27,,6343,red,13.497869526154405,0.0,-4.673721128135745,1.2278637077570982,-0.3452356701510525,7.980355720401859,0.0,0.7376229960211883,-0.3117364433542316,-0.42462885049906157,0.0,-1.6820355191945195,13.497869526154405,7.199549324947027,-3.445857420378654,0.0
2026orsal,2026orsal_qm27,,2811,blue,-27.543412951539533,0.0,1.983212728679247,1.203832017869097,-0.09719562293677401,11.845320388669988,0.0,0.3124931721807148,0.5278281283409989,1.1176285742292602,0.0,-6.958132501574344,-27.543412951539533,-32.43060083863526,3.1870447465483474,0.0
2026orsal,2026orsal_qm27,,846,blue,132.10333711226528,0.0,-2.4238022758251905,1.6421164970107935,0.4036284748430995,0.15735472895740946,0.0,0.039035023653617947,0.6428977327510673,1.1274103659991548,0.0,22.988915080440435,132.10333711226528,108.95706730286749,-0.7816857788144003,0.0
2026orsal,2026orsal_qm27,,9567,blue,41.47026674917741,0.0,0.5481465072372226,3.3303951684717727,0.04351537574529423,8.863139382264146,0.0,-0.4419770462233554,1.6838679604273397,0.42216433345773247,0.0,8.159325561975129,41.47026674917741,24.447801804938166,3.8785416757089983,0.0
2026orsal,2026orsal_qm28,,749,red,62.812076009919174,0.0,3.325368131023792,-2.276338696425563,0.3616376165301563,5.341165537876043,0.0,-0.14944595544392136,0.5854493442130458,0.6813928071763672,0.0,9.665735493562922,62.812076009919174,47.805174978480245,1.0490294345982287,0.0
2026orsal,2026orsal_qm28,,4061,red,-11.759778822428629,0.0,-2.52836852599323,0.5714602721034634,-0.08374297730071407,0.8870601519666879,0.0,0.040156421780864614,0.30239529323107284,-0.03368497863995359,0.0,-3.264171763227185,-11.759778822428629,-9.38266721116807,-1.95690825388977,0.0
2026orsal,2026orsal_qm28,,3673,red,-5.098398493642743,0.0,-1.0084100784394847,2.131300599104947,-0.30271131480294683,0.5983452777739614,0.0,-0.1752087328148304,-0.7937871301971109,-1.1368461245632946,0.0,2.261780285452784,-5.098398493642743,-7.9585240568695275,1.1228905206654678,0.0
2026orsal,2026orsal_qm28,,10991,blue,73.57124292064904,0.0,2.3938372132445718,1.796189175844791,0.1515286057839289,0.3270949871921971,0.0,-0.15435481242215188,0.3554258045890062,0.7512112401985727,0.0,14.320834552375644,73.57124292064904,58.9233133810813,4.190026389089364,0.0
2026orsal,2026orsal_qm28,,2926,blue,68.64454543324855,0.0,-2.4675771140544183,-0.34182463748116276,0.621102705411282,-0.36268922992921876,0.0,0.22969471235077568,-0.1556272576856409,2.653486380501589,0.0,10.675097988225357,68.64454543324855,58.33213667495241,-2.8094017515355776,0.0
2026orsal,2026orsal_qm28,,955,blue,106.42099011328497,0.0,2.4054456517711444,-1.0123382802820153,0.41435562511568264,-2.615184228505406,0.0,0.24395484360854147,0.1483031055891821,1.7178562238455013,0.0,21.219263855849977,106.42099011328497,87.8169104859405,1.3931073714891287,0.0
2026orsal,2026orsal_qm29,,997,red,82.29773746148956,0.0,5.361274819676221,-1.4395633587069274,0.4551424973394336,-0.5694923064120381,0.0,-0.31084308421599033,0.628889706641052,1.5779127704198987,0.0,21.172917523349962,82.29773746148956,61.69431224455167,3.9217114609692953,0.0
2026orsal,2026orsal_qm29,,4043,red,33.54030539648827,0.0,-1.5247319867405371,1.7343146786040171,0.019666902168751037,-2.679158034372952,0.0,0.005875877355169841,-0.2838603685380806,-1.0484309095367148,0.0,3.0616723082337565,33.54030539648827,33.157791122627486,0.20958269186347922,0.0
2026orsal,2026orsal_qm29,,4125,red,4.952231809542618,0.0,-0.9532573847291724,-2.3373371587005614,0.3037894811789622,-0.2010525085997301,0.0,0.5067535861653805,-0.5134051728421578,1.8878551374901842,0.0,-1.997756933860826,4.952231809542618,7.151041252003139,-3.290594543429731,0.0
2026orsal,2026orsal_qm29,,2733,blue,-1.805446539656,0.0,-1.4536706152231142,-1.2974754065801637,-0.09252545876860563,0.6599644395471731,0.0,0.2434229892408662,0.28159395422825073,0.5518712739411152,0.0,-6.061319975732489,-1.805446539656,3.595908996529375,-2.751146021803281,0.0
2026orsal,2026orsal_qm29,,5920,blue,13.10200347206439,0.0,-1.4509430073530436,0.42784184866212943,-0.05567419849601389,-3.2384008325268354,0.0,-0.09257410855792063,0.20090880950307075,-0.6994028529906503,0.0,4.539085795451232,13.10200347206439,11.80131850914001,-1.0231011586909124,0.0
2026orsal,2026orsal_qm29,,6465,blue,39.88840975345939,0.0,4.998149282330576,-0.2015569253102547,0.29284221083277406,1.0474856097595981,0.0,-0.13265703205715257,-0.13306628503078935,0.6383415741426991,0.0,3.2684623544679337,39.88840975345939,35.57246178923184,4.796592357020326,0.0
2026orsal,2026orsal_qm30,,4692,red,29.211888037466945,0.0,0.49567930090117696,-1.201449969106528,0.30886784038506454,-2.349168348510672,0.0,-0.2858099188270728,-0.05742389008210205,0.5902314690640932,0.0,15.210069615232124,29.211888037466945,16.35098677074542,-0.7057706682053484,0.0
2026orsal,2026orsal_qm30,,847,red,12.389347506259805,0.0,-0.5560526703282553,-3.427766675392591,-0.10839412583724417,4.193764622617942,0.0,-0.117975563255589,0.9186265514244268,0.4963277746183381,0.0,1.0393846703732024,12.389347506259805,7.156198213268652,-3.983819345720848,0.0
2026orsal,2026orsal_qm30,,3674,red,109.9941891134598,0.0,-1.0876432329437424,4.033732432760758,0.7455432310622817,4.256433834381334,0.0,0.0719321370671374,-0.7055572532011934,2.053026035564929,0.0,8.632763397309365,109.9941891134598,97.10499188176912,2.9460891998170182,0.0
2026orsal,2026orsal_qm30,,1359,blue,11.943430603627974,0.0,4.151522649819819,3.92669404788739,-0.125655434694952,-2.919762133384615,0.0,0.09367549755511088,-0.08943214983545879,0.2625215479428383,0.0,8.06005584921735,11.943430603627974,6.803136887795279,8.078216697707212,0.0
2026orsal,2026orsal_qm30,,2811,blue,-28.603400579799274,0.0,-0.19247942909040205,0.7091695876727107,-0.19973098030629322,7.2072476306541775,0.0,-0.03399478278369293,0.7018825100688618,0.41516929754385906,0.0,-4.721568403716597,-28.603400579799274,-31.089079806736848,0.5166901585823063,0.0
2026orsal,2026orsal_qm30,,753,blue,51.9971595612633,0.0,-0.1750296610420544,-2.9208519267308843,0.6374480390741669,0.010826617359040034,0.0,0.05946869522794092,0.35246523731579943,1.19040852129661,0.0,6.176868627252205,51.9971595612633,45.809464316652004,-3.0958815877729435,0.0
2026orsal,2026orsal_qm31,,5468,red,107.77709943366732,0.0,3.458202085052466,7.179660158343748,0.30420803489459886,1.912991225674557,0.0,0.4153909039584468,-0.6950317037250864,1.6721988973282809,0.0,19.28411547774123,107.77709943366732,86.57999273025158,10.637862243396219,0.0
2026orsal,2026orsal_qm31,,2521,red,113.08046612568089,0.0,0.8922380856443469,5.925799127076539,0.6799903004419695,4.965530349970704,0.0,-0.389526130930842,1.0076873013019498,2.396139058978707,0.0,26.31839635454833,113.08046612568089,81.79653942116185,6.818037212720885,0.0
2026orsal,2026orsal_qm31,,749,red,51.901714752569895,0.0,0.3570952793241594,3.897039832335162,0.14925509544842097,6.0685627844750405,0.0,-0.15479085853622063,0.15362067213819097,-0.1414550643443988,0.0,7.454422567356491,51.901714752569895,38.37872940073836,4.2541351116593225,0.0
2026orsal,2026orsal_qm31,,3024,blue,26.757729538398642,0.0,-0.5671829342308281,-1.4120754454128719,0.2432744340625255,2.8433208471683487,0.0,0.3553263114594331,0.3091106467950037,1.11946609429522,0.0,13.86124850255929,26.757729538398642,10.05316018867102,-1.9792583796437047,0.0
2026orsal,2026orsal_qm31,,3673,blue,-5.733682596529238,0.0,1.1863101471528485,0.814881490104745,-0.2086672184134415,-0.836714937787902,0.0,0.058786660285644214,-0.5001643838806319,-0.7899274909838144,0.0,0.17321052539529974,-5.733682596529238,-5.0701781841366795,2.0011916372575977,0.0
2026orsal,2026orsal_qm31,,6845,blue,5.674875990299061,0.0,-0.3684271423076867,0.09006288034428882,-0.0869032318648697,0.3416440497614783,0.0,0.25731069460010647,-0.3497139388865032,-0.4658495728636442,0.0,1.6893275676457367,5.674875990299061,3.6439043728919422,-0.27836426196339675,0.0
2026orsal,2026orsal_qm32,,6343,red,12.956302625825028,0.0,-2.618966910912276,-1.1515887862621794,-0.3579090593280744,5.030309374658389,0.0,0.5600644216610173,-0.08571360636788389,-0.5970276306482988,0.0,-2.437205359785444,12.956302625825028,10.363198610952105,-3.7705556971744523,0.0
2026orsal,2026orsal_qm32,,9438,red,-7.870205992170682,0.0,1.4066313114201061,0.3989906469077004,0.1884208317310439,-0.6307755953522621,0.0,-0.427027223761198,0.39590779727970443,-0.44455087505657576,0.0,7.8155346641063685,-7.870205992170682,-15.054965060924683,1.805621958327804,0.0
2026orsal,2026orsal_qm32,,2926,red,63.061980422869624,0.0,-0.9989380981611601,-1.1680767481887646,0.4562660096239811,-1.1372379177259242,0.0,0.18099070641774734,-0.1826573295884561,1.8335030364916056,0.0,9.195220851736726,63.061980422869624,55.0039974888588,-2.1670148463499244,0.0
2026orsal,2026orsal_qm32,,4043,blue,28.967051617516635,0.0,-0.44998203047815155,-1.2252659605179554,0.13754898588164124,-3.464199045839216,0.0,0.02652243950332036,0.12624354005344662,-0.08897130240648052,0.0,1.9517281494796832,28.967051617516635,30.479522513876184,-1.6752479909961155,0.0
2026orsal,2026orsal_qm32,,6465,blue,34.67746562521909,0.0,3.862812122026358,-0.18850293311249433,0.2659365696036816,0.2208104875159566,0.0,-0.17746266168466915,0.02540778490096614,0.7787829515366855,0.0,1.655559351212072,34.67746562521909,32.801095786491075,3.674309188913867,0.0
2026orsal,2026orsal_qm32,,9430,blue,61.340947279709596,0.0,-1.9712609774201368,-0.07123673440322312,0.5103335588353517,3.798857926920772,0.0,0.2037955001569042,0.24393085846356266,1.3530473664507991,0.0,14.507567171400778,61.340947279709596,43.034522181388105,-2.042497711823354,0.0
2026orsal,2026orsal_qm33,,9567,red,26.11392476527878,0.0,1.6070137414988401,3.9721499884535816,0.08668918667147114,8.45155569211709,0.0,-0.30577345706804093,1.1484043689841668,0.19575997794343958,0.0,8.944427702989207,26.11392476527878,8.717941370172422,5.579163729952421,0.0
2026orsal,2026orsal_qm33,,8532,red,11.725007801683637,0.0,7.922256757906197,7.3728734180643585,0.20510589646539848,-1.0508697876163942,0.0,0.33894212267000157,-0.4149558228130022,-0.08202647604187976,0.0,10.199720080272444,11.725007801683637,2.5761575090276185,15.295130175970561,0.0
2026orsal,2026orsal_qm33,,955,red,108.68533253401687,0.0,3.4114628889126677,-0.9201002613014843,0.5460296182266455,-3.297647394909683,0.0,0.1336606874775754,-0.01037937023151757,1.7609037401865473,0.0,26.784129312817544,108.68533253401687,85.19885061610907,2.4913626276111787,0.0
2026orsal,2026orsal_qm33,,5920,blue,10.139764681375254,0.0,-0.4064702006891449,-1.7631173647521126,0.02208475027293861,-2.992326548039615,0.0,-0.027589191861151417,-0.09693857789106337,-0.28702021607230277,0.0,4.44779253396265,10.139764681375254,8.68429869545216,-2.16958756544126,0.0
2026orsal,2026orsal_qm33,,1540,blue,123.97907212487891,0.0,1.3935145828864226,3.0553365346677075,0.5333754500553014,5.4664471217767945,0.0,0.05299980231133966,0.5713967228006208,1.9096668634802179,0.0,32.05177592600583,123.97907212487891,86.46084907709634,4.448851117554128,0.0
2026orsal,2026orsal_qm33,,2374,blue,88.24432363462819,0.0,1.18724496436804,0.018460902226436964,0.42702286578847076,-2.0152454340341115,0.0,-0.3384435173560949,0.23297529903024644,1.554444802976764,0.0,13.617748530485338,88.24432363462819,76.64182053817702,1.2057058665944824,0.0
2026orsal,2026orsal_qm34,,4061,red,-18.386228440389978,0.0,-0.8260312907001433,-2.109031070795813,-0.061651444502700825,0.5035422767760458,0.0,-0.07489758798405062,0.41735073183210203,-0.3691053712169426,0.0,1.3728220509687645,-18.386228440389978,-20.262592768134706,-2.9350623614959552,0.0
2026orsal,2026orsal_qm34,,9023,red,69.85695191299017,0.0,-3.140466710453937,2.611189736474713,0.3267736674267869,3.6434196756931554,0.0,0.2550085112076201,-0.22065056772690814,2.256495983213405,0.0,6.763514065959205,69.85695191299017,59.45001817133783,-0.5292769739792232,0.0
2026orsal,2026orsal_qm34,,10991,red,56.44339401516305,0.0,1.4158083624604314,2.6385246696659905,0.023866440017205726,1.2951191727868778,0.0,-0.040054332110894875,0.34596087797718966,0.2384825364605363,0.0,13.78756842635255,56.44339401516305,41.360706416023504,4.05433303212642,0.0
2026orsal,2026orsal_qm34,,6443,blue,37.56756690989337,0.0,-0.20546256307428284,1.04550686136294,0.1580586470597275,0.42732933338617357,0.0,-0.1322800048754041,0.33690039745836986,0.08141551759827559,0.0,2.242259355438133,37.56756690989337,34.89797822106902,0.8400442982886607,0.0
2026orsal,2026orsal_qm34,,7034,blue,13.0026853701955,0.0,-0.021980183261634468,-2.8163230065118565,-0.009227502907488106,1.064391214004636,0.0,0.468900613724098,0.2491366279879926,0.719054116821947,0.0,-10.17354824494915,13.0026853701955,22.11184240114004,-2.838303189773486,0.0
2026orsal,2026orsal_qm34,,846,blue,141.17068032692086,0.0,-1.872825781722846,2.399416603298623,0.507785263021436,3.6489759251152014,0.0,-0.012937280810474789,0.5528681193800223,1.8175647734932028,0.0,26.745618943504546,141.17068032692086,110.77608545830115,0.5265908215757729,0.0
2026orsal,2026orsal_qm35,,997,red,81.69376319262112,0.0,3.8108788894691283,0.5893958653931001,0.47889948476767685,1.096048626184998,0.0,-0.1328220295879973,0.5779938864752506,1.876575958755843,0.0,15.130576040484664,81.69376319262112,65.4671385259515,4.400274754862228,0.0
2026orsal,2026orsal_qm35,,4060,red,2.706732793150807,0.0,-0.5046462136002038,-1.7073549893394797,0.03059030772431981,-2.1761398001202146,0.0,0.11647325371618801,-0.024774303693474903,0.616509368564685,0.0,-1.5943235570719945,2.706732793150807,6.477196150343116,-2.2120012029396814,0.0
2026orsal,2026orsal_qm35,,4692,red,19.818794219897047,0.0,-0.37462344507271017,-2.290251002746323,0.3481818472348567,-1.8045702310611842,0.0,-0.13828305610603012,0.13485055086692727,0.8457664336372914,0.0,8.112979568311687,19.818794219897047,13.51038488264654,-2.6648744478190407,0.0
2026orsal,2026orsal_qm35,,2733,blue,10.725871931735748,0.0,-2.2341214700206953,1.9432773086491808,-0.16519501457126642,2.332549474100924,0.0,0.07319200433956523,0.12997474509286222,-0.18620685673225587,0.0,1.315039393164492,10.725871931735748,7.078283064470326,-0.2908441613715226,0.0
2026orsal,2026orsal_qm35,,4125,blue,16.348412106303993,0.0,-1.576488378171304,-1.8410170764656089,0.2017961709054005,0.6553909958612858,0.0,0.30796217836539824,-0.6150920830292543,0.9753495455354153,0.0,3.5995150936722196,16.348412106303993,12.09350601677045,-3.417505454636915,0.0
2026orsal,2026orsal_qm35,,3712,blue,1.786999280113486,0.0,4.0564271555898666,-1.910208686584085,-0.057011474744027985,-0.7585152894616084,0.0,-0.2745668206684402,0.21599302784343744,-0.3411902378808366,0.0,10.55421732254423,1.786999280113486,-8.008702752969093,2.1462184690057824,0.0
2026orsal,2026orsal_qm36,,3673,red,-1.811512399685325,0.0,0.7162540652398617,0.5848549004640707,-0.23591397375954945,0.7753889313303608,0.0,0.12291772866299908,-0.4162592917160004,-0.49616674550106027,0.0,-2.1726650426517335,-1.811512399685325,-0.4142362883639697,1.3011089657039376,0.0
2026orsal,2026orsal_qm36,,9438,red,-0.055398735812780014,0.0,0.20622018740062434,0.883206530441934,0.17398500864479544,1.646238798498243,0.0,-0.2872343222851761,0.348356649793091,0.1529148878933665,0.0,2.9825499569756757,-0.055398735812780014,-4.684187491286674,1.0894267178425594,0.0
2026orsal,2026orsal_qm36,,4043,red,32.472625492246586,0.0,-0.49759011115834784,-1.4072640728061108,0.13192669078417404,-2.31925663967781,0.0,0.06610115632397355,0.05114463785962882,0.08633708445875572,0.0,0.903679270080202,32.472625492246586,33.888202861844235,-1.9048541839644662,0.0
2026orsal,2026orsal_qm36,,8532,blue,27.360565271286514,0.0,9.331376234646315,9.71913182325696,0.1270009045225973,-1.1093621391243023,0.0,0.24094160496013314,-0.2957881669898401,0.3820711532729464,0.0,9.614425276254158,27.360565271286514,18.855502134156627,19.05050805790328,0.0
2026orsal,2026orsal_qm36,,5920,blue,21.895525685378935,0.0,0.9207896637258868,0.3420714009958895,-0.05702738691257607,-2.7179653694579606,0.0,-0.13009304949326966,0.08496574339968298,-0.02547022796064367,0.0,4.953951342585555,21.895525685378935,19.659539712251302,1.2628610647217757,0.0
2026orsal,2026orsal_qm36,,3024,blue,41.229698135012946,0.0,0.4468254866672036,1.5243850290410008,0.16302126769038935,3.2605651615190077,0.0,0.24400821758675695,0.5735435008384507,1.42478438639869,0.0,11.69488534211346,41.229698135012946,26.274247631380426,1.971210515708207,0.0
2026orsal,2026orsal_qm37,,7034,red,32.76990948216959,0.0,1.8264380763200831,-2.4700980656922433,0.17705838440953325,4.2032101802807835,0.0,0.42168300369203887,0.34563622643758063,1.2315900431920757,0.0,-4.984729452184036,32.76990948216959,33.55142875407289,-0.6436599893721626,0.0
2026orsal,2026orsal_qm37,,1359,red,36.448751703784225,0.0,6.666202232253829,4.491302581948646,0.0679377738638708,-0.39751583960499454,0.0,-0.09470152934830434,-0.04852171541199352,0.7395618790301572,0.0,16.832658256584573,36.448751703784225,20.013609286804687,11.157504814202476,0.0
2026orsal,2026orsal_qm37,,4061,red,5.782087609352525,0.0,1.0432215786405075,-1.8169048097482055,0.11610761171954793,4.204367282453435,0.0,-0.18538162637950417,0.4951803020325252,0.28355025217401214,0.0,6.811545198829974,5.782087609352525,-5.233824871930789,-0.7736832311076989,0.0
2026orsal,2026orsal_qm37,,2926,blue,66.19959463919247,0.0,-0.6810657757314426,-0.5419709795443366,0.39421160264450406,-1.6816905911996987,0.0,0.27557217104282156,-0.11898204062371863,1.3313092340717425,0.0,11.893164721929212,66.19959463919247,55.988120508463005,-1.2230367552757828,0.0
2026orsal,2026orsal_qm37,,6465,blue,23.782250721239052,0.0,2.249145347608165,-0.5165677646135907,0.14483511925645642,-0.6347951622871671,0.0,0.054967075349317884,0.0903707213302959,0.3018068233084627,0.0,-1.5549074031190346,23.782250721239052,25.971953286645284,1.732577582994573,0.0
2026orsal,2026orsal_qm37,,2811,blue,-28.82669759475655,0.0,-0.6182951544868986,0.7012373113286257,-0.29539214184438073,7.693689628963854,0.0,0.10136653293350534,0.8566414419153214,0.06211249879311712,0.0,-6.263216415176302,-28.82669759475655,-30.257170808544128,0.08294215684172183,0.0
2026orsal,2026orsal_qm38,,955,red,124.55133566081588,0.0,2.1898397946940826,-1.247407974182826,0.6249948714330157,-2.0396325987773,0.0,0.027850192671152876,0.12942091274538836,2.1604919605321347,0.0,27.046417516838357,124.55133566081588,99.54455074275482,0.9424318205112551,0.0
2026orsal,2026orsal_qm38,,6845,red,13.822112035249386,0.0,-1.2127695122027944,-1.8637897559083871,0.017099847642722796,0.24886141724784025,0.0,0.09618214552734831,-0.2968079323716798,-0.15204420579038813,0.0,2.965547267119462,13.822112035249386,10.60770335088207,-3.0765592681111786,0.0
2026orsal,2026orsal_qm38,,5468,red,127.85287452246035,0.0,3.853048020934466,6.069431740163388,0.3863265049256135,2.9771703355071666,0.0,0.1767174582316433,-0.5571292094005535,1.712615424365285,0.0,25.35275226710516,127.85287452246035,99.52295191984791,9.922479761097849,0.0
2026orsal,2026orsal_qm38,,4125,blue,14.954239629268402,0.0,-0.7309018233139425,-0.2550914429490382,0.10364899441996434,0.13993140232188642,0.0,0.30893028586454624,-0.45481258189988977,0.5692166639818397,0.0,4.639793564202738,14.954239629268402,10.174514662743753,-0.9859932662629809,0.0
2026orsal,2026orsal_qm38,,2374,blue,77.974017393077,0.0,0.5385631190584962,0.5271862946446167,0.33927864793186324,-3.631027751898787,0.0,-0.2593890671258219,0.21169053510491542,0.9172311104609173,0.0,13.675105100868409,77.974017393077,67.92994004410734,1.0657494137031136,0.0
2026orsal,2026orsal_qm38,,847,blue,4.312305139855575,0.0,-0.909137539605444,-2.560778363248515,-0.21516745335877505,4.058146791520749,0.0,-0.01469222112844391,0.8476314608867127,-0.11133752611313119,0.0,0.06300072223937117,4.312305139855575,0.19115762609541848,-3.4699159028539603,0.0
2026orsal,2026orsal_qm39,,1540,red,108.126628734799,0.0,1.0923113060898266,1.6779669308221177,0.43220533486538154,3.961715517623072,0.0,0.11568398751593291,0.3712157790985004,1.4729115072611634,0.0,24.44989644076768,108.126628734799,79.71501677640825,2.7702782369119423,0.0
2026orsal,2026orsal_qm39,,4692,red,20.421964905162458,0.0,-0.021162688323472328,-2.5244709244335084,0.271761791966311,-1.6339879046841024,0.0,-0.14508444410212457,0.037888964609918634,0.7423185698347594,0.0,4.68668713772918,20.421964905162458,17.369265672117372,-2.5456336127569803,0.0
2026orsal,2026orsal_qm39,,9023,red,68.49396140280048,0.0,-3.099537525840759,1.9054260110585435,0.3161934607718781,2.5600536847810615,0.0,0.2379745480557784,-0.30493047625357445,2.159178613436302,0.0,3.271063648859537,68.49396140280048,62.662844069159924,-1.1941115147822106,0.0
2026orsal,2026orsal_qm39,,10991,blue,46.756208564650905,0.0,0.5631223008590056,2.042724034393462,0.13984813024496534,-0.78303444256973,0.0,-0.055339603530730475,0.3175998208015499,0.15118113352082574,0.0,12.433390541002893,46.756208564650905,35.105852466217726,2.605846335252469,0.0
2026orsal,2026orsal_qm39,,4060,blue,16.842761774476024,0.0,0.33153286569609386,-0.9713850116872219,0.23228947978521577,-1.50818891777219,0.0,0.03707366571143936,0.1380371755168804,0.9361070749079599,0.0,3.0641988289434448,16.842761774476024,15.28675186330479,-0.6398521459911288,0.0
2026orsal,2026orsal_qm39,,6343,blue,25.357371881170515,0.0,-1.4212563098580777,-1.1933787143490804,-0.11031789362444157,4.156673059043554,0.0,0.3333366088780121,0.05443774407577648,-0.40228280500762037,0.0,3.3626863116503185,25.357371881170515,17.838012510476627,-2.6146350242071543,0.0
2026orsal,2026orsal_qm40,,9430,red,77.55987236561056,0.0,-0.1399847755204081,-0.7814135539554418,0.6720395180885785,1.787947090616491,0.0,0.07126735617202705,0.010651134723474488,1.3422720645037403,0.0,19.578869205849156,77.55987236561056,56.19305606914491,-0.9213983294758463,0.0
2026orsal,2026orsal_qm40,,2733,red,5.827723957980661,0.0,-2.5289121487225374,0.3378645243158219,-0.05042482025754276,-0.29833037797714834,0.0,0.13108052827626196,-0.13847830230314154,-0.30279687747067874,0.0,2.8354224611384278,5.827723957980661,3.290631874819411,-2.1910476244067167,0.0
2026orsal,2026orsal_qm40,,9567,red,20.591830054900093,0.0,1.4232503893154804,1.9103778052824099,0.10751730055285336,5.95277032859994,0.0,-0.2671208709317513,0.8572836888908284,-0.08456090208198933,0.0,7.335991885513584,20.591830054900093,7.303067840786563,3.33362819459789,0.0
2026orsal,2026orsal_qm40,,846,blue,133.87916742672192,0.0,-1.4459768684356344,1.0569618961315386,0.35841193792047926,1.4110089173183973,0.0,-0.02276014766114024,0.5270341680189266,1.8000232255282114,0.0,27.62648241325914,133.87916742672192,104.84167609614443,-0.3890149723040978,0.0
2026orsal,2026orsal_qm40,,749,blue,40.11614379514786,0.0,0.27213661428688085,1.8198508192536127,0.0712668766656524,3.3584600414505217,0.0,-0.06003512179586156,0.06610872345185685,-0.38102814944982544,0.0,9.949640857891401,40.11614379514786,26.808042895805933,2.0919874335405,0.0
2026orsal,2026orsal_qm40,,3674,blue,110.00874723657897,0.0,-0.6008452916954137,1.7250478566491894,0.755803699769141,1.3507177999020874,0.0,0.011623398775296908,-0.6982747334892155,2.1431527260476795,0.0,12.14099301300265,110.00874723657897,96.51703642367418,1.124202564953772,0.0
2026orsal,2026orsal_qm41,,997,red,64.04868919647434,0.0,2.542877917811657,-0.5075466264301414,0.3558317563930097,-0.5198748522591293,0.0,-0.08431712899167147,0.8043156053686846,1.4354602416346456,0.0,10.702787202075752,64.04868919647434,53.86577684665769,2.0353312913815134,0.0
2026orsal,2026orsal_qm41,,2521,red,88.05856892158455,0.0,-0.8437604066024859,4.937302937717945,0.492581006214551,3.643354868260254,0.0,-0.1688671151397348,1.2325423011459014,1.925401985196123,0.0,16.45388816231581,88.05856892158455,67.96132589100843,4.093542531115456,0.0
2026orsal,2026orsal_qm41,,753,red,32.31342357103753,0.0,-1.829801015447873,-2.5678907164135114,0.4030455239306558,-0.7931427962909242,0.0,0.25429501717299013,0.6974768092417747,0.839485502675397,0.0,-2.3837071973424138,32.31342357103753,35.49027356467087,-4.397691731861384,0.0
2026orsal,2026orsal_qm41,,6443,blue,24.23265149094794,0.0,-1.833277813807611,1.4579213204801265,0.0223329189620196,4.394585861259969,0.0,-0.05513272256975537,0.2945594526976474,-0.4696591356528287,0.0,0.025843087961906232,24.23265149094794,19.812222541726083,-0.37535649332748505,0.0
2026orsal,2026orsal_qm41,,3712,blue,-2.7944921821208224,0.0,3.329869562104852,-1.7048217152975815,-0.16351898958939717,3.4772320147886595,0.0,-0.24040559617152676,0.053392464004511524,-0.3898004185542886,0.0,7.972199667459644,-2.7944921821208224,-14.24392386436911,1.625047846807261,0.0
2026orsal,2026orsal_qm41,,955,blue,117.54183014392686,0.0,1.3834059302307111,-0.8350007943789811,0.5294460320929684,0.7432341154861479,0.0,0.0826342849358051,0.0831439208068001,1.9328336292730321,0.0,25.237991318784296,117.54183014392686,91.56060470965647,0.5484051358517361,0.0
2026orsal,2026orsal_qm42,,5920,red,42.74656585082544,0.0,-0.12143679086374772,-0.36170068173669667,0.06171595557967514,-2.0934526353383154,0.0,-0.14733211762665616,-0.00965345598447979,0.42412448314743945,0.0,5.865272339146296,42.74656585082544,38.974746147017434,-0.4831374726004448,0.0
2026orsal,2026orsal_qm42,,5468,red,148.93399596024275,0.0,3.309751480757552,5.655205849907689,0.5015846386856355,1.270136003014947,0.0,0.19852471703075655,-0.635712905867686,2.0263000134616993,0.0,29.22990850443438,148.93399596024275,118.4339514527934,8.964957330665241,0.0
2026orsal,2026orsal_qm42,,4061,red,22.339098053252354,0.0,0.22319380186900137,-2.057632263761217,0.14486164748375294,4.230322771701848,0.0,-0.1488902006469171,0.4495099610147668,0.4615356898635407,0.0,8.659907408433352,22.339098053252354,9.448867873117177,-1.8344384618922167,0.0
2026orsal,2026orsal_qm42,,3673,blue,1.156794065795454,0.0,1.2281781703548857,1.8177381100952958,-0.2666040419883391,0.06710195027426047,0.0,0.0830873133388095,-0.38889429758674793,-0.615745302898838,0.0,-0.06506432884739126,1.156794065795454,1.1547564443685587,3.0459162804501827,0.0
2026orsal,2026orsal_qm42,,8532,blue,42.702025157877294,0.0,10.518311259553784,11.255900658729319,0.20978764761437182,-0.6652996637534486,0.0,0.15697272780795996,-0.22123509452298537,0.5226491885420467,0.0,16.250129585650686,42.702025157877294,27.117195235980017,21.774211918283104,0.0
2026orsal,2026orsal_qm42,,4060,blue,23.07110801558237,0.0,0.8625589365690647,0.800002337690044,0.21073670558436727,-0.7935364732594874,0.0,-0.028553963327460824,0.2300033146455942,0.801118265621266,0.0,6.481145271826557,23.07110801558237,17.383499217015387,1.6625612742591114,0.0
2026orsal,2026orsal_qm43,,1540,red,117.16729668177317,0.0,1.2247178304580109,1.1507174079564961,0.4224388671529076,2.009011196878008,0.0,0.07539137180701296,0.3339670157897754,1.6204963434941373,0.0,27.41225335649085,117.16729668177317,87.74603212840428,2.375435238414506,0.0
2026orsal,2026orsal_qm43,,2811,red,-21.449059504314466,0.0,-0.1957974845649039,1.1788053375474965,-0.28033319888296176,6.1145314630843615,0.0,0.07882154466932645,0.6693152862474696,0.129997674113334,0.0,-3.8679093123883055,-21.449059504314466,-23.695681655010535,0.98300785298259,0.0
2026orsal,2026orsal_qm43,,9430,red,97.80108619419796,0.0,-0.08326388118738039,-0.56997050533568,0.7496708818829146,-0.17668357992165964,0.0,0.018111371068441375,-0.254410365685547,1.6206768491433694,0.0,25.03234748699935,97.80108619419796,72.94542228712021,-0.6532343865230631,0.0
2026orsal,2026orsal_qm43,,9023,blue,69.11149632981251,0.0,-2.4160348344620703,1.3411421268350534,0.40085117978137175,0.44569982478859044,0.0,0.1867168477932683,-0.43398429205062133,1.877462626610152,0.0,7.643425565152325,69.11149632981251,61.022370939871614,-1.074892707627019,0.0
2026orsal,2026orsal_qm43,,6465,blue,5.57126667130211,0.0,2.9763476948103293,-0.44687354771294907,0.0946705591827276,-0.3788536549847025,0.0,0.04589942862785159,0.15071678911043646,-0.28817123086286095,0.0,-0.5985804508863216,5.57126667130211,6.548700777173144,2.5294741470973805,0.0
2026orsal,2026orsal_qm43,,846,blue,132.0522298234066,0.0,-1.2345300465151985,0.6789159574898399,0.39631849321318724,0.8808752604789317,0.0,-0.05642464602474992,0.5487752434050022,1.472205250683078,0.0,29.891048796757946,132.0522298234066,101.28030576616972,-0.5556140890253632,0.0
2026orsal,2026orsal_qm44,,847,red,15.431581321869396,0.0,-1.3561080954713989,-1.391459293679671,-0.14446016520017868,3.74463691117542,0.0,-0.06391210210521792,1.3512774000112289,0.07001350158274325,0.0,0.06445042991659429,15.431581321869396,11.622493980777438,-2.747567389151069,0.0
2026orsal,2026orsal_qm44,,997,red,72.39697573287947,0.0,2.0688520180762593,-0.39398794024567246,0.4414031571174103,-1.172458227847488,0.0,-0.1010213557206044,1.1463371487501968,1.6198902137353646,0.0,9.600815213976192,72.39697573287947,63.968618746750764,1.6748640778305832,0.0
2026orsal,2026orsal_qm44,,7034,red,50.95993993457752,0.0,1.2500133628288828,-1.3539860373790416,0.31468049525636815,2.6012654500103665,0.0,0.3389853883787476,0.6586567690042101,1.4998620871053576,0.0,-3.6699421157923378,50.95993993457752,52.02861660035939,-0.1039726745501587,0.0
2026orsal,2026orsal_qm44,,6443,blue,19.18236952093206,0.0,-1.4924558891855446,0.8359781194711761,-0.00011436173267982447,7.722049528561086,0.0,-0.012684373938849152,0.24114620710825965,-0.37871250685664287,0.0,-1.9669269115546153,19.18236952093206,13.427246903925642,-0.6564777697143699,0.0
2026orsal,2026orsal_qm44,,2733,blue,1.3139477280458527,0.0,-2.0016826118620195,0.06807344234561052,-0.07475981753372253,2.5401624734182384,0.0,0.14254104775360613,-0.04892173040285483,-0.3167234922060745,0.0,1.5886140192522837,1.3139477280458527,-2.8148287646246555,-1.9336091695164077,0.0
2026orsal,2026orsal_qm44,,2374,blue,62.05142444701635,0.0,0.8747217064963616,-0.015548668112328754,0.21711758420302646,0.4137684927203618,0.0,-0.17940808794810117,0.08363171945433608,0.8143369413082153,0.0,10.462964845162803,62.05142444701635,51.17469110913322,0.8591730383840329,0.0
2026orsal,2026orsal_qm45,,4125,red,19.806261319210424,0.0,-0.4507361550540806,0.11292528497066628,0.10408380425521079,0.8484576690646253,0.0,0.21408987728637552,-0.5592836989301475,0.6942622670657285,0.0,4.392184064755353,19.806261319210424,14.56561958539042,-0.33781087008341765,0.0
2026orsal,2026orsal_qm45,,753,red,31.40774038763053,0.0,-1.1755856036181922,-2.0989870802973893,0.3775749337102383,-0.11749798832148253,0.0,0.147719205317052,0.6291870300304295,0.8654016154828326,0.0,-4.450940822838012,31.40774038763053,35.97617919878999,-3.2745726839155838,0.0
2026orsal,2026orsal_qm45,,2926,red,75.63643048094961,0.0,-0.25753046246306993,0.14302834077418666,0.4207727179576881,-1.8887658660609208,0.0,0.19020910278830316,-0.1545955404068797,1.5833051664911943,0.0,9.992134908068637,75.63643048094961,67.5330614389419,-0.11450212168888488,0.0
2026orsal,2026orsal_qm45,,749,blue,26.26840207356706,0.0,0.14002260751761963,0.9346162673610123,0.010729479549584555,3.2870100230408825,0.0,-0.0727288280184584,-0.13425751294111737,-0.5518466133366122,0.0,7.238927609548099,26.26840207356706,15.742464440978022,1.0746388748786266,0.0
2026orsal,2026orsal_qm45,,3024,blue,24.674017191920896,0.0,0.4117887513313326,1.342931708816633,0.08799688079121873,1.6639340151550155,0.0,0.2452061319203808,0.47541992100972436,1.0379249540692006,0.0,9.684112727865067,24.674017191920896,13.325970448900796,1.7547204601479671,0.0
2026orsal,2026orsal_qm45,,10991,blue,29.233632885160546,0.0,0.3719259818858438,0.7903926228485503,0.057712832362143196,-0.2357283487085109,0.0,-0.028850267828004178,0.2997002168862106,-0.0386998451611027,0.0,8.590904937920989,29.233632885160546,20.878456295947956,1.162318604734395,0.0
2026orsal,2026orsal_qm46,,3712,red,-1.3750894537981087,0.0,2.8884464099299927,-0.9236555459706328,-0.17439549596179396,2.511278915615859,0.0,-0.17895976710880512,0.14343116393356176,-0.3531886867078158,0.0,8.067297638409503,-1.3750894537981087,-11.953666007823424,1.9647908639593565,0.0
2026orsal,2026orsal_qm46,,6845,red,15.01873738494396,0.0,-1.3098786041452415,-1.256464604645552,0.016561097250756013,-1.2978473319535069,0.0,0.13389588182223994,-0.2586322787078831,-0.11414323335693367,0.0,3.123808880950102,15.01873738494396,13.19277583594741,-2.5663432087907947,0.0
2026orsal,2026orsal_qm46,,4692,red,18.235924089157162,0.0,-0.6373539419483804,-1.4849098264435803,0.22621524031473925,0.036240908422299135,0.0,-0.09581380198560403,-0.02531076082662589,0.7229413413368477,0.0,2.215609324810576,18.235924089157162,15.98407385592427,-2.1222637683919583,0.0
2026orsal,2026orsal_qm46,,9567,blue,15.932422021991849,0.0,1.0385021107354173,0.9824821160269485,0.09270514664930218,5.122998701639214,0.0,-0.17497273625089527,0.7893012199865154,0.09710368513517384,0.0,5.898371939257148,15.932422021991849,4.911051381095498,2.0209842267623706,0.0
2026orsal,2026orsal_qm46,,4043,blue,38.535385445680845,0.0,-0.621848742043392,-1.5224944816973025,0.1915223498584339,-1.6851883947843525,0.0,0.05911510479462171,-0.00827947201855977,0.6983921872828059,0.0,0.8887934757887358,38.535385445680845,39.33178036467644,-2.1443432237406905,0.0
2026orsal,2026orsal_qm46,,3674,blue,117.87641511712091,0.0,-0.4581054280537191,1.9901765339860082,0.7894096532036515,-0.17682322165765607,0.0,0.024958203513810236,-0.6979896624477738,2.377307044819752,0.0,14.334017994874229,117.87641511712091,103.71922034390438,1.532071105932291,0.0
2026orsal,2026orsal_qm47,,6343,red,30.67459221810765,0.0,-1.8568513137587128,-1.461901996686437,-0.04211296712765247,3.4957265743575587,0.0,0.28789247801284157,0.022739361034829444,-0.31412595131853277,0.0,4.200216124008122,30.67459221810765,22.978649519741985,-3.318753310445152,0.0
2026orsal,2026orsal_qm47,,1359,red,31.039547488971422,0.0,6.13377245565095,4.129089494522691,0.09179658625028417,1.1288572398618253,0.0,-0.11374363141270595,-0.1995106026274458,0.7307422715366516,0.0,16.316570607614903,31.039547488971422,13.594119641494771,10.262861950173642,0.0
2026orsal,2026orsal_qm47,,2733,red,1.6870530669716493,0.0,-2.2557771068328387,-0.31467566329120333,-0.06794556077611211,3.2521952230805207,0.0,0.0875602839718691,-0.02481438239942879,-0.35465274825497756,0.0,1.2152385386332427,1.6870530669716493,-2.780380694742109,-2.5704527701240374,0.0
2026orsal,2026orsal_qm47,,9438,blue,-7.269267400608661,0.0,-0.0002402528616473539,0.30356897325589166,0.005253341936343669,0.5683211120172095,0.0,-0.1563153532719823,0.29902027665876013,-0.1667311106716705,0.0,3.8655286439222016,-7.269267400608661,-11.703117156548164,0.3033287203942374,0.0
2026orsal,2026orsal_qm47,,2521,blue,89.99457425848006,0.0,-0.5936469996506173,3.8874800029104577,0.4684841648784208,3.791779134651082,0.0,-0.11332176709394683,1.1596229037840264,1.927827583777257,0.0,19.467766588535103,89.99457425848006,66.73502853529382,3.29383300325984,0.0
2026orsal,2026orsal_qm47,,1540,blue,128.9655042260522,0.0,1.0059837944242305,0.3672167301937566,0.437077997214564,0.22367389631633322,0.0,0.13955226547712912,0.37089397106488703,1.7212855991692515,0.0,31.907590436983646,128.9655042260522,96.83423989275221,1.3732005246179888,0.0
2026orsal,2026orsal_qm48,,749,red,34.204317861367244,0.0,0.33733102149147803,0.9354495087886753,0.16616101764189084,1.8620727417022211,0.0,-0.06919542165117577,-0.1256671084340114,-0.1040159932013943,0.0,9.500416870118917,34.204317861367244,22.841828249546086,1.2727805302801563,0.0
2026orsal,2026orsal_qm48,,847,red,24.8385468706821,0.0,-1.3324658482867664,-1.5366878074890418,0.015955531504027263,2.531056899315752,0.0,-0.056120629538013,1.3604367295161979,0.5568442142818733,0.0,2.9758433870208147,24.8385468706821,19.33164658434553,-2.8691536557758073,0.0
2026orsal,2026orsal_qm48,,2811,red,-13.086125929523988,0.0,0.17652388037017408,1.1341612031489445,-0.11816775854513284,4.613624744900459,0.0,0.08708560235705638,0.718387518173859,0.5598672853056387,0.0,-1.563193363057497,-13.086125929523988,-16.136557311367035,1.3106850835191126,0.0
2026orsal,2026orsal_qm48,,6465,blue,6.341401477361007,0.0,2.534895031049874,-0.9306323376908299,0.11942744542532224,0.4486469818289125,0.0,0.02910434613375546,0.1264955696174596,-0.1522393801042891,0.0,-0.14827187755227092,6.341401477361007,6.041026373084378,1.604262693359048,0.0
2026orsal,2026orsal_qm48,,10991,blue,31.44169966419551,0.0,-0.2560151142399745,0.4583907995249057,0.055614621201560355,1.0836522645926783,0.0,-0.03415071380884824,0.2913969875300413,0.05861809782035765,0.0,9.513673861605838,31.44169966419551,20.84437353799703,0.20237568528493854,0.0
2026orsal,2026orsal_qm48,,3673,blue,-1.272772868680084,0.0,0.7559821636701619,1.8113020256479795,-0.26817702484028855,1.8487001244026267,0.0,0.07501883375160807,-0.36008625433384317,-0.639364723543339,0.0,-0.1419739473623991,-1.272772868680084,-2.9794990457202615,2.5672841893181437,0.0
2026orsal,2026orsal_qm49,,4043,red,38.11023777860741,0.0,-0.3127851283964334,-1.390362619590243,0.2413704689462721,-0.9419132564339006,0.0,0.07355117183182985,-0.050223987355909425,0.8803148838443989,0.0,0.8893392661501445,38.11023777860741,38.16281176889112,-1.7031477479866806,0.0
2026orsal,2026orsal_qm49,,846,red,128.3401519932684,0.0,-0.9163601338057972,0.5230859254966838,0.3995850943314346,2.2498784009953217,0.0,-0.026867662398853735,0.39644679268616206,1.5364508759885807,0.0,30.142623129122644,128.3401519932684,95.94765046315042,-0.39327420830910936,0.0
2026orsal,2026orsal_qm49,,5920,red,36.131151679096384,0.0,-0.000366926265459268,0.0464838624794739,0.06832153600869874,-0.7870476011818752,0.0,-0.11793213149968572,-0.037239132182749025,0.4737211870638039,0.0,4.2360139439069995,36.131151679096384,32.68218533637122,0.046116936214014664,0.0
2026orsal,2026orsal_qm49,,997,blue,68.77571771793117,0.0,1.7023585992676207,-0.5247817166310215,0.3535856790867099,-1.5201236913500669,0.0,-0.056292380695280864,1.0627694394431397,1.3328693634555595,0.0,9.387503883978479,68.77571771793117,60.908337525302734,1.1775768826365982,0.0
2026orsal,2026orsal_qm49,,9567,blue,16.68188799661856,0.0,0.7782657736348625,0.9558560478242933,0.010238576948734706,4.871560362500009,0.0,-0.15815425478915907,0.7155690277628292,-0.1329213904871732,0.0,5.809332321226974,16.68188799661856,6.000995312891598,1.7341218214591552,0.0
2026orsal,2026orsal_qm49,,6845,blue,13.05276151531068,0.0,-1.4914427668342936,-1.037069631840641,-0.04322701685488499,-1.4186978584812173,0.0,0.13681142171095262,-0.3368020539895599,-0.2976631062153742,0.0,1.9947309825026511,13.05276151531068,12.476728391289214,-2.5285123986749367,0.0
2026orsal,2026orsal_qm50,,2926,red,61.269479933141675,0.0,-0.4421873354444848,0.8160292966725871,0.34119865715286285,-1.7685333000205812,0.0,0.3191183044651423,-0.04677933674710141,1.1312468581982393,0.0,7.710367126172811,61.269479933141675,55.32764610698937,0.3738419612281007,0.0
2026orsal,2026orsal_qm50,,3712,red,-9.57764442085688,0.0,2.66270922515174,-0.7761826250673131,-0.21715514017837032,2.745733442525966,0.0,-0.040010856921739446,0.2337850294836634,-0.5592152564281259,0.0,7.629949525145523,-9.57764442085688,-19.953327388528354,1.8865266000844254,0.0
2026orsal,2026orsal_qm50,,2374,red,54.127429803119725,0.0,0.27122751593777167,-0.20390329926013545,0.14358831598201688,1.1135155846125024,0.0,-0.05053947673931902,0.17912991914016013,0.5735362736257958,0.0,10.208619313859796,54.127429803119725,42.80529490464743,0.06732421667763511,0.0
2026orsal,2026orsal_qm50,,8532,blue,50.47128885360707,0.0,9.66356598202018,10.474181396937892,0.15718321621535694,0.9443123611337726,0.0,0.12987503261400382,-0.18233684199446448,0.820944796963373,0.0,16.814958419288192,50.47128885360707,32.71201807318508,20.137747378958064,0.0
2026orsal,2026orsal_qm50,,753,blue,38.17734708380693,0.0,-2.2152442135653603,-3.2875084293835712,0.3403847195177166,2.379068248985461,0.0,0.12431308593406841,0.6537727645688931,1.1722042066890201,0.0,-2.7056040859494566,38.17734708380693,38.50388292077088,-5.502752642948935,0.0
2026orsal,2026orsal_qm50,,9438,blue,-3.1981629603144173,0.0,-1.0202968431815276,-0.7871934996481605,-0.0626670065110809,2.7736038750089,0.0,-0.17148196175494207,0.33704406066459547,0.018809482621290334,0.0,4.660853327819908,-3.1981629603144173,-10.632620163143361,-1.8074903428296916,0.0
2026orsal,2026orsal_qm51,,4061,red,37.18400147389529,0.0,0.4740232273546206,-2.080581649007705,0.23049892343101278,4.452159310389492,0.0,-0.1445048003862652,0.3742194342417792,0.7175677894762028,0.0,12.186260231594114,37.18400147389529,20.545581931911645,-1.6065584216530826,0.0
2026orsal,2026orsal_qm51,,4125,red,28.142006573326928,0.0,0.03706341374925947,0.22333576140090577,0.20306597626384373,1.131954166569243,0.0,0.1566944004620788,-0.5480123952739636,0.7143988982082563,0.0,6.564482148172318,28.142006573326928,20.445570258585278,0.2603991751501643,0.0
2026orsal,2026orsal_qm51,,6443,red,32.23727630050695,0.0,-1.31570747329495,0.9296183189017276,0.12945264710410487,7.661914760308242,0.0,-0.020742302752564824,0.09820210494224756,-0.3148510582666085,0.0,1.4565314541964058,32.23727630050695,23.118830086002312,-0.38608915439321967,0.0
2026orsal,2026orsal_qm51,,6343,blue,25.118850586164065,0.0,-1.2080036855301868,-1.330433887271909,-0.07217472631848179,2.494203473911733,0.0,0.225092370229894,0.41110016480202843,-0.23253109609984576,0.0,5.378187584981643,25.118850586164065,17.246459527270684,-2.5384375728020925,0.0
2026orsal,2026orsal_qm51,,9430,blue,79.05615623721272,0.0,0.306516115996419,-0.01563889446902975,0.659242785157766,-0.9650925135590144,0.0,-0.023645103235641122,0.21973105183841055,1.4542985132810484,0.0,23.21979633171939,79.05615623721272,56.80145241905235,0.29087722152738993,0.0
2026orsal,2026orsal_qm51,,3674,blue,105.23672105484479,0.0,-0.09649637040982773,2.171664072613097,0.6938151782765031,-0.6856443773912323,0.0,-0.022428249822776122,-0.23636034642912826,2.237304830715589,0.0,14.136199169508195,105.23672105484479,91.7861662627278,2.0751677022032657,0.0
2026orsal,2026orsal_qm52,,3024,red,16.50092202945815,0.0,-0.09260698302548548,0.440470908504203,0.0013308574707273724,1.593250001458227,0.0,0.2218981355532741,0.5901182540406245,0.5235531977943855,0.0,6.3491157898293205,16.50092202945815,8.558556238170619,0.34786392547871975,0.0
2026orsal,2026orsal_qm52,,1359,red,24.15278916898745,0.0,5.446601325272419,3.235144617143007,0.0027450622165703484,1.0141643731794745,0.0,-0.08819224135357584,-0.18543384175654387,0.21197232599987512,0.0,13.208738485535818,24.15278916898745,9.929886310272154,8.681745942415423,0.0
2026orsal,2026orsal_qm52,,2521,red,83.83606571576613,0.0,-1.025439646719657,3.1212615052515607,0.42255375652677835,3.132930013399789,0.0,-0.10633700376611319,1.15201096947991,1.5084400179336945,0.0,16.34021040816295,83.83606571576613,64.36292529420331,2.095821858531904,0.0
2026orsal,2026orsal_qm52,,5468,blue,147.14374599089155,0.0,3.2729177793595157,6.03573166958886,0.4310995920039794,3.833941854188485,0.0,0.16753710535997507,-0.42841944090574796,1.7336218871381428,0.0,27.19846488274812,147.14374599089155,116.11133925395484,9.308649448948378,0.0
2026orsal,2026orsal_qm52,,4060,blue,31.999798071783125,0.0,0.7133874387098891,0.8608182161350545,0.22864148574482016,-0.8525688671475429,0.0,-0.09522622801772722,0.43793126166820046,0.7620531326688221,0.0,6.2803266656760535,31.999798071783125,26.572040273254594,1.5742056548449443,0.0
2026orsal,2026orsal_qm52,,9023,blue,70.71846293751571,0.0,-2.308523073036768,2.1657643291828665,0.38075271829513624,-0.06913671648056717,0.0,0.11390258146577341,-0.07056479643787036,1.6783934062741355,0.0,5.671436717243258,70.71846293751571,65.11616293675303,-0.1427587438539037,0.0
2026orsal,2026orsal_qm53,,955,red,123.74840743590893,0.0,1.2675929785734943,-0.47824625432847667,0.5602942427147248,0.830181017854156,0.0,0.04269722335742703,0.3174723474363219,2.122197409738236,0.0,25.184870350195315,123.74840743590893,97.73335606785948,0.7893467242450196,0.0
2026orsal,2026orsal_qm53,,2374,red,62.34349225260211,0.0,-0.19886298630512775,-0.058186402552401435,0.15451716136863433,1.2023046736895755,0.0,-0.03855273721395174,0.22668865820798864,0.7219368305243204,0.0,10.685665395662328,62.34349225260211,50.45552218325021,-0.25704938885752937,0.0
2026orsal,2026orsal_qm53,,6465,red,17.377875344165826,0.0,2.012453302149241,-0.835225037412083,0.12562622435230358,0.5309339322716776,0.0,0.021747099312098478,0.21662247897943487,0.0004668882549830625,0.0,1.1117467944625106,17.377875344165826,15.735194617431683,1.1772282647371552,0.0
2026orsal,2026orsal_qm53,,7034,blue,54.15373355871079,0.0,1.3217473679303613,-0.6565604261716074,0.37667229609820235,3.156051103215985,0.0,0.27877883637505935,0.8508433325118548,1.3465159988840139,0.0,-3.853619430315732,54.15373355871079,54.851301885810585,0.6651869417587504,0.0
2026orsal,2026orsal_qm53,,4692,blue,29.156842762706148,0.0,-0.7502018990034663,-1.432369909786496,0.3194238433266269,0.6322467477860465,0.0,-0.10573574556767903,-0.06101932505837567,0.6403668160558037,0.0,3.9158697451669946,29.156842762706148,24.60872626975315,-2.182571808789964,0.0
2026orsal,2026orsal_qm53,,3673,blue,3.401196126226709,0.0,0.9821104309823329,2.075446548607392,-0.18946878549521015,1.9309349031996301,0.0,0.05159049217831683,-0.32264441511824304,-0.6993131666771922,0.0,0.9017629145753254,3.401196126226709,0.5684983084518213,3.0575569795897235,0.0
2026orsal,2026orsal_qm54,,749,red,42.104455110363176,0.0,0.0766791890813285,0.7252161903855935,0.18269970231001717,1.109042389551201,0.0,-0.059400220098996016,-0.21427891539877061,0.14305869059833284,0.0,9.994072472908172,42.104455110363176,31.001340247903798,0.8018953794669217,0.0
2026orsal,2026orsal_qm54,,9567,red,20.676772593204237,0.0,0.5882092734521139,0.7954239337834228,0.038339724109761206,3.957429942915667,0.0,-0.11595075590659526,0.5684985224004054,0.03659315213919833,0.0,5.2914997467679665,20.676772593204237,11.427842903520611,1.3836332072355375,0.0
2026orsal,2026orsal_qm54,,1540,red,133.49677829009843,0.0,0.952008889483034,0.3364381792384526,0.49996887221456715,-0.7896043611381958,0.0,0.155368362175419,0.08251124016351942,2.1544356503614908,0.0,32.27091120916922,133.49677829009843,102.01547144206738,1.2884470687214786,0.0
2026orsal,2026orsal_qm54,,847,blue,26.184642798370405,0.0,-1.2759260247736917,-1.011423881522406,0.11840564959934947,1.3380112741077397,0.0,-0.024516574730048545,1.0421641155320231,0.6098176252036596,0.0,2.495443886962447,26.184642798370405,22.351187637300168,-2.2873499062960927,0.0
2026orsal,2026orsal_qm54,,3712,blue,-6.158943027706596,0.0,2.51937245470887,-0.3931871063267515,-0.11953397502960435,1.5180874974982472,0.0,-0.007721136188626596,-0.06038775099480863,-0.5249345688616546,0.0,6.979935197176404,-6.158943027706596,-14.656965722381228,2.1261853483821134,0.0
2026orsal,2026orsal_qm54,,4061,blue,40.60849636761445,0.0,0.4984659228634206,-1.419788500112903,0.33829066430611193,3.2756108044515466,0.0,-0.11261304009732136,0.13787135702248818,0.820032450871373,0.0,12.401332206029721,40.60849636761445,24.931553357133172,-0.9213225772494872,0.0
2026orsal,2026orsal_qm55,,5920,red,28.60168660205534,0.0,0.5373660462943679,0.3136230743184708,0.06759351424360213,-1.6595726091300576,0.0,-0.015257916168161731,-0.10750889737001927,0.42807457424082895,0.0,4.154534686187859,28.60168660205534,26.106724524997453,0.8509891206128388,0.0
2026orsal,2026orsal_qm55,,6443,red,24.048848775460236,0.0,-1.050015567733972,0.9857735625766925,0.10019497202594246,7.432709653834449,0.0,0.07474496872157252,0.05648774617573158,-0.27694953758396623,0.0,0.948877717939527,24.048848775460236,15.667261403686211,-0.06424200515727678,0.0
2026orsal,2026orsal_qm55,,6343,red,16.67576168429056,0.0,-0.7326065254343044,-1.3290427339412096,-0.09661463208791833,1.8396072582590248,0.0,0.32035541451909866,0.31233326142675866,-0.22434070119669683,0.0,5.531262219794448,16.67576168429056,9.304892206237074,-2.0616492593755136,0.0
2026orsal,2026orsal_qm55,,1359,blue,23.340436879789607,0.0,5.0778963161017305,3.9120062591970552,-0.022170260214285968,2.503961630585254,0.0,-0.08423881369000033,-0.029858104858816948,0.5397890889920953,0.0,10.782320808792994,23.340436879789607,10.054154440411342,8.989902575298787,0.0
2026orsal,2026orsal_qm55,,10991,blue,29.988316347284155,0.0,-0.5066795228103234,1.299441108851464,0.05843085519754321,2.244264459340073,0.0,-0.008248077293921283,0.18146766429108208,0.36899509131452524,0.0,6.105804373552225,29.988316347284155,21.638247514391708,0.792761586041141,0.0
2026orsal,2026orsal_qm55,,6845,blue,8.240421983446502,0.0,-1.5531623831830415,-0.26262345160839684,-0.061272147678295176,-0.3039733466315372,0.0,0.12262650202299084,-0.21545697257501092,0.07246197916438762,0.0,-0.6032155744556864,8.240421983446502,9.14761090453373,-1.8157858347914342,0.0
2026orsal,2026orsal_qm56,,9430,red,71.75626740760077,0.0,0.10330576466061114,-0.03739965629513706,0.6165535430318477,-0.5103217219079572,0.0,-0.10645267849536215,0.1789899949352632,1.0986666455126248,0.0,22.814969111274962,71.75626740760077,49.45162001823372,0.06590610836547271,0.0
2026orsal,2026orsal_qm56,,2926,red,46.106874714098,0.0,-0.5672376096371928,0.5519262055563989,0.2618031187907321,-1.56046632438342,0.0,0.23877346425653104,-0.08924729714028931,0.7232595769363729,0.0,5.661362308983896,46.106874714098,42.00597872949757,-0.01531140408079708,0.0
2026orsal,2026orsal_qm56,,7034,red,43.37093403755049,0.0,1.303981624212488,-0.7498180036418326,0.32665087950798527,3.0539677579504914,0.0,0.21081328131790492,0.7398229865120878,0.9878769264732243,0.0,-4.3122526653752145,43.37093403755049,44.62921894497523,0.5541636205706566,0.0
2026orsal,2026orsal_qm56,,4692,blue,27.319810935204224,0.0,-0.6768670874039588,-1.1783447349124803,0.2902084026531039,0.62633378611424,0.0,-0.10254560454585514,-0.05107958714317759,0.6346078188631059,0.0,5.1201663473785874,27.319810935204224,21.573310801711376,-1.8552118223164367,0.0
2026orsal,2026orsal_qm56,,955,blue,121.03468013662625,0.0,1.3946617246711248,-0.33225704803286144,0.5319295873348441,0.5374665595432822,0.0,0.03517700646982646,0.2855371365962826,2.0267742020802704,0.0,26.65182937735293,121.03468013662625,93.84538419973002,1.0624046766382618,0.0
2026orsal,2026orsal_qm56,,4043,blue,39.24513590386258,0.0,-0.29917789329849653,-0.9501990247450334,0.2531210060985587,-0.9615306516371622,0.0,0.06782195479162241,-0.16786378382914663,1.0151106481024272,0.0,1.5119682709024702,39.24513590386258,38.69469828459729,-1.2493769180435257,0.0
2026orsal,2026orsal_qm57,,753,red,34.0515302372171,0.0,-2.021791599311551,-2.9532054292594574,0.388321203010075,2.220187889310056,0.0,0.10980962702102313,0.35124527379207976,1.0488147777727361,0.0,-2.4987072293639616,34.0515302372171,34.33004957727103,-4.974997028571001,0.0
2026orsal,2026orsal_qm57,,3024,red,9.797254323497237,0.0,0.40306043433811334,0.5406985665934466,0.010674531288495031,1.2573894554972114,0.0,0.16892778747039777,0.46471549449659505,0.1423813685272193,0.0,8.320657178352661,9.797254323497237,0.2192076896473378,0.9437590009315586,0.0
2026orsal,2026orsal_qm57,,846,red,122.75985469190007,0.0,-0.6436820951608074,0.5479436486160859,0.421739256638832,2.4209573628841485,0.0,-0.04728892846238393,0.16032140780571266,1.4058894201777308,0.0,30.44720948392744,122.75985469190007,89.89168784508853,-0.09573844654472656,0.0
2026orsal,2026orsal_qm57,,2811,blue,2.3499989809149984,0.0,0.9076679472724101,1.7245133630252947,-0.03420533281548723,3.8664335440404702,0.0,0.030002987378560195,0.7939784289814994,0.6728737692058779,0.0,2.4946125153617644,2.3499989809149984,-4.011047078487174,2.6321813102977036,0.0
2026orsal,2026orsal_qm57,,8532,blue,58.0319659907219,0.0,10.306298150942833,11.4237091005576,0.21573139507907269,0.2617490383665018,0.0,0.08187087630044758,-0.05140948949798058,1.0453743612378956,0.0,19.253250893283116,58.0319659907219,38.5169660590723,21.730007251500425,0.0
2026orsal,2026orsal_qm57,,4125,blue,41.061854007819804,0.0,0.5962304024299112,0.8368785517482875,0.24502558554086296,0.6282070402938713,0.0,0.12460058009286548,-0.376026809330765,0.8557040680301629,0.0,9.860279324799084,41.061854007819804,30.573367642726815,1.4331089541782014,0.0
2026orsal,2026orsal_qm58,,2521,red,81.76284213566898,0.0,-1.1962100265574673,2.4370013005945808,0.36334150467323306,3.5048153681629226,0.0,0.016765552932130685,1.0452906017479187,1.1303209690298701,0.0,15.43031849626842,81.76284213566898,62.82770827123767,1.240791274037108,0.0
2026orsal,2026orsal_qm58,,3674,red,106.65001182282306,0.0,0.007096786416123287,1.5562116913856796,0.6593890336681377,-0.302618852878514,0.0,0.08618522470710119,-0.35452393936488075,1.9164515633649037,0.0,13.714176001003032,106.65001182282306,93.23845467469852,1.5633084778018018,0.0
2026orsal,2026orsal_qm58,,4060,red,32.31370319264774,0.0,0.6888601852886019,0.41186335995867346,0.20210400388802244,-0.9047218459114821,0.0,0.0062354700760016354,0.2877504053875343,0.34415159299490905,0.0,6.392266636752044,32.31370319264774,26.826158401807156,1.1007235452472732,0.0
2026orsal,2026orsal_qm58,,5468,blue,145.34588309152758,0.0,4.343644966907456,5.447632204295385,0.42696888256572124,5.201005764761544,0.0,0.14248036979809042,-0.35587074418796827,1.817738998797041,0.0,28.103531798695084,145.34588309152758,112.04134552807095,9.791277171202848,0.0
2026orsal,2026orsal_qm58,,9438,blue,4.855861830335037,0.0,0.24968779639730743,-1.2318778112127575,0.008659849906859158,3.4711783908549996,0.0,-0.15343005876614807,0.23113356017011005,0.1644748845016359,0.0,7.683092491392992,4.855861830335037,-6.2984090519130005,-0.9821900148154616,0.0
2026orsal,2026orsal_qm58,,997,blue,68.07671643056639,0.0,3.078116040585145,-0.9530675560900957,0.36657107817302503,-0.9666352711532863,0.0,-0.028711815998116435,1.0974452827924717,1.506803679199293,0.0,10.977121407002477,68.07671643056639,58.06623029471716,2.125048484495048,0.0
2026orsal,2026orsal_qm59,,2733,red,0.30665851647773995,0.0,-1.5951626759978998,-0.22488392008759053,-0.0895589299699081,2.4911914892482736,0.0,0.033627385969266566,-0.08940669304886123,-0.5431808213573888,0.0,0.3745759874884591,0.30665851647773995,-2.559108960259004,-1.8200465960854852,0.0
2026orsal,2026orsal_qm59,,2926,red,47.8619884087273,0.0,-0.34589061901324997,0.49311884618286855,0.22790934574357832,-1.7676241835809452,0.0,0.22080038502283528,-0.07686942855071778,0.6697579669249621,0.0,5.423748208786042,47.8619884087273,44.20586438352221,0.14722822716961723,0.0
2026orsal,2026orsal_qm59,,847,red,25.35974455817242,0.0,-1.2427919762988695,-0.9277968866903044,0.06619325175829581,1.0849000151372494,0.0,-0.030416529873475658,1.0755371491084469,0.5115504394796787,0.0,0.8916818207253054,25.35974455817242,23.383162722309898,-2.170588862989173,0.0
2026orsal,2026orsal_qm59,,9023,blue,71.42018365121308,0.0,-2.068528875117032,1.5691965910527856,0.39571753426574224,0.033968959764990356,0.0,0.10336812933604535,-0.1341380287439497,1.7003761409702414,0.0,7.5544910021697484,71.42018365121308,63.831723689278334,-0.49933228406425006,0.0
2026orsal,2026orsal_qm59,,9567,blue,25.476339160742445,0.0,0.6019884036146302,0.36926567711988556,0.08271926568644926,4.449196083574155,0.0,-0.10264967928838024,0.5699313071055131,0.30062321411765686,0.0,6.883230209992968,25.476339160742445,14.143912867175256,0.9712540807345174,0.0
2026orsal,2026orsal_qm59,,5920,blue,33.45935155730925,0.0,0.5721584683444604,-0.03361180093180764,0.11207818714683593,-1.3118182370037044,0.0,-0.024374585316904715,-0.11229238785710234,0.6784382760385997,0.0,5.981338010063459,33.45935155730925,28.789831784249532,0.5385466674126609,0.0
2026orsal,2026orsal_qm60,,4061,red,46.98293414286684,0.0,-0.4825131132819682,-1.4930691084470857,0.33874041196249655,5.597473454433939,0.0,-0.11853251261925817,0.09477850129496981,0.8248985846466814,0.0,11.20975544036347,46.98293414286684,30.175705248069395,-1.975582221729049,0.0
2026orsal,2026orsal_qm60,,8532,red,61.79574947742311,0.0,9.203913639392212,11.539488092761438,0.19724786818931106,2.848714175160596,0.0,0.041570304123565875,-0.07343083649628193,1.1168147676730458,0.0,17.016615118623008,61.79574947742311,41.93042018363945,20.74340173215365,0.0
2026orsal,2026orsal_qm60,,846,red,127.30129517785417,0.0,-1.5702390632111793,0.5671847959248256,0.4160069277306713,5.129705349437412,0.0,-0.06668036861941917,0.14635693436077385,1.4923719244971627,0.0,28.665557390272845,127.30129517785417,93.50603243814392,-1.0030542672863563,0.0
2026orsal,2026orsal_qm60,,3024,blue,13.234696060924648,0.0,0.5413150367549635,0.5363102718245878,0.059444826686899675,0.504659290698433,0.0,0.3399024203480775,0.5679700963339505,0.09418187341417561,0.0,8.834290510775077,13.234696060924648,3.895746259451093,1.0776253085795544,0.0
2026orsal,2026orsal_qm60,,4692,blue,31.748827850354306,0.0,-0.6942729973749975,-1.1514796778849083,0.33887954958150335,0.20031473281489098,0.0,0.051631212736999485,0.04550927338676078,0.6175690140818315,0.0,5.502747695948349,31.748827850354306,26.045765421591017,-1.8457526752599036,0.0
2026orsal,2026orsal_qm60,,4125,blue,45.35778722646875,0.0,0.6385265091046378,0.7647120110555798,0.29638042642767437,0.268464970075048,0.0,0.2996350017608621,-0.288626864220671,0.8167241221708922,0.0,10.365449552526176,45.35778722646875,34.72387270386748,1.4032385201602147,0.0
2026orsal,2026orsal_qm61,,2374,red,55.587985002043936,0.0,-0.12484567806565444,-0.5930203283310563,0.19402049502584043,1.2020007335197411,0.0,0.034206035142724876,0.1650267431679755,0.7279245149264207,0.0,9.697879651242886,55.587985002043936,44.6881046172813,-0.7178660063967096,0.0
2026orsal,2026orsal_qm61,,2521,red,77.01768700558063,0.0,-0.7405170460541675,2.25190110643969,0.3999051724714739,2.454822868584853,0.0,0.09757371830699867,0.8867238974219189,0.9826074215768082,0.0,15.701509557703798,77.01768700558063,58.86135457929201,1.5113840603855289,0.0
2026orsal,2026orsal_qm61,,10991,red,22.80187365004747,0.0,-0.2484282592283789,0.8782645231430964,0.08584203051582828,1.544508969443668,0.0,0.08064607163198254,0.043353055617368796,0.2896260525896257,0.0,5.39911144356104,22.80187365004747,15.85825323704276,0.6298362639147128,0.0
2026orsal,2026orsal_qm61,,1359,blue,13.597146156011208,0.0,4.114343833803014,3.034177434934552,-0.025201695188886764,3.034851860071269,0.0,-0.09861506299813191,0.03501668143369248,0.6753470189322647,0.0,7.24209066904493,13.597146156011208,3.3202036268949633,7.148521268737566,0.0
2026orsal,2026orsal_qm61,,5468,blue,134.35376056376555,0.0,3.4672917188441326,4.5612516862797285,0.42000305222303647,6.053675741086685,0.0,0.13729093146655222,-0.3635276057579478,1.8420868958517673,0.0,24.4781430904493,134.35376056376555,103.82194173222966,8.028543405123857,0.0
2026orsal,2026orsal_qm61,,9430,blue,62.44372800269726,0.0,-0.9794839009006389,-0.8445729282601282,0.6148848867560868,0.2519334997130917,0.0,-0.1038287065596587,0.22970480523451053,1.2060366639275237,0.0,19.28075492279007,62.44372800269726,42.91103958019413,-1.8240568291607653,0.0
2026orsal,2026orsal_qm62,,6465,red,13.850849858207594,0.0,2.0693140383283555,-0.9731865016161635,0.08310242360758126,-0.7869548757667518,0.0,0.014100058604978134,0.23633025803161123,0.12427169347426704,0.0,1.6416188240493375,13.850849858207594,12.996185909925094,1.0961275367121945,0.0
2026orsal,2026orsal_qm62,,749,red,34.62638085777677,0.0,-0.14476423729786203,0.7242720390763503,0.13600577079466417,-0.043352063548310116,0.0,-0.10427035553685778,-0.18259262792490108,0.28457425973572936,0.0,9.589867887473327,34.62638085777677,25.079865033851846,0.5795078017784872,0.0
2026orsal,2026orsal_qm62,,6443,red,17.682991305603146,0.0,-0.9562401864841278,0.7870809152323094,0.057919063747849005,6.357046596152809,0.0,0.07655064422747657,0.08940931143322475,-0.11980718588006666,0.0,0.7984836739553659,17.682991305603146,10.527461035494929,-0.16915927125181965,0.0
2026orsal,2026orsal_qm62,,4060,blue,31.890641053202636,0.0,0.321023337795728,0.6610676306866895,0.1818794648358695,-1.3958035995859404,0.0,0.013399895318817327,0.2924340673182836,0.4367048689688247,0.0,5.6100766396322586,31.890641053202636,27.67636801315639,0.9820909684824211,0.0
2026orsal,2026orsal_qm62,,9438,blue,5.777982122444978,0.0,-0.08938591945667161,-1.0383191192295027,0.01242104339658047,2.8675648683567516,0.0,-0.09898445290010016,0.19991235338424546,0.2857260669242211,0.0,7.652538137234799,5.777982122444978,-4.742120883146543,-1.1277050386861824,0.0
2026orsal,2026orsal_qm62,,3712,blue,-6.9308916131145715,0.0,2.245528556412719,-0.4402497138118446,-0.13810856725328868,1.1959122634015695,0.0,-0.019084491117634283,-0.09738995874440157,-0.4298816061056925,0.0,6.523088218905956,-6.9308916131145715,-14.64989209542203,1.8052788426008797,0.0
2026orsal,2026orsal_qm63,,3674,red,98.64319498462795,0.0,-0.3744530499188224,1.6465220138555972,0.5943541943495791,0.11236779056646345,0.0,0.12406518053651669,-0.2310850375859808,1.515134761503874,0.0,11.491409966356061,98.64319498462795,87.03941722770541,1.2720689639367808,0.0
2026orsal,2026orsal_qm63,,955,red,111.85667919826506,0.0,0.9807119450764561,-0.2960229793021449,0.47292297686636336,0.5315778557085421,0.0,0.1295311076491836,0.37374603179685106,1.5586389211644534,0.0,24.29808404289274,111.85667919826506,87.02701729966371,0.6846889657743129,0.0
2026orsal,2026orsal_qm63,,997,red,59.17239645286787,0.0,3.0179182843894305,-0.82616203131748,0.3211878158488848,-1.4456978544830692,0.0,0.043454913738874335,1.1788299504177875,1.1012624806112743,0.0,9.711263320348758,59.17239645286787,50.906830987002216,2.1917562530719468,0.0
2026orsal,2026orsal_qm63,,9023,blue,77.10205974375374,0.0,-1.6726306252884722,1.648406116619755,0.42581289944467743,1.6092378502287041,0.0,0.045020300167961325,-0.1886652320055473,1.7711426847823224,0.0,7.8898609385707426,77.10205974375374,67.60296095495431,-0.024224508668716598,0.0
2026orsal,2026orsal_qm63,,6343,blue,28.545308036870942,0.0,-0.5191846150790401,-0.8055866161477119,-0.04361339317239822,3.772589356522621,0.0,0.22405793352654696,0.2894539292874186,-0.015695999403935294,0.0,6.442574060887726,28.545308036870942,18.33014461946058,-1.324771231226756,0.0
2026orsal,2026orsal_qm63,,7034,blue,50.93440767264252,0.0,1.378884094720407,-0.4417973247072108,0.3486213042869414,4.6920464127243,0.0,0.11006113629567482,0.6936500662345023,1.1971992318989386,0.0,-4.248738747111218,50.93440767264252,50.491100007029395,0.9370867700131995,0.0
2026orsal,2026orsal_qm64,,6845,red,-3.3070623627196567,0.0,-1.6290729671224902,-0.009938166420028413,-0.14846172462064838,0.18993063134722973,0.0,0.006815698436158836,-0.20142205785891315,-0.2501495090324878,0.0,-4.140832713807108,-3.3070623627196567,0.6438397197401764,-1.6390111335425228,0.0
2026orsal,2026orsal_qm64,,4043,red,29.449981573964784,0.0,-0.39665348814921114,-0.6574755114074968,0.18300047984416126,-0.8812267813851433,0.0,0.0019219955484193105,-0.16678829064918574,0.7374016145684728,0.0,-1.7108694937987248,29.449981573964784,32.04207784914866,-1.054128999556716,0.0
2026orsal,2026orsal_qm64,,1540,red,123.93048478859986,0.0,0.922597228275156,0.6738452223141116,0.4124927767578419,-0.24213245219296645,0.0,0.08508405612313988,0.15762462127204632,1.868580816695849,0.0,28.680057705876777,123.93048478859986,95.49255953491607,1.5964424505892696,0.0
2026orsal,2026orsal_qm64,,3673,blue,3.824348034179932,0.0,1.229916662662553,1.8510179032742646,-0.22347666402842287,1.1343893614579772,0.0,0.004828445793305571,-0.3598728323744382,-0.5206970965199293,0.0,1.3045714064599319,3.824348034179932,1.3853872662620623,3.080934565936823,0.0
2026orsal,2026orsal_qm64,,753,blue,35.61484093671422,0.0,-1.797772688294975,-2.4867369521699754,0.3482894340066897,0.7344411704668367,0.0,0.06771065216989217,0.37775711817364727,1.2582034201607986,0.0,-1.8861091919458948,35.61484093671422,36.766508958193256,-4.284509640464952,0.0
2026orsal,2026orsal_qm64,,2733,blue,6.060247046246766,0.0,-1.2543209860142481,-0.06701546466329145,-0.09015303135558451,2.1465827831868984,0.0,0.0046316797439217,-0.0899973005811078,-0.2557982793016244,0.0,2.058750010959146,6.060247046246766,1.8549142521007114,-1.3213364506775416,0.0
2026orsal,2026orsal_qm65,,2811,red,9.027911798698096,0.0,1.0401150486884652,1.7596408411312279,-0.020251141314710775,3.0720605155248957,0.0,0.014621943001099863,0.7163557584154837,0.5816776663323127,0.0,3.0987916918067793,9.027911798698096,2.8570595913663763,2.7997558898196897,0.0
2026orsal,2026orsal_qm65,,3024,red,19.999118126992826,0.0,0.3222946867883184,0.5461874841997311,0.058557702403058284,0.38673735417171917,0.0,0.29527425275292996,0.5328751911076118,0.016637716406101427,0.0,8.794479031749258,19.999118126992826,10.817901741071765,0.8684821709880494,0.0
2026orsal,2026orsal_qm65,,9438,red,10.477753234434266,0.0,-0.22337063865880652,-1.144118824007114,0.020556015051035412,1.9780572610736085,0.0,-0.12142698704007451,0.14852901090818707,0.25372145091499443,0.0,8.1313677788035,10.477753234434266,0.36832819455713606,-1.3674894626659115,0.0
2026orsal,2026orsal_qm65,,9430,blue,60.45878613404516,0.0,-0.8211158261808096,-0.6221049660494813,0.6093860415381555,0.6377274209071767,0.0,-0.10399022910288096,0.19841220347137328,1.3344347554527445,0.0,19.699675875255302,60.45878613404516,40.12138283788257,-1.443220792230294,0.0
2026orsal,2026orsal_qm65,,2374,blue,54.30219099240516,0.0,0.015012262739076281,-0.3683400703596512,0.18951450090531044,1.2214046792827982,0.0,0.03398939194148965,0.13282145269617351,0.8844317751396985,0.0,10.51107757376322,54.30219099240516,42.56970873935913,-0.35332780762057664,0.0
2026orsal,2026orsal_qm65,,4692,blue,30.34336542790194,0.0,-0.44897937979379465,-0.9625371219192407,0.3471448000313608,-0.09640804635206938,0.0,0.0705463488739368,-0.021185867439743992,0.771596782456481,0.0,6.581676987030472,30.34336542790194,23.85809648722353,-1.4115165017130349,0.0
2026orsal,2026orsal_qm66,,10991,red,32.06568302559191,0.0,0.8326096232822746,0.40678980134737297,0.1126841091027142,2.0200149891061967,0.0,0.06127383350425117,0.05980013462946454,0.42613174484720107,0.0,5.814316996687097,32.06568302559191,24.231351039798767,1.2393994246296467,0.0
2026orsal,2026orsal_qm66,,9567,red,35.398323977880644,0.0,1.5588044867557125,-0.18672806058214994,0.13442459912822496,4.808142404270834,0.0,-0.10692221310840859,0.5162358158393829,0.4678266912713055,0.0,7.683499191912012,35.398323977880644,22.906682381697795,1.372076426173566,0.0
2026orsal,2026orsal_qm66,,5468,red,146.3271206913461,0.0,4.509710973564071,4.079878948588321,0.4646824286216578,6.796395973529524,0.0,0.1210491381259857,-0.3624724171393933,2.02878745393223,0.0,25.49081465383441,146.3271206913461,114.039910063982,8.589589922152392,0.0
2026orsal,2026orsal_qm66,,4060,blue,33.85678361900804,0.0,-0.185173287017537,0.7989203894470762,0.21559314532642446,-1.8084203757052453,0.0,0.08689190571352802,0.27072260763113615,0.3530811146785083,0.0,8.451285493869747,33.85678361900804,27.21391850084353,0.6137471024295407,0.0
2026orsal,2026orsal_qm66,,7034,blue,52.74160158236784,0.0,0.9543892490705802,-0.3789837872956424,0.37902510368061404,4.398036731903465,0.0,0.1825650074614577,0.6797472951542779,1.0771345848350737,0.0,-1.8556654056886523,52.74160158236784,50.19923025615295,0.5754054617749401,0.0
2026orsal,2026orsal_qm66,,6465,blue,16.213870224585758,0.0,1.6470962047556283,-0.9285988635685466,0.11640020349775554,-1.1632433816287466,0.0,0.0936389709344029,0.22941998600581326,0.008543245276531004,0.0,4.224542320212801,16.213870224585758,13.15257128600171,0.7184973411870785,0.0
2026orsal,2026orsal_qm67,,2733,red,3.4588469036852088,0.0,-0.9653481901246251,-0.3191782775324438,-0.06855678597607687,2.2094109189347306,0.0,-0.0006800273387819873,0.09409926422295706,-0.13121958182873067,0.0,1.8458098142475396,3.4588469036852088,-0.596373829497076,-1.2845264676570671,0.0
2026orsal,2026orsal_qm67,,846,red,127.12239308072078,0.0,-1.0303779946353266,0.2781311050758412,0.4516852812693456,4.953914600134542,0.0,-0.07441029762169278,0.2882142603888871,1.701743339630799,0.0,28.309497832245135,127.12239308072078,93.85898064834117,-0.7522468895594807,0.0
2026orsal,2026orsal_qm67,,2521,red,76.27069400881848,0.0,-0.3507571517255338,2.0065757696147806,0.4280612875657205,2.419333205622098,0.0,0.07727667163960421,1.06672393954642,1.1927278707312388,0.0,15.655508824491415,76.27069400881848,58.19585197870498,1.6558186178892527,0.0
2026orsal,2026orsal_qm67,,955,blue,107.96084511355069,0.0,0.8833310200443265,0.12960567793725725,0.4673593814312188,1.0556024687959527,0.0,0.13226554268622095,0.47284656346979215,1.3651608930967307,0.0,26.842210956188833,107.96084511355069,80.06303168856594,1.0129366979815853,0.0
2026orsal,2026orsal_qm67,,4061,blue,43.602235566927554,0.0,-0.36544532642469174,-0.9531139329440185,0.31349762189444014,6.020956670725866,0.0,-0.13150628671018086,0.21492570607767295,0.5689336988508059,0.0,13.416100906588703,43.602235566927554,24.16517798961298,-1.3185592593687094,0.0
2026orsal,2026orsal_qm67,,753,blue,30.746056813196926,0.0,-1.7644338553481211,-2.0507820495490905,0.33209631223488745,1.502317819819089,0.0,0.06901761913559952,0.45265682231223514,1.0186044247433534,0.0,0.24091670566165552,30.746056813196926,29.002822287716178,-3.8152159048972134,0.0
2026orsal,2026orsal_qm68,,6845,red,-1.232908757785168,0.0,-1.0220030676213019,0.8405881552229438,-0.1644632593320199,-0.22700778639957067,0.0,0.013085733103394753,-0.26056679188142956,-0.3680297941573499,0.0,-3.189556663502343,-1.232908757785168,2.183655692116806,-0.18141491239835958,0.0
2026orsal,2026orsal_qm68,,847,red,29.70264048248358,0.0,-0.2972717849512241,0.014525374381379203,0.05213346394989032,0.30165673150209915,0.0,-0.07031090479853695,0.9808689962430943,0.42332268020135516,0.0,3.2294629097777237,29.70264048248358,26.171520841203737,-0.28274641056983785,0.0
2026orsal,2026orsal_qm68,,8532,red,64.14703168450214,0.0,9.836077735827699,12.23601808792,0.18566332791906542,3.0010466120481274,0.0,0.02539073788722444,-0.15380914685348304,0.9533676903715196,0.0,17.314280598512493,64.14703168450214,43.83170447394152,22.0720958237477,0.0
2026orsal,2026orsal_qm68,,6343,blue,30.67079844955003,0.0,-0.8165866539613076,-0.6615973720150664,-0.02968638838559921,3.525385442402682,0.0,0.18950059197608987,0.1444071297765806,-0.05720101872000008,0.0,7.611845171831098,30.67079844955003,19.53356783531625,-1.4781840259763708,0.0
2026orsal,2026orsal_qm68,,997,blue,63.75362738210762,0.0,2.5242912068361387,-0.9305983432778477,0.35153406090545647,-1.7367380679944016,0.0,0.01071113762576757,1.0318914039368274,1.2280660569432047,0.0,11.092031358499765,63.75362738210762,54.398334091602266,1.5936928635582879,0.0
2026orsal,2026orsal_qm68,,1540,blue,128.1605630092835,0.0,0.6702518845809925,0.8250402144909916,0.4385086487975795,-0.37931623097558453,0.0,0.05591001012348361,0.02456881294202124,1.948803809078896,0.0,30.755314805795166,128.1605630092835,97.7845644344639,1.4952920990719853,0.0
2026orsal,2026orsal_qm69,,2811,red,8.48449774144091,0.0,0.8288985243469003,1.5404209202666919,-0.03989376041623977,2.3282818262331837,0.0,0.009796891927110226,0.6771715992932505,0.48969999291937777,0.0,3.3493546971243466,8.48449774144091,2.806861218083386,2.3693194446135974,0.0
2026orsal,2026orsal_qm69,,4043,red,30.445215080055426,0.0,-0.4982956303477507,-0.7611634721004187,0.16189286411941506,-1.5688642464462663,0.0,0.004150900080034879,-0.22244819884400766,0.5753657784559739,0.0,-1.220706115419371,30.445215080055426,33.23478544192108,-1.259459102448169,0.0
2026orsal,2026orsal_qm69,,6443,red,20.01244808703544,0.0,-0.8001227643512233,0.5956154967457189,0.034181309333876274,5.298484200595257,0.0,0.05867628316816437,0.02362756027045808,-0.19056241170293148,0.0,0.5997761466827293,20.01244808703544,14.114187739757455,-0.2045072676055051,0.0
2026orsal,2026orsal_qm69,,4125,blue,45.918535605891414,0.0,0.3765693318201184,0.4306186527757427,0.31073621961721887,0.4138807586220401,0.0,0.275767881686742,-0.19549847285365954,0.9377148951165449,0.0,10.834924910806441,45.918535605891414,34.669729936462936,0.8071879845958603,0.0
2026orsal,2026orsal_qm69,,9023,blue,76.50162228692164,0.0,-1.7031378890577422,1.341187245429125,0.4365575467983138,1.2308152930238514,0.0,0.020492417209144458,-0.1208529246983993,1.9271850168349984,0.0,7.949291533452781,76.50162228692164,67.32151546044507,-0.36195064362861823,0.0
2026orsal,2026orsal_qm69,,749,blue,33.12881264513452,0.0,-0.1514913041601654,0.5514722112481657,0.14706812324560062,-0.026331343608630146,0.0,-0.12072897928580165,-0.10655906188854322,0.3999508338665213,0.0,10.258794655260113,33.12881264513452,22.896349333483073,0.39998090708799655,0.0
2026orsal,2026orsal_qm70,,3712,red,-3.9235202917004663,0.0,1.7330651969288842,-0.7942440884023533,-0.0742905965607737,0.9251694279630305,0.0,-0.022552996723997795,0.11615740691991155,-0.17222699002868963,0.0,6.984710250614737,-3.9235202917004663,-11.833399970278307,0.9388211085265294,0.0
2026orsal,2026orsal_qm70,,3674,red,101.98472018541293,0.0,-0.5880816751005021,1.4032489303452917,0.6556351704737878,-0.08588847182127989,0.0,0.11672235681854774,0.010834297426521602,1.8315770668793792,0.0,12.446510295833308,101.98472018541293,89.62409836140088,0.8151672552447896,0.0
2026orsal,2026orsal_qm70,,3673,red,7.258165817616573,0.0,0.9937830631921281,1.5696373316222316,-0.15828731855939354,1.0245011439385203,0.0,-0.010666532049651763,-0.11626207235010895,-0.1671288130253169,0.0,1.5316533830974466,7.258165817616573,4.702011290580604,2.5634203948143583,0.0
2026orsal,2026orsal_qm70,,5920,blue,35.686650090659576,0.0,0.15461561612926714,0.49905864708837727,0.16936256542522743,-1.0028649831800283,0.0,-0.01652078072071015,-0.07095957890326772,0.6050630197137353,0.0,4.662057803546246,35.686650090659576,32.02745727029335,0.6536742632176457,0.0
2026orsal,2026orsal_qm70,,2926,blue,52.52543961910852,0.0,-0.5483593299318775,0.9186710346130023,0.2966643327545488,-0.7706147825879378,0.0,0.20318914896481768,-0.024893271174125695,0.6450771021935449,0.0,3.5813863585348553,52.52543961910852,49.71466804316157,0.37031170468112884,0.0
2026orsal,2026orsal_qm70,,1359,blue,16.5247512392259,0.0,3.611857334249908,3.55267865713187,0.024063398819006175,3.5134098616324922,0.0,-0.09760335359123914,0.007353411328032146,0.5902653254068678,0.0,6.114952365877546,16.5247512392259,6.896389011715872,7.164535991381776,0.0
2026orsal,2026orsal_sf1m1,,3712,red,-2.4837243310666044,0.0,1.238418964646109,-1.0636621566746876,-0.13233069136353243,0.7825876411034606,0.0,-0.03432485148346012,0.12503611866163683,-0.4461956515294459,0.0,7.931850945387022,-2.4837243310666044,-11.198162917557058,0.1747568079714192,0.0
2026orsal,2026orsal_sf1m1,,1540,red,129.52256906581428,0.0,0.14436480581865788,0.5071315192678783,0.3813154839843616,-0.5479115223610899,0.0,0.04842063998921717,0.0621426564371327,1.7239818014146577,0.0,31.826025543713406,129.52256906581428,98.2444550444621,0.6514963250865411,0.0
2026orsal,2026orsal_sf1m1,,5468,red,147.5793639787489,0.0,4.049742106591596,3.7045695187920407,0.41311033085784027,6.565675869872778,0.0,0.11656829508113917,-0.3241064740648775,1.8378720397689297,0.0,25.76981162743935,147.5793639787489,115.24387648143671,7.754311625383633,0.0
2026orsal,2026orsal_sf1m1,,4692,blue,25.44302818934993,0.0,-0.1985815703652031,-1.294027213101344,0.30289446179951196,-0.2679348310631643,0.0,0.06721383253758231,0.03535695107776845,0.6048840556915088,0.0,5.129887400394023,25.44302818934993,20.581075620019078,-1.4926087834665405,0.0
2026orsal,2026orsal_sf1m1,,1359,blue,12.842462635155805,0.0,3.766647690284084,3.2098909426327364,-0.013468773626217644,3.02859967972027,0.0,-0.09703150270081073,0.09359193851776487,0.43489958744487023,0.0,5.977097969184157,12.842462635155805,3.836764986251388,6.97653863291682,0.0
2026orsal,2026orsal_sf1m1,,8532,blue,60.501418786210586,0.0,9.916052531790985,11.933490707278587,0.1423408947725225,2.5975091658750524,0.0,0.0278051453678624,-0.07611939556816377,0.759690707064485,0.0,17.06026747773562,60.501418786210586,40.843642142600025,21.84954323906957,0.0
2026orsal,2026orsal_sf2m1,,6343,red,33.93690361028165,0.0,-0.8797371239062125,-0.5074286475337533,-0.08123673804571423,4.075131327556348,0.0,0.16801580846382752,-0.025701689339563794,-0.19218340811725115,0.0,7.726697425802991,33.93690361028165,22.13507485692235,-1.3871657714399617,0.0
2026orsal,2026orsal_sf2m1,,997,red,68.11162775655039,0.0,2.3599252240417576,-0.7537710528261478,0.3114143570456134,-1.1200365015190292,0.0,-0.013438456633016856,0.8708663636095806,1.1102652494940168,0.0,11.345751157923376,68.11162775655039,57.88591310014615,1.6061541712156109,0.0
2026orsal,2026orsal_sf2m1,,7034,red,56.52150271442267,0.0,0.8247632183110232,-0.30433662177827575,0.3162524059547778,4.88881797820533,0.0,0.1608324080720378,0.5412905695647134,0.9037485731679223,0.0,-1.6688898579903757,56.52150271442267,53.30157459420773,0.520426596532746,0.0
2026orsal,2026orsal_sf2m1,,4043,blue,29.596510910674798,0.0,-0.35467083417702255,-0.6710527441316335,0.08854801650862923,-1.6297680638607497,0.0,0.009048697109914303,-0.044412595326854785,0.36819352686353574,0.0,-0.7451081623743032,29.596510910674798,31.971387136909847,-1.025723578308656,0.0
2026orsal,2026orsal_sf2m1,,9430,blue,56.96603145904943,0.0,-0.7709142017997158,-0.3061250473377359,0.5484792372249996,0.5907161099675121,0.0,-0.09023505436573369,0.4019424311674705,1.1640019605551906,0.0,19.741993992170446,56.96603145904943,36.63332135691146,-1.0770392491374503,0.0
2026orsal,2026orsal_sf2m1,,2374,blue,53.01274950140639,0.0,0.20139151353813456,-0.3550163935427881,0.11356349830157048,1.2196491734633494,0.0,0.03522034825629663,0.3002605184437667,0.6929933892343295,0.0,10.176424339821414,53.01274950140639,41.61667598812169,-0.15362488000464972,0.0
2026orsal,2026orsal_sf3m1,,10991,red,32.92400105082481,0.0,0.9116229225082917,0.277792646423616,0.019965067510233192,1.4829052355673804,0.0,0.057935284598413794,0.19183068843124018,0.14188695922746586,0.0,5.683974962955887,32.92400105082481,25.757120852301398,1.189415568931913,0.0
2026orsal,2026orsal_sf3m1,,846,red,128.08481586427988,0.0,-1.089704209376151,0.03204551655847926,0.3706976241794216,4.431809784644095,0.0,-0.08152176288282395,0.4852969582472574,1.4680484953910382,0.0,28.560499661180145,128.08481586427988,95.09250641845557,-1.0576586928176726,0.0
2026orsal,2026orsal_sf3m1,,3674,red,102.6224105794191,0.0,-0.5567142138733484,1.2295499084048136,0.5927253509608429,-0.6076643143766532,0.0,0.11206356146778039,0.17477854893454162,1.6161559941834878,0.0,12.411883699779938,102.6224105794191,90.81819119401581,0.6728356945314632,0.0
2026orsal,2026orsal_sf3m1,,6443,blue,21.949326283288773,0.0,-0.561067606094934,0.7459663487637599,0.0029149623340472457,5.411319850428051,0.0,0.06075609396400141,-0.05728987959021705,-0.23768119684616879,0.0,1.0704428256556926,21.949326283288773,15.467563607205017,0.1848987426688277,0.0
2026orsal,2026orsal_sf3m1,,4061,blue,44.05657390608203,0.0,-0.17493332717038307,-0.927107072942874,0.2682681476579412,6.0746179569805,0.0,-0.12158603257699986,0.17393184440635553,0.5199883804284051,0.0,13.606739878886923,44.05657390608203,24.375216070214595,-1.1020404001132598,0.0
2026orsal,2026orsal_sf3m1,,753,blue,31.83910821182547,0.0,-1.4044142955684946,-1.8377966159691514,0.27731054304176295,1.5360379803198971,0.0,0.07858834576141895,0.38632588127064277,0.9186141272192274,0.0,0.7080851540599623,31.83910821182547,29.59498507744557,-3.242210911537651,0.0
2026orsal,2026orsal_sf4m1,,2811,red,14.09534409103157,0.0,0.9444889861884495,1.3725946175022306,-0.09845425768229278,2.007386001816042,0.0,0.0025006566232021192,0.6663819994589288,0.2649644564559417,0.0,4.088264385086678,14.09534409103157,7.999693704128841,2.3170836036906826,0.0
2026orsal,2026orsal_sf4m1,,9023,red,83.51860373664066,0.0,-1.6869318782029066,1.1282560531315156,0.40004241753691966,0.9166942652986989,0.0,0.008880670081400492,-0.060755777181169174,1.7607136333613302,0.0,8.826676087987847,83.51860373664066,73.77523338335418,-0.558675825071389,0.0
2026orsal,2026orsal_sf4m1,,955,red,112.32939060787787,0.0,0.8591335346906601,-0.0916489587465728,0.4327105861479048,1.0296051427986486,0.0,0.1254041786774986,0.48839256470616277,1.2173926474484942,0.0,26.9668730138097,112.32939060787787,84.33291245126948,0.7674845759440868,0.0
2026orsal,2026orsal_sf4m1,,2926,blue,56.21812091029273,0.0,-0.5022237714740618,0.6348107644813815,0.2476920558793235,-0.26204195346732584,0.0,0.16621049696356435,-0.0985462727803866,0.5263003497343848,0.0,3.5540280857800366,56.21812091029273,52.92613477798003,0.13258699300732005,0.0
2026orsal,2026orsal_sf4m1,,2521,blue,80.22121611590222,0.0,-0.23045443863583684,1.7320968954538065,0.36744470946242475,2.9348487100637106,0.0,0.046474216640814615,0.9838792007362837,1.0413669351257109,0.0,15.3526534049774,80.22121611590222,61.93371400086115,1.5016424568179692,0.0
2026orsal,2026orsal_sf4m1,,4125,blue,49.18096013079387,0.0,0.39636989112512916,0.24437026874654644,0.2650677879124173,0.9474677319865844,0.0,0.24221073681168626,-0.2741503693544056,0.8158566643702311,0.0,10.654697448366509,49.18096013079387,37.578794950440745,0.6407401598716791,0.0
2026orsal,2026orsal_sf5m1,,4692,red,26.334414758699836,0.0,-0.8803249047766726,-0.9893184578055861,0.2970594446359815,0.5056260061375799,0.0,0.0686773365488618,-0.028742221721190755,0.5724770044167418,0.0,4.57793606469996,26.334414758699836,21.25085268786228,-1.869643362582265,0.0
2026orsal,2026orsal_sf5m1,,1359,red,11.9349130127691,0.0,2.9736458403727473,3.6264344520994203,-0.013613726679612853,3.9037771778602544,0.0,-0.08877150649042614,0.09346496467834976,0.4189105337313057,0.0,5.302693934089039,11.9349130127691,2.728441900819814,6.600080292472168,0.0
2026orsal,2026orsal_sf5m1,,8532,red,60.486249979345715,0.0,9.099906132571817,12.332458947828696,0.11764151745297603,3.4845632234258552,0.0,0.0301400012237626,-0.03853339735887562,0.6583596025688142,0.0,16.514448559036683,60.486249979345715,40.48723819688317,21.432365080400512,0.0
2026orsal,2026orsal_sf5m1,,4043,blue,28.328732754686644,0.0,-0.341407676047302,-0.5279641872395849,0.05716886350533907,-1.5455952167886058,0.0,0.01488454392518718,0.12500487276308062,0.2868277280692256,0.0,-0.43556150301222435,28.328732754686644,30.309889474487527,-0.8693718632868855,0.0
2026orsal,2026orsal_sf5m1,,9430,blue,56.143472799581474,0.0,-0.6741395452243919,-0.2566794417043319,0.5270206722064809,0.47030351020762456,0.0,-0.0837296518298227,0.5744398691125794,1.094408850686562,0.0,20.19614714480586,56.143472799581474,35.47702214456798,-0.9308189869287202,0.0
2026orsal,2026orsal_sf5m1,,2374,blue,51.454949967052045,0.0,0.19823012640912216,-0.22515560646556018,0.0883267218178841,1.2226742284758925,0.0,0.043339856620289136,0.48121568373554297,0.6204802534562915,0.0,10.439916339007347,51.454949967052045,39.79235939956881,-0.02692548005643364,0.0
2026orsal,2026orsal_sf6m1,,6443,red,23.768673309664162,0.0,-0.46958725984389177,2.538446006762713,-0.014334236742858603,5.588247049096388,0.0,0.06054348624190993,-0.12314595732052647,-0.2546863885210383,0.0,1.3029765963125015,23.768673309664162,16.877449664255263,2.068858746918821,0.0
2026orsal,2026orsal_sf6m1,,4061,red,45.96555983654594,0.0,-0.035081771340565546,0.8631610280674253,0.2502744485473235,6.118000798704374,0.0,-0.11582045621281335,0.14415773389196754,0.4872562729042487,0.0,13.874352404578326,45.96555983654594,25.973206633263235,0.828079256726862,0.0
2026orsal,2026orsal_sf6m1,,753,red,32.65498642498659,0.0,-1.2546294579118298,0.027244607826732624,0.27215629429890886,1.6127174991016375,0.0,0.08818288217012751,0.34276322173645646,0.9372449671110471,0.0,0.7913257472779296,32.65498642498659,30.250943178607038,-1.227384850085098,0.0
2026orsal,2026orsal_sf6m1,,2926,blue,56.5476154290669,0.0,-0.5273367608949102,0.28098511689931205,0.20242641849215567,-0.4636010261726502,0.0,0.138832718726788,0.027652426239534986,0.40216138568331383,0.0,5.030097999465414,56.5476154290669,51.981118455774165,-0.24635164399560006,0.0
2026orsal,2026orsal_sf6m1,,2521,blue,80.75292705349291,0.0,-0.18097877109089464,1.5672922085375012,0.31789320797684784,2.686099263859419,0.0,0.019296972283035754,1.1180642156806602,0.9093472066222078,0.0,16.92912264137544,80.75292705349291,61.137705148258064,1.3863134374466104,0.0
2026orsal,2026orsal_sf6m1,,4125,blue,49.292514821588924,0.0,0.42869909747669366,-0.1446949613089318,0.2291239503396691,0.7055553684428026,0.0,0.21846633283875388,-0.16487647750691048,0.7197732083624434,0.0,11.95579434331397,49.292514821588924,36.63116510983217,0.28400413616775816,0.0
2026orsal,2026orsal_sf7m1,,5920,red,40.85850906485674,0.0,-0.09664510093974263,0.654082958860054,0.14774126306163562,-0.7110079868096815,0.0,-0.01865557736787736,-0.019069443143303964,0.46253791679601425,0.0,3.6559878976991507,40.85850906485674,37.91352915396725,0.5574378579203094,0.0
2026orsal,2026orsal_sf7m1,,1540,red,133.86620127728094,0.0,-0.022966008240991233,0.9235325015203777,0.35791314201065655,-0.39728960391624746,0.0,0.054507716085013556,0.10815860178897065,1.5920869409890575,0.0,30.883241101086895,133.86620127728094,103.38024978011025,0.9005664932793852,0.0
2026orsal,2026orsal_sf7m1,,5468,red,152.5374069641249,0.0,3.800319782174478,3.833280676250291,0.36100322899288456,6.8386242003940225,0.0,0.10487218313505484,-0.24524715772441072,1.6123359541345645,0.0,25.164757169232505,152.5374069641249,120.5340255944984,7.633600458424767,0.0
2026orsal,2026orsal_sf7m1,,6343,blue,27.777235487241935,0.0,-0.9911287547709537,-0.7062180004687478,-0.08946230196989917,3.8348891880146314,0.0,0.15246372413321974,-0.0051977241898309955,-0.22341700796514624,0.0,7.396218958655442,27.777235487241935,16.546127340571815,-1.6973467552397021,0.0
2026orsal,2026orsal_sf7m1,,997,blue,62.50973976475755,0.0,2.316406327206189,-0.7382879433048141,0.3074633586137189,-1.439275950412365,0.0,-0.022240697043300412,0.8797257863721222,1.085178955858958,0.0,10.912257981025107,62.50973976475755,53.03675773414478,1.5781183839013766,0.0
2026orsal,2026orsal_sf7m1,,7034,blue,50.001848076782395,0.0,0.6842107328040837,-0.45626323372364314,0.3239965577527785,4.644981744265051,0.0,0.1521882633950794,0.5473435899738496,0.9097486695567156,0.0,-2.2144631729221205,50.001848076782395,47.571329505439486,0.22794749908043818,0.0
2026orsal,2026orsal_sf8m1,,10991,red,29.82152606133357,0.0,0.9803382365754959,0.36348287301330207,-0.007203046089834575,1.0493651888857416,0.0,0.06462517483014785,0.35182888562083914,0.057161188825779696,0.0,5.8193434774485056,29.82152606133357,22.952817394999386,1.3438211095887984,0.0
2026orsal,2026orsal_sf8m1,,846,red,124.56781496989517,0.0,-0.978835177333163,-0.3408979400960545,0.3410108902399307,3.927376153003142,0.0,-0.0805437040490734,0.664334616445036,1.3802619414766941,0.0,28.822772756606064,124.56781496989517,91.817666060286,-1.3197331174292197,0.0
2026orsal,2026orsal_sf8m1,,3674,red,101.89034820020713,0.0,-0.49562492726624213,0.9891266160650042,0.5433290716192198,-0.8837078215485321,0.0,0.10516833043793916,0.3258229568190575,1.4551366339304344,0.0,12.91393566055865,101.89034820020713,89.86012036119705,0.4935016887987625,0.0
2026orsal,2026orsal_sf8m1,,2811,blue,17.482207730181518,0.0,0.965179774964952,1.8017263508196468,-0.1262822881000407,2.9464505772681524,0.0,-0.004055003107258553,0.5591084343665939,0.12967563690842043,0.0,3.859822937622937,17.482207730181518,10.675934215290475,2.766906125784602,0.0
2026orsal,2026orsal_sf8m1,,9023,blue,87.29120037757434,0.0,-1.5724641413167029,1.2803873548406257,0.37383361490788747,1.7315783375327138,0.0,0.0019674787872076384,-0.14311726574312505,1.6308541486711619,0.0,8.821983949862569,87.29120037757434,76.73763809017909,-0.2920767864760808,0.0
2026orsal,2026orsal_sf8m1,,955,blue,115.77344780273539,0.0,0.9265279123549761,0.028349713133007937,0.41066649232658736,1.8153346469490512,0.0,0.11861678297925626,0.40160800223180126,1.0994138997543248,0.0,26.788524154839973,115.77344780273539,87.16958900094635,0.9548776254879803,0.0
2026orsal,2026orsal_sf9m1,,6343,red,32.45559367425188,0.0,-1.086686574087971,-0.6183952169106622,-0.11378114688445455,3.50120774166063,0.0,0.13914234984830146,-0.07651109625912376,-0.30239654991431714,0.0,7.904044501504185,32.45559367425188,21.050341431087098,-1.70508179099863,0.0
2026orsal,2026orsal_sf9m1,,997,red,67.17440050145655,0.0,2.220017874436486,-0.6251413194329217,0.28628304129916216,-1.7195475270140574,0.0,-0.03337728815137757,0.8138212442228077,1.0122229348026606,0.0,11.369892021981656,67.17440050145655,57.52405600648892,1.5948765550035635,0.0
2026orsal,2026orsal_sf9m1,,7034,red,55.016519397541195,0.0,0.5808220522554671,-0.33041670431499254,0.3073692799219057,4.385685033168469,0.0,0.14096303456936563,0.4596170056929943,0.8517214988758429,0.0,-1.7873745561761165,55.016519397541195,52.41820892054876,0.250405347940475,0.0
2026orsal,2026orsal_sf9m1,,2926,blue,57.13778415917912,0.0,-0.48066394943029667,0.14590243206246437,0.1760622384908267,-0.6017246672764526,0.0,0.12357964259306993,-0.026929563025910676,0.34144817002844263,0.0,5.367254656380466,57.13778415917912,52.372254170075124,-0.3347615173678311,0.0
2026orsal,2026orsal_sf9m1,,2521,blue,81.63751380744286,0.0,-0.11847596399991249,1.483127845737302,0.29664879703650227,2.6918212776010697,0.0,0.00452840057554177,1.0298504661170487,0.8631746595491679,0.0,17.235346247551686,81.63751380744286,61.71034628229008,1.3646518817373865,0.0
2026orsal,2026orsal_sf9m1,,4125,blue,50.04681793964125,0.0,0.4325018387928011,-0.24908578568828463,0.19363297513628946,0.5106173702623976,0.0,0.20213124219666667,-0.1875544568916534,0.6225166295259321,0.0,12.268447659785004,50.04681793964125,37.26775290959387,0.183416053104518,0.0
2026orsal,2026orsal_sf10m1,,10991,red,31.043968955168538,0.0,1.0044450160327365,0.31885119111823834,-0.043390375623737154,0.8413229319502875,0.0,0.06311357527928442,0.44519080742268047,-0.06560080112939337,0.0,6.844561274603812,31.043968955168538,23.358084748614516,1.3232962071509753,0.0
2026orsal,2026orsal_sf10m1,,846,red,125.87696204141108,0.0,-0.9526266438103053,-0.39248461017349884,0.29974224861661575,3.7194670415826594,0.0,-0.08396050618130836,0.752731567780926,1.2430812887761467,0.0,29.885439262541276,125.87696204141108,92.27205573728722,-1.345111253983799,0.0
2026orsal,2026orsal_sf10m1,,3674,red,102.86129905850105,0.0,-0.4660113434239921,0.9208632962753057,0.5072907175621209,-1.1274081450042717,0.0,0.10126957683422698,0.4127908370989024,1.33636069832764,0.0,13.912506851607501,102.86129905850105,90.07620035189781,0.45485195285131236,0.0
2026orsal,2026orsal_sf10m1,,4043,blue,26.23535580013488,0.0,-0.2742569681355379,-0.47297352163541656,0.03937586893589492,-0.9846921726206543,0.0,0.01810926399344172,0.05123135060195547,0.25207929050221484,0.0,-0.8128549890725021,26.23535580013488,28.03290296182803,-0.7472304897709549,0.0
2026orsal,2026orsal_sf10m1,,9430,blue,55.191641687760836,0.0,-0.6254364441152911,-0.2965635519673966,0.523806804319111,1.3817595090181916,0.0,-0.07384565343272194,0.4763213798852813,1.0833948809302354,0.0,19.375852296337868,55.191641687760836,34.43402988240475,-0.9219999960826862,0.0
2026orsal,2026orsal_sf10m1,,2374,blue,49.79563606408498,0.0,0.24451452611042715,-0.2849112210901536,0.07657118638745156,1.898812901214865,0.0,0.051362667108378016,0.41538942614160895,0.590171105299379,0.0,9.825685724311876,49.79563606408498,38.07113743855827,-0.04039669497972653,0.0
2026orsal,2026orsal_sf11m1,,5920,red,40.06618177272113,0.0,-0.30790513183329166,0.8921242191525554,0.1137350544480867,-0.48715937761673206,0.0,-0.023784100377272726,0.09418884682019608,0.3052798912078852,0.0,3.621890311154184,40.06618177272113,36.93145083918369,0.5842190873192643,0.0
2026orsal,2026orsal_sf11m1,,1540,red,132.08012986069954,0.0,-0.183921364434277,1.021113824510339,0.32499945705631184,-0.40244293121209324,0.0,0.05222099471017195,0.26557493861447706,1.4506229957570342,0.0,31.012121210992373,132.08012986069954,101.47045158091926,0.8371924600760623,0.0
2026orsal,2026orsal_sf11m1,,5468,red,151.80486651547298,0.0,3.6247601637483005,3.9876584630126115,0.3181739775716773,6.924994196326626,0.0,0.09720930192374104,-0.12981965471177995,1.4383837669432076,0.0,25.31363250714813,151.80486651547298,119.56623981199827,7.6124186267609115,0.0
2026orsal,2026orsal_sf11m1,,2811,blue,20.29915283562308,0.0,0.9573536454740099,2.1411970878889925,-0.14971495004421634,3.0724390076193107,0.0,-0.008851532537693791,0.5978051908497474,0.02050756115297947,0.0,4.680399751184777,20.29915283562308,12.546314076818948,3.0985507333630036,0.0
2026orsal,2026orsal_sf11m1,,9023,blue,89.59292687199847,0.0,-1.5662977395232744,1.59732720471962,0.3467503111517835,1.867465985913962,0.0,-0.003237523332571211,-0.08820731256657478,1.5105920019796222,0.0,9.69929244782209,89.59292687199847,78.0261684382624,0.031029465196341442,0.0
2026orsal,2026orsal_sf11m1,,955,blue,118.03823949153036,0.0,0.9086629251200306,0.35027757673998794,0.38629220043018303,1.9724056967749608,0.0,0.11343263755208223,0.443658053431088,0.987692116330483,0.0,27.49145382701184,118.03823949153036,88.57437996774351,1.2589405018600193,0.0
2026orsal,2026orsal_sf12m1,,10991,red,31.46266548937581,0.0,1.0185838541509133,0.25675679711862226,-0.0745817289692784,1.3238889258060258,0.0,0.06011325594973113,0.5455784826287033,-0.166507825252312,0.0,7.903415017810282,31.46266548937581,22.23536154575953,1.2753406512695373,0.0
2026orsal,2026orsal_sf12m1,,846,red,126.2610801312656,0.0,-0.9352995519634162,-0.4650202929427564,0.2694772389811703,4.201216334069659,0.0,-0.08678808874526935,0.8516171270894005,1.1465007743223077,0.0,30.938489471507268,126.2610801312656,91.12137432568869,-1.4003198449061727,0.0
2026orsal,2026orsal_sf12m1,,3674,red,103.31140483867951,0.0,-0.44406997332883547,0.8871377315055888,0.47772482816272493,-0.7158480579108335,0.0,0.09893038657340984,0.5031578079828041,1.238072900777617,0.0,14.954924996398175,103.31140483867951,89.07232790019219,0.44306775817675137,0.0
2026orsal,2026orsal_sf12m1,,6343,blue,34.71858568114282,0.0,-1.1393830198150958,-0.5821232258963283,-0.12655035547304397,4.025003027169731,0.0,0.12990118371679438,-0.015127033183630048,-0.3392291773701429,0.0,8.168480187950655,34.71858568114282,22.525102466022446,-1.7215062457114307,0.0
2026orsal,2026orsal_sf12m1,,997,blue,69.52226664764916,0.0,2.1488068338407356,-0.557117874192202,0.2692043856196355,-1.196809475065456,0.0,-0.043459418562214615,0.8890353458429647,0.9557020117442281,0.0,11.694491004920831,69.52226664764916,59.02458511779379,1.5916889596485368,0.0
2026orsal,2026orsal_sf12m1,,7034,blue,57.19911503647879,0.0,0.5118409603286127,-0.2568925713494768,0.29699148552104093,4.927639855018069,0.0,0.13160796813382103,0.5127128354482375,0.819298931826984,0.0,-1.690977870441033,57.19911503647879,53.962453051901804,0.2549483889791344,0.0
2026orsal,2026orsal_sf13m1,,2811,red,21.821145688415065,0.0,0.9348850381984243,1.971123647468312,-0.172594329181099,3.0143535536387818,0.0,-0.01376249777103273,0.5568509976841424,-0.08123048034273148,0.0,6.504549034613344,21.821145688415065,12.302243100162933,2.906008685666735,0.0
2026orsal,2026orsal_sf13m1,,9023,red,90.45406726478025,0.0,-1.5744839273456666,1.410460582401471,0.32218923116930087,1.7415283775190769,0.0,-0.007022853517775389,-0.13599354166469346,1.4030442812380512,0.0,11.508752307021673,90.45406726478025,77.20378658023944,-0.1640233449441972,0.0
2026orsal,2026orsal_sf13m1,,955,red,119.43173047206129,0.0,0.8912107411674762,0.19401106167094925,0.3691068662285475,1.8722322368032462,0.0,0.10983473698359524,0.39905876078510377,0.9070588967451212,0.0,29.119768703021734,119.43173047206129,88.43972953223631,1.0852218028384255,0.0
2026orsal,2026orsal_sf13m1,,10991,blue,27.061264000454173,0.0,1.0335845646345758,0.2462010638019546,-0.09823706674874066,1.1456724558977038,0.0,0.05771755384753015,0.5144621232231215,-0.24225258163057029,0.0,6.906960858969278,27.061264000454173,19.00863068558712,1.2797856284365323,0.0
2026orsal,2026orsal_sf13m1,,846,blue,121.79487149454253,0.0,-0.9199107772280785,-0.4724733591708694,0.24603347552229435,4.022543088098157,0.0,-0.08912951366297761,0.8209028651933016,1.0719444168168202,0.0,29.89902794007116,121.79487149454253,87.87330046637317,-1.3923841363989526,0.0
2026orsal,2026orsal_sf13m1,,3674,blue,99.3301923794112,0.0,-0.43144703445997185,0.8591606536206805,0.4531608894588016,-0.8893099475940688,0.0,0.09625685330647464,0.4701460557913937,1.156528739741498,0.0,14.213875629896949,99.3301923794112,86.00562669710828,0.4277136191607048,0.0
2026orsal,2026orsal_f1m1,,5920,red,40.44280358010065,0.0,-0.46184096403901753,1.0950324926802206,0.08283975862100394,-0.08797461438287843,0.0,-0.028880626622430336,0.12270668622568322,0.17001494453003077,0.0,1.7415645314223558,40.44280358010065,38.789213663061155,0.6331915286411971,0.0
2026orsal,2026orsal_f1m1,,1540,red,131.42114760559497,0.0,-0.30120938504899625,1.1715452296200615,0.29423594670119313,-0.04350739722189354,0.0,0.048366436137906456,0.29161860164774306,1.3247915489554833,0.0,29.227469167703326,131.42114760559497,102.23718583511352,0.8703358445710654,0.0
2026orsal,2026orsal_f1m1,,5468,red,151.78358312362147,0.0,3.4938805248492515,4.156121812504796,0.28674906735799344,7.3231369741331775,0.0,0.09216435098573086,-0.09765281595299764,1.307661039973716,0.0,23.648937456532206,151.78358312362147,120.81150869295607,7.650002337354045,0.0
2026orsal,2026orsal_f1m1,,2811,blue,22.630164488899485,0.0,0.938238379343306,2.2057161085956407,-0.18971987653116365,2.9127144816308603,0.0,-0.016713767204248022,0.6390271265078495,-0.15506137551646176,0.0,7.235716224485351,22.630164488899485,12.481733782783254,3.143954487938943,0.0
2026orsal,2026orsal_f1m1,,9023,blue,91.27290135125341,0.0,-1.5736758633398302,1.6498015422626928,0.30433879481938236,1.646622355143028,0.0,-0.010096463126373228,-0.052689248186922395,1.3261440576877577,0.0,12.215486346359691,91.27290135125341,77.41079264975069,0.07612567892286226,0.0
2026orsal,2026orsal_f1m1,,955,blue,120.19133615686994,0.0,0.8823050059356969,0.42314275956709646,0.35061681240977655,1.8139347522439322,0.0,0.1066603511800888,0.4768272187577406,0.8276054197955924,0.0,29.651034105161404,120.19133615686994,88.72636729946457,1.3054477655027936,0.0
2026orsal,2026orsal_f1m2,,5920,red,37.10276867642949,0.0,-0.5808892252747736,0.8173463330041667,0.05415356655451267,0.2568381495455257,0.0,-0.033704422451691626,0.10767597264103322,0.048932091072508406,0.0,1.4097233383825458,37.10276867642949,35.436207188501434,0.23645710772938844,0.0
2026orsal,2026orsal_f1m2,,1540,red,128.60691751355003,0.0,-0.401755260655417,0.9484574769613343,0.27126178660415107,0.2696155951924227,0.0,0.04450815775345073,0.27284340080471187,1.2279268669292995,0.0,28.948481931258407,128.60691751355003,99.38881998709924,0.5467022163059211,0.0
2026orsal,2026orsal_f1m2,,5468,red,148.91761921851057,0.0,3.391633349639985,3.922231434516225,0.26261607100205353,7.628104857653763,0.0,0.08810822069714333,-0.11301050307746204,1.205840460212815,0.0,23.36444362235945,148.91761921851057,117.92507073849734,7.313864784156209,0.0
2026orsal,2026orsal_f1m2,,2811,blue,22.57571212871101,0.0,0.9390089329726056,2.0776031002572886,-0.20376956305157043,2.6617960928704556,0.0,-0.019133067065772773,0.7081700177078418,-0.21559064586538607,0.0,7.223335591822754,22.57571212871101,12.690580444017822,3.0166120332298965,0.0
2026orsal,2026orsal_f1m2,,9023,blue,91.16307599367234,0.0,-1.5748612477455628,1.5162775897147165,0.28972480994179944,1.3997446628719115,0.0,-0.012611024590518577,0.01665772089410624,1.2632249040560022,0.0,12.197558727105966,91.16307599367234,77.56577260369454,-0.05858365803084706,0.0
2026orsal,2026orsal_f1m2,,955,blue,119.88517208630586,0.0,0.8738674607601501,0.2848772064527281,0.33558938154211615,1.6113677435070026,0.0,0.10408158313453288,0.5387880015711591,0.7630560556564474,0.0,29.614252970048955,119.88517208630586,88.65955137274996,1.1587446672128765,0.0
