match_key,match_number,comp_level,difference,source,match_json,alliances_json,teams_json
2026orore_qm1,1,qm,46.91129079999999,Scouting totals,"{""actual_time"": 1774635299, ""alliances"": {""blue"": {""dq_team_keys"": [], ""score"": 182, ""surrogate_team_keys"": [], ""team_keys"": [""frc2898"", ""frc10991"", ""frc8032""]}, ""red"": {""dq_team_keys"": [], ""score"": 143, ""surrogate_team_keys"": [], ""team_keys"": [""frc2635"", ""frc2557"", ""frc3669""]}}, ""comp_level"": ""qm"", ""event_key"": ""2026orore"", ""key"": ""2026orore_qm1"", ""match_number"": 1, ""post_result_time"": 1774635481, ""predicted_time"": 1774635300, ""score_breakdown"": {""blue"": {""adjustPoints"": 0, ""autoTowerPoints"": 0, ""autoTowerRobot1"": ""None"", ""autoTowerRobot2"": ""None"", ""autoTowerRobot3"": ""None"", ""endGameTowerPoints"": 0, ""endGameTowerRobot1"": ""None"", ""endGameTowerRobot2"": ""None"", ""endGameTowerRobot3"": ""None"", ""energizedAchieved"": true, ""foulPoints"": 5, ""g206Penalty"": false, ""hubScore"": {""autoCount"": 38, ""autoPoints"": 38, ""endgameCount"": 39, ""endgamePoints"": 39, ""shift1Count"": 0, ""shift1Points"": 0, ""shift2Count"": 43, ""shift2Points"": 43, ""shift3Count"": 0, ""shift3Points"": 0, ""shift4Count"": 48, ""shift4Points"": 48, ""teleopCount"": 139, ""teleopPoints"": 139, ""totalCount"": 177, ""totalPoints"": 177, ""transitionCount"": 9, ""transitionPoints"": 9, ""uncounted"": 1}, ""majorFoulCount"": 0, ""minorFoulCount"": 1, ""penalties"": ""None"", ""rp"": 4, ""superchargedAchieved"": false, ""totalAutoPoints"": 38, ""totalPoints"": 182, ""totalTeleopPoints"": 139, ""totalTowerPoints"": 0, ""traversalAchieved"": false}, ""red"": {""adjustPoints"": 0, ""autoTowerPoints"": 0, ""autoTowerRobot1"": ""None"", ""autoTowerRobot2"": ""None"", ""autoTowerRobot3"": ""None"", ""endGameTowerPoints"": 0, ""endGameTowerRobot1"": ""None"", ""endGameTowerRobot2"": ""None"", ""endGameTowerRobot3"": ""None"", ""energizedAchieved"": true, ""foulPoints"": 5, ""g206Penalty"": false, ""hubScore"": {""autoCount"": 38, ""autoPoints"": 38, ""endgameCount"": 27, ""endgamePoints"": 27, ""shift1Count"": 34, ""shift1Points"": 34, ""shift2Count"": 0, ""shift2Points"": 0, ""shift3Count"": 39, ""shift3Points"": 39, ""shift4Count"": 0, ""shift4Points"": 0, ""teleopCount"": 100, ""teleopPoints"": 100, ""totalCount"": 138, ""totalPoints"": 138, ""transitionCount"": 0, ""transitionPoints"": 0, ""uncounted"": 5}, ""majorFoulCount"": 0, ""minorFoulCount"": 1, ""penalties"": ""None"", ""rp"": 1, ""superchargedAchieved"": false, ""totalAutoPoints"": 38, ""totalPoints"": 143, ""totalTeleopPoints"": 100, ""totalTowerPoints"": 0, ""traversalAchieved"": false}}, ""set_number"": 1, ""time"": 1774635300, ""videos"": [], ""winning_alliance"": ""blue""}","{""blue"": {""dq_team_keys"": [], ""score"": 182, ""surrogate_team_keys"": [], ""team_keys"": [""frc2898"", ""frc10991"", ""frc8032""]}, ""red"": {""dq_team_keys"": [], ""score"": 143, ""surrogate_team_keys"": [], ""team_keys"": [""frc2635"", ""frc2557"", ""frc3669""]}}",[]
2026orore_qm2,2,qm,45.44356554999999,Scouting totals,"{""actual_time"": 1774635854, ""alliances"": {""blue"": {""dq_team_keys"": [], ""score"": 169, ""surrogate_team_keys"": [], ""team_keys"": [""frc9567"", ""frc2521"", ""frc4488""]}, ""red"": {""dq_team_keys"": [], ""score"": 186, ""surrogate_team_keys"": [], ""team_keys"": [""frc4915"", ""frc4662"", ""frc6465""]}}, ""comp_level"": ""qm"", ""event_key"": ""2026orore"", ""key"": ""2026orore_qm2"", ""match_number"": 2, ""post_result_time"": 1774636036, ""predicted_time"": 1774635840, ""score_breakdown"": {""blue"": {""adjustPoints"": 0, ""autoTowerPoints"": 0, ""autoTowerRobot1"": ""None"", ""autoTowerRobot2"": ""None"", ""autoTowerRobot3"": ""None"", ""endGameTowerPoints"": 0, ""endGameTowerRobot1"": ""None"", ""endGameTowerRobot2"": ""None"", ""endGameTowerRobot3"": ""None"", ""energizedAchieved"": true, ""foulPoints"": 5, ""g206Penalty"": false, ""hubScore"": {""autoCount"": 44, ""autoPoints"": 44, ""endgameCount"": 7, ""endgamePoints"": 7, ""shift1Count"": 0, ""shift1Points"": 0, ""shift2Count"": 69, ""shift2Points"": 69, ""shift3Count"": 0, ""shift3Points"": 0, ""shift4Count"": 22, ""shift4Points"": 22, ""teleopCount"": 120, ""teleopPoints"": 120, ""totalCount"": 164, ""totalPoints"": 164, ""transitionCount"": 22, ""transitionPoints"": 22, ""uncounted"": 0}, ""majorFoulCount"": 0, ""minorFoulCount"": 1, ""penalties"": ""None"", ""rp"": 1, ""superchargedAchieved"": false, ""totalAutoPoints"": 44, ""totalPoints"": 169, ""totalTeleopPoints"": 120, ""totalTowerPoints"": 0, ""traversalAchieved"": false}, ""red"": {""adjustPoints"": 0, ""autoTowerPoints"": 0, ""autoTowerRobot1"": ""None"", ""autoTowerRobot2"": ""None"", ""autoTowerRobot3"": ""None"", ""endGameTowerPoints"": 0, ""endGameTowerRobot1"": ""None"", ""endGameTowerRobot2"": ""None"", ""endGameTowerRobot3"": ""None"", ""energizedAchieved"": true, ""foulPoints"": 5, ""g206Penalty"": false, ""hubScore"": {""autoCount"": 33, ""autoPoints"": 33, ""endgameCount"": 62, ""endgamePoints"": 62, ""shift1Count"": 32, ""shift1Points"": 32, ""shift2Count"": 0, ""shift2Points"": 0, ""shift3Count"": 53, ""shift3Points"": 53, ""shift4Count"": 0, ""shift4Points"": 0, ""teleopCount"": 148, ""teleopPoints"": 148, ""totalCount"": 181, ""totalPoints"": 181, ""transitionCount"": 1, ""transitionPoints"": 1, ""uncounted"": 0}, ""majorFoulCount"": 0, ""minorFoulCount"": 1, ""penalties"": ""None"", ""rp"": 4, ""superchargedAchieved"": false, ""totalAutoPoints"": 33, ""totalPoints"": 186, ""totalTeleopPoints"": 148, ""totalTowerPoints"": 0, ""traversalAchieved"": false}}, ""set_number"": 1, ""time"": 1774635840, ""videos"": [], ""winning_alliance"": ""red""}","{""blue"": {""dq_team_keys"": [], ""score"": 169, ""surrogate_team_keys"": [], ""team_keys"": [""frc9567"", ""frc2521"", ""frc4488""]}, ""red"": {""dq_team_keys"": [], ""score"": 186, ""surrogate_team_keys"": [], ""team_keys"": [""frc4915"", ""frc4662"", ""frc6465""]}}",[]
2026orore_qm3,3,qm,86.11457724999997,Scouting totals,"{""actual_time"": 1774636335, ""alliances"": {""blue"": {""dq_team_keys"": [], ""score"": 106, ""surrogate_team_keys"": [], ""team_keys"": [""frc2733"", ""frc2811"", ""frc2550""]}, ""red"": {""dq_team_keys"": [], ""score"": 297, ""surrogate_team_keys"": [], ""team_keys"": [""frc3674"", ""frc1425"", ""frc3636""]}}, ""comp_level"": ""qm"", ""event_key"": ""2026orore"", ""key"": ""2026orore_qm3"", ""match_number"": 3, ""post_result_time"": 1774636551, ""predicted_time"": 1774636424, ""score_breakdown"": {""blue"": {""adjustPoints"": 0, ""autoTowerPoints"": 0, ""autoTowerRobot1"": ""None"", ""autoTowerRobot2"": ""None"", ""autoTowerRobot3"": ""None"", ""endGameTowerPoints"": 0, ""endGameTowerRobot1"": ""None"", ""endGameTowerRobot2"": ""None"", ""endGameTowerRobot3"": ""None"", ""energizedAchieved"": true, ""foulPoints"": 0, ""g206Penalty"": false, ""hubScore"": {""autoCount"": 22, ""autoPoints"": 22, ""endgameCount"": 50, ""endgamePoints"": 50, ""shift1Count"": 12, ""shift1Points"": 12, ""shift2Count"": 0, ""shift2Points"": 0, ""shift3Count"": 19, ""shift3Points"": 19, ""shift4Count"": 0, ""shift4Points"": 0, ""teleopCount"": 84, ""teleopPoints"": 84, ""totalCount"": 106, ""totalPoints"": 106, ""transitionCount"": 3, ""transitionPoints"": 3, ""uncounted"": 1}, ""majorFoulCount"": 2, ""minorFoulCount"": 2, ""penalties"": ""None"", ""rp"": 1, ""superchargedAchieved"": false, ""totalAutoPoints"": 22, ""totalPoints"": 106, ""totalTeleopPoints"": 84, ""totalTowerPoints"": 0, ""traversalAchieved"": false}, ""red"": {""adjustPoints"": 0, ""autoTowerPoints"": 15, ""autoTowerRobot1"": ""Level1"", ""autoTowerRobot2"": ""None"", ""autoTowerRobot3"": ""None"", ""endGameTowerPoints"": 0, ""endGameTowerRobot1"": ""None"", ""endGameTowerRobot2"": ""None"", ""endGameTowerRobot3"": ""None"", ""energizedAchieved"": true, ""foulPoints"": 40, ""g206Penalty"": false, ""hubScore"": {""autoCount"": 79, ""autoPoints"": 79, ""endgameCount"": 32, ""endgamePoints"": 32, ""shift1Count"": 0, ""shift1Points"": 0, ""shift2Count"": 72, ""shift2Points"": 72, ""shift3Count"": 0, ""shift3Points"": 0, ""shift4Count"": 38, ""shift4Points"": 38, ""teleopCount"": 163, ""teleopPoints"": 163, ""totalCount"": 242, ""totalPoints"": 242, ""transitionCount"": 21, ""transitionPoints"": 21, ""uncounted"": 5}, ""majorFoulCount"": 0, ""minorFoulCount"": 0, ""penalties"": ""None"", ""rp"": 4, ""superchargedAchieved"": false, ""totalAutoPoints"": 94, ""totalPoints"": 297, ""totalTeleopPoints"": 163, ""totalTowerPoints"": 15, ""traversalAchieved"": false}}, ""set_number"": 1, ""time"": 1774636440, ""videos"": [], ""winning_alliance"": ""red""}","{""blue"": {""dq_team_keys"": [], ""score"": 106, ""surrogate_team_keys"": [], ""team_keys"": [""frc2733"", ""frc2811"", ""frc2550""]}, ""red"": {""dq_team_keys"": [], ""score"": 297, ""surrogate_team_keys"": [], ""team_keys"": [""frc3674"", ""frc1425"", ""frc3636""]}}",[]
2026orore_qm4,4,qm,26.708838325000002,Scouting totals,"{""actual_time"": 1774637043, ""alliances"": {""blue"": {""dq_team_keys"": [], ""score"": 152, ""surrogate_team_keys"": [], ""team_keys"": [""frc1359"", ""frc6831"", ""frc2990""]}, ""red"": {""dq_team_keys"": [], ""score"": 229, ""surrogate_team_keys"": [], ""team_keys"": [""frc5970"", ""frc9430"", ""frc957""]}}, ""comp_level"": ""qm"", ""event_key"": ""2026orore"", ""key"": ""2026orore_qm4"", ""match_number"": 4, ""post_result_time"": 1774637223, ""predicted_time"": 1774637152, ""score_breakdown"": {""blue"": {""adjustPoints"": 0, ""autoTowerPoints"": 0, ""autoTowerRobot1"": ""None"", ""autoTowerRobot2"": ""None"", ""autoTowerRobot3"": ""None"", ""endGameTowerPoints"": 0, ""endGameTowerRobot1"": ""None"", ""endGameTowerRobot2"": ""None"", ""endGameTowerRobot3"": ""None"", ""energizedAchieved"": true, ""foulPoints"": 0, ""g206Penalty"": false, ""hubScore"": {""autoCount"": 39, ""autoPoints"": 39, ""endgameCount"": 39, ""endgamePoints"": 39, ""shift1Count"": 30, ""shift1Points"": 30, ""shift2Count"": 0, ""shift2Points"": 0, ""shift3Count"": 36, ""shift3Points"": 36, ""shift4Count"": 0, ""shift4Points"": 0, ""teleopCount"": 113, ""teleopPoints"": 113, ""totalCount"": 152, ""totalPoints"": 152, ""transitionCount"": 8, ""transitionPoints"": 8, ""uncounted"": 6}, ""majorFoulCount"": 0, ""minorFoulCount"": 1, ""penalties"": ""None"", ""rp"": 1, ""superchargedAchieved"": false, ""totalAutoPoints"": 39, ""totalPoints"": 152, ""totalTeleopPoints"": 113, ""totalTowerPoints"": 0, ""traversalAchieved"": false}, ""red"": {""adjustPoints"": 0, ""autoTowerPoints"": 0, ""autoTowerRobot1"": ""None"", ""autoTowerRobot2"": ""None"", ""autoTowerRobot3"": ""None"", ""endGameTowerPoints"": 0, ""endGameTowerRobot1"": ""None"", ""endGameTowerRobot2"": ""None"", ""endGameTowerRobot3"": ""None"", ""energizedAchieved"": true, ""foulPoints"": 5, ""g206Penalty"": false, ""hubScore"": {""autoCount"": 63, ""autoPoints"": 63, ""endgameCount"": 43, ""endgamePoints"": 43, ""shift1Count"": 0, ""shift1Points"": 0, ""shift2Count"": 67, ""shift2Points"": 67, ""shift3Count"": 0, ""shift3Points"": 0, ""shift4Count"": 50, ""shift4Points"": 50, ""teleopCount"": 161, ""teleopPoints"": 161, ""totalCount"": 224, ""totalPoints"": 224, ""transitionCount"": 1, ""transitionPoints"": 1, ""uncounted"": 2}, ""majorFoulCount"": 0, ""minorFoulCount"": 0, ""penalties"": ""None"", ""rp"": 4, ""superchargedAchieved"": false, ""totalAutoPoints"": 63, ""totalPoints"": 229, ""totalTeleopPoints"": 161, ""totalTowerPoints"": 0, ""traversalAchieved"": false}}, ""set_number"": 1, ""time"": 1774637040, ""videos"": [{""key"": ""sT8yZXneDPQ"", ""type"": ""youtube""}], ""winning_alliance"": ""red""}","{""blue"": {""dq_team_keys"": [], ""score"": 152, ""surrogate_team_keys"": [], ""team_keys"": [""frc1359"", ""frc6831"", ""frc2990""]}, ""red"": {""dq_team_keys"": [], ""score"": 229, ""surrogate_team_keys"": [], ""team_keys"": [""frc5970"", ""frc9430"", ""frc957""]}}",[]
2026orore_qm5,5,qm,29.62831605000001,Scouting totals,"{""actual_time"": 1774637488, ""alliances"": {""blue"": {""dq_team_keys"": [], ""score"": 370, ""surrogate_team_keys"": [], ""team_keys"": [""frc955"", ""frc2471"", ""frc10444""]}, ""red"": {""dq_team_keys"": [], ""score"": 186, ""surrogate_team_keys"": [], ""team_keys"": [""frc5975"", ""frc749"", ""frc997""]}}, ""comp_level"": ""qm"", ""event_key"": ""2026orore"", ""key"": ""2026orore_qm5"", ""match_number"": 5, ""post_result_time"": 1774637672, ""predicted_time"": 1774637667, ""score_breakdown"": {""blue"": {""adjustPoints"": 0, ""autoTowerPoints"": 0, ""autoTowerRobot1"": ""None"", ""autoTowerRobot2"": ""None"", ""autoTowerRobot3"": ""None"", ""endGameTowerPoints"": 0, ""endGameTowerRobot1"": ""None"", ""endGameTowerRobot2"": ""None"", ""endGameTowerRobot3"": ""None"", ""energizedAchieved"": true, ""foulPoints"": 0, ""g206Penalty"": false, ""hubScore"": {""autoCount"": 92, ""autoPoints"": 92, ""endgameCount"": 71, ""endgamePoints"": 71, ""shift1Count"": 0, ""shift1Points"": 0, ""shift2Count"": 84, ""shift2Points"": 84, ""shift3Count"": 0, ""shift3Points"": 0, ""shift4Count"": 87, ""shift4Points"": 87, ""teleopCount"": 278, ""teleopPoints"": 278, ""totalCount"": 370, ""totalPoints"": 370, ""transitionCount"": 36, ""transitionPoints"": 36, ""uncounted"": 2}, ""majorFoulCount"": 1, ""minorFoulCount"": 2, ""penalties"": ""None"", ""rp"": 5, ""superchargedAchieved"": true, ""totalAutoPoints"": 92, ""totalPoints"": 370, ""totalTeleopPoints"": 278, ""totalTowerPoints"": 0, ""traversalAchieved"": false}, ""red"": {""adjustPoints"": 0, ""autoTowerPoints"": 0, ""autoTowerRobot1"": ""None"", ""autoTowerRobot2"": ""None"", ""autoTowerRobot3"": ""None"", ""endGameTowerPoints"": 0, ""endGameTowerRobot1"": ""None"", ""endGameTowerRobot2"": ""None"", ""endGameTowerRobot3"": ""None"", ""energizedAchieved"": true, ""foulPoints"": 25, ""g206Penalty"": false, ""hubScore"": {""autoCount"": 15, ""autoPoints"": 15, ""endgameCount"": 44, ""endgamePoints"": 44, ""shift1Count"": 39, ""shift1Points"": 39, ""shift2Count"": 0, ""shift2Points"": 0, ""shift3Count"": 62, ""shift3Points"": 62, ""shift4Count"": 0, ""shift4Points"": 0, ""teleopCount"": 146, ""teleopPoints"": 146, ""totalCount"": 161, ""totalPoints"": 161, ""transitionCount"": 1, ""transitionPoints"": 1, ""uncounted"": 0}, ""majorFoulCount"": 0, ""minorFoulCount"": 0, ""penalties"": ""None"", ""rp"": 1, ""superchargedAchieved"": false, ""totalAutoPoints"": 15, ""totalPoints"": 186, ""totalTeleopPoints"": 146, ""totalTowerPoints"": 0, ""traversalAchieved"": false}}, ""set_number"": 1, ""time"": 1774637640, ""videos"": [{""key"": ""Wcer9jNM9vU"", ""type"": ""youtube""}], ""winning_alliance"": ""blue""}","{""blue"": {""dq_team_keys"": [], ""score"": 370, ""surrogate_team_keys"": [], ""team_keys"": [""frc955"", ""frc2471"", ""frc10444""]}, ""red"": {""dq_team_keys"": [], ""score"": 186, ""surrogate_team_keys"": [], ""team_keys"": [""frc5975"", ""frc749"", ""frc997""]}}",[]
2026orore_qm6,6,qm,35.64478045000001,Scouting totals,"{""actual_time"": 1774638050, ""alliances"": {""blue"": {""dq_team_keys"": [], ""score"": 261, ""surrogate_team_keys"": [], ""team_keys"": [""frc6696"", ""frc2930"", ""frc8032""]}, ""red"": {""dq_team_keys"": [], ""score"": 213, ""surrogate_team_keys"": [], ""team_keys"": [""frc9600"", ""frc1540"", ""frc2915""]}}, ""comp_level"": ""qm"", ""event_key"": ""2026orore"", ""key"": ""2026orore_qm6"", ""match_number"": 6, ""post_result_time"": 1774638233, ""predicted_time"": 1774638093, ""score_breakdown"": {""blue"": {""adjustPoints"": 0, ""autoTowerPoints"": 0, ""autoTowerRobot1"": ""None"", ""autoTowerRobot2"": ""None"", ""autoTowerRobot3"": ""None"", ""endGameTowerPoints"": 0, ""endGameTowerRobot1"": ""None"", ""endGameTowerRobot2"": ""None"", ""endGameTowerRobot3"": ""None"", ""energizedAchieved"": true, ""foulPoints"": 5, ""g206Penalty"": false, ""hubScore"": {""autoCount"": 44, ""autoPoints"": 44, ""endgameCount"": 54, ""endgamePoints"": 54, ""shift1Count"": 0, ""shift1Points"": 0, ""shift2Count"": 75, ""shift2Points"": 75, ""shift3Count"": 0, ""shift3Points"": 0, ""shift4Count"": 70, ""shift4Points"": 70, ""teleopCount"": 212, ""teleopPoints"": 212, ""totalCount"": 256, ""totalPoints"": 256, ""transitionCount"": 13, ""transitionPoints"": 13, ""uncounted"": 4}, ""majorFoulCount"": 0, ""minorFoulCount"": 1, ""penalties"": ""None"", ""rp"": 4, ""superchargedAchieved"": false, ""totalAutoPoints"": 44, ""totalPoints"": 261, ""totalTeleopPoints"": 212, ""totalTowerPoints"": 0, ""traversalAchieved"": false}, ""red"": {""adjustPoints"": 0, ""autoTowerPoints"": 0, ""autoTowerRobot1"": ""None"", ""autoTowerRobot2"": ""None"", ""autoTowerRobot3"": ""None"", ""endGameTowerPoints"": 0, ""endGameTowerRobot1"": ""None"", ""endGameTowerRobot2"": ""None"", ""endGameTowerRobot3"": ""None"", ""energizedAchieved"": true, ""foulPoints"": 5, ""g206Penalty"": false, ""hubScore"": {""autoCount"": 13, ""autoPoints"": 13, ""endgameCount"": 75, ""endgamePoints"": 75, ""shift1Count"": 18, ""shift1Points"": 18, ""shift2Count"": 0, ""shift2Points"": 0, ""shift3Count"": 101, ""shift3Points"": 101, ""shift4Count"": 0, ""shift4Points"": 0, ""teleopCount"": 195, ""teleopPoints"": 195, ""totalCount"": 208, ""totalPoints"": 208, ""transitionCount"": 1, ""transitionPoints"": 1, ""uncounted"": 1}, ""majorFoulCount"": 0, ""minorFoulCount"": 1, ""penalties"": ""None"", ""rp"": 1, ""superchargedAchieved"": false, ""totalAutoPoints"": 13, ""totalPoints"": 213, ""totalTeleopPoints"": 195, ""totalTowerPoints"": 0, ""traversalAchieved"": false}}, ""set_number"": 1, ""time"": 1774638240, ""videos"": [{""key"": ""7Cm5xag-ryw"", ""type"": ""youtube""}], ""winning_alliance"": ""blue""}","{""blue"": {""dq_team_keys"": [], ""score"": 261, ""surrogate_team_keys"": [], ""team_keys"": [""frc6696"", ""frc2930"", ""frc8032""]}, ""red"": {""dq_team_keys"": [], ""score"": 213, ""surrogate_team_keys"": [], ""team_keys"": [""frc9600"", ""frc1540"", ""frc2915""]}}",[]
2026orore_qm7,7,qm,60.06249074999998,Scouting totals,"{""actual_time"": 1774638482, ""alliances"": {""blue"": {""dq_team_keys"": [], ""score"": 345, ""surrogate_team_keys"": [], ""team_keys"": [""frc1425"", ""frc10991"", ""frc4915""]}, ""red"": {""dq_team_keys"": [], ""score"": 217, ""surrogate_team_keys"": [], ""team_keys"": [""frc4662"", ""frc2990"", ""frc2521""]}}, ""comp_level"": ""qm"", ""event_key"": ""2026orore"", ""key"": ""2026orore_qm7"", ""match_number"": 7, ""post_result_time"": 1774638669, ""predicted_time"": 1774638631, ""score_breakdown"": {""blue"": {""adjustPoints"": 0, ""autoTowerPoints"": 0, ""autoTowerRobot1"": ""None"", ""autoTowerRobot2"": ""None"", ""autoTowerRobot3"": ""None"", ""endGameTowerPoints"": 0, ""endGameTowerRobot1"": ""None"", ""endGameTowerRobot2"": ""None"", ""endGameTowerRobot3"": ""None"", ""energizedAchieved"": true, ""foulPoints"": 85, ""g206Penalty"": false, ""hubScore"": {""autoCount"": 91, ""autoPoints"": 91, ""endgameCount"": 15, ""endgamePoints"": 15, ""shift1Count"": 0, ""shift1Points"": 0, ""shift2Count"": 112, ""shift2Points"": 112, ""shift3Count"": 0, ""shift3Points"": 0, ""shift4Count"": 23, ""shift4Points"": 23, ""teleopCount"": 169, ""teleopPoints"": 169, ""totalCount"": 260, ""totalPoints"": 260, ""transitionCount"": 19, ""transitionPoints"": 19, ""uncounted"": 6}, ""majorFoulCount"": 0, ""minorFoulCount"": 0, ""penalties"": ""None"", ""rp"": 4, ""superchargedAchieved"": false, ""totalAutoPoints"": 91, ""totalPoints"": 345, ""totalTeleopPoints"": 169, ""totalTowerPoints"": 0, ""traversalAchieved"": false}, ""red"": {""adjustPoints"": 0, ""autoTowerPoints"": 0, ""autoTowerRobot1"": ""None"", ""autoTowerRobot2"": ""None"", ""autoTowerRobot3"": ""None"", ""endGameTowerPoints"": 0, ""endGameTowerRobot1"": ""None"", ""endGameTowerRobot2"": ""None"", ""endGameTowerRobot3"": ""None"", ""energizedAchieved"": true, ""foulPoints"": 0, ""g206Penalty"": false, ""hubScore"": {""autoCount"": 42, ""autoPoints"": 42, ""endgameCount"": 79, ""endgamePoints"": 79, ""shift1Count"": 19, ""shift1Points"": 19, ""shift2Count"": 0, ""shift2Points"": 0, ""shift3Count"": 71, ""shift3Points"": 71, ""shift4Count"": 0, ""shift4Points"": 0, ""teleopCount"": 175, ""teleopPoints"": 175, ""totalCount"": 217, ""totalPoints"": 217, ""transitionCount"": 6, ""transitionPoints"": 6, ""uncounted"": 2}, ""majorFoulCount"": 5, ""minorFoulCount"": 2, ""penalties"": ""None"", ""rp"": 1, ""superchargedAchieved"": false, ""totalAutoPoints"": 42, ""totalPoints"": 217, ""totalTeleopPoints"": 175, ""totalTowerPoints"": 0, ""traversalAchieved"": false}}, ""set_number"": 1, ""time"": 1774638840, ""videos"": [{""key"": ""ffOJ_RC08Lk"", ""type"": ""youtube""}], ""winning_alliance"": ""blue""}","{""blue"": {""dq_team_keys"": [], ""score"": 345, ""surrogate_team_keys"": [], ""team_keys"": [""frc1425"", ""frc10991"", ""frc4915""]}, ""red"": {""dq_team_keys"": [], ""score"": 217, ""surrogate_team_keys"": [], ""team_keys"": [""frc4662"", ""frc2990"", ""frc2521""]}}",[]
2026orore_qm8,8,qm,138.63703074999998,Scouting totals,"{""actual_time"": 1774639113, ""alliances"": {""blue"": {""dq_team_keys"": [], ""score"": 210, ""surrogate_team_keys"": [], ""team_keys"": [""frc749"", ""frc3674"", ""frc9567""]}, ""red"": {""dq_team_keys"": [], ""score"": 319, ""surrogate_team_keys"": [], ""team_keys"": [""frc957"", ""frc2471"", ""frc2898""]}}, ""comp_level"": ""qm"", ""event_key"": ""2026orore"", ""key"": ""2026orore_qm8"", ""match_number"": 8, ""post_result_time"": 1774639293, ""predicted_time"": 1774639098, ""score_breakdown"": {""blue"": {""adjustPoints"": 0, ""autoTowerPoints"": 0, ""autoTowerRobot1"": ""None"", ""autoTowerRobot2"": ""None"", ""autoTowerRobot3"": ""None"", ""endGameTowerPoints"": 0, ""endGameTowerRobot1"": ""None"", ""endGameTowerRobot2"": ""None"", ""endGameTowerRobot3"": ""None"", ""energizedAchieved"": true, ""foulPoints"": 10, ""g206Penalty"": false, ""hubScore"": {""autoCount"": 33, ""autoPoints"": 33, ""endgameCount"": 80, ""endgamePoints"": 80, ""shift1Count"": 43, ""shift1Points"": 43, ""shift2Count"": 0, ""shift2Points"": 0, ""shift3Count"": 40, ""shift3Points"": 40, ""shift4Count"": 0, ""shift4Points"": 0, ""teleopCount"": 167, ""teleopPoints"": 167, ""totalCount"": 200, ""totalPoints"": 200, ""transitionCount"": 4, ""transitionPoints"": 4, ""uncounted"": 2}, ""majorFoulCount"": 0, ""minorFoulCount"": 0, ""penalties"": ""None"", ""rp"": 1, ""superchargedAchieved"": false, ""totalAutoPoints"": 33, ""totalPoints"": 210, ""totalTeleopPoints"": 167, ""totalTowerPoints"": 0, ""traversalAchieved"": false}, ""red"": {""adjustPoints"": 0, ""autoTowerPoints"": 0, ""autoTowerRobot1"": ""None"", ""autoTowerRobot2"": ""None"", ""autoTowerRobot3"": ""None"", ""endGameTowerPoints"": 0, ""endGameTowerRobot1"": ""None"", ""endGameTowerRobot2"": ""None"", ""endGameTowerRobot3"": ""None"", ""energizedAchieved"": true, ""foulPoints"": 0, ""g206Penalty"": false, ""hubScore"": {""autoCount"": 100, ""autoPoints"": 100, ""endgameCount"": 48, ""endgamePoints"": 48, ""shift1Count"": 0, ""shift1Points"": 0, ""shift2Count"": 74, ""shift2Points"": 74, ""shift3Count"": 0, ""shift3Points"": 0, ""shift4Count"": 91, ""shift4Points"": 91, ""teleopCount"": 219, ""teleopPoints"": 219, ""totalCount"": 319, ""totalPoints"": 319, ""transitionCount"": 6, ""transitionPoints"": 6, ""uncounted"": 0}, ""majorFoulCount"": 0, ""minorFoulCount"": 2, ""penalties"": ""None"", ""rp"": 4, ""superchargedAchieved"": false, ""totalAutoPoints"": 100, ""totalPoints"": 319, ""totalTeleopPoints"": 219, ""totalTowerPoints"": 0, ""traversalAchieved"": false}}, ""set_number"": 1, ""time"": 1774639440, ""videos"": [{""key"": ""7JUusnsr1iA"", ""type"": ""youtube""}], ""winning_alliance"": ""red""}","{""blue"": {""dq_team_keys"": [], ""score"": 210, ""surrogate_team_keys"": [], ""team_keys"": [""frc749"", ""frc3674"", ""frc9567""]}, ""red"": {""dq_team_keys"": [], ""score"": 319, ""surrogate_team_keys"": [], ""team_keys"": [""frc957"", ""frc2471"", ""frc2898""]}}",[]
2026orore_qm9,9,qm,15.784995474999999,Scouting totals,"{""actual_time"": 1774639574, ""alliances"": {""blue"": {""dq_team_keys"": [], ""score"": 76, ""surrogate_team_keys"": [], ""team_keys"": [""frc3636"", ""frc5970"", ""frc9600""]}, ""red"": {""dq_team_keys"": [], ""score"": 237, ""surrogate_team_keys"": [], ""team_keys"": [""frc3669"", ""frc955"", ""frc9430""]}}, ""comp_level"": ""qm"", ""event_key"": ""2026orore"", ""key"": ""2026orore_qm9"", ""match_number"": 9, ""post_result_time"": 1774639824, ""predicted_time"": 1774639729, ""score_breakdown"": {""blue"": {""adjustPoints"": 0, ""autoTowerPoints"": 0, ""autoTowerRobot1"": ""None"", ""autoTowerRobot2"": ""None"", ""autoTowerRobot3"": ""None"", ""endGameTowerPoints"": 0, ""endGameTowerRobot1"": ""None"", ""endGameTowerRobot2"": ""None"", ""endGameTowerRobot3"": ""None"", ""energizedAchieved"": false, ""foulPoints"": 10, ""g206Penalty"": false, ""hubScore"": {""autoCount"": 8, ""autoPoints"": 8, ""endgameCount"": 3, ""endgamePoints"": 3, ""shift1Count"": 26, ""shift1Points"": 26, ""shift2Count"": 0, ""shift2Points"": 0, ""shift3Count"": 28, ""shift3Points"": 28, ""shift4Count"": 0, ""shift4Points"": 0, ""teleopCount"": 58, ""teleopPoints"": 58, ""totalCount"": 66, ""totalPoints"": 66, ""transitionCount"": 1, ""transitionPoints"": 1, ""uncounted"": 3}, ""majorFoulCount"": 0, ""minorFoulCount"": 1, ""penalties"": ""None"", ""rp"": 0, ""superchargedAchieved"": false, ""totalAutoPoints"": 8, ""totalPoints"": 76, ""totalTeleopPoints"": 58, ""totalTowerPoints"": 0, ""traversalAchieved"": false}, ""red"": {""adjustPoints"": 0, ""autoTowerPoints"": 0, ""autoTowerRobot1"": ""None"", ""autoTowerRobot2"": ""None"", ""autoTowerRobot3"": ""None"", ""endGameTowerPoints"": 0, ""endGameTowerRobot1"": ""None"", ""endGameTowerRobot2"": ""None"", ""endGameTowerRobot3"": ""None"", ""energizedAchieved"": true, ""foulPoints"": 5, ""g206Penalty"": false, ""hubScore"": {""autoCount"": 96, ""autoPoints"": 96, ""endgameCount"": 41, ""endgamePoints"": 41, ""shift1Count"": 0, ""shift1Points"": 0, ""shift2Count"": 58, ""shift2Points"": 58, ""shift3Count"": 0, ""shift3Points"": 0, ""shift4Count"": 27, ""shift4Points"": 27, ""teleopCount"": 136, ""teleopPoints"": 136, ""totalCount"": 232, ""totalPoints"": 232, ""transitionCount"": 10, ""transitionPoints"": 10, ""uncounted"": 1}, ""majorFoulCount"": 0, ""minorFoulCount"": 2, ""penalties"": ""None"", ""rp"": 4, ""superchargedAchieved"": false, ""totalAutoPoints"": 96, ""totalPoints"": 237, ""totalTeleopPoints"": 136, ""totalTowerPoints"": 0, ""traversalAchieved"": false}}, ""set_number"": 1, ""time"": 1774640040, ""videos"": [{""key"": ""vtQYhTo1ZLY"", ""type"": ""youtube""}], ""winning_alliance"": ""red""}","{""blue"": {""dq_team_keys"": [], ""score"": 76, ""surrogate_team_keys"": [], ""team_keys"": [""frc3636"", ""frc5970"", ""frc9600""]}, ""red"": {""dq_team_keys"": [], ""score"": 237, ""surrogate_team_keys"": [], ""team_keys"": [""frc3669"", ""frc955"", ""frc9430""]}}",[]
2026orore_qm10,10,qm,79.67565915000002,Scouting totals,"{""actual_time"": 1774640102, ""alliances"": {""blue"": {""dq_team_keys"": [], ""score"": 54, ""surrogate_team_keys"": [], ""team_keys"": [""frc5975"", ""frc2733"", ""frc2635""]}, ""red"": {""dq_team_keys"": [], ""score"": 80, ""surrogate_team_keys"": [], ""team_keys"": [""frc2550"", ""frc10444"", ""frc2915""]}}, ""comp_level"": ""qm"", ""event_key"": ""2026orore"", ""key"": ""2026orore_qm10"", ""match_number"": 10, ""post_result_time"": 1774640282, ""predicted_time"": 1774640246, ""score_breakdown"": {""blue"": {""adjustPoints"": 0, ""autoTowerPoints"": 0, ""autoTowerRobot1"": ""None"", ""autoTowerRobot2"": ""None"", ""autoTowerRobot3"": ""None"", ""endGameTowerPoints"": 0, ""endGameTowerRobot1"": ""None"", ""endGameTowerRobot2"": ""None"", ""endGameTowerRobot3"": ""None"", ""energizedAchieved"": false, ""foulPoints"": 5, ""g206Penalty"": false, ""hubScore"": {""autoCount"": 10, ""autoPoints"": 10, ""endgameCount"": 14, ""endgamePoints"": 14, ""shift1Count"": 8, ""shift1Points"": 8, ""shift2Count"": 0, ""shift2Points"": 0, ""shift3Count"": 17, ""shift3Points"": 17, ""shift4Count"": 0, ""shift4Points"": 0, ""teleopCount"": 39, ""teleopPoints"": 39, ""totalCount"": 49, ""totalPoints"": 49, ""transitionCount"": 0, ""transitionPoints"": 0, ""uncounted"": 2}, ""majorFoulCount"": 0, ""minorFoulCount"": 0, ""penalties"": ""None"", ""rp"": 0, ""superchargedAchieved"": false, ""totalAutoPoints"": 10, ""totalPoints"": 54, ""totalTeleopPoints"": 39, ""totalTowerPoints"": 0, ""traversalAchieved"": false}, ""red"": {""adjustPoints"": 0, ""autoTowerPoints"": 0, ""autoTowerRobot1"": ""None"", ""autoTowerRobot2"": ""None"", ""autoTowerRobot3"": ""None"", ""endGameTowerPoints"": 10, ""endGameTowerRobot1"": ""Level1"", ""endGameTowerRobot2"": ""None"", ""endGameTowerRobot3"": ""None"", ""energizedAchieved"": false, ""foulPoints"": 0, ""g206Penalty"": false, ""hubScore"": {""autoCount"": 16, ""autoPoints"": 16, ""endgameCount"": 12, ""endgamePoints"": 12, ""shift1Count"": 0, ""shift1Points"": 0, ""shift2Count"": 27, ""shift2Points"": 27, ""shift3Count"": 0, ""shift3Points"": 0, ""shift4Count"": 12, ""shift4Points"": 12, ""teleopCount"": 54, ""teleopPoints"": 54, ""totalCount"": 70, ""totalPoints"": 70, ""transitionCount"": 3, ""transitionPoints"": 3, ""uncounted"": 9}, ""majorFoulCount"": 0, ""minorFoulCount"": 1, ""penalties"": ""None"", ""rp"": 3, ""superchargedAchieved"": false, ""totalAutoPoints"": 16, ""totalPoints"": 80, ""totalTeleopPoints"": 64, ""totalTowerPoints"": 10, ""traversalAchieved"": false}}, ""set_number"": 1, ""time"": 1774640640, ""videos"": [{""key"": ""GWWXjT2n7gg"", ""type"": ""youtube""}], ""winning_alliance"": ""red""}","{""blue"": {""dq_team_keys"": [], ""score"": 54, ""surrogate_team_keys"": [], ""team_keys"": [""frc5975"", ""frc2733"", ""frc2635""]}, ""red"": {""dq_team_keys"": [], ""score"": 80, ""surrogate_team_keys"": [], ""team_keys"": [""frc2550"", ""frc10444"", ""frc2915""]}}",[]
2026orore_qm11,11,qm,54.52273959999998,Scouting totals,"{""actual_time"": 1774640611, ""alliances"": {""blue"": {""dq_team_keys"": [], ""score"": 351, ""surrogate_team_keys"": [], ""team_keys"": [""frc6696"", ""frc6465"", ""frc4488""]}, ""red"": {""dq_team_keys"": [], ""score"": 164, ""surrogate_team_keys"": [], ""team_keys"": [""frc997"", ""frc2930"", ""frc2811""]}}, ""comp_level"": ""qm"", ""event_key"": ""2026orore"", ""key"": ""2026orore_qm11"", ""match_number"": 11, ""post_result_time"": 1774640792, ""predicted_time"": 1774641133, ""score_breakdown"": {""blue"": {""adjustPoints"": 0, ""autoTowerPoints"": 0, ""autoTowerRobot1"": ""None"", ""autoTowerRobot2"": ""None"", ""autoTowerRobot3"": ""None"", ""endGameTowerPoints"": 0, ""endGameTowerRobot1"": ""None"", ""endGameTowerRobot2"": ""None"", ""endGameTowerRobot3"": ""None"", ""energizedAchieved"": true, ""foulPoints"": 5, ""g206Penalty"": false, ""hubScore"": {""autoCount"": 37, ""autoPoints"": 37, ""endgameCount"": 87, ""endgamePoints"": 87, ""shift1Count"": 0, ""shift1Points"": 0, ""shift2Count"": 110, ""shift2Points"": 110, ""shift3Count"": 0, ""shift3Points"": 0, ""shift4Count"": 99, ""shift4Points"": 99, ""teleopCount"": 309, ""teleopPoints"": 309, ""totalCount"": 346, ""totalPoints"": 346, ""transitionCount"": 13, ""transitionPoints"": 13, ""uncounted"": 4}, ""majorFoulCount"": 0, ""minorFoulCount"": 1, ""penalties"": ""None"", ""rp"": 4, ""superchargedAchieved"": false, ""totalAutoPoints"": 37, ""totalPoints"": 351, ""totalTeleopPoints"": 309, ""totalTowerPoints"": 0, ""traversalAchieved"": false}, ""red"": {""adjustPoints"": 0, ""autoTowerPoints"": 0, ""autoTowerRobot1"": ""None"", ""autoTowerRobot2"": ""None"", ""autoTowerRobot3"": ""None"", ""endGameTowerPoints"": 0, ""endGameTowerRobot1"": ""None"", ""endGameTowerRobot2"": ""None"", ""endGameTowerRobot3"": ""None"", ""energizedAchieved"": true, ""foulPoints"": 5, ""g206Penalty"": false, ""hubScore"": {""autoCount"": 17, ""autoPoints"": 17, ""endgameCount"": 72, ""endgamePoints"": 72, ""shift1Count"": 43, ""shift1Points"": 43, ""shift2Count"": 0, ""shift2Points"": 0, ""shift3Count"": 27, ""shift3Points"": 27, ""shift4Count"": 0, ""shift4Points"": 0, ""teleopCount"": 142, ""teleopPoints"": 142, ""totalCount"": 159, ""totalPoints"": 159, ""transitionCount"": 0, ""transitionPoints"": 0, ""uncounted"": 1}, ""majorFoulCount"": 0, ""minorFoulCount"": 1, ""penalties"": ""None"", ""rp"": 1, ""superchargedAchieved"": false, ""totalAutoPoints"": 17, ""totalPoints"": 164, ""totalTeleopPoints"": 142, ""totalTowerPoints"": 0, ""traversalAchieved"": false}}, ""set_number"": 1, ""time"": 1774641240, ""videos"": [{""key"": ""GQqar1Minpk"", ""type"": ""youtube""}], ""winning_alliance"": ""blue""}","{""blue"": {""dq_team_keys"": [], ""score"": 351, ""surrogate_team_keys"": [], ""team_keys"": [""frc6696"", ""frc6465"", ""frc4488""]}, ""red"": {""dq_team_keys"": [], ""score"": 164, ""surrogate_team_keys"": [], ""team_keys"": [""frc997"", ""frc2930"", ""frc2811""]}}",[]
2026orore_qm12,12,qm,138.34504000000004,Scouting totals,"{""actual_time"": 1774645252, ""alliances"": {""blue"": {""dq_team_keys"": [], ""score"": 141, ""surrogate_team_keys"": [], ""team_keys"": [""frc6831"", ""frc957"", ""frc2557""]}, ""red"": {""dq_team_keys"": [], ""score"": 313, ""surrogate_team_keys"": [], ""team_keys"": [""frc1540"", ""frc1359"", ""frc4662""]}}, ""comp_level"": ""qm"", ""event_key"": ""2026orore"", ""key"": ""2026orore_qm12"", ""match_number"": 12, ""post_result_time"": 1774645482, ""predicted_time"": 1774645551, ""score_breakdown"": {""blue"": {""adjustPoints"": 0, ""autoTowerPoints"": 0, ""autoTowerRobot1"": ""None"", ""autoTowerRobot2"": ""None"", ""autoTowerRobot3"": ""None"", ""endGameTowerPoints"": 0, ""endGameTowerRobot1"": ""None"", ""endGameTowerRobot2"": ""None"", ""endGameTowerRobot3"": ""None"", ""energizedAchieved"": true, ""foulPoints"": 15, ""g206Penalty"": false, ""hubScore"": {""autoCount"": 19, ""autoPoints"": 19, ""endgameCount"": 41, ""endgamePoints"": 41, ""shift1Count"": 7, ""shift1Points"": 7, ""shift2Count"": 0, ""shift2Points"": 0, ""shift3Count"": 42, ""shift3Points"": 42, ""shift4Count"": 0, ""shift4Points"": 0, ""teleopCount"": 107, ""teleopPoints"": 107, ""totalCount"": 126, ""totalPoints"": 126, ""transitionCount"": 17, ""transitionPoints"": 17, ""uncounted"": 0}, ""majorFoulCount"": 1, ""minorFoulCount"": 1, ""penalties"": ""None"", ""rp"": 1, ""superchargedAchieved"": false, ""totalAutoPoints"": 19, ""totalPoints"": 141, ""totalTeleopPoints"": 107, ""totalTowerPoints"": 0, ""traversalAchieved"": false}, ""red"": {""adjustPoints"": 0, ""autoTowerPoints"": 0, ""autoTowerRobot1"": ""None"", ""autoTowerRobot2"": ""None"", ""autoTowerRobot3"": ""None"", ""endGameTowerPoints"": 30, ""endGameTowerRobot1"": ""None"", ""endGameTowerRobot2"": ""Level3"", ""endGameTowerRobot3"": ""None"", ""energizedAchieved"": true, ""foulPoints"": 20, ""g206Penalty"": false, ""hubScore"": {""autoCount"": 58, ""autoPoints"": 58, ""endgameCount"": 62, ""endgamePoints"": 62, ""shift1Count"": 0, ""shift1Points"": 0, ""shift2Count"": 77, ""shift2Points"": 77, ""shift3Count"": 0, ""shift3Points"": 0, ""shift4Count"": 41, ""shift4Points"": 41, ""teleopCount"": 205, ""teleopPoints"": 205, ""totalCount"": 263, ""totalPoints"": 263, ""transitionCount"": 25, ""transitionPoints"": 25, ""uncounted"": 0}, ""majorFoulCount"": 0, ""minorFoulCount"": 3, ""penalties"": ""None"", ""rp"": 4, ""superchargedAchieved"": false, ""totalAutoPoints"": 58, ""totalPoints"": 313, ""totalTeleopPoints"": 235, ""totalTowerPoints"": 30, ""traversalAchieved"": false}}, ""set_number"": 1, ""time"": 1774645200, ""videos"": [{""key"": ""qSb75Kgo3Dg"", ""type"": ""youtube""}], ""winning_alliance"": ""red""}","{""blue"": {""dq_team_keys"": [], ""score"": 141, ""surrogate_team_keys"": [], ""team_keys"": [""frc6831"", ""frc957"", ""frc2557""]}, ""red"": {""dq_team_keys"": [], ""score"": 313, ""surrogate_team_keys"": [], ""team_keys"": [""frc1540"", ""frc1359"", ""frc4662""]}}",[]
2026orore_qm13,13,qm,25.989644400000003,Scouting totals,"{""actual_time"": 1774645779, ""alliances"": {""blue"": {""dq_team_keys"": [], ""score"": 107, ""surrogate_team_keys"": [], ""team_keys"": [""frc2635"", ""frc3636"", ""frc2521""]}, ""red"": {""dq_team_keys"": [], ""score"": 102, ""surrogate_team_keys"": [], ""team_keys"": [""frc5975"", ""frc2471"", ""frc3669""]}}, ""comp_level"": ""qm"", ""event_key"": ""2026orore"", ""key"": ""2026orore_qm13"", ""match_number"": 13, ""post_result_time"": 1774645963, ""predicted_time"": 1774646009, ""score_breakdown"": {""blue"": {""adjustPoints"": 0, ""autoTowerPoints"": 0, ""autoTowerRobot1"": ""None"", ""autoTowerRobot2"": ""None"", ""autoTowerRobot3"": ""None"", ""endGameTowerPoints"": 0, ""endGameTowerRobot1"": ""None"", ""endGameTowerRobot2"": ""None"", ""endGameTowerRobot3"": ""None"", ""energizedAchieved"": true, ""foulPoints"": 0, ""g206Penalty"": false, ""hubScore"": {""autoCount"": 22, ""autoPoints"": 22, ""endgameCount"": 36, ""endgamePoints"": 36, ""shift1Count"": 17, ""shift1Points"": 17, ""shift2Count"": 0, ""shift2Points"": 0, ""shift3Count"": 29, ""shift3Points"": 29, ""shift4Count"": 0, ""shift4Points"": 0, ""teleopCount"": 85, ""teleopPoints"": 85, ""totalCount"": 107, ""totalPoints"": 107, ""transitionCount"": 3, ""transitionPoints"": 3, ""uncounted"": 2}, ""majorFoulCount"": 0, ""minorFoulCount"": 1, ""penalties"": ""None"", ""rp"": 4, ""superchargedAchieved"": false, ""totalAutoPoints"": 22, ""totalPoints"": 107, ""totalTeleopPoints"": 85, ""totalTowerPoints"": 0, ""traversalAchieved"": false}, ""red"": {""adjustPoints"": 0, ""autoTowerPoints"": 0, ""autoTowerRobot1"": ""None"", ""autoTowerRobot2"": ""None"", ""autoTowerRobot3"": ""None"", ""endGameTowerPoints"": 0, ""endGameTowerRobot1"": ""None"", ""endGameTowerRobot2"": ""None"", ""endGameTowerRobot3"": ""None"", ""energizedAchieved"": false, ""foulPoints"": 5, ""g206Penalty"": false, ""hubScore"": {""autoCount"": 58, ""autoPoints"": 58, ""endgameCount"": 7, ""endgamePoints"": 7, ""shift1Count"": 0, ""shift1Points"": 0, ""shift2Count"": 7, ""shift2Points"": 7, ""shift3Count"": 0, ""shift3Points"": 0, ""shift4Count"": 13, ""shift4Points"": 13, ""teleopCount"": 39, ""teleopPoints"": 39, ""totalCount"": 97, ""totalPoints"": 97, ""transitionCount"": 12, ""transitionPoints"": 12, ""uncounted"": 1}, ""majorFoulCount"": 0, ""minorFoulCount"": 0, ""penalties"": ""None"", ""rp"": 0, ""superchargedAchieved"": false, ""totalAutoPoints"": 58, ""totalPoints"": 102, ""totalTeleopPoints"": 39, ""totalTowerPoints"": 0, ""traversalAchieved"": false}}, ""set_number"": 1, ""time"": 1774645740, ""videos"": [{""key"": ""kGqEaRLd_UY"", ""type"": ""youtube""}], ""winning_alliance"": ""blue""}","{""blue"": {""dq_team_keys"": [], ""score"": 107, ""surrogate_team_keys"": [], ""team_keys"": [""frc2635"", ""frc3636"", ""frc2521""]}, ""red"": {""dq_team_keys"": [], ""score"": 102, ""surrogate_team_keys"": [], ""team_keys"": [""frc5975"", ""frc2471"", ""frc3669""]}}",[]
2026orore_qm14,14,qm,29.470832499999993,Scouting totals,"{""actual_time"": 1774646254, ""alliances"": {""blue"": {""dq_team_keys"": [], ""score"": 43, ""surrogate_team_keys"": [], ""team_keys"": [""frc10444"", ""frc9567"", ""frc2898""]}, ""red"": {""dq_team_keys"": [], ""score"": 242, ""surrogate_team_keys"": [], ""team_keys"": [""frc5970"", ""frc2811"", ""frc4488""]}}, ""comp_level"": ""qm"", ""event_key"": ""2026orore"", ""key"": ""2026orore_qm14"", ""match_number"": 14, ""post_result_time"": 1774646439, ""predicted_time"": 1774646424, ""score_breakdown"": {""blue"": {""adjustPoints"": 0, ""autoTowerPoints"": 0, ""autoTowerRobot1"": ""None"", ""autoTowerRobot2"": ""None"", ""autoTowerRobot3"": ""None"", ""endGameTowerPoints"": 0, ""endGameTowerRobot1"": ""None"", ""endGameTowerRobot2"": ""None"", ""endGameTowerRobot3"": ""None"", ""energizedAchieved"": false, ""foulPoints"": 0, ""g206Penalty"": false, ""hubScore"": {""autoCount"": 13, ""autoPoints"": 13, ""endgameCount"": 8, ""endgamePoints"": 8, ""shift1Count"": 6, ""shift1Points"": 6, ""shift2Count"": 0, ""shift2Points"": 0, ""shift3Count"": 14, ""shift3Points"": 14, ""shift4Count"": 0, ""shift4Points"": 0, ""teleopCount"": 30, ""teleopPoints"": 30, ""totalCount"": 43, ""totalPoints"": 43, ""transitionCount"": 2, ""transitionPoints"": 2, ""uncounted"": 0}, ""majorFoulCount"": 0, ""minorFoulCount"": 1, ""penalties"": ""None"", ""rp"": 0, ""superchargedAchieved"": false, ""totalAutoPoints"": 13, ""totalPoints"": 43, ""totalTeleopPoints"": 30, ""totalTowerPoints"": 0, ""traversalAchieved"": false}, ""red"": {""adjustPoints"": 0, ""autoTowerPoints"": 0, ""autoTowerRobot1"": ""None"", ""autoTowerRobot2"": ""None"", ""autoTowerRobot3"": ""None"", ""endGameTowerPoints"": 0, ""endGameTowerRobot1"": ""None"", ""endGameTowerRobot2"": ""None"", ""endGameTowerRobot3"": ""None"", ""energizedAchieved"": true, ""foulPoints"": 5, ""g206Penalty"": false, ""hubScore"": {""autoCount"": 34, ""autoPoints"": 34, ""endgameCount"": 41, ""endgamePoints"": 41, ""shift1Count"": 0, ""shift1Points"": 0, ""shift2Count"": 107, ""shift2Points"": 107, ""shift3Count"": 0, ""shift3Points"": 0, ""shift4Count"": 44, ""shift4Points"": 44, ""teleopCount"": 203, ""teleopPoints"": 203, ""totalCount"": 237, ""totalPoints"": 237, ""transitionCount"": 11, ""transitionPoints"": 11, ""uncounted"": 0}, ""majorFoulCount"": 0, ""minorFoulCount"": 0, ""penalties"": ""None"", ""rp"": 4, ""superchargedAchieved"": false, ""totalAutoPoints"": 34, ""totalPoints"": 242, ""totalTeleopPoints"": 203, ""totalTowerPoints"": 0, ""traversalAchieved"": false}}, ""set_number"": 1, ""time"": 1774646280, ""videos"": [{""key"": ""iL5-f9wRtNM"", ""type"": ""youtube""}], ""winning_alliance"": ""red""}","{""blue"": {""dq_team_keys"": [], ""score"": 43, ""surrogate_team_keys"": [], ""team_keys"": [""frc10444"", ""frc9567"", ""frc2898""]}, ""red"": {""dq_team_keys"": [], ""score"": 242, ""surrogate_team_keys"": [], ""team_keys"": [""frc5970"", ""frc2811"", ""frc4488""]}}",[]
2026orore_qm15,15,qm,41.08466,Scouting totals,"{""actual_time"": 1774646827, ""alliances"": {""blue"": {""dq_team_keys"": [], ""score"": 207, ""surrogate_team_keys"": [], ""team_keys"": [""frc749"", ""frc1425"", ""frc1359""]}, ""red"": {""dq_team_keys"": [], ""score"": 112, ""surrogate_team_keys"": [], ""team_keys"": [""frc10991"", ""frc2733"", ""frc2930""]}}, ""comp_level"": ""qm"", ""event_key"": ""2026orore"", ""key"": ""2026orore_qm15"", ""match_number"": 15, ""post_result_time"": 1774647016, ""predicted_time"": 1774646900, ""score_breakdown"": {""blue"": {""adjustPoints"": 0, ""autoTowerPoints"": 0, ""autoTowerRobot1"": ""None"", ""autoTowerRobot2"": ""None"", ""autoTowerRobot3"": ""None"", ""endGameTowerPoints"": 10, ""endGameTowerRobot1"": ""None"", ""endGameTowerRobot2"": ""None"", ""endGameTowerRobot3"": ""Level1"", ""energizedAchieved"": true, ""foulPoints"": 5, ""g206Penalty"": false, ""hubScore"": {""autoCount"": 64, ""autoPoints"": 64, ""endgameCount"": 25, ""endgamePoints"": 25, ""shift1Count"": 0, ""shift1Points"": 0, ""shift2Count"": 70, ""shift2Points"": 70, ""shift3Count"": 0, ""shift3Points"": 0, ""shift4Count"": 10, ""shift4Points"": 10, ""teleopCount"": 128, ""teleopPoints"": 128, ""totalCount"": 192, ""totalPoints"": 192, ""transitionCount"": 23, ""transitionPoints"": 23, ""uncounted"": 1}, ""majorFoulCount"": 0, ""minorFoulCount"": 1, ""penalties"": ""None"", ""rp"": 4, ""superchargedAchieved"": false, ""totalAutoPoints"": 64, ""totalPoints"": 207, ""totalTeleopPoints"": 138, ""totalTowerPoints"": 10, ""traversalAchieved"": false}, ""red"": {""adjustPoints"": 0, ""autoTowerPoints"": 0, ""autoTowerRobot1"": ""None"", ""autoTowerRobot2"": ""None"", ""autoTowerRobot3"": ""None"", ""endGameTowerPoints"": 0, ""endGameTowerRobot1"": ""None"", ""endGameTowerRobot2"": ""None"", ""endGameTowerRobot3"": ""None"", ""energizedAchieved"": true, ""foulPoints"": 5, ""g206Penalty"": false, ""hubScore"": {""autoCount"": 19, ""autoPoints"": 19, ""endgameCount"": 39, ""endgamePoints"": 39, ""shift1Count"": 2, ""shift1Points"": 2, ""shift2Count"": 0, ""shift2Points"": 0, ""shift3Count"": 34, ""shift3Points"": 34, ""shift4Count"": 0, ""shift4Points"": 0, ""teleopCount"": 88, ""teleopPoints"": 88, ""totalCount"": 107, ""totalPoints"": 107, ""transitionCount"": 13, ""transitionPoints"": 13, ""uncounted"": 0}, ""majorFoulCount"": 0, ""minorFoulCount"": 1, ""penalties"": ""None"", ""rp"": 1, ""superchargedAchieved"": false, ""totalAutoPoints"": 19, ""totalPoints"": 112, ""totalTeleopPoints"": 88, ""totalTowerPoints"": 0, ""traversalAchieved"": false}}, ""set_number"": 1, ""time"": 1774646820, ""videos"": [{""key"": ""7YCOOLs4roU"", ""type"": ""youtube""}], ""winning_alliance"": ""blue""}","{""blue"": {""dq_team_keys"": [], ""score"": 207, ""surrogate_team_keys"": [], ""team_keys"": [""frc749"", ""frc1425"", ""frc1359""]}, ""red"": {""dq_team_keys"": [], ""score"": 112, ""surrogate_team_keys"": [], ""team_keys"": [""frc10991"", ""frc2733"", ""frc2930""]}}",[]
2026orore_qm16,16,qm,113.52721745000001,Scouting totals,"{""actual_time"": 1774647317, ""alliances"": {""blue"": {""dq_team_keys"": [], ""score"": 162, ""surrogate_team_keys"": [], ""team_keys"": [""frc9430"", ""frc6831"", ""frc2550""]}, ""red"": {""dq_team_keys"": [], ""score"": 259, ""surrogate_team_keys"": [], ""team_keys"": [""frc3674"", ""frc4915"", ""frc9600""]}}, ""comp_level"": ""qm"", ""event_key"": ""2026orore"", ""key"": ""2026orore_qm16"", ""match_number"": 16, ""post_result_time"": 1774647502, ""predicted_time"": 1774647680, ""score_breakdown"": {""blue"": {""adjustPoints"": 0, ""autoTowerPoints"": 0, ""autoTowerRobot1"": ""None"", ""autoTowerRobot2"": ""None"", ""autoTowerRobot3"": ""None"", ""endGameTowerPoints"": 10, ""endGameTowerRobot1"": ""None"", ""endGameTowerRobot2"": ""None"", ""endGameTowerRobot3"": ""Level1"", ""energizedAchieved"": true, ""foulPoints"": 0, ""g206Penalty"": false, ""hubScore"": {""autoCount"": 37, ""autoPoints"": 37, ""endgameCount"": 10, ""endgamePoints"": 10, ""shift1Count"": 43, ""shift1Points"": 43, ""shift2Count"": 0, ""shift2Points"": 0, ""shift3Count"": 59, ""shift3Points"": 59, ""shift4Count"": 0, ""shift4Points"": 0, ""teleopCount"": 115, ""teleopPoints"": 115, ""totalCount"": 152, ""totalPoints"": 152, ""transitionCount"": 3, ""transitionPoints"": 3, ""uncounted"": 0}, ""majorFoulCount"": 0, ""minorFoulCount"": 2, ""penalties"": ""None"", ""rp"": 1, ""superchargedAchieved"": false, ""totalAutoPoints"": 37, ""totalPoints"": 162, ""totalTeleopPoints"": 125, ""totalTowerPoints"": 10, ""traversalAchieved"": false}, ""red"": {""adjustPoints"": 0, ""autoTowerPoints"": 15, ""autoTowerRobot1"": ""Level1"", ""autoTowerRobot2"": ""None"", ""autoTowerRobot3"": ""None"", ""endGameTowerPoints"": 10, ""endGameTowerRobot1"": ""None"", ""endGameTowerRobot2"": ""Level1"", ""endGameTowerRobot3"": ""None"", ""energizedAchieved"": true, ""foulPoints"": 10, ""g206Penalty"": false, ""hubScore"": {""autoCount"": 39, ""autoPoints"": 39, ""endgameCount"": 58, ""endgamePoints"": 58, ""shift1Count"": 0, ""shift1Points"": 0, ""shift2Count"": 68, ""shift2Points"": 68, ""shift3Count"": 0, ""shift3Points"": 0, ""shift4Count"": 58, ""shift4Points"": 58, ""teleopCount"": 185, ""teleopPoints"": 185, ""totalCount"": 224, ""totalPoints"": 224, ""transitionCount"": 1, ""transitionPoints"": 1, ""uncounted"": 0}, ""majorFoulCount"": 0, ""minorFoulCount"": 0, ""penalties"": ""None"", ""rp"": 4, ""superchargedAchieved"": false, ""totalAutoPoints"": 54, ""totalPoints"": 259, ""totalTeleopPoints"": 195, ""totalTowerPoints"": 25, ""traversalAchieved"": false}}, ""set_number"": 1, ""time"": 1774647360, ""videos"": [{""key"": ""Q4ZHYLCbhyE"", ""type"": ""youtube""}], ""winning_alliance"": ""red""}","{""blue"": {""dq_team_keys"": [], ""score"": 162, ""surrogate_team_keys"": [], ""team_keys"": [""frc9430"", ""frc6831"", ""frc2550""]}, ""red"": {""dq_team_keys"": [], ""score"": 259, ""surrogate_team_keys"": [], ""team_keys"": [""frc3674"", ""frc4915"", ""frc9600""]}}",[]
2026orore_qm17,17,qm,165.16322909999997,Scouting totals,"{""actual_time"": 1774647827, ""alliances"": {""blue"": {""dq_team_keys"": [], ""score"": 273, ""surrogate_team_keys"": [], ""team_keys"": [""frc2990"", ""frc997"", ""frc6465""]}, ""red"": {""dq_team_keys"": [], ""score"": 315, ""surrogate_team_keys"": [], ""team_keys"": [""frc2915"", ""frc8032"", ""frc955""]}}, ""comp_level"": ""qm"", ""event_key"": ""2026orore"", ""key"": ""2026orore_qm17"", ""match_number"": 17, ""post_result_time"": 1774648006, ""predicted_time"": 1774648018, ""score_breakdown"": {""blue"": {""adjustPoints"": 0, ""autoTowerPoints"": 0, ""autoTowerRobot1"": ""None"", ""autoTowerRobot2"": ""None"", ""autoTowerRobot3"": ""None"", ""endGameTowerPoints"": 0, ""endGameTowerRobot1"": ""None"", ""endGameTowerRobot2"": ""None"", ""endGameTowerRobot3"": ""None"", ""energizedAchieved"": true, ""foulPoints"": 15, ""g206Penalty"": false, ""hubScore"": {""autoCount"": 25, ""autoPoints"": 25, ""endgameCount"": 85, ""endgamePoints"": 85, ""shift1Count"": 69, ""shift1Points"": 69, ""shift2Count"": 0, ""shift2Points"": 0, ""shift3Count"": 72, ""shift3Points"": 72, ""shift4Count"": 0, ""shift4Points"": 0, ""teleopCount"": 233, ""teleopPoints"": 233, ""totalCount"": 258, ""totalPoints"": 258, ""transitionCount"": 7, ""transitionPoints"": 7, ""uncounted"": 1}, ""majorFoulCount"": 1, ""minorFoulCount"": 1, ""penalties"": ""None"", ""rp"": 1, ""superchargedAchieved"": false, ""totalAutoPoints"": 25, ""totalPoints"": 273, ""totalTeleopPoints"": 233, ""totalTowerPoints"": 0, ""traversalAchieved"": false}, ""red"": {""adjustPoints"": 0, ""autoTowerPoints"": 0, ""autoTowerRobot1"": ""None"", ""autoTowerRobot2"": ""None"", ""autoTowerRobot3"": ""None"", ""endGameTowerPoints"": 0, ""endGameTowerRobot1"": ""None"", ""endGameTowerRobot2"": ""None"", ""endGameTowerRobot3"": ""None"", ""energizedAchieved"": true, ""foulPoints"": 20, ""g206Penalty"": false, ""hubScore"": {""autoCount"": 28, ""autoPoints"": 28, ""endgameCount"": 89, ""endgamePoints"": 89, ""shift1Count"": 0, ""shift1Points"": 0, ""shift2Count"": 103, ""shift2Points"": 103, ""shift3Count"": 0, ""shift3Points"": 0, ""shift4Count"": 50, ""shift4Points"": 50, ""teleopCount"": 267, ""teleopPoints"": 267, ""totalCount"": 295, ""totalPoints"": 295, ""transitionCount"": 25, ""transitionPoints"": 25, ""uncounted"": 0}, ""majorFoulCount"": 1, ""minorFoulCount"": 0, ""penalties"": ""None"", ""rp"": 4, ""superchargedAchieved"": false, ""totalAutoPoints"": 28, ""totalPoints"": 315, ""totalTeleopPoints"": 267, ""totalTowerPoints"": 0, ""traversalAchieved"": false}}, ""set_number"": 1, ""time"": 1774647900, ""videos"": [{""key"": ""j49SMV9OIgI"", ""type"": ""youtube""}], ""winning_alliance"": ""red""}","{""blue"": {""dq_team_keys"": [], ""score"": 273, ""surrogate_team_keys"": [], ""team_keys"": [""frc2990"", ""frc997"", ""frc6465""]}, ""red"": {""dq_team_keys"": [], ""score"": 315, ""surrogate_team_keys"": [], ""team_keys"": [""frc2915"", ""frc8032"", ""frc955""]}}",[]
2026orore_qm18,18,qm,257.168522,Scouting totals,"{""actual_time"": 1774648320, ""alliances"": {""blue"": {""dq_team_keys"": [], ""score"": 334, ""surrogate_team_keys"": [], ""team_keys"": [""frc2521"", ""frc5975"", ""frc1540""]}, ""red"": {""dq_team_keys"": [], ""score"": 372, ""surrogate_team_keys"": [], ""team_keys"": [""frc2557"", ""frc6696"", ""frc2471""]}}, ""comp_level"": ""qm"", ""event_key"": ""2026orore"", ""key"": ""2026orore_qm18"", ""match_number"": 18, ""post_result_time"": 1774648510, ""predicted_time"": 1774648495, ""score_breakdown"": {""blue"": {""adjustPoints"": 0, ""autoTowerPoints"": 0, ""autoTowerRobot1"": ""None"", ""autoTowerRobot2"": ""None"", ""autoTowerRobot3"": ""None"", ""endGameTowerPoints"": 0, ""endGameTowerRobot1"": ""None"", ""endGameTowerRobot2"": ""None"", ""endGameTowerRobot3"": ""None"", ""energizedAchieved"": true, ""foulPoints"": 0, ""g206Penalty"": false, ""hubScore"": {""autoCount"": 53, ""autoPoints"": 53, ""endgameCount"": 132, ""endgamePoints"": 132, ""shift1Count"": 92, ""shift1Points"": 92, ""shift2Count"": 0, ""shift2Points"": 0, ""shift3Count"": 57, ""shift3Points"": 57, ""shift4Count"": 0, ""shift4Points"": 0, ""teleopCount"": 281, ""teleopPoints"": 281, ""totalCount"": 334, ""totalPoints"": 334, ""transitionCount"": 0, ""transitionPoints"": 0, ""uncounted"": 8}, ""majorFoulCount"": 0, ""minorFoulCount"": 1, ""penalties"": ""None"", ""rp"": 1, ""superchargedAchieved"": false, ""totalAutoPoints"": 53, ""totalPoints"": 334, ""totalTeleopPoints"": 281, ""totalTowerPoints"": 0, ""traversalAchieved"": false}, ""red"": {""adjustPoints"": 0, ""autoTowerPoints"": 0, ""autoTowerRobot1"": ""None"", ""autoTowerRobot2"": ""None"", ""autoTowerRobot3"": ""None"", ""endGameTowerPoints"": 0, ""endGameTowerRobot1"": ""None"", ""endGameTowerRobot2"": ""None"", ""endGameTowerRobot3"": ""None"", ""energizedAchieved"": true, ""foulPoints"": 5, ""g206Penalty"": false, ""hubScore"": {""autoCount"": 74, ""autoPoints"": 74, ""endgameCount"": 88, ""endgamePoints"": 88, ""shift1Count"": 0, ""shift1Points"": 0, ""shift2Count"": 74, ""shift2Points"": 74, ""shift3Count"": 0, ""shift3Points"": 0, ""shift4Count"": 123, ""shift4Points"": 123, ""teleopCount"": 293, ""teleopPoints"": 293, ""totalCount"": 367, ""totalPoints"": 367, ""transitionCount"": 8, ""transitionPoints"": 8, ""uncounted"": 3}, ""majorFoulCount"": 0, ""minorFoulCount"": 0, ""penalties"": ""None"", ""rp"": 5, ""superchargedAchieved"": true, ""totalAutoPoints"": 74, ""totalPoints"": 372, ""totalTeleopPoints"": 293, ""totalTowerPoints"": 0, ""traversalAchieved"": false}}, ""set_number"": 1, ""time"": 1774648440, ""videos"": [{""key"": ""bAPjg9pb5rA"", ""type"": ""youtube""}], ""winning_alliance"": ""red""}","{""blue"": {""dq_team_keys"": [], ""score"": 334, ""surrogate_team_keys"": [], ""team_keys"": [""frc2521"", ""frc5975"", ""frc1540""]}, ""red"": {""dq_team_keys"": [], ""score"": 372, ""surrogate_team_keys"": [], ""team_keys"": [""frc2557"", ""frc6696"", ""frc2471""]}}",[]
2026orore_qm19,19,qm,47.188119074999996,Scouting totals,"{""actual_time"": 1774648756, ""alliances"": {""blue"": {""dq_team_keys"": [], ""score"": 188, ""surrogate_team_keys"": [], ""team_keys"": [""frc10444"", ""frc749"", ""frc9430""]}, ""red"": {""dq_team_keys"": [], ""score"": 72, ""surrogate_team_keys"": [], ""team_keys"": [""frc2930"", ""frc3669"", ""frc9567""]}}, ""comp_level"": ""qm"", ""event_key"": ""2026orore"", ""key"": ""2026orore_qm19"", ""match_number"": 19, ""post_result_time"": 1774648949, ""predicted_time"": 1774649007, ""score_breakdown"": {""blue"": {""adjustPoints"": 0, ""autoTowerPoints"": 0, ""autoTowerRobot1"": ""None"", ""autoTowerRobot2"": ""None"", ""autoTowerRobot3"": ""None"", ""endGameTowerPoints"": 0, ""endGameTowerRobot1"": ""None"", ""endGameTowerRobot2"": ""None"", ""endGameTowerRobot3"": ""None"", ""energizedAchieved"": true, ""foulPoints"": 5, ""g206Penalty"": false, ""hubScore"": {""autoCount"": 34, ""autoPoints"": 34, ""endgameCount"": 34, ""endgamePoints"": 34, ""shift1Count"": 0, ""shift1Points"": 0, ""shift2Count"": 48, ""shift2Points"": 48, ""shift3Count"": 0, ""shift3Points"": 0, ""shift4Count"": 65, ""shift4Points"": 65, ""teleopCount"": 149, ""teleopPoints"": 149, ""totalCount"": 183, ""totalPoints"": 183, ""transitionCount"": 2, ""transitionPoints"": 2, ""uncounted"": 5}, ""majorFoulCount"": 0, ""minorFoulCount"": 0, ""penalties"": ""None"", ""rp"": 4, ""superchargedAchieved"": false, ""totalAutoPoints"": 34, ""totalPoints"": 188, ""totalTeleopPoints"": 149, ""totalTowerPoints"": 0, ""traversalAchieved"": false}, ""red"": {""adjustPoints"": 0, ""autoTowerPoints"": 0, ""autoTowerRobot1"": ""None"", ""autoTowerRobot2"": ""None"", ""autoTowerRobot3"": ""None"", ""endGameTowerPoints"": 0, ""endGameTowerRobot1"": ""None"", ""endGameTowerRobot2"": ""None"", ""endGameTowerRobot3"": ""None"", ""energizedAchieved"": false, ""foulPoints"": 0, ""g206Penalty"": false, ""hubScore"": {""autoCount"": 19, ""autoPoints"": 19, ""endgameCount"": 29, ""endgamePoints"": 29, ""shift1Count"": 3, ""shift1Points"": 3, ""shift2Count"": 0, ""shift2Points"": 0, ""shift3Count"": 20, ""shift3Points"": 20, ""shift4Count"": 0, ""shift4Points"": 0, ""teleopCount"": 53, ""teleopPoints"": 53, ""totalCount"": 72, ""totalPoints"": 72, ""transitionCount"": 1, ""transitionPoints"": 1, ""uncounted"": 1}, ""majorFoulCount"": 0, ""minorFoulCount"": 1, ""penalties"": ""None"", ""rp"": 0, ""superchargedAchieved"": false, ""totalAutoPoints"": 19, ""totalPoints"": 72, ""totalTeleopPoints"": 53, ""totalTowerPoints"": 0, ""traversalAchieved"": false}}, ""set_number"": 1, ""time"": 1774648980, ""videos"": [{""key"": ""SCPvQgn8GOE"", ""type"": ""youtube""}], ""winning_alliance"": ""blue""}","{""blue"": {""dq_team_keys"": [], ""score"": 188, ""surrogate_team_keys"": [], ""team_keys"": [""frc10444"", ""frc749"", ""frc9430""]}, ""red"": {""dq_team_keys"": [], ""score"": 72, ""surrogate_team_keys"": [], ""team_keys"": [""frc2930"", ""frc3669"", ""frc9567""]}}",[]
2026orore_qm20,20,qm,63.10777750000001,Scouting totals,"{""actual_time"": 1774649286, ""alliances"": {""blue"": {""dq_team_keys"": [], ""score"": 161, ""surrogate_team_keys"": [], ""team_keys"": [""frc997"", ""frc955"", ""frc3674""]}, ""red"": {""dq_team_keys"": [], ""score"": 171, ""surrogate_team_keys"": [], ""team_keys"": [""frc8032"", ""frc4915"", ""frc6831""]}}, ""comp_level"": ""qm"", ""event_key"": ""2026orore"", ""key"": ""2026orore_qm20"", ""match_number"": 20, ""post_result_time"": 1774649466, ""predicted_time"": 1774649466, ""score_breakdown"": {""blue"": {""adjustPoints"": 0, ""autoTowerPoints"": 15, ""autoTowerRobot1"": ""None"", ""autoTowerRobot2"": ""None"", ""autoTowerRobot3"": ""Level1"", ""endGameTowerPoints"": 0, ""endGameTowerRobot1"": ""None"", ""endGameTowerRobot2"": ""None"", ""endGameTowerRobot3"": ""None"", ""energizedAchieved"": true, ""foulPoints"": 10, ""g206Penalty"": false, ""hubScore"": {""autoCount"": 12, ""autoPoints"": 12, ""endgameCount"": 72, ""endgamePoints"": 72, ""shift1Count"": 14, ""shift1Points"": 14, ""shift2Count"": 0, ""shift2Points"": 0, ""shift3Count"": 34, ""shift3Points"": 34, ""shift4Count"": 0, ""shift4Points"": 0, ""teleopCount"": 124, ""teleopPoints"": 124, ""totalCount"": 136, ""totalPoints"": 136, ""transitionCount"": 4, ""transitionPoints"": 4, ""uncounted"": 1}, ""majorFoulCount"": 0, ""minorFoulCount"": 1, ""penalties"": ""None"", ""rp"": 1, ""superchargedAchieved"": false, ""totalAutoPoints"": 27, ""totalPoints"": 161, ""totalTeleopPoints"": 124, ""totalTowerPoints"": 15, ""traversalAchieved"": false}, ""red"": {""adjustPoints"": 0, ""autoTowerPoints"": 0, ""autoTowerRobot1"": ""None"", ""autoTowerRobot2"": ""None"", ""autoTowerRobot3"": ""None"", ""endGameTowerPoints"": 0, ""endGameTowerRobot1"": ""None"", ""endGameTowerRobot2"": ""None"", ""endGameTowerRobot3"": ""None"", ""energizedAchieved"": true, ""foulPoints"": 5, ""g206Penalty"": false, ""hubScore"": {""autoCount"": 56, ""autoPoints"": 56, ""endgameCount"": 52, ""endgamePoints"": 52, ""shift1Count"": 0, ""shift1Points"": 0, ""shift2Count"": 33, ""shift2Points"": 33, ""shift3Count"": 0, ""shift3Points"": 0, ""shift4Count"": 19, ""shift4Points"": 19, ""teleopCount"": 110, ""teleopPoints"": 110, ""totalCount"": 166, ""totalPoints"": 166, ""transitionCount"": 6, ""transitionPoints"": 6, ""uncounted"": 0}, ""majorFoulCount"": 0, ""minorFoulCount"": 2, ""penalties"": ""None"", ""rp"": 4, ""superchargedAchieved"": false, ""totalAutoPoints"": 56, ""totalPoints"": 171, ""totalTeleopPoints"": 110, ""totalTowerPoints"": 0, ""traversalAchieved"": false}}, ""set_number"": 1, ""time"": 1774649520, ""videos"": [{""key"": ""2HLGbxYpT8c"", ""type"": ""youtube""}], ""winning_alliance"": ""red""}","{""blue"": {""dq_team_keys"": [], ""score"": 161, ""surrogate_team_keys"": [], ""team_keys"": [""frc997"", ""frc955"", ""frc3674""]}, ""red"": {""dq_team_keys"": [], ""score"": 171, ""surrogate_team_keys"": [], ""team_keys"": [""frc8032"", ""frc4915"", ""frc6831""]}}",[]
2026orore_qm21,21,qm,84.76850234999999,Scouting totals,"{""actual_time"": 1774649750, ""alliances"": {""blue"": {""dq_team_keys"": [], ""score"": 223, ""surrogate_team_keys"": [], ""team_keys"": [""frc10991"", ""frc2811"", ""frc957""]}, ""red"": {""dq_team_keys"": [], ""score"": 373, ""surrogate_team_keys"": [], ""team_keys"": [""frc6696"", ""frc2733"", ""frc9600""]}}, ""comp_level"": ""qm"", ""event_key"": ""2026orore"", ""key"": ""2026orore_qm21"", ""match_number"": 21, ""post_result_time"": 1774649938, ""predicted_time"": 1774650024, ""score_breakdown"": {""blue"": {""adjustPoints"": 0, ""autoTowerPoints"": 0, ""autoTowerRobot1"": ""None"", ""autoTowerRobot2"": ""None"", ""autoTowerRobot3"": ""None"", ""endGameTowerPoints"": 0, ""endGameTowerRobot1"": ""None"", ""endGameTowerRobot2"": ""None"", ""endGameTowerRobot3"": ""None"", ""energizedAchieved"": true, ""foulPoints"": 15, ""g206Penalty"": false, ""hubScore"": {""autoCount"": 33, ""autoPoints"": 33, ""endgameCount"": 60, ""endgamePoints"": 60, ""shift1Count"": 41, ""shift1Points"": 41, ""shift2Count"": 0, ""shift2Points"": 0, ""shift3Count"": 64, ""shift3Points"": 64, ""shift4Count"": 0, ""shift4Points"": 0, ""teleopCount"": 175, ""teleopPoints"": 175, ""totalCount"": 208, ""totalPoints"": 208, ""transitionCount"": 10, ""transitionPoints"": 10, ""uncounted"": 0}, ""majorFoulCount"": 1, ""minorFoulCount"": 1, ""penalties"": ""None"", ""rp"": 1, ""superchargedAchieved"": false, ""totalAutoPoints"": 33, ""totalPoints"": 223, ""totalTeleopPoints"": 175, ""totalTowerPoints"": 0, ""traversalAchieved"": false}, ""red"": {""adjustPoints"": 0, ""autoTowerPoints"": 0, ""autoTowerRobot1"": ""None"", ""autoTowerRobot2"": ""None"", ""autoTowerRobot3"": ""None"", ""endGameTowerPoints"": 0, ""endGameTowerRobot1"": ""None"", ""endGameTowerRobot2"": ""None"", ""endGameTowerRobot3"": ""None"", ""energizedAchieved"": true, ""foulPoints"": 20, ""g206Penalty"": false, ""hubScore"": {""autoCount"": 61, ""autoPoints"": 61, ""endgameCount"": 79, ""endgamePoints"": 79, ""shift1Count"": 0, ""shift1Points"": 0, ""shift2Count"": 96, ""shift2Points"": 96, ""shift3Count"": 0, ""shift3Points"": 0, ""shift4Count"": 112, ""shift4Points"": 112, ""teleopCount"": 292, ""teleopPoints"": 292, ""totalCount"": 353, ""totalPoints"": 353, ""transitionCount"": 5, ""transitionPoints"": 5, ""uncounted"": 0}, ""majorFoulCount"": 1, ""minorFoulCount"": 0, ""penalties"": ""None"", ""rp"": 4, ""superchargedAchieved"": false, ""totalAutoPoints"": 61, ""totalPoints"": 373, ""totalTeleopPoints"": 292, ""totalTowerPoints"": 0, ""traversalAchieved"": false}}, ""set_number"": 1, ""time"": 1774650060, ""videos"": [{""key"": ""PN3Xfj_-QiU"", ""type"": ""youtube""}], ""winning_alliance"": ""red""}","{""blue"": {""dq_team_keys"": [], ""score"": 223, ""surrogate_team_keys"": [], ""team_keys"": [""frc10991"", ""frc2811"", ""frc957""]}, ""red"": {""dq_team_keys"": [], ""score"": 373, ""surrogate_team_keys"": [], ""team_keys"": [""frc6696"", ""frc2733"", ""frc9600""]}}",[]
2026orore_qm22,22,qm,60.10236899999998,Scouting totals,"{""actual_time"": 1774650231, ""alliances"": {""blue"": {""dq_team_keys"": [], ""score"": 110, ""surrogate_team_keys"": [], ""team_keys"": [""frc3636"", ""frc2915"", ""frc4662""]}, ""red"": {""dq_team_keys"": [], ""score"": 216, ""surrogate_team_keys"": [], ""team_keys"": [""frc1540"", ""frc6465"", ""frc5970""]}}, ""comp_level"": ""qm"", ""event_key"": ""2026orore"", ""key"": ""2026orore_qm22"", ""match_number"": 22, ""post_result_time"": 1774650481, ""predicted_time"": 1774650329, ""score_breakdown"": {""blue"": {""adjustPoints"": 0, ""autoTowerPoints"": 0, ""autoTowerRobot1"": ""None"", ""autoTowerRobot2"": ""None"", ""autoTowerRobot3"": ""None"", ""endGameTowerPoints"": 0, ""endGameTowerRobot1"": ""None"", ""endGameTowerRobot2"": ""None"", ""endGameTowerRobot3"": ""None"", ""energizedAchieved"": false, ""foulPoints"": 35, ""g206Penalty"": false, ""hubScore"": {""autoCount"": 16, ""autoPoints"": 16, ""endgameCount"": 13, ""endgamePoints"": 13, ""shift1Count"": 18, ""shift1Points"": 18, ""shift2Count"": 0, ""shift2Points"": 0, ""shift3Count"": 23, ""shift3Points"": 23, ""shift4Count"": 0, ""shift4Points"": 0, ""teleopCount"": 59, ""teleopPoints"": 59, ""totalCount"": 75, ""totalPoints"": 75, ""transitionCount"": 5, ""transitionPoints"": 5, ""uncounted"": 0}, ""majorFoulCount"": 0, ""minorFoulCount"": 2, ""penalties"": ""None"", ""rp"": 0, ""superchargedAchieved"": false, ""totalAutoPoints"": 16, ""totalPoints"": 110, ""totalTeleopPoints"": 59, ""totalTowerPoints"": 0, ""traversalAchieved"": false}, ""red"": {""adjustPoints"": 0, ""autoTowerPoints"": 0, ""autoTowerRobot1"": ""None"", ""autoTowerRobot2"": ""None"", ""autoTowerRobot3"": ""None"", ""endGameTowerPoints"": 0, ""endGameTowerRobot1"": ""None"", ""endGameTowerRobot2"": ""None"", ""endGameTowerRobot3"": ""None"", ""energizedAchieved"": true, ""foulPoints"": 10, ""g206Penalty"": false, ""hubScore"": {""autoCount"": 48, ""autoPoints"": 48, ""endgameCount"": 35, ""endgamePoints"": 35, ""shift1Count"": 0, ""shift1Points"": 0, ""shift2Count"": 58, ""shift2Points"": 58, ""shift3Count"": 0, ""shift3Points"": 0, ""shift4Count"": 54, ""shift4Points"": 54, ""teleopCount"": 158, ""teleopPoints"": 158, ""totalCount"": 206, ""totalPoints"": 206, ""transitionCount"": 11, ""transitionPoints"": 11, ""uncounted"": 3}, ""majorFoulCount"": 0, ""minorFoulCount"": 7, ""penalties"": ""None"", ""rp"": 4, ""superchargedAchieved"": false, ""totalAutoPoints"": 48, ""totalPoints"": 216, ""totalTeleopPoints"": 158, ""totalTowerPoints"": 0, ""traversalAchieved"": false}}, ""set_number"": 1, ""time"": 1774650600, ""videos"": [{""key"": ""_XjhpebgGNM"", ""type"": ""youtube""}], ""winning_alliance"": ""red""}","{""blue"": {""dq_team_keys"": [], ""score"": 110, ""surrogate_team_keys"": [], ""team_keys"": [""frc3636"", ""frc2915"", ""frc4662""]}, ""red"": {""dq_team_keys"": [], ""score"": 216, ""surrogate_team_keys"": [], ""team_keys"": [""frc1540"", ""frc6465"", ""frc5970""]}}",[]
2026orore_qm23,23,qm,11.988712200000009,Scouting totals,"{""actual_time"": 1774650880, ""alliances"": {""blue"": {""dq_team_keys"": [], ""score"": 227, ""surrogate_team_keys"": [], ""team_keys"": [""frc2990"", ""frc1425"", ""frc2550""]}, ""red"": {""dq_team_keys"": [], ""score"": 104, ""surrogate_team_keys"": [], ""team_keys"": [""frc1359"", ""frc2898"", ""frc2635""]}}, ""comp_level"": ""qm"", ""event_key"": ""2026orore"", ""key"": ""2026orore_qm23"", ""match_number"": 23, ""post_result_time"": 1774651063, ""predicted_time"": 1774650857, ""score_breakdown"": {""blue"": {""adjustPoints"": 0, ""autoTowerPoints"": 0, ""autoTowerRobot1"": ""None"", ""autoTowerRobot2"": ""None"", ""autoTowerRobot3"": ""None"", ""endGameTowerPoints"": 0, ""endGameTowerRobot1"": ""None"", ""endGameTowerRobot2"": ""None"", ""endGameTowerRobot3"": ""None"", ""energizedAchieved"": true, ""foulPoints"": 10, ""g206Penalty"": false, ""hubScore"": {""autoCount"": 18, ""autoPoints"": 18, ""endgameCount"": 102, ""endgamePoints"": 102, ""shift1Count"": 28, ""shift1Points"": 28, ""shift2Count"": 0, ""shift2Points"": 0, ""shift3Count"": 68, ""shift3Points"": 68, ""shift4Count"": 0, ""shift4Points"": 0, ""teleopCount"": 199, ""teleopPoints"": 199, ""totalCount"": 217, ""totalPoints"": 217, ""transitionCount"": 1, ""transitionPoints"": 1, ""uncounted"": 5}, ""majorFoulCount"": 0, ""minorFoulCount"": 2, ""penalties"": ""None"", ""rp"": 4, ""superchargedAchieved"": false, ""totalAutoPoints"": 18, ""totalPoints"": 227, ""totalTeleopPoints"": 199, ""totalTowerPoints"": 0, ""traversalAchieved"": false}, ""red"": {""adjustPoints"": 0, ""autoTowerPoints"": 0, ""autoTowerRobot1"": ""None"", ""autoTowerRobot2"": ""None"", ""autoTowerRobot3"": ""None"", ""endGameTowerPoints"": 10, ""endGameTowerRobot1"": ""Level1"", ""endGameTowerRobot2"": ""None"", ""endGameTowerRobot3"": ""None"", ""energizedAchieved"": false, ""foulPoints"": 10, ""g206Penalty"": false, ""hubScore"": {""autoCount"": 19, ""autoPoints"": 19, ""endgameCount"": 8, ""endgamePoints"": 8, ""shift1Count"": 0, ""shift1Points"": 0, ""shift2Count"": 39, ""shift2Points"": 39, ""shift3Count"": 0, ""shift3Points"": 0, ""shift4Count"": 16, ""shift4Points"": 16, ""teleopCount"": 65, ""teleopPoints"": 65, ""totalCount"": 84, ""totalPoints"": 84, ""transitionCount"": 2, ""transitionPoints"": 2, ""uncounted"": 0}, ""majorFoulCount"": 0, ""minorFoulCount"": 2, ""penalties"": ""None"", ""rp"": 0, ""superchargedAchieved"": false, ""totalAutoPoints"": 19, ""totalPoints"": 104, ""totalTeleopPoints"": 75, ""totalTowerPoints"": 10, ""traversalAchieved"": false}}, ""set_number"": 1, ""time"": 1774651140, ""videos"": [{""key"": ""ENWpQS-fOIU"", ""type"": ""youtube""}], ""winning_alliance"": ""blue""}","{""blue"": {""dq_team_keys"": [], ""score"": 227, ""surrogate_team_keys"": [], ""team_keys"": [""frc2990"", ""frc1425"", ""frc2550""]}, ""red"": {""dq_team_keys"": [], ""score"": 104, ""surrogate_team_keys"": [], ""team_keys"": [""frc1359"", ""frc2898"", ""frc2635""]}}",[]
2026orore_qm24,24,qm,39.56766727499999,Scouting totals,"{""actual_time"": 1774651353, ""alliances"": {""blue"": {""dq_team_keys"": [], ""score"": 124, ""surrogate_team_keys"": [], ""team_keys"": [""frc2557"", ""frc10991"", ""frc5975""]}, ""red"": {""dq_team_keys"": [], ""score"": 396, ""surrogate_team_keys"": [], ""team_keys"": [""frc4488"", ""frc9600"", ""frc9430""]}}, ""comp_level"": ""qm"", ""event_key"": ""2026orore"", ""key"": ""2026orore_qm24"", ""match_number"": 24, ""post_result_time"": 1774651569, ""predicted_time"": 1774651420, ""score_breakdown"": {""blue"": {""adjustPoints"": 0, ""autoTowerPoints"": 0, ""autoTowerRobot1"": ""None"", ""autoTowerRobot2"": ""None"", ""autoTowerRobot3"": ""None"", ""endGameTowerPoints"": 0, ""endGameTowerRobot1"": ""None"", ""endGameTowerRobot2"": ""None"", ""endGameTowerRobot3"": ""None"", ""energizedAchieved"": true, ""foulPoints"": 10, ""g206Penalty"": false, ""hubScore"": {""autoCount"": 32, ""autoPoints"": 32, ""endgameCount"": 32, ""endgamePoints"": 32, ""shift1Count"": 14, ""shift1Points"": 14, ""shift2Count"": 0, ""shift2Points"": 0, ""shift3Count"": 29, ""shift3Points"": 29, ""shift4Count"": 0, ""shift4Points"": 0, ""teleopCount"": 82, ""teleopPoints"": 82, ""totalCount"": 114, ""totalPoints"": 114, ""transitionCount"": 7, ""transitionPoints"": 7, ""uncounted"": 0}, ""majorFoulCount"": 0, ""minorFoulCount"": 0, ""penalties"": ""None"", ""rp"": 1, ""superchargedAchieved"": false, ""totalAutoPoints"": 32, ""totalPoints"": 124, ""totalTeleopPoints"": 82, ""totalTowerPoints"": 0, ""traversalAchieved"": false}, ""red"": {""adjustPoints"": 0, ""autoTowerPoints"": 0, ""autoTowerRobot1"": ""None"", ""autoTowerRobot2"": ""None"", ""autoTowerRobot3"": ""None"", ""endGameTowerPoints"": 0, ""endGameTowerRobot1"": ""None"", ""endGameTowerRobot2"": ""None"", ""endGameTowerRobot3"": ""None"", ""energizedAchieved"": true, ""foulPoints"": 0, ""g206Penalty"": false, ""hubScore"": {""autoCount"": 69, ""autoPoints"": 69, ""endgameCount"": 75, ""endgamePoints"": 75, ""shift1Count"": 0, ""shift1Points"": 0, ""shift2Count"": 131, ""shift2Points"": 131, ""shift3Count"": 0, ""shift3Points"": 0, ""shift4Count"": 117, ""shift4Points"": 117, ""teleopCount"": 327, ""teleopPoints"": 327, ""totalCount"": 396, ""totalPoints"": 396, ""transitionCount"": 4, ""transitionPoints"": 4, ""uncounted"": 2}, ""majorFoulCount"": 0, ""minorFoulCount"": 2, ""penalties"": ""None"", ""rp"": 5, ""superchargedAchieved"": true, ""totalAutoPoints"": 69, ""totalPoints"": 396, ""totalTeleopPoints"": 327, ""totalTowerPoints"": 0, ""traversalAchieved"": false}}, ""set_number"": 1, ""time"": 1774651680, ""videos"": [{""key"": ""c5c8KRUxOqA"", ""type"": ""youtube""}], ""winning_alliance"": ""red""}","{""blue"": {""dq_team_keys"": [], ""score"": 124, ""surrogate_team_keys"": [], ""team_keys"": [""frc2557"", ""frc10991"", ""frc5975""]}, ""red"": {""dq_team_keys"": [], ""score"": 396, ""surrogate_team_keys"": [], ""team_keys"": [""frc4488"", ""frc9600"", ""frc9430""]}}",[]
2026orore_qm25,25,qm,90.05401424999998,Scouting totals,"{""actual_time"": 1774651818, ""alliances"": {""blue"": {""dq_team_keys"": [], ""score"": 162, ""surrogate_team_keys"": [], ""team_keys"": [""frc955"", ""frc2930"", ""frc6465""]}, ""red"": {""dq_team_keys"": [], ""score"": 67, ""surrogate_team_keys"": [], ""team_keys"": [""frc5970"", ""frc2521"", ""frc10444""]}}, ""comp_level"": ""qm"", ""event_key"": ""2026orore"", ""key"": ""2026orore_qm25"", ""match_number"": 25, ""post_result_time"": 1774651999, ""predicted_time"": 1774651953, ""score_breakdown"": {""blue"": {""adjustPoints"": 0, ""autoTowerPoints"": 0, ""autoTowerRobot1"": ""None"", ""autoTowerRobot2"": ""None"", ""autoTowerRobot3"": ""None"", ""endGameTowerPoints"": 0, ""endGameTowerRobot1"": ""None"", ""endGameTowerRobot2"": ""None"", ""endGameTowerRobot3"": ""None"", ""energizedAchieved"": true, ""foulPoints"": 0, ""g206Penalty"": false, ""hubScore"": {""autoCount"": 53, ""autoPoints"": 53, ""endgameCount"": 23, ""endgamePoints"": 23, ""shift1Count"": 0, ""shift1Points"": 0, ""shift2Count"": 50, ""shift2Points"": 50, ""shift3Count"": 0, ""shift3Points"": 0, ""shift4Count"": 20, ""shift4Points"": 20, ""teleopCount"": 109, ""teleopPoints"": 109, ""totalCount"": 162, ""totalPoints"": 162, ""transitionCount"": 16, ""transitionPoints"": 16, ""uncounted"": 0}, ""majorFoulCount"": 0, ""minorFoulCount"": 1, ""penalties"": ""None"", ""rp"": 4, ""superchargedAchieved"": false, ""totalAutoPoints"": 53, ""totalPoints"": 162, ""totalTeleopPoints"": 109, ""totalTowerPoints"": 0, ""traversalAchieved"": false}, ""red"": {""adjustPoints"": 0, ""autoTowerPoints"": 0, ""autoTowerRobot1"": ""None"", ""autoTowerRobot2"": ""None"", ""autoTowerRobot3"": ""None"", ""endGameTowerPoints"": 0, ""endGameTowerRobot1"": ""None"", ""endGameTowerRobot2"": ""None"", ""endGameTowerRobot3"": ""None"", ""energizedAchieved"": false, ""foulPoints"": 5, ""g206Penalty"": false, ""hubScore"": {""autoCount"": 24, ""autoPoints"": 24, ""endgameCount"": 23, ""endgamePoints"": 23, ""shift1Count"": 4, ""shift1Points"": 4, ""shift2Count"": 0, ""shift2Points"": 0, ""shift3Count"": 10, ""shift3Points"": 10, ""shift4Count"": 0, ""shift4Points"": 0, ""teleopCount"": 38, ""teleopPoints"": 38, ""totalCount"": 62, ""totalPoints"": 62, ""transitionCount"": 1, ""transitionPoints"": 1, ""uncounted"": 0}, ""majorFoulCount"": 0, ""minorFoulCount"": 0, ""penalties"": ""None"", ""rp"": 0, ""superchargedAchieved"": false, ""totalAutoPoints"": 24, ""totalPoints"": 67, ""totalTeleopPoints"": 38, ""totalTowerPoints"": 0, ""traversalAchieved"": false}}, ""set_number"": 1, ""time"": 1774652220, ""videos"": [{""key"": ""LjS3g-alC9s"", ""type"": ""youtube""}], ""winning_alliance"": ""blue""}","{""blue"": {""dq_team_keys"": [], ""score"": 162, ""surrogate_team_keys"": [], ""team_keys"": [""frc955"", ""frc2930"", ""frc6465""]}, ""red"": {""dq_team_keys"": [], ""score"": 67, ""surrogate_team_keys"": [], ""team_keys"": [""frc5970"", ""frc2521"", ""frc10444""]}}",[]
2026orore_qm26,26,qm,49.871455749999996,Scouting totals,"{""actual_time"": 1774652296, ""alliances"": {""blue"": {""dq_team_keys"": [], ""score"": 158, ""surrogate_team_keys"": [], ""team_keys"": [""frc4662"", ""frc2635"", ""frc6696""]}, ""red"": {""dq_team_keys"": [], ""score"": 55, ""surrogate_team_keys"": [], ""team_keys"": [""frc3636"", ""frc9567"", ""frc6831""]}}, ""comp_level"": ""qm"", ""event_key"": ""2026orore"", ""key"": ""2026orore_qm26"", ""match_number"": 26, ""post_result_time"": 1774652479, ""predicted_time"": 1774652497, ""score_breakdown"": {""blue"": {""adjustPoints"": 0, ""autoTowerPoints"": 0, ""autoTowerRobot1"": ""None"", ""autoTowerRobot2"": ""None"", ""autoTowerRobot3"": ""None"", ""endGameTowerPoints"": 0, ""endGameTowerRobot1"": ""None"", ""endGameTowerRobot2"": ""None"", ""endGameTowerRobot3"": ""None"", ""energizedAchieved"": true, ""foulPoints"": 0, ""g206Penalty"": false, ""hubScore"": {""autoCount"": 19, ""autoPoints"": 19, ""endgameCount"": 20, ""endgamePoints"": 20, ""shift1Count"": 0, ""shift1Points"": 0, ""shift2Count"": 61, ""shift2Points"": 61, ""shift3Count"": 0, ""shift3Points"": 0, ""shift4Count"": 46, ""shift4Points"": 46, ""teleopCount"": 139, ""teleopPoints"": 139, ""totalCount"": 158, ""totalPoints"": 158, ""transitionCount"": 12, ""transitionPoints"": 12, ""uncounted"": 3}, ""majorFoulCount"": 0, ""minorFoulCount"": 0, ""penalties"": ""None"", ""rp"": 4, ""superchargedAchieved"": false, ""totalAutoPoints"": 19, ""totalPoints"": 158, ""totalTeleopPoints"": 139, ""totalTowerPoints"": 0, ""traversalAchieved"": false}, ""red"": {""adjustPoints"": 0, ""autoTowerPoints"": 0, ""autoTowerRobot1"": ""None"", ""autoTowerRobot2"": ""None"", ""autoTowerRobot3"": ""None"", ""endGameTowerPoints"": 0, ""endGameTowerRobot1"": ""None"", ""endGameTowerRobot2"": ""None"", ""endGameTowerRobot3"": ""None"", ""energizedAchieved"": false, ""foulPoints"": 0, ""g206Penalty"": false, ""hubScore"": {""autoCount"": 18, ""autoPoints"": 18, ""endgameCount"": 3, ""endgamePoints"": 3, ""shift1Count"": 29, ""shift1Points"": 29, ""shift2Count"": 0, ""shift2Points"": 0, ""shift3Count"": 0, ""shift3Points"": 0, ""shift4Count"": 0, ""shift4Points"": 0, ""teleopCount"": 37, ""teleopPoints"": 37, ""totalCount"": 55, ""totalPoints"": 55, ""transitionCount"": 5, ""transitionPoints"": 5, ""uncounted"": 1}, ""majorFoulCount"": 0, ""minorFoulCount"": 0, ""penalties"": ""None"", ""rp"": 0, ""superchargedAchieved"": false, ""totalAutoPoints"": 18, ""totalPoints"": 55, ""totalTeleopPoints"": 37, ""totalTowerPoints"": 0, ""traversalAchieved"": false}}, ""set_number"": 1, ""time"": 1774652760, ""videos"": [{""key"": ""p3nVp2rDLqA"", ""type"": ""youtube""}], ""winning_alliance"": ""blue""}","{""blue"": {""dq_team_keys"": [], ""score"": 158, ""surrogate_team_keys"": [], ""team_keys"": [""frc4662"", ""frc2635"", ""frc6696""]}, ""red"": {""dq_team_keys"": [], ""score"": 55, ""surrogate_team_keys"": [], ""team_keys"": [""frc3636"", ""frc9567"", ""frc6831""]}}",[]
2026orore_qm27,27,qm,20.285398574999988,Scouting totals,"{""actual_time"": 1774652773, ""alliances"": {""blue"": {""dq_team_keys"": [], ""score"": 147, ""surrogate_team_keys"": [], ""team_keys"": [""frc2915"", ""frc2990"", ""frc3669""]}, ""red"": {""dq_team_keys"": [], ""score"": 358, ""surrogate_team_keys"": [], ""team_keys"": [""frc2811"", ""frc2557"", ""frc3674""]}}, ""comp_level"": ""qm"", ""event_key"": ""2026orore"", ""key"": ""2026orore_qm27"", ""match_number"": 27, ""post_result_time"": 1774652954, ""predicted_time"": 1774652867, ""score_breakdown"": {""blue"": {""adjustPoints"": 0, ""autoTowerPoints"": 0, ""autoTowerRobot1"": ""None"", ""autoTowerRobot2"": ""None"", ""autoTowerRobot3"": ""None"", ""endGameTowerPoints"": 0, ""endGameTowerRobot1"": ""None"", ""endGameTowerRobot2"": ""None"", ""endGameTowerRobot3"": ""None"", ""energizedAchieved"": true, ""foulPoints"": 0, ""g206Penalty"": false, ""hubScore"": {""autoCount"": 46, ""autoPoints"": 46, ""endgameCount"": 48, ""endgamePoints"": 48, ""shift1Count"": 0, ""shift1Points"": 0, ""shift2Count"": 24, ""shift2Points"": 24, ""shift3Count"": 0, ""shift3Points"": 0, ""shift4Count"": 29, ""shift4Points"": 29, ""teleopCount"": 101, ""teleopPoints"": 101, ""totalCount"": 147, ""totalPoints"": 147, ""transitionCount"": 0, ""transitionPoints"": 0, ""uncounted"": 5}, ""majorFoulCount"": 0, ""minorFoulCount"": 1, ""penalties"": ""None"", ""rp"": 1, ""superchargedAchieved"": false, ""totalAutoPoints"": 46, ""totalPoints"": 147, ""totalTeleopPoints"": 101, ""totalTowerPoints"": 0, ""traversalAchieved"": false}, ""red"": {""adjustPoints"": 0, ""autoTowerPoints"": 0, ""autoTowerRobot1"": ""None"", ""autoTowerRobot2"": ""None"", ""autoTowerRobot3"": ""None"", ""endGameTowerPoints"": 0, ""endGameTowerRobot1"": ""None"", ""endGameTowerRobot2"": ""None"", ""endGameTowerRobot3"": ""None"", ""energizedAchieved"": true, ""foulPoints"": 5, ""g206Penalty"": false, ""hubScore"": {""autoCount"": 32, ""autoPoints"": 32, ""endgameCount"": 118, ""endgamePoints"": 118, ""shift1Count"": 77, ""shift1Points"": 77, ""shift2Count"": 0, ""shift2Points"": 0, ""shift3Count"": 113, ""shift3Points"": 113, ""shift4Count"": 0, ""shift4Points"": 0, ""teleopCount"": 321, ""teleopPoints"": 321, ""totalCount"": 353, ""totalPoints"": 353, ""transitionCount"": 13, ""transitionPoints"": 13, ""uncounted"": 0}, ""majorFoulCount"": 0, ""minorFoulCount"": 0, ""penalties"": ""None"", ""rp"": 4, ""superchargedAchieved"": false, ""totalAutoPoints"": 32, ""totalPoints"": 358, ""totalTeleopPoints"": 321, ""totalTowerPoints"": 0, ""traversalAchieved"": false}}, ""set_number"": 1, ""time"": 1774653300, ""videos"": [{""key"": ""fDs1QcOCtI0"", ""type"": ""youtube""}], ""winning_alliance"": ""red""}","{""blue"": {""dq_team_keys"": [], ""score"": 147, ""surrogate_team_keys"": [], ""team_keys"": [""frc2915"", ""frc2990"", ""frc3669""]}, ""red"": {""dq_team_keys"": [], ""score"": 358, ""surrogate_team_keys"": [], ""team_keys"": [""frc2811"", ""frc2557"", ""frc3674""]}}",[]
2026orore_qm28,28,qm,16.71547350000003,Scouting totals,"{""actual_time"": 1774653440, ""alliances"": {""blue"": {""dq_team_keys"": [], ""score"": 359, ""surrogate_team_keys"": [], ""team_keys"": [""frc4488"", ""frc4915"", ""frc997""]}, ""red"": {""dq_team_keys"": [], ""score"": 151, ""surrogate_team_keys"": [], ""team_keys"": [""frc2733"", ""frc1540"", ""frc2898""]}}, ""comp_level"": ""qm"", ""event_key"": ""2026orore"", ""key"": ""2026orore_qm28"", ""match_number"": 28, ""post_result_time"": 1774653637, ""predicted_time"": 1774653377, ""score_breakdown"": {""blue"": {""adjustPoints"": 0, ""autoTowerPoints"": 0, ""autoTowerRobot1"": ""None"", ""autoTowerRobot2"": ""None"", ""autoTowerRobot3"": ""None"", ""endGameTowerPoints"": 0, ""endGameTowerRobot1"": ""None"", ""endGameTowerRobot2"": ""None"", ""endGameTowerRobot3"": ""None"", ""energizedAchieved"": true, ""foulPoints"": 45, ""g206Penalty"": false, ""hubScore"": {""autoCount"": 44, ""autoPoints"": 44, ""endgameCount"": 54, ""endgamePoints"": 54, ""shift1Count"": 0, ""shift1Points"": 0, ""shift2Count"": 118, ""shift2Points"": 118, ""shift3Count"": 0, ""shift3Points"": 0, ""shift4Count"": 81, ""shift4Points"": 81, ""teleopCount"": 270, ""teleopPoints"": 270, ""totalCount"": 314, ""totalPoints"": 314, ""transitionCount"": 17, ""transitionPoints"": 17, ""uncounted"": 2}, ""majorFoulCount"": 0, ""minorFoulCount"": 5, ""penalties"": ""None"", ""rp"": 4, ""superchargedAchieved"": false, ""totalAutoPoints"": 44, ""totalPoints"": 359, ""totalTeleopPoints"": 270, ""totalTowerPoints"": 0, ""traversalAchieved"": false}, ""red"": {""adjustPoints"": 0, ""autoTowerPoints"": 0, ""autoTowerRobot1"": ""None"", ""autoTowerRobot2"": ""None"", ""autoTowerRobot3"": ""None"", ""endGameTowerPoints"": 0, ""endGameTowerRobot1"": ""None"", ""endGameTowerRobot2"": ""None"", ""endGameTowerRobot3"": ""None"", ""energizedAchieved"": true, ""foulPoints"": 25, ""g206Penalty"": false, ""hubScore"": {""autoCount"": 39, ""autoPoints"": 39, ""endgameCount"": 22, ""endgamePoints"": 22, ""shift1Count"": 49, ""shift1Points"": 49, ""shift2Count"": 0, ""shift2Points"": 0, ""shift3Count"": 11, ""shift3Points"": 11, ""shift4Count"": 0, ""shift4Points"": 0, ""teleopCount"": 87, ""teleopPoints"": 87, ""totalCount"": 126, ""totalPoints"": 126, ""transitionCount"": 5, ""transitionPoints"": 5, ""uncounted"": 5}, ""majorFoulCount"": 3, ""minorFoulCount"": 0, ""penalties"": ""None"", ""rp"": 1, ""superchargedAchieved"": false, ""totalAutoPoints"": 39, ""totalPoints"": 151, ""totalTeleopPoints"": 87, ""totalTowerPoints"": 0, ""traversalAchieved"": false}}, ""set_number"": 1, ""time"": 1774653840, ""videos"": [{""key"": ""mPgruRoQiY8"", ""type"": ""youtube""}], ""winning_alliance"": ""blue""}","{""blue"": {""dq_team_keys"": [], ""score"": 359, ""surrogate_team_keys"": [], ""team_keys"": [""frc4488"", ""frc4915"", ""frc997""]}, ""red"": {""dq_team_keys"": [], ""score"": 151, ""surrogate_team_keys"": [], ""team_keys"": [""frc2733"", ""frc1540"", ""frc2898""]}}",[]
2026orore_qm29,29,qm,53.068815200000024,Scouting totals,"{""actual_time"": 1774653878, ""alliances"": {""blue"": {""dq_team_keys"": [], ""score"": 175, ""surrogate_team_keys"": [], ""team_keys"": [""frc957"", ""frc749"", ""frc2550""]}, ""red"": {""dq_team_keys"": [], ""score"": 270, ""surrogate_team_keys"": [], ""team_keys"": [""frc8032"", ""frc1359"", ""frc2471""]}}, ""comp_level"": ""qm"", ""event_key"": ""2026orore"", ""key"": ""2026orore_qm29"", ""match_number"": 29, ""post_result_time"": 1774654062, ""predicted_time"": 1774654068, ""score_breakdown"": {""blue"": {""adjustPoints"": 0, ""autoTowerPoints"": 0, ""autoTowerRobot1"": ""None"", ""autoTowerRobot2"": ""None"", ""autoTowerRobot3"": ""None"", ""endGameTowerPoints"": 10, ""endGameTowerRobot1"": ""None"", ""endGameTowerRobot2"": ""None"", ""endGameTowerRobot3"": ""Level1"", ""energizedAchieved"": true, ""foulPoints"": 10, ""g206Penalty"": false, ""hubScore"": {""autoCount"": 42, ""autoPoints"": 42, ""endgameCount"": 64, ""endgamePoints"": 64, ""shift1Count"": 30, ""shift1Points"": 30, ""shift2Count"": 0, ""shift2Points"": 0, ""shift3Count"": 19, ""shift3Points"": 19, ""shift4Count"": 0, ""shift4Points"": 0, ""teleopCount"": 113, ""teleopPoints"": 113, ""totalCount"": 155, ""totalPoints"": 155, ""transitionCount"": 0, ""transitionPoints"": 0, ""uncounted"": 0}, ""majorFoulCount"": 0, ""minorFoulCount"": 1, ""penalties"": ""None"", ""rp"": 1, ""superchargedAchieved"": false, ""totalAutoPoints"": 42, ""totalPoints"": 175, ""totalTeleopPoints"": 123, ""totalTowerPoints"": 10, ""traversalAchieved"": false}, ""red"": {""adjustPoints"": 0, ""autoTowerPoints"": 0, ""autoTowerRobot1"": ""None"", ""autoTowerRobot2"": ""None"", ""autoTowerRobot3"": ""None"", ""endGameTowerPoints"": 10, ""endGameTowerRobot1"": ""None"", ""endGameTowerRobot2"": ""Level1"", ""endGameTowerRobot3"": ""None"", ""energizedAchieved"": true, ""foulPoints"": 5, ""g206Penalty"": false, ""hubScore"": {""autoCount"": 87, ""autoPoints"": 87, ""endgameCount"": 33, ""endgamePoints"": 33, ""shift1Count"": 0, ""shift1Points"": 0, ""shift2Count"": 66, ""shift2Points"": 66, ""shift3Count"": 0, ""shift3Points"": 0, ""shift4Count"": 59, ""shift4Points"": 59, ""teleopCount"": 168, ""teleopPoints"": 168, ""totalCount"": 255, ""totalPoints"": 255, ""transitionCount"": 10, ""transitionPoints"": 10, ""uncounted"": 0}, ""majorFoulCount"": 0, ""minorFoulCount"": 2, ""penalties"": ""None"", ""rp"": 4, ""superchargedAchieved"": false, ""totalAutoPoints"": 87, ""totalPoints"": 270, ""totalTeleopPoints"": 178, ""totalTowerPoints"": 10, ""traversalAchieved"": false}}, ""set_number"": 1, ""time"": 1774654380, ""videos"": [{""key"": ""H__2X22nTT0"", ""type"": ""youtube""}], ""winning_alliance"": ""red""}","{""blue"": {""dq_team_keys"": [], ""score"": 175, ""surrogate_team_keys"": [], ""team_keys"": [""frc957"", ""frc749"", ""frc2550""]}, ""red"": {""dq_team_keys"": [], ""score"": 270, ""surrogate_team_keys"": [], ""team_keys"": [""frc8032"", ""frc1359"", ""frc2471""]}}",[]
2026orore_qm30,30,qm,78.29425763749998,Scouting totals,"{""actual_time"": 1774654384, ""alliances"": {""blue"": {""dq_team_keys"": [], ""score"": 269, ""surrogate_team_keys"": [], ""team_keys"": [""frc1425"", ""frc9600"", ""frc4662""]}, ""red"": {""dq_team_keys"": [], ""score"": 212, ""surrogate_team_keys"": [], ""team_keys"": [""frc2557"", ""frc6465"", ""frc9430""]}}, ""comp_level"": ""qm"", ""event_key"": ""2026orore"", ""key"": ""2026orore_qm30"", ""match_number"": 30, ""post_result_time"": 1774654568, ""predicted_time"": 1774654483, ""score_breakdown"": {""blue"": {""adjustPoints"": 0, ""autoTowerPoints"": 0, ""autoTowerRobot1"": ""None"", ""autoTowerRobot2"": ""None"", ""autoTowerRobot3"": ""None"", ""endGameTowerPoints"": 0, ""endGameTowerRobot1"": ""None"", ""endGameTowerRobot2"": ""None"", ""endGameTowerRobot3"": ""None"", ""energizedAchieved"": true, ""foulPoints"": 0, ""g206Penalty"": false, ""hubScore"": {""autoCount"": 58, ""autoPoints"": 58, ""endgameCount"": 51, ""endgamePoints"": 51, ""shift1Count"": 0, ""shift1Points"": 0, ""shift2Count"": 71, ""shift2Points"": 71, ""shift3Count"": 0, ""shift3Points"": 0, ""shift4Count"": 68, ""shift4Points"": 68, ""teleopCount"": 211, ""teleopPoints"": 211, ""totalCount"": 269, ""totalPoints"": 269, ""transitionCount"": 21, ""transitionPoints"": 21, ""uncounted"": 3}, ""majorFoulCount"": 0, ""minorFoulCount"": 0, ""penalties"": ""None"", ""rp"": 4, ""superchargedAchieved"": false, ""totalAutoPoints"": 58, ""totalPoints"": 269, ""totalTeleopPoints"": 211, ""totalTowerPoints"": 0, ""traversalAchieved"": false}, ""red"": {""adjustPoints"": 0, ""autoTowerPoints"": 0, ""autoTowerRobot1"": ""None"", ""autoTowerRobot2"": ""None"", ""autoTowerRobot3"": ""None"", ""endGameTowerPoints"": 0, ""endGameTowerRobot1"": ""None"", ""endGameTowerRobot2"": ""None"", ""endGameTowerRobot3"": ""None"", ""energizedAchieved"": true, ""foulPoints"": 0, ""g206Penalty"": false, ""hubScore"": {""autoCount"": 53, ""autoPoints"": 53, ""endgameCount"": 35, ""endgamePoints"": 35, ""shift1Count"": 57, ""shift1Points"": 57, ""shift2Count"": 0, ""shift2Points"": 0, ""shift3Count"": 65, ""shift3Points"": 65, ""shift4Count"": 0, ""shift4Points"": 0, ""teleopCount"": 159, ""teleopPoints"": 159, ""totalCount"": 212, ""totalPoints"": 212, ""transitionCount"": 2, ""transitionPoints"": 2, ""uncounted"": 0}, ""majorFoulCount"": 0, ""minorFoulCount"": 0, ""penalties"": ""None"", ""rp"": 1, ""superchargedAchieved"": false, ""totalAutoPoints"": 53, ""totalPoints"": 212, ""totalTeleopPoints"": 159, ""totalTowerPoints"": 0, ""traversalAchieved"": false}}, ""set_number"": 1, ""time"": 1774654920, ""videos"": [{""key"": ""mmP9DvF_PPk"", ""type"": ""youtube""}], ""winning_alliance"": ""blue""}","{""blue"": {""dq_team_keys"": [], ""score"": 269, ""surrogate_team_keys"": [], ""team_keys"": [""frc1425"", ""frc9600"", ""frc4662""]}, ""red"": {""dq_team_keys"": [], ""score"": 212, ""surrogate_team_keys"": [], ""team_keys"": [""frc2557"", ""frc6465"", ""frc9430""]}}",[]
2026orore_qm31,31,qm,207.124006975,Scouting totals,"{""actual_time"": 1774654827, ""alliances"": {""blue"": {""dq_team_keys"": [], ""score"": 297, ""surrogate_team_keys"": [], ""team_keys"": [""frc955"", ""frc2898"", ""frc3636""]}, ""red"": {""dq_team_keys"": [], ""score"": 252, ""surrogate_team_keys"": [], ""team_keys"": [""frc2930"", ""frc3674"", ""frc2990""]}}, ""comp_level"": ""qm"", ""event_key"": ""2026orore"", ""key"": ""2026orore_qm31"", ""match_number"": 31, ""post_result_time"": 1774655007, ""predicted_time"": 1774655356, ""score_breakdown"": {""blue"": {""adjustPoints"": 0, ""autoTowerPoints"": 0, ""autoTowerRobot1"": ""None"", ""autoTowerRobot2"": ""None"", ""autoTowerRobot3"": ""None"", ""endGameTowerPoints"": 0, ""endGameTowerRobot1"": ""None"", ""endGameTowerRobot2"": ""None"", ""endGameTowerRobot3"": ""None"", ""energizedAchieved"": true, ""foulPoints"": 30, ""g206Penalty"": false, ""hubScore"": {""autoCount"": 47, ""autoPoints"": 47, ""endgameCount"": 54, ""endgamePoints"": 54, ""shift1Count"": 0, ""shift1Points"": 0, ""shift2Count"": 72, ""shift2Points"": 72, ""shift3Count"": 0, ""shift3Points"": 0, ""shift4Count"": 76, ""shift4Points"": 76, ""teleopCount"": 220, ""teleopPoints"": 220, ""totalCount"": 267, ""totalPoints"": 267, ""transitionCount"": 18, ""transitionPoints"": 18, ""uncounted"": 1}, ""majorFoulCount"": 0, ""minorFoulCount"": 0, ""penalties"": ""None"", ""rp"": 4, ""superchargedAchieved"": false, ""totalAutoPoints"": 47, ""totalPoints"": 297, ""totalTeleopPoints"": 220, ""totalTowerPoints"": 0, ""traversalAchieved"": false}, ""red"": {""adjustPoints"": 0, ""autoTowerPoints"": 0, ""autoTowerRobot1"": ""None"", ""autoTowerRobot2"": ""None"", ""autoTowerRobot3"": ""None"", ""endGameTowerPoints"": 0, ""endGameTowerRobot1"": ""None"", ""endGameTowerRobot2"": ""None"", ""endGameTowerRobot3"": ""None"", ""energizedAchieved"": true, ""foulPoints"": 0, ""g206Penalty"": false, ""hubScore"": {""autoCount"": 35, ""autoPoints"": 35, ""endgameCount"": 105, ""endgamePoints"": 105, ""shift1Count"": 45, ""shift1Points"": 45, ""shift2Count"": 0, ""shift2Points"": 0, ""shift3Count"": 65, ""shift3Points"": 65, ""shift4Count"": 0, ""shift4Points"": 0, ""teleopCount"": 217, ""teleopPoints"": 217, ""totalCount"": 252, ""totalPoints"": 252, ""transitionCount"": 2, ""transitionPoints"": 2, ""uncounted"": 0}, ""majorFoulCount"": 2, ""minorFoulCount"": 0, ""penalties"": ""None"", ""rp"": 1, ""superchargedAchieved"": false, ""totalAutoPoints"": 35, ""totalPoints"": 252, ""totalTeleopPoints"": 217, ""totalTowerPoints"": 0, ""traversalAchieved"": false}}, ""set_number"": 1, ""time"": 1774655460, ""videos"": [{""key"": ""H8K1yFe97Bw"", ""type"": ""youtube""}], ""winning_alliance"": ""blue""}","{""blue"": {""dq_team_keys"": [], ""score"": 297, ""surrogate_team_keys"": [], ""team_keys"": [""frc955"", ""frc2898"", ""frc3636""]}, ""red"": {""dq_team_keys"": [], ""score"": 252, ""surrogate_team_keys"": [], ""team_keys"": [""frc2930"", ""frc3674"", ""frc2990""]}}",[]
2026orore_qm32,32,qm,55.35041100000001,Scouting totals,"{""actual_time"": 1774656932, ""alliances"": {""blue"": {""dq_team_keys"": [], ""score"": 190, ""surrogate_team_keys"": [], ""team_keys"": [""frc9567"", ""frc5970"", ""frc997""]}, ""red"": {""dq_team_keys"": [], ""score"": 72, ""surrogate_team_keys"": [], ""team_keys"": [""frc8032"", ""frc2550"", ""frc5975""]}}, ""comp_level"": ""qm"", ""event_key"": ""2026orore"", ""key"": ""2026orore_qm32"", ""match_number"": 32, ""post_result_time"": 1774657117, ""predicted_time"": 1774657074, ""score_breakdown"": {""blue"": {""adjustPoints"": 0, ""autoTowerPoints"": 0, ""autoTowerRobot1"": ""None"", ""autoTowerRobot2"": ""None"", ""autoTowerRobot3"": ""None"", ""endGameTowerPoints"": 0, ""endGameTowerRobot1"": ""None"", ""endGameTowerRobot2"": ""None"", ""endGameTowerRobot3"": ""None"", ""energizedAchieved"": true, ""foulPoints"": 5, ""g206Penalty"": false, ""hubScore"": {""autoCount"": 33, ""autoPoints"": 33, ""endgameCount"": 52, ""endgamePoints"": 52, ""shift1Count"": 0, ""shift1Points"": 0, ""shift2Count"": 33, ""shift2Points"": 33, ""shift3Count"": 0, ""shift3Points"": 0, ""shift4Count"": 49, ""shift4Points"": 49, ""teleopCount"": 152, ""teleopPoints"": 152, ""totalCount"": 185, ""totalPoints"": 185, ""transitionCount"": 18, ""transitionPoints"": 18, ""uncounted"": 0}, ""majorFoulCount"": 0, ""minorFoulCount"": 0, ""penalties"": ""None"", ""rp"": 4, ""superchargedAchieved"": false, ""totalAutoPoints"": 33, ""totalPoints"": 190, ""totalTeleopPoints"": 152, ""totalTowerPoints"": 0, ""traversalAchieved"": false}, ""red"": {""adjustPoints"": 0, ""autoTowerPoints"": 0, ""autoTowerRobot1"": ""None"", ""autoTowerRobot2"": ""None"", ""autoTowerRobot3"": ""None"", ""endGameTowerPoints"": 0, ""endGameTowerRobot1"": ""None"", ""endGameTowerRobot2"": ""None"", ""endGameTowerRobot3"": ""None"", ""energizedAchieved"": false, ""foulPoints"": 0, ""g206Penalty"": false, ""hubScore"": {""autoCount"": 23, ""autoPoints"": 23, ""endgameCount"": 20, ""endgamePoints"": 20, ""shift1Count"": 16, ""shift1Points"": 16, ""shift2Count"": 0, ""shift2Points"": 0, ""shift3Count"": 13, ""shift3Points"": 13, ""shift4Count"": 0, ""shift4Points"": 0, ""teleopCount"": 49, ""teleopPoints"": 49, ""totalCount"": 72, ""totalPoints"": 72, ""transitionCount"": 0, ""transitionPoints"": 0, ""uncounted"": 2}, ""majorFoulCount"": 0, ""minorFoulCount"": 1, ""penalties"": ""None"", ""rp"": 0, ""superchargedAchieved"": false, ""totalAutoPoints"": 23, ""totalPoints"": 72, ""totalTeleopPoints"": 49, ""totalTowerPoints"": 0, ""traversalAchieved"": false}}, ""set_number"": 1, ""time"": 1774656900, ""videos"": [], ""winning_alliance"": ""blue""}","{""blue"": {""dq_team_keys"": [], ""score"": 190, ""surrogate_team_keys"": [], ""team_keys"": [""frc9567"", ""frc5970"", ""frc997""]}, ""red"": {""dq_team_keys"": [], ""score"": 72, ""surrogate_team_keys"": [], ""team_keys"": [""frc8032"", ""frc2550"", ""frc5975""]}}",[]
2026orore_qm33,33,qm,105.1333032,Scouting totals,"{""actual_time"": 1774657426, ""alliances"": {""blue"": {""dq_team_keys"": [], ""score"": 295, ""surrogate_team_keys"": [], ""team_keys"": [""frc2811"", ""frc2635"", ""frc4915""]}, ""red"": {""dq_team_keys"": [], ""score"": 346, ""surrogate_team_keys"": [], ""team_keys"": [""frc2521"", ""frc2471"", ""frc2733""]}}, ""comp_level"": ""qm"", ""event_key"": ""2026orore"", ""key"": ""2026orore_qm33"", ""match_number"": 33, ""post_result_time"": 1774657677, ""predicted_time"": 1774657490, ""score_breakdown"": {""blue"": {""adjustPoints"": 0, ""autoTowerPoints"": 0, ""autoTowerRobot1"": ""None"", ""autoTowerRobot2"": ""None"", ""autoTowerRobot3"": ""None"", ""endGameTowerPoints"": 0, ""endGameTowerRobot1"": ""None"", ""endGameTowerRobot2"": ""None"", ""endGameTowerRobot3"": ""None"", ""energizedAchieved"": true, ""foulPoints"": 0, ""g206Penalty"": false, ""hubScore"": {""autoCount"": 29, ""autoPoints"": 29, ""endgameCount"": 111, ""endgamePoints"": 111, ""shift1Count"": 82, ""shift1Points"": 82, ""shift2Count"": 0, ""shift2Points"": 0, ""shift3Count"": 72, ""shift3Points"": 72, ""shift4Count"": 0, ""shift4Points"": 0, ""teleopCount"": 266, ""teleopPoints"": 266, ""totalCount"": 295, ""totalPoints"": 295, ""transitionCount"": 1, ""transitionPoints"": 1, ""uncounted"": 1}, ""majorFoulCount"": 0, ""minorFoulCount"": 0, ""penalties"": ""None"", ""rp"": 1, ""superchargedAchieved"": false, ""totalAutoPoints"": 29, ""totalPoints"": 295, ""totalTeleopPoints"": 266, ""totalTowerPoints"": 0, ""traversalAchieved"": false}, ""red"": {""adjustPoints"": 0, ""autoTowerPoints"": 0, ""autoTowerRobot1"": ""None"", ""autoTowerRobot2"": ""None"", ""autoTowerRobot3"": ""None"", ""endGameTowerPoints"": 0, ""endGameTowerRobot1"": ""None"", ""endGameTowerRobot2"": ""None"", ""endGameTowerRobot3"": ""None"", ""energizedAchieved"": true, ""foulPoints"": 0, ""g206Penalty"": false, ""hubScore"": {""autoCount"": 79, ""autoPoints"": 79, ""endgameCount"": 93, ""endgamePoints"": 93, ""shift1Count"": 0, ""shift1Points"": 0, ""shift2Count"": 95, ""shift2Points"": 95, ""shift3Count"": 0, ""shift3Points"": 0, ""shift4Count"": 69, ""shift4Points"": 69, ""teleopCount"": 267, ""teleopPoints"": 267, ""totalCount"": 346, ""totalPoints"": 346, ""transitionCount"": 10, ""transitionPoints"": 10, ""uncounted"": 1}, ""majorFoulCount"": 0, ""minorFoulCount"": 0, ""penalties"": ""None"", ""rp"": 4, ""superchargedAchieved"": false, ""totalAutoPoints"": 79, ""totalPoints"": 346, ""totalTeleopPoints"": 267, ""totalTowerPoints"": 0, ""traversalAchieved"": false}}, ""set_number"": 1, ""time"": 1774657440, ""videos"": [], ""winning_alliance"": ""red""}","{""blue"": {""dq_team_keys"": [], ""score"": 295, ""surrogate_team_keys"": [], ""team_keys"": [""frc2811"", ""frc2635"", ""frc4915""]}, ""red"": {""dq_team_keys"": [], ""score"": 346, ""surrogate_team_keys"": [], ""team_keys"": [""frc2521"", ""frc2471"", ""frc2733""]}}",[]
2026orore_qm34,34,qm,189.0346291999999,Scouting totals,"{""actual_time"": 1774657917, ""alliances"": {""blue"": {""dq_team_keys"": [], ""score"": 481, ""surrogate_team_keys"": [], ""team_keys"": [""frc749"", ""frc6696"", ""frc1540""]}, ""red"": {""dq_team_keys"": [], ""score"": 174, ""surrogate_team_keys"": [], ""team_keys"": [""frc6831"", ""frc10444"", ""frc1425""]}}, ""comp_level"": ""qm"", ""event_key"": ""2026orore"", ""key"": ""2026orore_qm34"", ""match_number"": 34, ""post_result_time"": 1774658099, ""predicted_time"": 1774658215, ""score_breakdown"": {""blue"": {""adjustPoints"": 0, ""autoTowerPoints"": 0, ""autoTowerRobot1"": ""None"", ""autoTowerRobot2"": ""None"", ""autoTowerRobot3"": ""None"", ""endGameTowerPoints"": 0, ""endGameTowerRobot1"": ""None"", ""endGameTowerRobot2"": ""None"", ""endGameTowerRobot3"": ""None"", ""energizedAchieved"": true, ""foulPoints"": 0, ""g206Penalty"": false, ""hubScore"": {""autoCount"": 75, ""autoPoints"": 75, ""endgameCount"": 115, ""endgamePoints"": 115, ""shift1Count"": 0, ""shift1Points"": 0, ""shift2Count"": 107, ""shift2Points"": 107, ""shift3Count"": 0, ""shift3Points"": 0, ""shift4Count"": 174, ""shift4Points"": 174, ""teleopCount"": 406, ""teleopPoints"": 406, ""totalCount"": 481, ""totalPoints"": 481, ""transitionCount"": 10, ""transitionPoints"": 10, ""uncounted"": 0}, ""majorFoulCount"": 0, ""minorFoulCount"": 1, ""penalties"": ""None"", ""rp"": 5, ""superchargedAchieved"": true, ""totalAutoPoints"": 75, ""totalPoints"": 481, ""totalTeleopPoints"": 406, ""totalTowerPoints"": 0, ""traversalAchieved"": false}, ""red"": {""adjustPoints"": 0, ""autoTowerPoints"": 0, ""autoTowerRobot1"": ""None"", ""autoTowerRobot2"": ""None"", ""autoTowerRobot3"": ""None"", ""endGameTowerPoints"": 0, ""endGameTowerRobot1"": ""None"", ""endGameTowerRobot2"": ""None"", ""endGameTowerRobot3"": ""None"", ""energizedAchieved"": true, ""foulPoints"": 5, ""g206Penalty"": false, ""hubScore"": {""autoCount"": 57, ""autoPoints"": 57, ""endgameCount"": 29, ""endgamePoints"": 29, ""shift1Count"": 44, ""shift1Points"": 44, ""shift2Count"": 0, ""shift2Points"": 0, ""shift3Count"": 39, ""shift3Points"": 39, ""shift4Count"": 0, ""shift4Points"": 0, ""teleopCount"": 112, ""teleopPoints"": 112, ""totalCount"": 169, ""totalPoints"": 169, ""transitionCount"": 0, ""transitionPoints"": 0, ""uncounted"": 1}, ""majorFoulCount"": 0, ""minorFoulCount"": 0, ""penalties"": ""None"", ""rp"": 1, ""superchargedAchieved"": false, ""totalAutoPoints"": 57, ""totalPoints"": 174, ""totalTeleopPoints"": 112, ""totalTowerPoints"": 0, ""traversalAchieved"": false}}, ""set_number"": 1, ""time"": 1774657980, ""videos"": [], ""winning_alliance"": ""blue""}","{""blue"": {""dq_team_keys"": [], ""score"": 481, ""surrogate_team_keys"": [], ""team_keys"": [""frc749"", ""frc6696"", ""frc1540""]}, ""red"": {""dq_team_keys"": [], ""score"": 174, ""surrogate_team_keys"": [], ""team_keys"": [""frc6831"", ""frc10444"", ""frc1425""]}}",[]
2026orore_qm35,35,qm,52.794509399999995,Scouting totals,"{""actual_time"": 1774658347, ""alliances"": {""blue"": {""dq_team_keys"": [], ""score"": 231, ""surrogate_team_keys"": [], ""team_keys"": [""frc4488"", ""frc2915"", ""frc10991""]}, ""red"": {""dq_team_keys"": [], ""score"": 108, ""surrogate_team_keys"": [], ""team_keys"": [""frc957"", ""frc1359"", ""frc3669""]}}, ""comp_level"": ""qm"", ""event_key"": ""2026orore"", ""key"": ""2026orore_qm35"", ""match_number"": 35, ""post_result_time"": 1774658613, ""predicted_time"": 1774658553, ""score_breakdown"": {""blue"": {""adjustPoints"": 0, ""autoTowerPoints"": 0, ""autoTowerRobot1"": ""None"", ""autoTowerRobot2"": ""None"", ""autoTowerRobot3"": ""None"", ""endGameTowerPoints"": 0, ""endGameTowerRobot1"": ""None"", ""endGameTowerRobot2"": ""None"", ""endGameTowerRobot3"": ""None"", ""energizedAchieved"": true, ""foulPoints"": 5, ""g206Penalty"": false, ""hubScore"": {""autoCount"": 37, ""autoPoints"": 37, ""endgameCount"": 80, ""endgamePoints"": 80, ""shift1Count"": 59, ""shift1Points"": 59, ""shift2Count"": 0, ""shift2Points"": 0, ""shift3Count"": 49, ""shift3Points"": 49, ""shift4Count"": 0, ""shift4Points"": 0, ""teleopCount"": 189, ""teleopPoints"": 189, ""totalCount"": 226, ""totalPoints"": 226, ""transitionCount"": 1, ""transitionPoints"": 1, ""uncounted"": 2}, ""majorFoulCount"": 0, ""minorFoulCount"": 0, ""penalties"": ""None"", ""rp"": 4, ""superchargedAchieved"": false, ""totalAutoPoints"": 37, ""totalPoints"": 231, ""totalTeleopPoints"": 189, ""totalTowerPoints"": 0, ""traversalAchieved"": false}, ""red"": {""adjustPoints"": 0, ""autoTowerPoints"": 0, ""autoTowerRobot1"": ""None"", ""autoTowerRobot2"": ""None"", ""autoTowerRobot3"": ""None"", ""endGameTowerPoints"": 10, ""endGameTowerRobot1"": ""None"", ""endGameTowerRobot2"": ""Level1"", ""endGameTowerRobot3"": ""None"", ""energizedAchieved"": false, ""foulPoints"": 0, ""g206Penalty"": false, ""hubScore"": {""autoCount"": 39, ""autoPoints"": 39, ""endgameCount"": 7, ""endgamePoints"": 7, ""shift1Count"": 0, ""shift1Points"": 0, ""shift2Count"": 38, ""shift2Points"": 38, ""shift3Count"": 0, ""shift3Points"": 0, ""shift4Count"": 14, ""shift4Points"": 14, ""teleopCount"": 59, ""teleopPoints"": 59, ""totalCount"": 98, ""totalPoints"": 98, ""transitionCount"": 0, ""transitionPoints"": 0, ""uncounted"": 1}, ""majorFoulCount"": 0, ""minorFoulCount"": 1, ""penalties"": ""None"", ""rp"": 0, ""superchargedAchieved"": false, ""totalAutoPoints"": 39, ""totalPoints"": 108, ""totalTeleopPoints"": 69, ""totalTowerPoints"": 10, ""traversalAchieved"": false}}, ""set_number"": 1, ""time"": 1774658520, ""videos"": [], ""winning_alliance"": ""blue""}","{""blue"": {""dq_team_keys"": [], ""score"": 231, ""surrogate_team_keys"": [], ""team_keys"": [""frc4488"", ""frc2915"", ""frc10991""]}, ""red"": {""dq_team_keys"": [], ""score"": 108, ""surrogate_team_keys"": [], ""team_keys"": [""frc957"", ""frc1359"", ""frc3669""]}}",[]
2026orore_qm36,36,qm,14.999100800000008,Scouting totals,"{""actual_time"": 1774659002, ""alliances"": {""blue"": {""dq_team_keys"": [], ""score"": 238, ""surrogate_team_keys"": [], ""team_keys"": [""frc2811"", ""frc8032"", ""frc4662""]}, ""red"": {""dq_team_keys"": [], ""score"": 236, ""surrogate_team_keys"": [], ""team_keys"": [""frc4915"", ""frc9430"", ""frc5975""]}}, ""comp_level"": ""qm"", ""event_key"": ""2026orore"", ""key"": ""2026orore_qm36"", ""match_number"": 36, ""post_result_time"": 1774659184, ""predicted_time"": 1774658990, ""score_breakdown"": {""blue"": {""adjustPoints"": 0, ""autoTowerPoints"": 0, ""autoTowerRobot1"": ""None"", ""autoTowerRobot2"": ""None"", ""autoTowerRobot3"": ""None"", ""endGameTowerPoints"": 0, ""endGameTowerRobot1"": ""None"", ""endGameTowerRobot2"": ""None"", ""endGameTowerRobot3"": ""None"", ""energizedAchieved"": true, ""foulPoints"": 0, ""g206Penalty"": false, ""hubScore"": {""autoCount"": 56, ""autoPoints"": 56, ""endgameCount"": 56, ""endgamePoints"": 56, ""shift1Count"": 0, ""shift1Points"": 0, ""shift2Count"": 66, ""shift2Points"": 66, ""shift3Count"": 0, ""shift3Points"": 0, ""shift4Count"": 59, ""shift4Points"": 59, ""teleopCount"": 182, ""teleopPoints"": 182, ""totalCount"": 238, ""totalPoints"": 238, ""transitionCount"": 1, ""transitionPoints"": 1, ""uncounted"": 0}, ""majorFoulCount"": 0, ""minorFoulCount"": 5, ""penalties"": ""None"", ""rp"": 4, ""superchargedAchieved"": false, ""totalAutoPoints"": 56, ""totalPoints"": 238, ""totalTeleopPoints"": 182, ""totalTowerPoints"": 0, ""traversalAchieved"": false}, ""red"": {""adjustPoints"": 0, ""autoTowerPoints"": 0, ""autoTowerRobot1"": ""None"", ""autoTowerRobot2"": ""None"", ""autoTowerRobot3"": ""None"", ""endGameTowerPoints"": 0, ""endGameTowerRobot1"": ""None"", ""endGameTowerRobot2"": ""None"", ""endGameTowerRobot3"": ""None"", ""energizedAchieved"": true, ""foulPoints"": 25, ""g206Penalty"": false, ""hubScore"": {""autoCount"": 26, ""autoPoints"": 26, ""endgameCount"": 63, ""endgamePoints"": 63, ""shift1Count"": 81, ""shift1Points"": 81, ""shift2Count"": 0, ""shift2Points"": 0, ""shift3Count"": 39, ""shift3Points"": 39, ""shift4Count"": 0, ""shift4Points"": 0, ""teleopCount"": 185, ""teleopPoints"": 185, ""totalCount"": 211, ""totalPoints"": 211, ""transitionCount"": 2, ""transitionPoints"": 2, ""uncounted"": 1}, ""majorFoulCount"": 0, ""minorFoulCount"": 0, ""penalties"": ""None"", ""rp"": 1, ""superchargedAchieved"": false, ""totalAutoPoints"": 26, ""totalPoints"": 236, ""totalTeleopPoints"": 185, ""totalTowerPoints"": 0, ""traversalAchieved"": false}}, ""set_number"": 1, ""time"": 1774659060, ""videos"": [], ""winning_alliance"": ""blue""}","{""blue"": {""dq_team_keys"": [], ""score"": 238, ""surrogate_team_keys"": [], ""team_keys"": [""frc2811"", ""frc8032"", ""frc4662""]}, ""red"": {""dq_team_keys"": [], ""score"": 236, ""surrogate_team_keys"": [], ""team_keys"": [""frc4915"", ""frc9430"", ""frc5975""]}}",[]
2026orore_qm37,37,qm,88.7150908,Scouting totals,"{""actual_time"": 1774659434, ""alliances"": {""blue"": {""dq_team_keys"": [], ""score"": 167, ""surrogate_team_keys"": [], ""team_keys"": [""frc2930"", ""frc6831"", ""frc2471""]}, ""red"": {""dq_team_keys"": [], ""score"": 165, ""surrogate_team_keys"": [], ""team_keys"": [""frc5970"", ""frc2990"", ""frc2733""]}}, ""comp_level"": ""qm"", ""event_key"": ""2026orore"", ""key"": ""2026orore_qm37"", ""match_number"": 37, ""post_result_time"": 1774659622, ""predicted_time"": 1774659649, ""score_breakdown"": {""blue"": {""adjustPoints"": 0, ""autoTowerPoints"": 0, ""autoTowerRobot1"": ""None"", ""autoTowerRobot2"": ""None"", ""autoTowerRobot3"": ""None"", ""endGameTowerPoints"": 0, ""endGameTowerRobot1"": ""None"", ""endGameTowerRobot2"": ""None"", ""endGameTowerRobot3"": ""None"", ""energizedAchieved"": true, ""foulPoints"": 0, ""g206Penalty"": false, ""hubScore"": {""autoCount"": 44, ""autoPoints"": 44, ""endgameCount"": 54, ""endgamePoints"": 54, ""shift1Count"": 0, ""shift1Points"": 0, ""shift2Count"": 28, ""shift2Points"": 28, ""shift3Count"": 0, ""shift3Points"": 0, ""shift4Count"": 12, ""shift4Points"": 12, ""teleopCount"": 123, ""teleopPoints"": 123, ""totalCount"": 167, ""totalPoints"": 167, ""transitionCount"": 29, ""transitionPoints"": 29, ""uncounted"": 0}, ""majorFoulCount"": 0, ""minorFoulCount"": 1, ""penalties"": ""None"", ""rp"": 4, ""superchargedAchieved"": false, ""totalAutoPoints"": 44, ""totalPoints"": 167, ""totalTeleopPoints"": 123, ""totalTowerPoints"": 0, ""traversalAchieved"": false}, ""red"": {""adjustPoints"": 0, ""autoTowerPoints"": 0, ""autoTowerRobot1"": ""None"", ""autoTowerRobot2"": ""None"", ""autoTowerRobot3"": ""None"", ""endGameTowerPoints"": 0, ""endGameTowerRobot1"": ""None"", ""endGameTowerRobot2"": ""None"", ""endGameTowerRobot3"": ""None"", ""energizedAchieved"": true, ""foulPoints"": 5, ""g206Penalty"": false, ""hubScore"": {""autoCount"": 32, ""autoPoints"": 32, ""endgameCount"": 51, ""endgamePoints"": 51, ""shift1Count"": 27, ""shift1Points"": 27, ""shift2Count"": 0, ""shift2Points"": 0, ""shift3Count"": 35, ""shift3Points"": 35, ""shift4Count"": 0, ""shift4Points"": 0, ""teleopCount"": 128, ""teleopPoints"": 128, ""totalCount"": 160, ""totalPoints"": 160, ""transitionCount"": 15, ""transitionPoints"": 15, ""uncounted"": 0}, ""majorFoulCount"": 0, ""minorFoulCount"": 0, ""penalties"": ""None"", ""rp"": 1, ""superchargedAchieved"": false, ""totalAutoPoints"": 32, ""totalPoints"": 165, ""totalTeleopPoints"": 128, ""totalTowerPoints"": 0, ""traversalAchieved"": false}}, ""set_number"": 1, ""time"": 1774659600, ""videos"": [], ""winning_alliance"": ""blue""}","{""blue"": {""dq_team_keys"": [], ""score"": 167, ""surrogate_team_keys"": [], ""team_keys"": [""frc2930"", ""frc6831"", ""frc2471""]}, ""red"": {""dq_team_keys"": [], ""score"": 165, ""surrogate_team_keys"": [], ""team_keys"": [""frc5970"", ""frc2990"", ""frc2733""]}}",[]
2026orore_qm38,38,qm,125.565325575,Scouting totals,"{""actual_time"": 1774659922, ""alliances"": {""blue"": {""dq_team_keys"": [], ""score"": 304, ""surrogate_team_keys"": [], ""team_keys"": [""frc3674"", ""frc1540"", ""frc10444""]}, ""red"": {""dq_team_keys"": [], ""score"": 112, ""surrogate_team_keys"": [], ""team_keys"": [""frc1359"", ""frc2550"", ""frc10991""]}}, ""comp_level"": ""qm"", ""event_key"": ""2026orore"", ""key"": ""2026orore_qm38"", ""match_number"": 38, ""post_result_time"": 1774660107, ""predicted_time"": 1774660076, ""score_breakdown"": {""blue"": {""adjustPoints"": 0, ""autoTowerPoints"": 0, ""autoTowerRobot1"": ""None"", ""autoTowerRobot2"": ""None"", ""autoTowerRobot3"": ""None"", ""endGameTowerPoints"": 0, ""endGameTowerRobot1"": ""None"", ""endGameTowerRobot2"": ""None"", ""endGameTowerRobot3"": ""None"", ""energizedAchieved"": true, ""foulPoints"": 5, ""g206Penalty"": false, ""hubScore"": {""autoCount"": 78, ""autoPoints"": 78, ""endgameCount"": 64, ""endgamePoints"": 64, ""shift1Count"": 0, ""shift1Points"": 0, ""shift2Count"": 93, ""shift2Points"": 93, ""shift3Count"": 0, ""shift3Points"": 0, ""shift4Count"": 40, ""shift4Points"": 40, ""teleopCount"": 221, ""teleopPoints"": 221, ""totalCount"": 299, ""totalPoints"": 299, ""transitionCount"": 24, ""transitionPoints"": 24, ""uncounted"": 0}, ""majorFoulCount"": 0, ""minorFoulCount"": 0, ""penalties"": ""None"", ""rp"": 4, ""superchargedAchieved"": false, ""totalAutoPoints"": 78, ""totalPoints"": 304, ""totalTeleopPoints"": 221, ""totalTowerPoints"": 0, ""traversalAchieved"": false}, ""red"": {""adjustPoints"": 0, ""autoTowerPoints"": 0, ""autoTowerRobot1"": ""None"", ""autoTowerRobot2"": ""None"", ""autoTowerRobot3"": ""None"", ""endGameTowerPoints"": 20, ""endGameTowerRobot1"": ""Level1"", ""endGameTowerRobot2"": ""Level1"", ""endGameTowerRobot3"": ""None"", ""energizedAchieved"": false, ""foulPoints"": 0, ""g206Penalty"": false, ""hubScore"": {""autoCount"": 32, ""autoPoints"": 32, ""endgameCount"": 32, ""endgamePoints"": 32, ""shift1Count"": 6, ""shift1Points"": 6, ""shift2Count"": 0, ""shift2Points"": 0, ""shift3Count"": 22, ""shift3Points"": 22, ""shift4Count"": 0, ""shift4Points"": 0, ""teleopCount"": 60, ""teleopPoints"": 60, ""totalCount"": 92, ""totalPoints"": 92, ""transitionCount"": 0, ""transitionPoints"": 0, ""uncounted"": 0}, ""majorFoulCount"": 0, ""minorFoulCount"": 1, ""penalties"": ""None"", ""rp"": 0, ""superchargedAchieved"": false, ""totalAutoPoints"": 32, ""totalPoints"": 112, ""totalTeleopPoints"": 80, ""totalTowerPoints"": 20, ""traversalAchieved"": false}}, ""set_number"": 1, ""time"": 1774660140, ""videos"": [], ""winning_alliance"": ""blue""}","{""blue"": {""dq_team_keys"": [], ""score"": 304, ""surrogate_team_keys"": [], ""team_keys"": [""frc3674"", ""frc1540"", ""frc10444""]}, ""red"": {""dq_team_keys"": [], ""score"": 112, ""surrogate_team_keys"": [], ""team_keys"": [""frc1359"", ""frc2550"", ""frc10991""]}}",[]
2026orore_qm39,39,qm,105.805149,Scouting totals,"{""actual_time"": 1774660390, ""alliances"": {""blue"": {""dq_team_keys"": [], ""score"": 379, ""surrogate_team_keys"": [], ""team_keys"": [""frc2521"", ""frc955"", ""frc6696""]}, ""red"": {""dq_team_keys"": [], ""score"": 110, ""surrogate_team_keys"": [], ""team_keys"": [""frc2915"", ""frc2635"", ""frc749""]}}, ""comp_level"": ""qm"", ""event_key"": ""2026orore"", ""key"": ""2026orore_qm39"", ""match_number"": 39, ""post_result_time"": 1774660575, ""predicted_time"": 1774660567, ""score_breakdown"": {""blue"": {""adjustPoints"": 0, ""autoTowerPoints"": 0, ""autoTowerRobot1"": ""None"", ""autoTowerRobot2"": ""None"", ""autoTowerRobot3"": ""None"", ""endGameTowerPoints"": 0, ""endGameTowerRobot1"": ""None"", ""endGameTowerRobot2"": ""None"", ""endGameTowerRobot3"": ""None"", ""energizedAchieved"": true, ""foulPoints"": 5, ""g206Penalty"": false, ""hubScore"": {""autoCount"": 72, ""autoPoints"": 72, ""endgameCount"": 108, ""endgamePoints"": 108, ""shift1Count"": 0, ""shift1Points"": 0, ""shift2Count"": 69, ""shift2Points"": 69, ""shift3Count"": 0, ""shift3Points"": 0, ""shift4Count"": 109, ""shift4Points"": 109, ""teleopCount"": 302, ""teleopPoints"": 302, ""totalCount"": 374, ""totalPoints"": 374, ""transitionCount"": 16, ""transitionPoints"": 16, ""uncounted"": 0}, ""majorFoulCount"": 0, ""minorFoulCount"": 0, ""penalties"": ""None"", ""rp"": 5, ""superchargedAchieved"": true, ""totalAutoPoints"": 72, ""totalPoints"": 379, ""totalTeleopPoints"": 302, ""totalTowerPoints"": 0, ""traversalAchieved"": false}, ""red"": {""adjustPoints"": 0, ""autoTowerPoints"": 0, ""autoTowerRobot1"": ""None"", ""autoTowerRobot2"": ""None"", ""autoTowerRobot3"": ""None"", ""endGameTowerPoints"": 0, ""endGameTowerRobot1"": ""None"", ""endGameTowerRobot2"": ""None"", ""endGameTowerRobot3"": ""None"", ""energizedAchieved"": true, ""foulPoints"": 0, ""g206Penalty"": false, ""hubScore"": {""autoCount"": 30, ""autoPoints"": 30, ""endgameCount"": 28, ""endgamePoints"": 28, ""shift1Count"": 27, ""shift1Points"": 27, ""shift2Count"": 0, ""shift2Points"": 0, ""shift3Count"": 23, ""shift3Points"": 23, ""shift4Count"": 0, ""shift4Points"": 0, ""teleopCount"": 80, ""teleopPoints"": 80, ""totalCount"": 110, ""totalPoints"": 110, ""transitionCount"": 2, ""transitionPoints"": 2, ""uncounted"": 4}, ""majorFoulCount"": 0, ""minorFoulCount"": 1, ""penalties"": ""None"", ""rp"": 1, ""superchargedAchieved"": false, ""totalAutoPoints"": 30, ""totalPoints"": 110, ""totalTeleopPoints"": 80, ""totalTowerPoints"": 0, ""traversalAchieved"": false}}, ""set_number"": 1, ""time"": 1774660680, ""videos"": [], ""winning_alliance"": ""blue""}","{""blue"": {""dq_team_keys"": [], ""score"": 379, ""surrogate_team_keys"": [], ""team_keys"": [""frc2521"", ""frc955"", ""frc6696""]}, ""red"": {""dq_team_keys"": [], ""score"": 110, ""surrogate_team_keys"": [], ""team_keys"": [""frc2915"", ""frc2635"", ""frc749""]}}",[]
2026orore_qm40,40,qm,14.953620450000003,Scouting totals,"{""actual_time"": 1774660925, ""alliances"": {""blue"": {""dq_team_keys"": [], ""score"": 104, ""surrogate_team_keys"": [], ""team_keys"": [""frc2898"", ""frc9600"", ""frc2557""]}, ""red"": {""dq_team_keys"": [], ""score"": 164, ""surrogate_team_keys"": [], ""team_keys"": [""frc997"", ""frc957"", ""frc3636""]}}, ""comp_level"": ""qm"", ""event_key"": ""2026orore"", ""key"": ""2026orore_qm40"", ""match_number"": 40, ""post_result_time"": 1774661108, ""predicted_time"": 1774661059, ""score_breakdown"": {""blue"": {""adjustPoints"": 0, ""autoTowerPoints"": 0, ""autoTowerRobot1"": ""None"", ""autoTowerRobot2"": ""None"", ""autoTowerRobot3"": ""None"", ""endGameTowerPoints"": 0, ""endGameTowerRobot1"": ""None"", ""endGameTowerRobot2"": ""None"", ""endGameTowerRobot3"": ""None"", ""energizedAchieved"": false, ""foulPoints"": 10, ""g206Penalty"": false, ""hubScore"": {""autoCount"": 40, ""autoPoints"": 40, ""endgameCount"": 11, ""endgamePoints"": 11, ""shift1Count"": 8, ""shift1Points"": 8, ""shift2Count"": 0, ""shift2Points"": 0, ""shift3Count"": 28, ""shift3Points"": 28, ""shift4Count"": 0, ""shift4Points"": 0, ""teleopCount"": 54, ""teleopPoints"": 54, ""totalCount"": 94, ""totalPoints"": 94, ""transitionCount"": 7, ""transitionPoints"": 7, ""uncounted"": 0}, ""majorFoulCount"": 0, ""minorFoulCount"": 3, ""penalties"": ""None"", ""rp"": 0, ""superchargedAchieved"": false, ""totalAutoPoints"": 40, ""totalPoints"": 104, ""totalTeleopPoints"": 54, ""totalTowerPoints"": 0, ""traversalAchieved"": false}, ""red"": {""adjustPoints"": 0, ""autoTowerPoints"": 0, ""autoTowerRobot1"": ""None"", ""autoTowerRobot2"": ""None"", ""autoTowerRobot3"": ""None"", ""endGameTowerPoints"": 0, ""endGameTowerRobot1"": ""None"", ""endGameTowerRobot2"": ""None"", ""endGameTowerRobot3"": ""None"", ""energizedAchieved"": true, ""foulPoints"": 15, ""g206Penalty"": false, ""hubScore"": {""autoCount"": 46, ""autoPoints"": 46, ""endgameCount"": 37, ""endgamePoints"": 37, ""shift1Count"": 0, ""shift1Points"": 0, ""shift2Count"": 33, ""shift2Points"": 33, ""shift3Count"": 0, ""shift3Points"": 0, ""shift4Count"": 24, ""shift4Points"": 24, ""teleopCount"": 103, ""teleopPoints"": 103, ""totalCount"": 149, ""totalPoints"": 149, ""transitionCount"": 9, ""transitionPoints"": 9, ""uncounted"": 1}, ""majorFoulCount"": 0, ""minorFoulCount"": 2, ""penalties"": ""None"", ""rp"": 4, ""superchargedAchieved"": false, ""totalAutoPoints"": 46, ""totalPoints"": 164, ""totalTeleopPoints"": 103, ""totalTowerPoints"": 0, ""traversalAchieved"": false}}, ""set_number"": 1, ""time"": 1774661220, ""videos"": [], ""winning_alliance"": ""red""}","{""blue"": {""dq_team_keys"": [], ""score"": 104, ""surrogate_team_keys"": [], ""team_keys"": [""frc2898"", ""frc9600"", ""frc2557""]}, ""red"": {""dq_team_keys"": [], ""score"": 164, ""surrogate_team_keys"": [], ""team_keys"": [""frc997"", ""frc957"", ""frc3636""]}}",[]
2026orore_qm41,41,qm,49.427944600000004,Scouting totals,"{""actual_time"": 1774662462, ""alliances"": {""blue"": {""dq_team_keys"": [], ""score"": 199, ""surrogate_team_keys"": [], ""team_keys"": [""frc3669"", ""frc4488"", ""frc6831""]}, ""red"": {""dq_team_keys"": [], ""score"": 263, ""surrogate_team_keys"": [], ""team_keys"": [""frc6465"", ""frc9567"", ""frc1425""]}}, ""comp_level"": ""qm"", ""event_key"": ""2026orore"", ""key"": ""2026orore_qm41"", ""match_number"": 41, ""post_result_time"": 1774662649, ""predicted_time"": 1774663265, ""score_breakdown"": {""blue"": {""adjustPoints"": 0, ""autoTowerPoints"": 0, ""autoTowerRobot1"": ""None"", ""autoTowerRobot2"": ""None"", ""autoTowerRobot3"": ""None"", ""endGameTowerPoints"": 0, ""endGameTowerRobot1"": ""None"", ""endGameTowerRobot2"": ""None"", ""endGameTowerRobot3"": ""None"", ""energizedAchieved"": true, ""foulPoints"": 0, ""g206Penalty"": false, ""hubScore"": {""autoCount"": 34, ""autoPoints"": 34, ""endgameCount"": 64, ""endgamePoints"": 64, ""shift1Count"": 56, ""shift1Points"": 56, ""shift2Count"": 0, ""shift2Points"": 0, ""shift3Count"": 45, ""shift3Points"": 45, ""shift4Count"": 0, ""shift4Points"": 0, ""teleopCount"": 165, ""teleopPoints"": 165, ""totalCount"": 199, ""totalPoints"": 199, ""transitionCount"": 0, ""transitionPoints"": 0, ""uncounted"": 4}, ""majorFoulCount"": 0, ""minorFoulCount"": 0, ""penalties"": ""None"", ""rp"": 1, ""superchargedAchieved"": false, ""totalAutoPoints"": 34, ""totalPoints"": 199, ""totalTeleopPoints"": 165, ""totalTowerPoints"": 0, ""traversalAchieved"": false}, ""red"": {""adjustPoints"": 0, ""autoTowerPoints"": 0, ""autoTowerRobot1"": ""None"", ""autoTowerRobot2"": ""None"", ""autoTowerRobot3"": ""None"", ""endGameTowerPoints"": 0, ""endGameTowerRobot1"": ""None"", ""endGameTowerRobot2"": ""None"", ""endGameTowerRobot3"": ""None"", ""energizedAchieved"": true, ""foulPoints"": 0, ""g206Penalty"": false, ""hubScore"": {""autoCount"": 60, ""autoPoints"": 60, ""endgameCount"": 51, ""endgamePoints"": 51, ""shift1Count"": 0, ""shift1Points"": 0, ""shift2Count"": 72, ""shift2Points"": 72, ""shift3Count"": 0, ""shift3Points"": 0, ""shift4Count"": 63, ""shift4Points"": 63, ""teleopCount"": 203, ""teleopPoints"": 203, ""totalCount"": 263, ""totalPoints"": 263, ""transitionCount"": 17, ""transitionPoints"": 17, ""uncounted"": 8}, ""majorFoulCount"": 0, ""minorFoulCount"": 0, ""penalties"": ""None"", ""rp"": 4, ""superchargedAchieved"": false, ""totalAutoPoints"": 60, ""totalPoints"": 263, ""totalTeleopPoints"": 203, ""totalTowerPoints"": 0, ""traversalAchieved"": false}}, ""set_number"": 1, ""time"": 1774661760, ""videos"": [], ""winning_alliance"": ""red""}","{""blue"": {""dq_team_keys"": [], ""score"": 199, ""surrogate_team_keys"": [], ""team_keys"": [""frc3669"", ""frc4488"", ""frc6831""]}, ""red"": {""dq_team_keys"": [], ""score"": 263, ""surrogate_team_keys"": [], ""team_keys"": [""frc6465"", ""frc9567"", ""frc1425""]}}",[]
2026orore_qm42,42,qm,117.18457750000002,Scouting totals,"{""actual_time"": 1774663117, ""alliances"": {""blue"": {""dq_team_keys"": [], ""score"": 168, ""surrogate_team_keys"": [], ""team_keys"": [""frc2471"", ""frc2550"", ""frc5970""]}, ""red"": {""dq_team_keys"": [], ""score"": 220, ""surrogate_team_keys"": [], ""team_keys"": [""frc4915"", ""frc10444"", ""frc6696""]}}, ""comp_level"": ""qm"", ""event_key"": ""2026orore"", ""key"": ""2026orore_qm42"", ""match_number"": 42, ""post_result_time"": 1774663299, ""predicted_time"": 1774663761, ""score_breakdown"": {""blue"": {""adjustPoints"": 0, ""autoTowerPoints"": 0, ""autoTowerRobot1"": ""None"", ""autoTowerRobot2"": ""None"", ""autoTowerRobot3"": ""None"", ""endGameTowerPoints"": 0, ""endGameTowerRobot1"": ""None"", ""endGameTowerRobot2"": ""None"", ""endGameTowerRobot3"": ""None"", ""energizedAchieved"": true, ""foulPoints"": 5, ""g206Penalty"": false, ""hubScore"": {""autoCount"": 29, ""autoPoints"": 29, ""endgameCount"": 42, ""endgamePoints"": 42, ""shift1Count"": 41, ""shift1Points"": 41, ""shift2Count"": 0, ""shift2Points"": 0, ""shift3Count"": 47, ""shift3Points"": 47, ""shift4Count"": 0, ""shift4Points"": 0, ""teleopCount"": 134, ""teleopPoints"": 134, ""totalCount"": 163, ""totalPoints"": 163, ""transitionCount"": 4, ""transitionPoints"": 4, ""uncounted"": 0}, ""majorFoulCount"": 0, ""minorFoulCount"": 1, ""penalties"": ""None"", ""rp"": 1, ""superchargedAchieved"": false, ""totalAutoPoints"": 29, ""totalPoints"": 168, ""totalTeleopPoints"": 134, ""totalTowerPoints"": 0, ""traversalAchieved"": false}, ""red"": {""adjustPoints"": 0, ""autoTowerPoints"": 0, ""autoTowerRobot1"": ""None"", ""autoTowerRobot2"": ""None"", ""autoTowerRobot3"": ""None"", ""endGameTowerPoints"": 0, ""endGameTowerRobot1"": ""None"", ""endGameTowerRobot2"": ""None"", ""endGameTowerRobot3"": ""None"", ""energizedAchieved"": true, ""foulPoints"": 5, ""g206Penalty"": false, ""hubScore"": {""autoCount"": 73, ""autoPoints"": 73, ""endgameCount"": 28, ""endgamePoints"": 28, ""shift1Count"": 0, ""shift1Points"": 0, ""shift2Count"": 96, ""shift2Points"": 96, ""shift3Count"": 0, ""shift3Points"": 0, ""shift4Count"": 0, ""shift4Points"": 0, ""teleopCount"": 142, ""teleopPoints"": 142, ""totalCount"": 215, ""totalPoints"": 215, ""transitionCount"": 18, ""transitionPoints"": 18, ""uncounted"": 0}, ""majorFoulCount"": 0, ""minorFoulCount"": 1, ""penalties"": ""None"", ""rp"": 4, ""superchargedAchieved"": false, ""totalAutoPoints"": 73, ""totalPoints"": 220, ""totalTeleopPoints"": 142, ""totalTowerPoints"": 0, ""traversalAchieved"": false}}, ""set_number"": 1, ""time"": 1774662300, ""videos"": [], ""winning_alliance"": ""red""}","{""blue"": {""dq_team_keys"": [], ""score"": 168, ""surrogate_team_keys"": [], ""team_keys"": [""frc2471"", ""frc2550"", ""frc5970""]}, ""red"": {""dq_team_keys"": [], ""score"": 220, ""surrogate_team_keys"": [], ""team_keys"": [""frc4915"", ""frc10444"", ""frc6696""]}}",[]
2026orore_qm43,43,qm,104.21301212499998,Scouting totals,"{""actual_time"": 1774663555, ""alliances"": {""blue"": {""dq_team_keys"": [], ""score"": 351, ""surrogate_team_keys"": [], ""team_keys"": [""frc9430"", ""frc2521"", ""frc3674""]}, ""red"": {""dq_team_keys"": [], ""score"": 411, ""surrogate_team_keys"": [], ""team_keys"": [""frc10991"", ""frc997"", ""frc1540""]}}, ""comp_level"": ""qm"", ""event_key"": ""2026orore"", ""key"": ""2026orore_qm43"", ""match_number"": 43, ""post_result_time"": 1774663737, ""predicted_time"": 1774663992, ""score_breakdown"": {""blue"": {""adjustPoints"": 0, ""autoTowerPoints"": 0, ""autoTowerRobot1"": ""None"", ""autoTowerRobot2"": ""None"", ""autoTowerRobot3"": ""None"", ""endGameTowerPoints"": 0, ""endGameTowerRobot1"": ""None"", ""endGameTowerRobot2"": ""None"", ""endGameTowerRobot3"": ""None"", ""energizedAchieved"": true, ""foulPoints"": 0, ""g206Penalty"": false, ""hubScore"": {""autoCount"": 79, ""autoPoints"": 79, ""endgameCount"": 62, ""endgamePoints"": 62, ""shift1Count"": 0, ""shift1Points"": 0, ""shift2Count"": 115, ""shift2Points"": 115, ""shift3Count"": 0, ""shift3Points"": 0, ""shift4Count"": 87, ""shift4Points"": 87, ""teleopCount"": 272, ""teleopPoints"": 272, ""totalCount"": 351, ""totalPoints"": 351, ""transitionCount"": 8, ""transitionPoints"": 8, ""uncounted"": 2}, ""majorFoulCount"": 0, ""minorFoulCount"": 2, ""penalties"": ""None"", ""rp"": 1, ""superchargedAchieved"": false, ""totalAutoPoints"": 79, ""totalPoints"": 351, ""totalTeleopPoints"": 272, ""totalTowerPoints"": 0, ""traversalAchieved"": false}, ""red"": {""adjustPoints"": 0, ""autoTowerPoints"": 0, ""autoTowerRobot1"": ""None"", ""autoTowerRobot2"": ""None"", ""autoTowerRobot3"": ""None"", ""endGameTowerPoints"": 0, ""endGameTowerRobot1"": ""None"", ""endGameTowerRobot2"": ""None"", ""endGameTowerRobot3"": ""None"", ""energizedAchieved"": true, ""foulPoints"": 10, ""g206Penalty"": false, ""hubScore"": {""autoCount"": 65, ""autoPoints"": 65, ""endgameCount"": 145, ""endgamePoints"": 145, ""shift1Count"": 79, ""shift1Points"": 79, ""shift2Count"": 0, ""shift2Points"": 0, ""shift3Count"": 103, ""shift3Points"": 103, ""shift4Count"": 0, ""shift4Points"": 0, ""teleopCount"": 336, ""teleopPoints"": 336, ""totalCount"": 401, ""totalPoints"": 401, ""transitionCount"": 9, ""transitionPoints"": 9, ""uncounted"": 1}, ""majorFoulCount"": 0, ""minorFoulCount"": 0, ""penalties"": ""None"", ""rp"": 5, ""superchargedAchieved"": true, ""totalAutoPoints"": 65, ""totalPoints"": 411, ""totalTeleopPoints"": 336, ""totalTowerPoints"": 0, ""traversalAchieved"": false}}, ""set_number"": 1, ""time"": 1774662840, ""videos"": [], ""winning_alliance"": ""red""}","{""blue"": {""dq_team_keys"": [], ""score"": 351, ""surrogate_team_keys"": [], ""team_keys"": [""frc9430"", ""frc2521"", ""frc3674""]}, ""red"": {""dq_team_keys"": [], ""score"": 411, ""surrogate_team_keys"": [], ""team_keys"": [""frc10991"", ""frc997"", ""frc1540""]}}",[]
2026orore_qm44,44,qm,133.92394699999997,Scouting totals,"{""actual_time"": 1774664117, ""alliances"": {""blue"": {""dq_team_keys"": [], ""score"": 72, ""surrogate_team_keys"": [], ""team_keys"": [""frc9567"", ""frc2557"", ""frc1359""]}, ""red"": {""dq_team_keys"": [], ""score"": 443, ""surrogate_team_keys"": [], ""team_keys"": [""frc1425"", ""frc955"", ""frc2733""]}}, ""comp_level"": ""qm"", ""event_key"": ""2026orore"", ""key"": ""2026orore_qm44"", ""match_number"": 44, ""post_result_time"": 1774664297, ""predicted_time"": 1774664396, ""score_breakdown"": {""blue"": {""adjustPoints"": 0, ""autoTowerPoints"": 0, ""autoTowerRobot1"": ""None"", ""autoTowerRobot2"": ""None"", ""autoTowerRobot3"": ""None"", ""endGameTowerPoints"": 10, ""endGameTowerRobot1"": ""None"", ""endGameTowerRobot2"": ""None"", ""endGameTowerRobot3"": ""Level1"", ""energizedAchieved"": false, ""foulPoints"": 0, ""g206Penalty"": false, ""hubScore"": {""autoCount"": 34, ""autoPoints"": 34, ""endgameCount"": 23, ""endgamePoints"": 23, ""shift1Count"": 0, ""shift1Points"": 0, ""shift2Count"": 0, ""shift2Points"": 0, ""shift3Count"": 5, ""shift3Points"": 5, ""shift4Count"": 0, ""shift4Points"": 0, ""teleopCount"": 28, ""teleopPoints"": 28, ""totalCount"": 62, ""totalPoints"": 62, ""transitionCount"": 0, ""transitionPoints"": 0, ""uncounted"": 0}, ""majorFoulCount"": 0, ""minorFoulCount"": 0, ""penalties"": ""None"", ""rp"": 0, ""superchargedAchieved"": false, ""totalAutoPoints"": 34, ""totalPoints"": 72, ""totalTeleopPoints"": 38, ""totalTowerPoints"": 10, ""traversalAchieved"": false}, ""red"": {""adjustPoints"": 0, ""autoTowerPoints"": 0, ""autoTowerRobot1"": ""None"", ""autoTowerRobot2"": ""None"", ""autoTowerRobot3"": ""None"", ""endGameTowerPoints"": 0, ""endGameTowerRobot1"": ""None"", ""endGameTowerRobot2"": ""None"", ""endGameTowerRobot3"": ""None"", ""energizedAchieved"": true, ""foulPoints"": 0, ""g206Penalty"": false, ""hubScore"": {""autoCount"": 102, ""autoPoints"": 102, ""endgameCount"": 81, ""endgamePoints"": 81, ""shift1Count"": 0, ""shift1Points"": 0, ""shift2Count"": 141, ""shift2Points"": 141, ""shift3Count"": 0, ""shift3Points"": 0, ""shift4Count"": 80, ""shift4Points"": 80, ""teleopCount"": 341, ""teleopPoints"": 341, ""totalCount"": 443, ""totalPoints"": 443, ""transitionCount"": 39, ""transitionPoints"": 39, ""uncounted"": 4}, ""majorFoulCount"": 0, ""minorFoulCount"": 0, ""penalties"": ""None"", ""rp"": 5, ""superchargedAchieved"": true, ""totalAutoPoints"": 102, ""totalPoints"": 443, ""totalTeleopPoints"": 341, ""totalTowerPoints"": 0, ""traversalAchieved"": false}}, ""set_number"": 1, ""time"": 1774663380, ""videos"": [], ""winning_alliance"": ""red""}","{""blue"": {""dq_team_keys"": [], ""score"": 72, ""surrogate_team_keys"": [], ""team_keys"": [""frc9567"", ""frc2557"", ""frc1359""]}, ""red"": {""dq_team_keys"": [], ""score"": 443, ""surrogate_team_keys"": [], ""team_keys"": [""frc1425"", ""frc955"", ""frc2733""]}}",[]
2026orore_qm45,45,qm,12.816035700000029,Scouting totals,"{""actual_time"": 1774664550, ""alliances"": {""blue"": {""dq_team_keys"": [], ""score"": 160, ""surrogate_team_keys"": [], ""team_keys"": [""frc4662"", ""frc957"", ""frc5975""]}, ""red"": {""dq_team_keys"": [], ""score"": 176, ""surrogate_team_keys"": [], ""team_keys"": [""frc2635"", ""frc2930"", ""frc4488""]}}, ""comp_level"": ""qm"", ""event_key"": ""2026orore"", ""key"": ""2026orore_qm45"", ""match_number"": 45, ""post_result_time"": 1774664732, ""predicted_time"": 1774664766, ""score_breakdown"": {""blue"": {""adjustPoints"": 0, ""autoTowerPoints"": 0, ""autoTowerRobot1"": ""None"", ""autoTowerRobot2"": ""None"", ""autoTowerRobot3"": ""None"", ""endGameTowerPoints"": 0, ""endGameTowerRobot1"": ""None"", ""endGameTowerRobot2"": ""None"", ""endGameTowerRobot3"": ""None"", ""energizedAchieved"": true, ""foulPoints"": 5, ""g206Penalty"": false, ""hubScore"": {""autoCount"": 33, ""autoPoints"": 33, ""endgameCount"": 39, ""endgamePoints"": 39, ""shift1Count"": 41, ""shift1Points"": 41, ""shift2Count"": 0, ""shift2Points"": 0, ""shift3Count"": 37, ""shift3Points"": 37, ""shift4Count"": 0, ""shift4Points"": 0, ""teleopCount"": 122, ""teleopPoints"": 122, ""totalCount"": 155, ""totalPoints"": 155, ""transitionCount"": 5, ""transitionPoints"": 5, ""uncounted"": 1}, ""majorFoulCount"": 0, ""minorFoulCount"": 3, ""penalties"": ""None"", ""rp"": 1, ""superchargedAchieved"": false, ""totalAutoPoints"": 33, ""totalPoints"": 160, ""totalTeleopPoints"": 122, ""totalTowerPoints"": 0, ""traversalAchieved"": false}, ""red"": {""adjustPoints"": 0, ""autoTowerPoints"": 0, ""autoTowerRobot1"": ""None"", ""autoTowerRobot2"": ""None"", ""autoTowerRobot3"": ""None"", ""endGameTowerPoints"": 0, ""endGameTowerRobot1"": ""None"", ""endGameTowerRobot2"": ""None"", ""endGameTowerRobot3"": ""None"", ""energizedAchieved"": true, ""foulPoints"": 15, ""g206Penalty"": false, ""hubScore"": {""autoCount"": 42, ""autoPoints"": 42, ""endgameCount"": 17, ""endgamePoints"": 17, ""shift1Count"": 0, ""shift1Points"": 0, ""shift2Count"": 52, ""shift2Points"": 52, ""shift3Count"": 0, ""shift3Points"": 0, ""shift4Count"": 42, ""shift4Points"": 42, ""teleopCount"": 119, ""teleopPoints"": 119, ""totalCount"": 161, ""totalPoints"": 161, ""transitionCount"": 8, ""transitionPoints"": 8, ""uncounted"": 1}, ""majorFoulCount"": 0, ""minorFoulCount"": 1, ""penalties"": ""None"", ""rp"": 4, ""superchargedAchieved"": false, ""totalAutoPoints"": 42, ""totalPoints"": 176, ""totalTeleopPoints"": 119, ""totalTowerPoints"": 0, ""traversalAchieved"": false}}, ""set_number"": 1, ""time"": 1774663920, ""videos"": [], ""winning_alliance"": ""red""}","{""blue"": {""dq_team_keys"": [], ""score"": 160, ""surrogate_team_keys"": [], ""team_keys"": [""frc4662"", ""frc957"", ""frc5975""]}, ""red"": {""dq_team_keys"": [], ""score"": 176, ""surrogate_team_keys"": [], ""team_keys"": [""frc2635"", ""frc2930"", ""frc4488""]}}",[]
2026orore_qm46,46,qm,24.090332649999993,Scouting totals,"{""actual_time"": 1774665067, ""alliances"": {""blue"": {""dq_team_keys"": [], ""score"": 143, ""surrogate_team_keys"": [], ""team_keys"": [""frc2915"", ""frc2811"", ""frc6465""]}, ""red"": {""dq_team_keys"": [], ""score"": 110, ""surrogate_team_keys"": [], ""team_keys"": [""frc2898"", ""frc3669"", ""frc749""]}}, ""comp_level"": ""qm"", ""event_key"": ""2026orore"", ""key"": ""2026orore_qm46"", ""match_number"": 46, ""post_result_time"": 1774665251, ""predicted_time"": 1774665262, ""score_breakdown"": {""blue"": {""adjustPoints"": 0, ""autoTowerPoints"": 0, ""autoTowerRobot1"": ""None"", ""autoTowerRobot2"": ""None"", ""autoTowerRobot3"": ""None"", ""endGameTowerPoints"": 0, ""endGameTowerRobot1"": ""None"", ""endGameTowerRobot2"": ""None"", ""endGameTowerRobot3"": ""None"", ""energizedAchieved"": true, ""foulPoints"": 5, ""g206Penalty"": false, ""hubScore"": {""autoCount"": 19, ""autoPoints"": 19, ""endgameCount"": 45, ""endgamePoints"": 45, ""shift1Count"": 28, ""shift1Points"": 28, ""shift2Count"": 0, ""shift2Points"": 0, ""shift3Count"": 43, ""shift3Points"": 43, ""shift4Count"": 0, ""shift4Points"": 0, ""teleopCount"": 119, ""teleopPoints"": 119, ""totalCount"": 138, ""totalPoints"": 138, ""transitionCount"": 3, ""transitionPoints"": 3, ""uncounted"": 1}, ""majorFoulCount"": 0, ""minorFoulCount"": 2, ""penalties"": ""None"", ""rp"": 4, ""superchargedAchieved"": false, ""totalAutoPoints"": 19, ""totalPoints"": 143, ""totalTeleopPoints"": 119, ""totalTowerPoints"": 0, ""traversalAchieved"": false}, ""red"": {""adjustPoints"": 0, ""autoTowerPoints"": 0, ""autoTowerRobot1"": ""None"", ""autoTowerRobot2"": ""None"", ""autoTowerRobot3"": ""None"", ""endGameTowerPoints"": 0, ""endGameTowerRobot1"": ""None"", ""endGameTowerRobot2"": ""None"", ""endGameTowerRobot3"": ""None"", ""energizedAchieved"": true, ""foulPoints"": 10, ""g206Penalty"": false, ""hubScore"": {""autoCount"": 28, ""autoPoints"": 28, ""endgameCount"": 39, ""endgamePoints"": 39, ""shift1Count"": 0, ""shift1Points"": 0, ""shift2Count"": 7, ""shift2Points"": 7, ""shift3Count"": 0, ""shift3Points"": 0, ""shift4Count"": 26, ""shift4Points"": 26, ""teleopCount"": 72, ""teleopPoints"": 72, ""totalCount"": 100, ""totalPoints"": 100, ""transitionCount"": 0, ""transitionPoints"": 0, ""uncounted"": 1}, ""majorFoulCount"": 0, ""minorFoulCount"": 1, ""penalties"": ""None"", ""rp"": 1, ""superchargedAchieved"": false, ""totalAutoPoints"": 28, ""totalPoints"": 110, ""totalTeleopPoints"": 72, ""totalTowerPoints"": 0, ""traversalAchieved"": false}}, ""set_number"": 1, ""time"": 1774664460, ""videos"": [], ""winning_alliance"": ""blue""}","{""blue"": {""dq_team_keys"": [], ""score"": 143, ""surrogate_team_keys"": [], ""team_keys"": [""frc2915"", ""frc2811"", ""frc6465""]}, ""red"": {""dq_team_keys"": [], ""score"": 110, ""surrogate_team_keys"": [], ""team_keys"": [""frc2898"", ""frc3669"", ""frc749""]}}",[]
2026orore_qm47,47,qm,31.04704515000001,Scouting totals,"{""actual_time"": 1774665548, ""alliances"": {""blue"": {""dq_team_keys"": [], ""score"": 154, ""surrogate_team_keys"": [], ""team_keys"": [""frc2990"", ""frc3636"", ""frc10444""]}, ""red"": {""dq_team_keys"": [], ""score"": 163, ""surrogate_team_keys"": [], ""team_keys"": [""frc9600"", ""frc8032"", ""frc9567""]}}, ""comp_level"": ""qm"", ""event_key"": ""2026orore"", ""key"": ""2026orore_qm47"", ""match_number"": 47, ""post_result_time"": 1774665810, ""predicted_time"": 1774665726, ""score_breakdown"": {""blue"": {""adjustPoints"": 0, ""autoTowerPoints"": 0, ""autoTowerRobot1"": ""None"", ""autoTowerRobot2"": ""None"", ""autoTowerRobot3"": ""None"", ""endGameTowerPoints"": 0, ""endGameTowerRobot1"": ""None"", ""endGameTowerRobot2"": ""None"", ""endGameTowerRobot3"": ""None"", ""energizedAchieved"": true, ""foulPoints"": 5, ""g206Penalty"": false, ""hubScore"": {""autoCount"": 31, ""autoPoints"": 31, ""endgameCount"": 33, ""endgamePoints"": 33, ""shift1Count"": 32, ""shift1Points"": 32, ""shift2Count"": 0, ""shift2Points"": 0, ""shift3Count"": 40, ""shift3Points"": 40, ""shift4Count"": 0, ""shift4Points"": 0, ""teleopCount"": 118, ""teleopPoints"": 118, ""totalCount"": 149, ""totalPoints"": 149, ""transitionCount"": 13, ""transitionPoints"": 13, ""uncounted"": 0}, ""majorFoulCount"": 0, ""minorFoulCount"": 1, ""penalties"": ""None"", ""rp"": 1, ""superchargedAchieved"": false, ""totalAutoPoints"": 31, ""totalPoints"": 154, ""totalTeleopPoints"": 118, ""totalTowerPoints"": 0, ""traversalAchieved"": false}, ""red"": {""adjustPoints"": 0, ""autoTowerPoints"": 0, ""autoTowerRobot1"": ""None"", ""autoTowerRobot2"": ""None"", ""autoTowerRobot3"": ""None"", ""endGameTowerPoints"": 0, ""endGameTowerRobot1"": ""None"", ""endGameTowerRobot2"": ""None"", ""endGameTowerRobot3"": ""None"", ""energizedAchieved"": true, ""foulPoints"": 5, ""g206Penalty"": false, ""hubScore"": {""autoCount"": 45, ""autoPoints"": 45, ""endgameCount"": 44, ""endgamePoints"": 44, ""shift1Count"": 0, ""shift1Points"": 0, ""shift2Count"": 53, ""shift2Points"": 53, ""shift3Count"": 0, ""shift3Points"": 0, ""shift4Count"": 13, ""shift4Points"": 13, ""teleopCount"": 113, ""teleopPoints"": 113, ""totalCount"": 158, ""totalPoints"": 158, ""transitionCount"": 3, ""transitionPoints"": 3, ""uncounted"": 0}, ""majorFoulCount"": 0, ""minorFoulCount"": 1, ""penalties"": ""None"", ""rp"": 4, ""superchargedAchieved"": false, ""totalAutoPoints"": 45, ""totalPoints"": 163, ""totalTeleopPoints"": 113, ""totalTowerPoints"": 0, ""traversalAchieved"": false}}, ""set_number"": 1, ""time"": 1774665000, ""videos"": [], ""winning_alliance"": ""red""}","{""blue"": {""dq_team_keys"": [], ""score"": 154, ""surrogate_team_keys"": [], ""team_keys"": [""frc2990"", ""frc3636"", ""frc10444""]}, ""red"": {""dq_team_keys"": [], ""score"": 163, ""surrogate_team_keys"": [], ""team_keys"": [""frc9600"", ""frc8032"", ""frc9567""]}}",[]
2026orore_qm48,48,qm,114.50158999999998,Scouting totals,"{""actual_time"": 1774666068, ""alliances"": {""blue"": {""dq_team_keys"": [], ""score"": 256, ""surrogate_team_keys"": [], ""team_keys"": [""frc2733"", ""frc4488"", ""frc957""]}, ""red"": {""dq_team_keys"": [], ""score"": 241, ""surrogate_team_keys"": [], ""team_keys"": [""frc955"", ""frc10991"", ""frc5970""]}}, ""comp_level"": ""qm"", ""event_key"": ""2026orore"", ""key"": ""2026orore_qm48"", ""match_number"": 48, ""post_result_time"": 1774666336, ""predicted_time"": 1774666240, ""score_breakdown"": {""blue"": {""adjustPoints"": 0, ""autoTowerPoints"": 0, ""autoTowerRobot1"": ""None"", ""autoTowerRobot2"": ""None"", ""autoTowerRobot3"": ""None"", ""endGameTowerPoints"": 0, ""endGameTowerRobot1"": ""None"", ""endGameTowerRobot2"": ""None"", ""endGameTowerRobot3"": ""None"", ""energizedAchieved"": true, ""foulPoints"": 5, ""g206Penalty"": false, ""hubScore"": {""autoCount"": 42, ""autoPoints"": 42, ""endgameCount"": 83, ""endgamePoints"": 83, ""shift1Count"": 49, ""shift1Points"": 49, ""shift2Count"": 0, ""shift2Points"": 0, ""shift3Count"": 75, ""shift3Points"": 75, ""shift4Count"": 0, ""shift4Points"": 0, ""teleopCount"": 209, ""teleopPoints"": 209, ""totalCount"": 251, ""totalPoints"": 251, ""transitionCount"": 2, ""transitionPoints"": 2, ""uncounted"": 0}, ""majorFoulCount"": 0, ""minorFoulCount"": 2, ""penalties"": ""None"", ""rp"": 4, ""superchargedAchieved"": false, ""totalAutoPoints"": 42, ""totalPoints"": 256, ""totalTeleopPoints"": 209, ""totalTowerPoints"": 0, ""traversalAchieved"": false}, ""red"": {""adjustPoints"": 0, ""autoTowerPoints"": 0, ""autoTowerRobot1"": ""None"", ""autoTowerRobot2"": ""None"", ""autoTowerRobot3"": ""None"", ""endGameTowerPoints"": 0, ""endGameTowerRobot1"": ""None"", ""endGameTowerRobot2"": ""None"", ""endGameTowerRobot3"": ""None"", ""energizedAchieved"": true, ""foulPoints"": 10, ""g206Penalty"": false, ""hubScore"": {""autoCount"": 48, ""autoPoints"": 48, ""endgameCount"": 31, ""endgamePoints"": 31, ""shift1Count"": 0, ""shift1Points"": 0, ""shift2Count"": 66, ""shift2Points"": 66, ""shift3Count"": 0, ""shift3Points"": 0, ""shift4Count"": 69, ""shift4Points"": 69, ""teleopCount"": 183, ""teleopPoints"": 183, ""totalCount"": 231, ""totalPoints"": 231, ""transitionCount"": 17, ""transitionPoints"": 17, ""uncounted"": 0}, ""majorFoulCount"": 0, ""minorFoulCount"": 1, ""penalties"": ""None"", ""rp"": 1, ""superchargedAchieved"": false, ""totalAutoPoints"": 48, ""totalPoints"": 241, ""totalTeleopPoints"": 183, ""totalTowerPoints"": 0, ""traversalAchieved"": false}}, ""set_number"": 1, ""time"": 1774665540, ""videos"": [], ""winning_alliance"": ""blue""}","{""blue"": {""dq_team_keys"": [], ""score"": 256, ""surrogate_team_keys"": [], ""team_keys"": [""frc2733"", ""frc4488"", ""frc957""]}, ""red"": {""dq_team_keys"": [], ""score"": 241, ""surrogate_team_keys"": [], ""team_keys"": [""frc955"", ""frc10991"", ""frc5970""]}}",[]
2026orore_qm49,49,qm,137.80366587499998,Scouting totals,"{""actual_time"": 1774666556, ""alliances"": {""blue"": {""dq_team_keys"": [], ""score"": 172, ""surrogate_team_keys"": [], ""team_keys"": [""frc9430"", ""frc4662"", ""frc2930""]}, ""red"": {""dq_team_keys"": [], ""score"": 338, ""surrogate_team_keys"": [], ""team_keys"": [""frc997"", ""frc6696"", ""frc2898""]}}, ""comp_level"": ""qm"", ""event_key"": ""2026orore"", ""key"": ""2026orore_qm49"", ""match_number"": 49, ""post_result_time"": 1774666740, ""predicted_time"": 1774666815, ""score_breakdown"": {""blue"": {""adjustPoints"": 0, ""autoTowerPoints"": 0, ""autoTowerRobot1"": ""None"", ""autoTowerRobot2"": ""None"", ""autoTowerRobot3"": ""None"", ""endGameTowerPoints"": 0, ""endGameTowerRobot1"": ""None"", ""endGameTowerRobot2"": ""None"", ""endGameTowerRobot3"": ""None"", ""energizedAchieved"": true, ""foulPoints"": 5, ""g206Penalty"": false, ""hubScore"": {""autoCount"": 64, ""autoPoints"": 64, ""endgameCount"": 29, ""endgamePoints"": 29, ""shift1Count"": 0, ""shift1Points"": 0, ""shift2Count"": 30, ""shift2Points"": 30, ""shift3Count"": 0, ""shift3Points"": 0, ""shift4Count"": 43, ""shift4Points"": 43, ""teleopCount"": 103, ""teleopPoints"": 103, ""totalCount"": 167, ""totalPoints"": 167, ""transitionCount"": 1, ""transitionPoints"": 1, ""uncounted"": 5}, ""majorFoulCount"": 0, ""minorFoulCount"": 0, ""penalties"": ""None"", ""rp"": 1, ""superchargedAchieved"": false, ""totalAutoPoints"": 64, ""totalPoints"": 172, ""totalTeleopPoints"": 103, ""totalTowerPoints"": 0, ""traversalAchieved"": false}, ""red"": {""adjustPoints"": 0, ""autoTowerPoints"": 0, ""autoTowerRobot1"": ""None"", ""autoTowerRobot2"": ""None"", ""autoTowerRobot3"": ""None"", ""endGameTowerPoints"": 0, ""endGameTowerRobot1"": ""None"", ""endGameTowerRobot2"": ""None"", ""endGameTowerRobot3"": ""None"", ""energizedAchieved"": true, ""foulPoints"": 0, ""g206Penalty"": false, ""hubScore"": {""autoCount"": 54, ""autoPoints"": 54, ""endgameCount"": 105, ""endgamePoints"": 105, ""shift1Count"": 78, ""shift1Points"": 78, ""shift2Count"": 0, ""shift2Points"": 0, ""shift3Count"": 92, ""shift3Points"": 92, ""shift4Count"": 0, ""shift4Points"": 0, ""teleopCount"": 284, ""teleopPoints"": 284, ""totalCount"": 338, ""totalPoints"": 338, ""transitionCount"": 9, ""transitionPoints"": 9, ""uncounted"": 0}, ""majorFoulCount"": 0, ""minorFoulCount"": 1, ""penalties"": ""None"", ""rp"": 4, ""superchargedAchieved"": false, ""totalAutoPoints"": 54, ""totalPoints"": 338, ""totalTeleopPoints"": 284, ""totalTowerPoints"": 0, ""traversalAchieved"": false}}, ""set_number"": 1, ""time"": 1774666080, ""videos"": [], ""winning_alliance"": ""red""}","{""blue"": {""dq_team_keys"": [], ""score"": 172, ""surrogate_team_keys"": [], ""team_keys"": [""frc9430"", ""frc4662"", ""frc2930""]}, ""red"": {""dq_team_keys"": [], ""score"": 338, ""surrogate_team_keys"": [], ""team_keys"": [""frc997"", ""frc6696"", ""frc2898""]}}",[]
2026orore_qm50,50,qm,75.56066760000002,Scouting totals,"{""actual_time"": 1774667195, ""alliances"": {""blue"": {""dq_team_keys"": [], ""score"": 209, ""surrogate_team_keys"": [], ""team_keys"": [""frc2811"", ""frc749"", ""frc2990""]}, ""red"": {""dq_team_keys"": [], ""score"": 126, ""surrogate_team_keys"": [], ""team_keys"": [""frc2550"", ""frc3636"", ""frc2557""]}}, ""comp_level"": ""qm"", ""event_key"": ""2026orore"", ""key"": ""2026orore_qm50"", ""match_number"": 50, ""post_result_time"": 1774667388, ""predicted_time"": 1774667373, ""score_breakdown"": {""blue"": {""adjustPoints"": 0, ""autoTowerPoints"": 0, ""autoTowerRobot1"": ""None"", ""autoTowerRobot2"": ""None"", ""autoTowerRobot3"": ""None"", ""endGameTowerPoints"": 0, ""endGameTowerRobot1"": ""None"", ""endGameTowerRobot2"": ""None"", ""endGameTowerRobot3"": ""None"", ""energizedAchieved"": true, ""foulPoints"": 10, ""g206Penalty"": false, ""hubScore"": {""autoCount"": 57, ""autoPoints"": 57, ""endgameCount"": 41, ""endgamePoints"": 41, ""shift1Count"": 0, ""shift1Points"": 0, ""shift2Count"": 43, ""shift2Points"": 43, ""shift3Count"": 0, ""shift3Points"": 0, ""shift4Count"": 43, ""shift4Points"": 43, ""teleopCount"": 142, ""teleopPoints"": 142, ""totalCount"": 199, ""totalPoints"": 199, ""transitionCount"": 15, ""transitionPoints"": 15, ""uncounted"": 0}, ""majorFoulCount"": 0, ""minorFoulCount"": 1, ""penalties"": ""None"", ""rp"": 4, ""superchargedAchieved"": false, ""totalAutoPoints"": 57, ""totalPoints"": 209, ""totalTeleopPoints"": 142, ""totalTowerPoints"": 0, ""traversalAchieved"": false}, ""red"": {""adjustPoints"": 0, ""autoTowerPoints"": 0, ""autoTowerRobot1"": ""None"", ""autoTowerRobot2"": ""None"", ""autoTowerRobot3"": ""None"", ""endGameTowerPoints"": 10, ""endGameTowerRobot1"": ""Level1"", ""endGameTowerRobot2"": ""None"", ""endGameTowerRobot3"": ""None"", ""energizedAchieved"": true, ""foulPoints"": 5, ""g206Penalty"": false, ""hubScore"": {""autoCount"": 24, ""autoPoints"": 24, ""endgameCount"": 34, ""endgamePoints"": 34, ""shift1Count"": 19, ""shift1Points"": 19, ""shift2Count"": 0, ""shift2Points"": 0, ""shift3Count"": 28, ""shift3Points"": 28, ""shift4Count"": 0, ""shift4Points"": 0, ""teleopCount"": 87, ""teleopPoints"": 87, ""totalCount"": 111, ""totalPoints"": 111, ""transitionCount"": 6, ""transitionPoints"": 6, ""uncounted"": 0}, ""majorFoulCount"": 0, ""minorFoulCount"": 2, ""penalties"": ""None"", ""rp"": 1, ""superchargedAchieved"": false, ""totalAutoPoints"": 24, ""totalPoints"": 126, ""totalTeleopPoints"": 97, ""totalTowerPoints"": 10, ""traversalAchieved"": false}}, ""set_number"": 1, ""time"": 1774666620, ""videos"": [], ""winning_alliance"": ""blue""}","{""blue"": {""dq_team_keys"": [], ""score"": 209, ""surrogate_team_keys"": [], ""team_keys"": [""frc2811"", ""frc749"", ""frc2990""]}, ""red"": {""dq_team_keys"": [], ""score"": 126, ""surrogate_team_keys"": [], ""team_keys"": [""frc2550"", ""frc3636"", ""frc2557""]}}",[]
2026orore_qm51,51,qm,53.203865649999955,Scouting totals,"{""actual_time"": 1774667656, ""alliances"": {""blue"": {""dq_team_keys"": [], ""score"": 463, ""surrogate_team_keys"": [], ""team_keys"": [""frc1540"", ""frc3669"", ""frc4915""]}, ""red"": {""dq_team_keys"": [], ""score"": 226, ""surrogate_team_keys"": [], ""team_keys"": [""frc2635"", ""frc6465"", ""frc8032""]}}, ""comp_level"": ""qm"", ""event_key"": ""2026orore"", ""key"": ""2026orore_qm51"", ""match_number"": 51, ""post_result_time"": 1774667839, ""predicted_time"": 1774667786, ""score_breakdown"": {""blue"": {""adjustPoints"": 0, ""autoTowerPoints"": 0, ""autoTowerRobot1"": ""None"", ""autoTowerRobot2"": ""None"", ""autoTowerRobot3"": ""None"", ""endGameTowerPoints"": 0, ""endGameTowerRobot1"": ""None"", ""endGameTowerRobot2"": ""None"", ""endGameTowerRobot3"": ""None"", ""energizedAchieved"": true, ""foulPoints"": 10, ""g206Penalty"": false, ""hubScore"": {""autoCount"": 85, ""autoPoints"": 85, ""endgameCount"": 102, ""endgamePoints"": 102, ""shift1Count"": 0, ""shift1Points"": 0, ""shift2Count"": 136, ""shift2Points"": 136, ""shift3Count"": 0, ""shift3Points"": 0, ""shift4Count"": 88, ""shift4Points"": 88, ""teleopCount"": 368, ""teleopPoints"": 368, ""totalCount"": 453, ""totalPoints"": 453, ""transitionCount"": 42, ""transitionPoints"": 42, ""uncounted"": 0}, ""majorFoulCount"": 1, ""minorFoulCount"": 1, ""penalties"": ""None"", ""rp"": 5, ""superchargedAchieved"": true, ""totalAutoPoints"": 85, ""totalPoints"": 463, ""totalTeleopPoints"": 368, ""totalTowerPoints"": 0, ""traversalAchieved"": false}, ""red"": {""adjustPoints"": 0, ""autoTowerPoints"": 0, ""autoTowerRobot1"": ""None"", ""autoTowerRobot2"": ""None"", ""autoTowerRobot3"": ""None"", ""endGameTowerPoints"": 0, ""endGameTowerRobot1"": ""None"", ""endGameTowerRobot2"": ""None"", ""endGameTowerRobot3"": ""None"", ""energizedAchieved"": true, ""foulPoints"": 20, ""g206Penalty"": false, ""hubScore"": {""autoCount"": 44, ""autoPoints"": 44, ""endgameCount"": 59, ""endgamePoints"": 59, ""shift1Count"": 49, ""shift1Points"": 49, ""shift2Count"": 0, ""shift2Points"": 0, ""shift3Count"": 54, ""shift3Points"": 54, ""shift4Count"": 0, ""shift4Points"": 0, ""teleopCount"": 162, ""teleopPoints"": 162, ""totalCount"": 206, ""totalPoints"": 206, ""transitionCount"": 0, ""transitionPoints"": 0, ""uncounted"": 0}, ""majorFoulCount"": 0, ""minorFoulCount"": 2, ""penalties"": ""None"", ""rp"": 1, ""superchargedAchieved"": false, ""totalAutoPoints"": 44, ""totalPoints"": 226, ""totalTeleopPoints"": 162, ""totalTowerPoints"": 0, ""traversalAchieved"": false}}, ""set_number"": 1, ""time"": 1774667160, ""videos"": [], ""winning_alliance"": ""blue""}","{""blue"": {""dq_team_keys"": [], ""score"": 463, ""surrogate_team_keys"": [], ""team_keys"": [""frc1540"", ""frc3669"", ""frc4915""]}, ""red"": {""dq_team_keys"": [], ""score"": 226, ""surrogate_team_keys"": [], ""team_keys"": [""frc2635"", ""frc6465"", ""frc8032""]}}",[]
2026orore_qm52,52,qm,132.81192879999998,Scouting totals,"{""actual_time"": 1774668146, ""alliances"": {""blue"": {""dq_team_keys"": [], ""score"": 179, ""surrogate_team_keys"": [], ""team_keys"": [""frc2521"", ""frc1359"", ""frc9600""]}, ""red"": {""dq_team_keys"": [], ""score"": 230, ""surrogate_team_keys"": [], ""team_keys"": [""frc6831"", ""frc3674"", ""frc2915""]}}, ""comp_level"": ""qm"", ""event_key"": ""2026orore"", ""key"": ""2026orore_qm52"", ""match_number"": 52, ""post_result_time"": 1774668328, ""predicted_time"": 1774668612, ""score_breakdown"": {""blue"": {""adjustPoints"": 0, ""autoTowerPoints"": 15, ""autoTowerRobot1"": ""None"", ""autoTowerRobot2"": ""Level1"", ""autoTowerRobot3"": ""None"", ""endGameTowerPoints"": 10, ""endGameTowerRobot1"": ""None"", ""endGameTowerRobot2"": ""Level1"", ""endGameTowerRobot3"": ""None"", ""energizedAchieved"": true, ""foulPoints"": 0, ""g206Penalty"": false, ""hubScore"": {""autoCount"": 26, ""autoPoints"": 26, ""endgameCount"": 19, ""endgamePoints"": 19, ""shift1Count"": 42, ""shift1Points"": 42, ""shift2Count"": 0, ""shift2Points"": 0, ""shift3Count"": 62, ""shift3Points"": 62, ""shift4Count"": 0, ""shift4Points"": 0, ""teleopCount"": 128, ""teleopPoints"": 128, ""totalCount"": 154, ""totalPoints"": 154, ""transitionCount"": 5, ""transitionPoints"": 5, ""uncounted"": 10}, ""majorFoulCount"": 0, ""minorFoulCount"": 0, ""penalties"": ""None"", ""rp"": 1, ""superchargedAchieved"": false, ""totalAutoPoints"": 41, ""totalPoints"": 179, ""totalTeleopPoints"": 138, ""totalTowerPoints"": 25, ""traversalAchieved"": false}, ""red"": {""adjustPoints"": 0, ""autoTowerPoints"": 15, ""autoTowerRobot1"": ""None"", ""autoTowerRobot2"": ""Level1"", ""autoTowerRobot3"": ""None"", ""endGameTowerPoints"": 0, ""endGameTowerRobot1"": ""None"", ""endGameTowerRobot2"": ""None"", ""endGameTowerRobot3"": ""None"", ""energizedAchieved"": true, ""foulPoints"": 0, ""g206Penalty"": false, ""hubScore"": {""autoCount"": 27, ""autoPoints"": 27, ""endgameCount"": 66, ""endgamePoints"": 66, ""shift1Count"": 0, ""shift1Points"": 0, ""shift2Count"": 57, ""shift2Points"": 57, ""shift3Count"": 0, ""shift3Points"": 0, ""shift4Count"": 65, ""shift4Points"": 65, ""teleopCount"": 188, ""teleopPoints"": 188, ""totalCount"": 215, ""totalPoints"": 215, ""transitionCount"": 0, ""transitionPoints"": 0, ""uncounted"": 0}, ""majorFoulCount"": 0, ""minorFoulCount"": 0, ""penalties"": ""None"", ""rp"": 4, ""superchargedAchieved"": false, ""totalAutoPoints"": 42, ""totalPoints"": 230, ""totalTeleopPoints"": 188, ""totalTowerPoints"": 15, ""traversalAchieved"": false}}, ""set_number"": 1, ""time"": 1774667700, ""videos"": [], ""winning_alliance"": ""red""}","{""blue"": {""dq_team_keys"": [], ""score"": 179, ""surrogate_team_keys"": [], ""team_keys"": [""frc2521"", ""frc1359"", ""frc9600""]}, ""red"": {""dq_team_keys"": [], ""score"": 230, ""surrogate_team_keys"": [], ""team_keys"": [""frc6831"", ""frc3674"", ""frc2915""]}}",[]
2026orore_qm1,1,qm,50.52499999999999,TBA (Cais pre-match EPA),"{""actual_time"": 1774635299, ""alliances"": {""blue"": {""dq_team_keys"": [], ""score"": 182, ""surrogate_team_keys"": [], ""team_keys"": [""frc2898"", ""frc10991"", ""frc8032""]}, ""red"": {""dq_team_keys"": [], ""score"": 143, ""surrogate_team_keys"": [], ""team_keys"": [""frc2635"", ""frc2557"", ""frc3669""]}}, ""comp_level"": ""qm"", ""event_key"": ""2026orore"", ""key"": ""2026orore_qm1"", ""match_number"": 1, ""post_result_time"": 1774635481, ""predicted_time"": 1774635300, ""score_breakdown"": {""blue"": {""adjustPoints"": 0, ""autoTowerPoints"": 0, ""autoTowerRobot1"": ""None"", ""autoTowerRobot2"": ""None"", ""autoTowerRobot3"": ""None"", ""endGameTowerPoints"": 0, ""endGameTowerRobot1"": ""None"", ""endGameTowerRobot2"": ""None"", ""endGameTowerRobot3"": ""None"", ""energizedAchieved"": true, ""foulPoints"": 5, ""g206Penalty"": false, ""hubScore"": {""autoCount"": 38, ""autoPoints"": 38, ""endgameCount"": 39, ""endgamePoints"": 39, ""shift1Count"": 0, ""shift1Points"": 0, ""shift2Count"": 43, ""shift2Points"": 43, ""shift3Count"": 0, ""shift3Points"": 0, ""shift4Count"": 48, ""shift4Points"": 48, ""teleopCount"": 139, ""teleopPoints"": 139, ""totalCount"": 177, ""totalPoints"": 177, ""transitionCount"": 9, ""transitionPoints"": 9, ""uncounted"": 1}, ""majorFoulCount"": 0, ""minorFoulCount"": 1, ""penalties"": ""None"", ""rp"": 4, ""superchargedAchieved"": false, ""totalAutoPoints"": 38, ""totalPoints"": 182, ""totalTeleopPoints"": 139, ""totalTowerPoints"": 0, ""traversalAchieved"": false}, ""red"": {""adjustPoints"": 0, ""autoTowerPoints"": 0, ""autoTowerRobot1"": ""None"", ""autoTowerRobot2"": ""None"", ""autoTowerRobot3"": ""None"", ""endGameTowerPoints"": 0, ""endGameTowerRobot1"": ""None"", ""endGameTowerRobot2"": ""None"", ""endGameTowerRobot3"": ""None"", ""energizedAchieved"": true, ""foulPoints"": 5, ""g206Penalty"": false, ""hubScore"": {""autoCount"": 38, ""autoPoints"": 38, ""endgameCount"": 27, ""endgamePoints"": 27, ""shift1Count"": 34, ""shift1Points"": 34, ""shift2Count"": 0, ""shift2Points"": 0, ""shift3Count"": 39, ""shift3Points"": 39, ""shift4Count"": 0, ""shift4Points"": 0, ""teleopCount"": 100, ""teleopPoints"": 100, ""totalCount"": 138, ""totalPoints"": 138, ""transitionCount"": 0, ""transitionPoints"": 0, ""uncounted"": 5}, ""majorFoulCount"": 0, ""minorFoulCount"": 1, ""penalties"": ""None"", ""rp"": 1, ""superchargedAchieved"": false, ""totalAutoPoints"": 38, ""totalPoints"": 143, ""totalTeleopPoints"": 100, ""totalTowerPoints"": 0, ""traversalAchieved"": false}}, ""set_number"": 1, ""time"": 1774635300, ""videos"": [], ""winning_alliance"": ""blue""}","{""blue"": {""dq_team_keys"": [], ""score"": 182, ""surrogate_team_keys"": [], ""team_keys"": [""frc2898"", ""frc10991"", ""frc8032""]}, ""red"": {""dq_team_keys"": [], ""score"": 143, ""surrogate_team_keys"": [], ""team_keys"": [""frc2635"", ""frc2557"", ""frc3669""]}}",[]
2026orore_qm2,2,qm,28.045000000000016,TBA (Cais pre-match EPA),"{""actual_time"": 1774635854, ""alliances"": {""blue"": {""dq_team_keys"": [], ""score"": 169, ""surrogate_team_keys"": [], ""team_keys"": [""frc9567"", ""frc2521"", ""frc4488""]}, ""red"": {""dq_team_keys"": [], ""score"": 186, ""surrogate_team_keys"": [], ""team_keys"": [""frc4915"", ""frc4662"", ""frc6465""]}}, ""comp_level"": ""qm"", ""event_key"": ""2026orore"", ""key"": ""2026orore_qm2"", ""match_number"": 2, ""post_result_time"": 1774636036, ""predicted_time"": 1774635840, ""score_breakdown"": {""blue"": {""adjustPoints"": 0, ""autoTowerPoints"": 0, ""autoTowerRobot1"": ""None"", ""autoTowerRobot2"": ""None"", ""autoTowerRobot3"": ""None"", ""endGameTowerPoints"": 0, ""endGameTowerRobot1"": ""None"", ""endGameTowerRobot2"": ""None"", ""endGameTowerRobot3"": ""None"", ""energizedAchieved"": true, ""foulPoints"": 5, ""g206Penalty"": false, ""hubScore"": {""autoCount"": 44, ""autoPoints"": 44, ""endgameCount"": 7, ""endgamePoints"": 7, ""shift1Count"": 0, ""shift1Points"": 0, ""shift2Count"": 69, ""shift2Points"": 69, ""shift3Count"": 0, ""shift3Points"": 0, ""shift4Count"": 22, ""shift4Points"": 22, ""teleopCount"": 120, ""teleopPoints"": 120, ""totalCount"": 164, ""totalPoints"": 164, ""transitionCount"": 22, ""transitionPoints"": 22, ""uncounted"": 0}, ""majorFoulCount"": 0, ""minorFoulCount"": 1, ""penalties"": ""None"", ""rp"": 1, ""superchargedAchieved"": false, ""totalAutoPoints"": 44, ""totalPoints"": 169, ""totalTeleopPoints"": 120, ""totalTowerPoints"": 0, ""traversalAchieved"": false}, ""red"": {""adjustPoints"": 0, ""autoTowerPoints"": 0, ""autoTowerRobot1"": ""None"", ""autoTowerRobot2"": ""None"", ""autoTowerRobot3"": ""None"", ""endGameTowerPoints"": 0, ""endGameTowerRobot1"": ""None"", ""endGameTowerRobot2"": ""None"", ""endGameTowerRobot3"": ""None"", ""energizedAchieved"": true, ""foulPoints"": 5, ""g206Penalty"": false, ""hubScore"": {""autoCount"": 33, ""autoPoints"": 33, ""endgameCount"": 62, ""endgamePoints"": 62, ""shift1Count"": 32, ""shift1Points"": 32, ""shift2Count"": 0, ""shift2Points"": 0, ""shift3Count"": 53, ""shift3Points"": 53, ""shift4Count"": 0, ""shift4Points"": 0, ""teleopCount"": 148, ""teleopPoints"": 148, ""totalCount"": 181, ""totalPoints"": 181, ""transitionCount"": 1, ""transitionPoints"": 1, ""uncounted"": 0}, ""majorFoulCount"": 0, ""minorFoulCount"": 1, ""penalties"": ""None"", ""rp"": 4, ""superchargedAchieved"": false, ""totalAutoPoints"": 33, ""totalPoints"": 186, ""totalTeleopPoints"": 148, ""totalTowerPoints"": 0, ""traversalAchieved"": false}}, ""set_number"": 1, ""time"": 1774635840, ""videos"": [], ""winning_alliance"": ""red""}","{""blue"": {""dq_team_keys"": [], ""score"": 169, ""surrogate_team_keys"": [], ""team_keys"": [""frc9567"", ""frc2521"", ""frc4488""]}, ""red"": {""dq_team_keys"": [], ""score"": 186, ""surrogate_team_keys"": [], ""team_keys"": [""frc4915"", ""frc4662"", ""frc6465""]}}",[]
2026orore_qm3,3,qm,35.47000000000001,TBA (Cais pre-match EPA),"{""actual_time"": 1774636335, ""alliances"": {""blue"": {""dq_team_keys"": [], ""score"": 106, ""surrogate_team_keys"": [], ""team_keys"": [""frc2733"", ""frc2811"", ""frc2550""]}, ""red"": {""dq_team_keys"": [], ""score"": 297, ""surrogate_team_keys"": [], ""team_keys"": [""frc3674"", ""frc1425"", ""frc3636""]}}, ""comp_level"": ""qm"", ""event_key"": ""2026orore"", ""key"": ""2026orore_qm3"", ""match_number"": 3, ""post_result_time"": 1774636551, ""predicted_time"": 1774636424, ""score_breakdown"": {""blue"": {""adjustPoints"": 0, ""autoTowerPoints"": 0, ""autoTowerRobot1"": ""None"", ""autoTowerRobot2"": ""None"", ""autoTowerRobot3"": ""None"", ""endGameTowerPoints"": 0, ""endGameTowerRobot1"": ""None"", ""endGameTowerRobot2"": ""None"", ""endGameTowerRobot3"": ""None"", ""energizedAchieved"": true, ""foulPoints"": 0, ""g206Penalty"": false, ""hubScore"": {""autoCount"": 22, ""autoPoints"": 22, ""endgameCount"": 50, ""endgamePoints"": 50, ""shift1Count"": 12, ""shift1Points"": 12, ""shift2Count"": 0, ""shift2Points"": 0, ""shift3Count"": 19, ""shift3Points"": 19, ""shift4Count"": 0, ""shift4Points"": 0, ""teleopCount"": 84, ""teleopPoints"": 84, ""totalCount"": 106, ""totalPoints"": 106, ""transitionCount"": 3, ""transitionPoints"": 3, ""uncounted"": 1}, ""majorFoulCount"": 2, ""minorFoulCount"": 2, ""penalties"": ""None"", ""rp"": 1, ""superchargedAchieved"": false, ""totalAutoPoints"": 22, ""totalPoints"": 106, ""totalTeleopPoints"": 84, ""totalTowerPoints"": 0, ""traversalAchieved"": false}, ""red"": {""adjustPoints"": 0, ""autoTowerPoints"": 15, ""autoTowerRobot1"": ""Level1"", ""autoTowerRobot2"": ""None"", ""autoTowerRobot3"": ""None"", ""endGameTowerPoints"": 0, ""endGameTowerRobot1"": ""None"", ""endGameTowerRobot2"": ""None"", ""endGameTowerRobot3"": ""None"", ""energizedAchieved"": true, ""foulPoints"": 40, ""g206Penalty"": false, ""hubScore"": {""autoCount"": 79, ""autoPoints"": 79, ""endgameCount"": 32, ""endgamePoints"": 32, ""shift1Count"": 0, ""shift1Points"": 0, ""shift2Count"": 72, ""shift2Points"": 72, ""shift3Count"": 0, ""shift3Points"": 0, ""shift4Count"": 38, ""shift4Points"": 38, ""teleopCount"": 163, ""teleopPoints"": 163, ""totalCount"": 242, ""totalPoints"": 242, ""transitionCount"": 21, ""transitionPoints"": 21, ""uncounted"": 5}, ""majorFoulCount"": 0, ""minorFoulCount"": 0, ""penalties"": ""None"", ""rp"": 4, ""superchargedAchieved"": false, ""totalAutoPoints"": 94, ""totalPoints"": 297, ""totalTeleopPoints"": 163, ""totalTowerPoints"": 15, ""traversalAchieved"": false}}, ""set_number"": 1, ""time"": 1774636440, ""videos"": [], ""winning_alliance"": ""red""}","{""blue"": {""dq_team_keys"": [], ""score"": 106, ""surrogate_team_keys"": [], ""team_keys"": [""frc2733"", ""frc2811"", ""frc2550""]}, ""red"": {""dq_team_keys"": [], ""score"": 297, ""surrogate_team_keys"": [], ""team_keys"": [""frc3674"", ""frc1425"", ""frc3636""]}}",[]
2026orore_qm4,4,qm,69.64999999999999,TBA (Cais pre-match EPA),"{""actual_time"": 1774637043, ""alliances"": {""blue"": {""dq_team_keys"": [], ""score"": 152, ""surrogate_team_keys"": [], ""team_keys"": [""frc1359"", ""frc6831"", ""frc2990""]}, ""red"": {""dq_team_keys"": [], ""score"": 229, ""surrogate_team_keys"": [], ""team_keys"": [""frc5970"", ""frc9430"", ""frc957""]}}, ""comp_level"": ""qm"", ""event_key"": ""2026orore"", ""key"": ""2026orore_qm4"", ""match_number"": 4, ""post_result_time"": 1774637223, ""predicted_time"": 1774637152, ""score_breakdown"": {""blue"": {""adjustPoints"": 0, ""autoTowerPoints"": 0, ""autoTowerRobot1"": ""None"", ""autoTowerRobot2"": ""None"", ""autoTowerRobot3"": ""None"", ""endGameTowerPoints"": 0, ""endGameTowerRobot1"": ""None"", ""endGameTowerRobot2"": ""None"", ""endGameTowerRobot3"": ""None"", ""energizedAchieved"": true, ""foulPoints"": 0, ""g206Penalty"": false, ""hubScore"": {""autoCount"": 39, ""autoPoints"": 39, ""endgameCount"": 39, ""endgamePoints"": 39, ""shift1Count"": 30, ""shift1Points"": 30, ""shift2Count"": 0, ""shift2Points"": 0, ""shift3Count"": 36, ""shift3Points"": 36, ""shift4Count"": 0, ""shift4Points"": 0, ""teleopCount"": 113, ""teleopPoints"": 113, ""totalCount"": 152, ""totalPoints"": 152, ""transitionCount"": 8, ""transitionPoints"": 8, ""uncounted"": 6}, ""majorFoulCount"": 0, ""minorFoulCount"": 1, ""penalties"": ""None"", ""rp"": 1, ""superchargedAchieved"": false, ""totalAutoPoints"": 39, ""totalPoints"": 152, ""totalTeleopPoints"": 113, ""totalTowerPoints"": 0, ""traversalAchieved"": false}, ""red"": {""adjustPoints"": 0, ""autoTowerPoints"": 0, ""autoTowerRobot1"": ""None"", ""autoTowerRobot2"": ""None"", ""autoTowerRobot3"": ""None"", ""endGameTowerPoints"": 0, ""endGameTowerRobot1"": ""None"", ""endGameTowerRobot2"": ""None"", ""endGameTowerRobot3"": ""None"", ""energizedAchieved"": true, ""foulPoints"": 5, ""g206Penalty"": false, ""hubScore"": {""autoCount"": 63, ""autoPoints"": 63, ""endgameCount"": 43, ""endgamePoints"": 43, ""shift1Count"": 0, ""shift1Points"": 0, ""shift2Count"": 67, ""shift2Points"": 67, ""shift3Count"": 0, ""shift3Points"": 0, ""shift4Count"": 50, ""shift4Points"": 50, ""teleopCount"": 161, ""teleopPoints"": 161, ""totalCount"": 224, ""totalPoints"": 224, ""transitionCount"": 1, ""transitionPoints"": 1, ""uncounted"": 2}, ""majorFoulCount"": 0, ""minorFoulCount"": 0, ""penalties"": ""None"", ""rp"": 4, ""superchargedAchieved"": false, ""totalAutoPoints"": 63, ""totalPoints"": 229, ""totalTeleopPoints"": 161, ""totalTowerPoints"": 0, ""traversalAchieved"": false}}, ""set_number"": 1, ""time"": 1774637040, ""videos"": [{""key"": ""sT8yZXneDPQ"", ""type"": ""youtube""}], ""winning_alliance"": ""red""}","{""blue"": {""dq_team_keys"": [], ""score"": 152, ""surrogate_team_keys"": [], ""team_keys"": [""frc1359"", ""frc6831"", ""frc2990""]}, ""red"": {""dq_team_keys"": [], ""score"": 229, ""surrogate_team_keys"": [], ""team_keys"": [""frc5970"", ""frc9430"", ""frc957""]}}",[]
2026orore_qm5,5,qm,119.11500000000001,TBA (Cais pre-match EPA),"{""actual_time"": 1774637488, ""alliances"": {""blue"": {""dq_team_keys"": [], ""score"": 370, ""surrogate_team_keys"": [], ""team_keys"": [""frc955"", ""frc2471"", ""frc10444""]}, ""red"": {""dq_team_keys"": [], ""score"": 186, ""surrogate_team_keys"": [], ""team_keys"": [""frc5975"", ""frc749"", ""frc997""]}}, ""comp_level"": ""qm"", ""event_key"": ""2026orore"", ""key"": ""2026orore_qm5"", ""match_number"": 5, ""post_result_time"": 1774637672, ""predicted_time"": 1774637667, ""score_breakdown"": {""blue"": {""adjustPoints"": 0, ""autoTowerPoints"": 0, ""autoTowerRobot1"": ""None"", ""autoTowerRobot2"": ""None"", ""autoTowerRobot3"": ""None"", ""endGameTowerPoints"": 0, ""endGameTowerRobot1"": ""None"", ""endGameTowerRobot2"": ""None"", ""endGameTowerRobot3"": ""None"", ""energizedAchieved"": true, ""foulPoints"": 0, ""g206Penalty"": false, ""hubScore"": {""autoCount"": 92, ""autoPoints"": 92, ""endgameCount"": 71, ""endgamePoints"": 71, ""shift1Count"": 0, ""shift1Points"": 0, ""shift2Count"": 84, ""shift2Points"": 84, ""shift3Count"": 0, ""shift3Points"": 0, ""shift4Count"": 87, ""shift4Points"": 87, ""teleopCount"": 278, ""teleopPoints"": 278, ""totalCount"": 370, ""totalPoints"": 370, ""transitionCount"": 36, ""transitionPoints"": 36, ""uncounted"": 2}, ""majorFoulCount"": 1, ""minorFoulCount"": 2, ""penalties"": ""None"", ""rp"": 5, ""superchargedAchieved"": true, ""totalAutoPoints"": 92, ""totalPoints"": 370, ""totalTeleopPoints"": 278, ""totalTowerPoints"": 0, ""traversalAchieved"": false}, ""red"": {""adjustPoints"": 0, ""autoTowerPoints"": 0, ""autoTowerRobot1"": ""None"", ""autoTowerRobot2"": ""None"", ""autoTowerRobot3"": ""None"", ""endGameTowerPoints"": 0, ""endGameTowerRobot1"": ""None"", ""endGameTowerRobot2"": ""None"", ""endGameTowerRobot3"": ""None"", ""energizedAchieved"": true, ""foulPoints"": 25, ""g206Penalty"": false, ""hubScore"": {""autoCount"": 15, ""autoPoints"": 15, ""endgameCount"": 44, ""endgamePoints"": 44, ""shift1Count"": 39, ""shift1Points"": 39, ""shift2Count"": 0, ""shift2Points"": 0, ""shift3Count"": 62, ""shift3Points"": 62, ""shift4Count"": 0, ""shift4Points"": 0, ""teleopCount"": 146, ""teleopPoints"": 146, ""totalCount"": 161, ""totalPoints"": 161, ""transitionCount"": 1, ""transitionPoints"": 1, ""uncounted"": 0}, ""majorFoulCount"": 0, ""minorFoulCount"": 0, ""penalties"": ""None"", ""rp"": 1, ""superchargedAchieved"": false, ""totalAutoPoints"": 15, ""totalPoints"": 186, ""totalTeleopPoints"": 146, ""totalTowerPoints"": 0, ""traversalAchieved"": false}}, ""set_number"": 1, ""time"": 1774637640, ""videos"": [{""key"": ""Wcer9jNM9vU"", ""type"": ""youtube""}], ""winning_alliance"": ""blue""}","{""blue"": {""dq_team_keys"": [], ""score"": 370, ""surrogate_team_keys"": [], ""team_keys"": [""frc955"", ""frc2471"", ""frc10444""]}, ""red"": {""dq_team_keys"": [], ""score"": 186, ""surrogate_team_keys"": [], ""team_keys"": [""frc5975"", ""frc749"", ""frc997""]}}",[]
2026orore_qm6,6,qm,28.014999999999986,TBA (Cais pre-match EPA),"{""actual_time"": 1774638050, ""alliances"": {""blue"": {""dq_team_keys"": [], ""score"": 261, ""surrogate_team_keys"": [], ""team_keys"": [""frc6696"", ""frc2930"", ""frc8032""]}, ""red"": {""dq_team_keys"": [], ""score"": 213, ""surrogate_team_keys"": [], ""team_keys"": [""frc9600"", ""frc1540"", ""frc2915""]}}, ""comp_level"": ""qm"", ""event_key"": ""2026orore"", ""key"": ""2026orore_qm6"", ""match_number"": 6, ""post_result_time"": 1774638233, ""predicted_time"": 1774638093, ""score_breakdown"": {""blue"": {""adjustPoints"": 0, ""autoTowerPoints"": 0, ""autoTowerRobot1"": ""None"", ""autoTowerRobot2"": ""None"", ""autoTowerRobot3"": ""None"", ""endGameTowerPoints"": 0, ""endGameTowerRobot1"": ""None"", ""endGameTowerRobot2"": ""None"", ""endGameTowerRobot3"": ""None"", ""energizedAchieved"": true, ""foulPoints"": 5, ""g206Penalty"": false, ""hubScore"": {""autoCount"": 44, ""autoPoints"": 44, ""endgameCount"": 54, ""endgamePoints"": 54, ""shift1Count"": 0, ""shift1Points"": 0, ""shift2Count"": 75, ""shift2Points"": 75, ""shift3Count"": 0, ""shift3Points"": 0, ""shift4Count"": 70, ""shift4Points"": 70, ""teleopCount"": 212, ""teleopPoints"": 212, ""totalCount"": 256, ""totalPoints"": 256, ""transitionCount"": 13, ""transitionPoints"": 13, ""uncounted"": 4}, ""majorFoulCount"": 0, ""minorFoulCount"": 1, ""penalties"": ""None"", ""rp"": 4, ""superchargedAchieved"": false, ""totalAutoPoints"": 44, ""totalPoints"": 261, ""totalTeleopPoints"": 212, ""totalTowerPoints"": 0, ""traversalAchieved"": false}, ""red"": {""adjustPoints"": 0, ""autoTowerPoints"": 0, ""autoTowerRobot1"": ""None"", ""autoTowerRobot2"": ""None"", ""autoTowerRobot3"": ""None"", ""endGameTowerPoints"": 0, ""endGameTowerRobot1"": ""None"", ""endGameTowerRobot2"": ""None"", ""endGameTowerRobot3"": ""None"", ""energizedAchieved"": true, ""foulPoints"": 5, ""g206Penalty"": false, ""hubScore"": {""autoCount"": 13, ""autoPoints"": 13, ""endgameCount"": 75, ""endgamePoints"": 75, ""shift1Count"": 18, ""shift1Points"": 18, ""shift2Count"": 0, ""shift2Points"": 0, ""shift3Count"": 101, ""shift3Points"": 101, ""shift4Count"": 0, ""shift4Points"": 0, ""teleopCount"": 195, ""teleopPoints"": 195, ""totalCount"": 208, ""totalPoints"": 208, ""transitionCount"": 1, ""transitionPoints"": 1, ""uncounted"": 1}, ""majorFoulCount"": 0, ""minorFoulCount"": 1, ""penalties"": ""None"", ""rp"": 1, ""superchargedAchieved"": false, ""totalAutoPoints"": 13, ""totalPoints"": 213, ""totalTeleopPoints"": 195, ""totalTowerPoints"": 0, ""traversalAchieved"": false}}, ""set_number"": 1, ""time"": 1774638240, ""videos"": [{""key"": ""7Cm5xag-ryw"", ""type"": ""youtube""}], ""winning_alliance"": ""blue""}","{""blue"": {""dq_team_keys"": [], ""score"": 261, ""surrogate_team_keys"": [], ""team_keys"": [""frc6696"", ""frc2930"", ""frc8032""]}, ""red"": {""dq_team_keys"": [], ""score"": 213, ""surrogate_team_keys"": [], ""team_keys"": [""frc9600"", ""frc1540"", ""frc2915""]}}",[]
2026orore_qm7,7,qm,79.66499999999999,TBA (Cais pre-match EPA),"{""actual_time"": 1774638482, ""alliances"": {""blue"": {""dq_team_keys"": [], ""score"": 345, ""surrogate_team_keys"": [], ""team_keys"": [""frc1425"", ""frc10991"", ""frc4915""]}, ""red"": {""dq_team_keys"": [], ""score"": 217, ""surrogate_team_keys"": [], ""team_keys"": [""frc4662"", ""frc2990"", ""frc2521""]}}, ""comp_level"": ""qm"", ""event_key"": ""2026orore"", ""key"": ""2026orore_qm7"", ""match_number"": 7, ""post_result_time"": 1774638669, ""predicted_time"": 1774638631, ""score_breakdown"": {""blue"": {""adjustPoints"": 0, ""autoTowerPoints"": 0, ""autoTowerRobot1"": ""None"", ""autoTowerRobot2"": ""None"", ""autoTowerRobot3"": ""None"", ""endGameTowerPoints"": 0, ""endGameTowerRobot1"": ""None"", ""endGameTowerRobot2"": ""None"", ""endGameTowerRobot3"": ""None"", ""energizedAchieved"": true, ""foulPoints"": 85, ""g206Penalty"": false, ""hubScore"": {""autoCount"": 91, ""autoPoints"": 91, ""endgameCount"": 15, ""endgamePoints"": 15, ""shift1Count"": 0, ""shift1Points"": 0, ""shift2Count"": 112, ""shift2Points"": 112, ""shift3Count"": 0, ""shift3Points"": 0, ""shift4Count"": 23, ""shift4Points"": 23, ""teleopCount"": 169, ""teleopPoints"": 169, ""totalCount"": 260, ""totalPoints"": 260, ""transitionCount"": 19, ""transitionPoints"": 19, ""uncounted"": 6}, ""majorFoulCount"": 0, ""minorFoulCount"": 0, ""penalties"": ""None"", ""rp"": 4, ""superchargedAchieved"": false, ""totalAutoPoints"": 91, ""totalPoints"": 345, ""totalTeleopPoints"": 169, ""totalTowerPoints"": 0, ""traversalAchieved"": false}, ""red"": {""adjustPoints"": 0, ""autoTowerPoints"": 0, ""autoTowerRobot1"": ""None"", ""autoTowerRobot2"": ""None"", ""autoTowerRobot3"": ""None"", ""endGameTowerPoints"": 0, ""endGameTowerRobot1"": ""None"", ""endGameTowerRobot2"": ""None"", ""endGameTowerRobot3"": ""None"", ""energizedAchieved"": true, ""foulPoints"": 0, ""g206Penalty"": false, ""hubScore"": {""autoCount"": 42, ""autoPoints"": 42, ""endgameCount"": 79, ""endgamePoints"": 79, ""shift1Count"": 19, ""shift1Points"": 19, ""shift2Count"": 0, ""shift2Points"": 0, ""shift3Count"": 71, ""shift3Points"": 71, ""shift4Count"": 0, ""shift4Points"": 0, ""teleopCount"": 175, ""teleopPoints"": 175, ""totalCount"": 217, ""totalPoints"": 217, ""transitionCount"": 6, ""transitionPoints"": 6, ""uncounted"": 2}, ""majorFoulCount"": 5, ""minorFoulCount"": 2, ""penalties"": ""None"", ""rp"": 1, ""superchargedAchieved"": false, ""totalAutoPoints"": 42, ""totalPoints"": 217, ""totalTeleopPoints"": 175, ""totalTowerPoints"": 0, ""traversalAchieved"": false}}, ""set_number"": 1, ""time"": 1774638840, ""videos"": [{""key"": ""ffOJ_RC08Lk"", ""type"": ""youtube""}], ""winning_alliance"": ""blue""}","{""blue"": {""dq_team_keys"": [], ""score"": 345, ""surrogate_team_keys"": [], ""team_keys"": [""frc1425"", ""frc10991"", ""frc4915""]}, ""red"": {""dq_team_keys"": [], ""score"": 217, ""surrogate_team_keys"": [], ""team_keys"": [""frc4662"", ""frc2990"", ""frc2521""]}}",[]
2026orore_qm8,8,qm,72.66,TBA (Cais pre-match EPA),"{""actual_time"": 1774639113, ""alliances"": {""blue"": {""dq_team_keys"": [], ""score"": 210, ""surrogate_team_keys"": [], ""team_keys"": [""frc749"", ""frc3674"", ""frc9567""]}, ""red"": {""dq_team_keys"": [], ""score"": 319, ""surrogate_team_keys"": [], ""team_keys"": [""frc957"", ""frc2471"", ""frc2898""]}}, ""comp_level"": ""qm"", ""event_key"": ""2026orore"", ""key"": ""2026orore_qm8"", ""match_number"": 8, ""post_result_time"": 1774639293, ""predicted_time"": 1774639098, ""score_breakdown"": {""blue"": {""adjustPoints"": 0, ""autoTowerPoints"": 0, ""autoTowerRobot1"": ""None"", ""autoTowerRobot2"": ""None"", ""autoTowerRobot3"": ""None"", ""endGameTowerPoints"": 0, ""endGameTowerRobot1"": ""None"", ""endGameTowerRobot2"": ""None"", ""endGameTowerRobot3"": ""None"", ""energizedAchieved"": true, ""foulPoints"": 10, ""g206Penalty"": false, ""hubScore"": {""autoCount"": 33, ""autoPoints"": 33, ""endgameCount"": 80, ""endgamePoints"": 80, ""shift1Count"": 43, ""shift1Points"": 43, ""shift2Count"": 0, ""shift2Points"": 0, ""shift3Count"": 40, ""shift3Points"": 40, ""shift4Count"": 0, ""shift4Points"": 0, ""teleopCount"": 167, ""teleopPoints"": 167, ""totalCount"": 200, ""totalPoints"": 200, ""transitionCount"": 4, ""transitionPoints"": 4, ""uncounted"": 2}, ""majorFoulCount"": 0, ""minorFoulCount"": 0, ""penalties"": ""None"", ""rp"": 1, ""superchargedAchieved"": false, ""totalAutoPoints"": 33, ""totalPoints"": 210, ""totalTeleopPoints"": 167, ""totalTowerPoints"": 0, ""traversalAchieved"": false}, ""red"": {""adjustPoints"": 0, ""autoTowerPoints"": 0, ""autoTowerRobot1"": ""None"", ""autoTowerRobot2"": ""None"", ""autoTowerRobot3"": ""None"", ""endGameTowerPoints"": 0, ""endGameTowerRobot1"": ""None"", ""endGameTowerRobot2"": ""None"", ""endGameTowerRobot3"": ""None"", ""energizedAchieved"": true, ""foulPoints"": 0, ""g206Penalty"": false, ""hubScore"": {""autoCount"": 100, ""autoPoints"": 100, ""endgameCount"": 48, ""endgamePoints"": 48, ""shift1Count"": 0, ""shift1Points"": 0, ""shift2Count"": 74, ""shift2Points"": 74, ""shift3Count"": 0, ""shift3Points"": 0, ""shift4Count"": 91, ""shift4Points"": 91, ""teleopCount"": 219, ""teleopPoints"": 219, ""totalCount"": 319, ""totalPoints"": 319, ""transitionCount"": 6, ""transitionPoints"": 6, ""uncounted"": 0}, ""majorFoulCount"": 0, ""minorFoulCount"": 2, ""penalties"": ""None"", ""rp"": 4, ""superchargedAchieved"": false, ""totalAutoPoints"": 100, ""totalPoints"": 319, ""totalTeleopPoints"": 219, ""totalTowerPoints"": 0, ""traversalAchieved"": false}}, ""set_number"": 1, ""time"": 1774639440, ""videos"": [{""key"": ""7JUusnsr1iA"", ""type"": ""youtube""}], ""winning_alliance"": ""red""}","{""blue"": {""dq_team_keys"": [], ""score"": 210, ""surrogate_team_keys"": [], ""team_keys"": [""frc749"", ""frc3674"", ""frc9567""]}, ""red"": {""dq_team_keys"": [], ""score"": 319, ""surrogate_team_keys"": [], ""team_keys"": [""frc957"", ""frc2471"", ""frc2898""]}}",[]
2026orore_qm9,9,qm,17.295,TBA (Cais pre-match EPA),"{""actual_time"": 1774639574, ""alliances"": {""blue"": {""dq_team_keys"": [], ""score"": 76, ""surrogate_team_keys"": [], ""team_keys"": [""frc3636"", ""frc5970"", ""frc9600""]}, ""red"": {""dq_team_keys"": [], ""score"": 237, ""surrogate_team_keys"": [], ""team_keys"": [""frc3669"", ""frc955"", ""frc9430""]}}, ""comp_level"": ""qm"", ""event_key"": ""2026orore"", ""key"": ""2026orore_qm9"", ""match_number"": 9, ""post_result_time"": 1774639824, ""predicted_time"": 1774639729, ""score_breakdown"": {""blue"": {""adjustPoints"": 0, ""autoTowerPoints"": 0, ""autoTowerRobot1"": ""None"", ""autoTowerRobot2"": ""None"", ""autoTowerRobot3"": ""None"", ""endGameTowerPoints"": 0, ""endGameTowerRobot1"": ""None"", ""endGameTowerRobot2"": ""None"", ""endGameTowerRobot3"": ""None"", ""energizedAchieved"": false, ""foulPoints"": 10, ""g206Penalty"": false, ""hubScore"": {""autoCount"": 8, ""autoPoints"": 8, ""endgameCount"": 3, ""endgamePoints"": 3, ""shift1Count"": 26, ""shift1Points"": 26, ""shift2Count"": 0, ""shift2Points"": 0, ""shift3Count"": 28, ""shift3Points"": 28, ""shift4Count"": 0, ""shift4Points"": 0, ""teleopCount"": 58, ""teleopPoints"": 58, ""totalCount"": 66, ""totalPoints"": 66, ""transitionCount"": 1, ""transitionPoints"": 1, ""uncounted"": 3}, ""majorFoulCount"": 0, ""minorFoulCount"": 1, ""penalties"": ""None"", ""rp"": 0, ""superchargedAchieved"": false, ""totalAutoPoints"": 8, ""totalPoints"": 76, ""totalTeleopPoints"": 58, ""totalTowerPoints"": 0, ""traversalAchieved"": false}, ""red"": {""adjustPoints"": 0, ""autoTowerPoints"": 0, ""autoTowerRobot1"": ""None"", ""autoTowerRobot2"": ""None"", ""autoTowerRobot3"": ""None"", ""endGameTowerPoints"": 0, ""endGameTowerRobot1"": ""None"", ""endGameTowerRobot2"": ""None"", ""endGameTowerRobot3"": ""None"", ""energizedAchieved"": true, ""foulPoints"": 5, ""g206Penalty"": false, ""hubScore"": {""autoCount"": 96, ""autoPoints"": 96, ""endgameCount"": 41, ""endgamePoints"": 41, ""shift1Count"": 0, ""shift1Points"": 0, ""shift2Count"": 58, ""shift2Points"": 58, ""shift3Count"": 0, ""shift3Points"": 0, ""shift4Count"": 27, ""shift4Points"": 27, ""teleopCount"": 136, ""teleopPoints"": 136, ""totalCount"": 232, ""totalPoints"": 232, ""transitionCount"": 10, ""transitionPoints"": 10, ""uncounted"": 1}, ""majorFoulCount"": 0, ""minorFoulCount"": 2, ""penalties"": ""None"", ""rp"": 4, ""superchargedAchieved"": false, ""totalAutoPoints"": 96, ""totalPoints"": 237, ""totalTeleopPoints"": 136, ""totalTowerPoints"": 0, ""traversalAchieved"": false}}, ""set_number"": 1, ""time"": 1774640040, ""videos"": [{""key"": ""vtQYhTo1ZLY"", ""type"": ""youtube""}], ""winning_alliance"": ""red""}","{""blue"": {""dq_team_keys"": [], ""score"": 76, ""surrogate_team_keys"": [], ""team_keys"": [""frc3636"", ""frc5970"", ""frc9600""]}, ""red"": {""dq_team_keys"": [], ""score"": 237, ""surrogate_team_keys"": [], ""team_keys"": [""frc3669"", ""frc955"", ""frc9430""]}}",[]
2026orore_qm10,10,qm,16.01,TBA (Cais pre-match EPA),"{""actual_time"": 1774640102, ""alliances"": {""blue"": {""dq_team_keys"": [], ""score"": 54, ""surrogate_team_keys"": [], ""team_keys"": [""frc5975"", ""frc2733"", ""frc2635""]}, ""red"": {""dq_team_keys"": [], ""score"": 80, ""surrogate_team_keys"": [], ""team_keys"": [""frc2550"", ""frc10444"", ""frc2915""]}}, ""comp_level"": ""qm"", ""event_key"": ""2026orore"", ""key"": ""2026orore_qm10"", ""match_number"": 10, ""post_result_time"": 1774640282, ""predicted_time"": 1774640246, ""score_breakdown"": {""blue"": {""adjustPoints"": 0, ""autoTowerPoints"": 0, ""autoTowerRobot1"": ""None"", ""autoTowerRobot2"": ""None"", ""autoTowerRobot3"": ""None"", ""endGameTowerPoints"": 0, ""endGameTowerRobot1"": ""None"", ""endGameTowerRobot2"": ""None"", ""endGameTowerRobot3"": ""None"", ""energizedAchieved"": false, ""foulPoints"": 5, ""g206Penalty"": false, ""hubScore"": {""autoCount"": 10, ""autoPoints"": 10, ""endgameCount"": 14, ""endgamePoints"": 14, ""shift1Count"": 8, ""shift1Points"": 8, ""shift2Count"": 0, ""shift2Points"": 0, ""shift3Count"": 17, ""shift3Points"": 17, ""shift4Count"": 0, ""shift4Points"": 0, ""teleopCount"": 39, ""teleopPoints"": 39, ""totalCount"": 49, ""totalPoints"": 49, ""transitionCount"": 0, ""transitionPoints"": 0, ""uncounted"": 2}, ""majorFoulCount"": 0, ""minorFoulCount"": 0, ""penalties"": ""None"", ""rp"": 0, ""superchargedAchieved"": false, ""totalAutoPoints"": 10, ""totalPoints"": 54, ""totalTeleopPoints"": 39, ""totalTowerPoints"": 0, ""traversalAchieved"": false}, ""red"": {""adjustPoints"": 0, ""autoTowerPoints"": 0, ""autoTowerRobot1"": ""None"", ""autoTowerRobot2"": ""None"", ""autoTowerRobot3"": ""None"", ""endGameTowerPoints"": 10, ""endGameTowerRobot1"": ""Level1"", ""endGameTowerRobot2"": ""None"", ""endGameTowerRobot3"": ""None"", ""energizedAchieved"": false, ""foulPoints"": 0, ""g206Penalty"": false, ""hubScore"": {""autoCount"": 16, ""autoPoints"": 16, ""endgameCount"": 12, ""endgamePoints"": 12, ""shift1Count"": 0, ""shift1Points"": 0, ""shift2Count"": 27, ""shift2Points"": 27, ""shift3Count"": 0, ""shift3Points"": 0, ""shift4Count"": 12, ""shift4Points"": 12, ""teleopCount"": 54, ""teleopPoints"": 54, ""totalCount"": 70, ""totalPoints"": 70, ""transitionCount"": 3, ""transitionPoints"": 3, ""uncounted"": 9}, ""majorFoulCount"": 0, ""minorFoulCount"": 1, ""penalties"": ""None"", ""rp"": 3, ""superchargedAchieved"": false, ""totalAutoPoints"": 16, ""totalPoints"": 80, ""totalTeleopPoints"": 64, ""totalTowerPoints"": 10, ""traversalAchieved"": false}}, ""set_number"": 1, ""time"": 1774640640, ""videos"": [{""key"": ""GWWXjT2n7gg"", ""type"": ""youtube""}], ""winning_alliance"": ""red""}","{""blue"": {""dq_team_keys"": [], ""score"": 54, ""surrogate_team_keys"": [], ""team_keys"": [""frc5975"", ""frc2733"", ""frc2635""]}, ""red"": {""dq_team_keys"": [], ""score"": 80, ""surrogate_team_keys"": [], ""team_keys"": [""frc2550"", ""frc10444"", ""frc2915""]}}",[]
2026orore_qm11,11,qm,110.005,TBA (Cais pre-match EPA),"{""actual_time"": 1774640611, ""alliances"": {""blue"": {""dq_team_keys"": [], ""score"": 351, ""surrogate_team_keys"": [], ""team_keys"": [""frc6696"", ""frc6465"", ""frc4488""]}, ""red"": {""dq_team_keys"": [], ""score"": 164, ""surrogate_team_keys"": [], ""team_keys"": [""frc997"", ""frc2930"", ""frc2811""]}}, ""comp_level"": ""qm"", ""event_key"": ""2026orore"", ""key"": ""2026orore_qm11"", ""match_number"": 11, ""post_result_time"": 1774640792, ""predicted_time"": 1774641133, ""score_breakdown"": {""blue"": {""adjustPoints"": 0, ""autoTowerPoints"": 0, ""autoTowerRobot1"": ""None"", ""autoTowerRobot2"": ""None"", ""autoTowerRobot3"": ""None"", ""endGameTowerPoints"": 0, ""endGameTowerRobot1"": ""None"", ""endGameTowerRobot2"": ""None"", ""endGameTowerRobot3"": ""None"", ""energizedAchieved"": true, ""foulPoints"": 5, ""g206Penalty"": false, ""hubScore"": {""autoCount"": 37, ""autoPoints"": 37, ""endgameCount"": 87, ""endgamePoints"": 87, ""shift1Count"": 0, ""shift1Points"": 0, ""shift2Count"": 110, ""shift2Points"": 110, ""shift3Count"": 0, ""shift3Points"": 0, ""shift4Count"": 99, ""shift4Points"": 99, ""teleopCount"": 309, ""teleopPoints"": 309, ""totalCount"": 346, ""totalPoints"": 346, ""transitionCount"": 13, ""transitionPoints"": 13, ""uncounted"": 4}, ""majorFoulCount"": 0, ""minorFoulCount"": 1, ""penalties"": ""None"", ""rp"": 4, ""superchargedAchieved"": false, ""totalAutoPoints"": 37, ""totalPoints"": 351, ""totalTeleopPoints"": 309, ""totalTowerPoints"": 0, ""traversalAchieved"": false}, ""red"": {""adjustPoints"": 0, ""autoTowerPoints"": 0, ""autoTowerRobot1"": ""None"", ""autoTowerRobot2"": ""None"", ""autoTowerRobot3"": ""None"", ""endGameTowerPoints"": 0, ""endGameTowerRobot1"": ""None"", ""endGameTowerRobot2"": ""None"", ""endGameTowerRobot3"": ""None"", ""energizedAchieved"": true, ""foulPoints"": 5, ""g206Penalty"": false, ""hubScore"": {""autoCount"": 17, ""autoPoints"": 17, ""endgameCount"": 72, ""endgamePoints"": 72, ""shift1Count"": 43, ""shift1Points"": 43, ""shift2Count"": 0, ""shift2Points"": 0, ""shift3Count"": 27, ""shift3Points"": 27, ""shift4Count"": 0, ""shift4Points"": 0, ""teleopCount"": 142, ""teleopPoints"": 142, ""totalCount"": 159, ""totalPoints"": 159, ""transitionCount"": 0, ""transitionPoints"": 0, ""uncounted"": 1}, ""majorFoulCount"": 0, ""minorFoulCount"": 1, ""penalties"": ""None"", ""rp"": 1, ""superchargedAchieved"": false, ""totalAutoPoints"": 17, ""totalPoints"": 164, ""totalTeleopPoints"": 142, ""totalTowerPoints"": 0, ""traversalAchieved"": false}}, ""set_number"": 1, ""time"": 1774641240, ""videos"": [{""key"": ""GQqar1Minpk"", ""type"": ""youtube""}], ""winning_alliance"": ""blue""}","{""blue"": {""dq_team_keys"": [], ""score"": 351, ""surrogate_team_keys"": [], ""team_keys"": [""frc6696"", ""frc6465"", ""frc4488""]}, ""red"": {""dq_team_keys"": [], ""score"": 164, ""surrogate_team_keys"": [], ""team_keys"": [""frc997"", ""frc2930"", ""frc2811""]}}",[]
2026orore_qm12,12,qm,63.150000000000006,TBA (Cais pre-match EPA),"{""actual_time"": 1774645252, ""alliances"": {""blue"": {""dq_team_keys"": [], ""score"": 141, ""surrogate_team_keys"": [], ""team_keys"": [""frc6831"", ""frc957"", ""frc2557""]}, ""red"": {""dq_team_keys"": [], ""score"": 313, ""surrogate_team_keys"": [], ""team_keys"": [""frc1540"", ""frc1359"", ""frc4662""]}}, ""comp_level"": ""qm"", ""event_key"": ""2026orore"", ""key"": ""2026orore_qm12"", ""match_number"": 12, ""post_result_time"": 1774645482, ""predicted_time"": 1774645551, ""score_breakdown"": {""blue"": {""adjustPoints"": 0, ""autoTowerPoints"": 0, ""autoTowerRobot1"": ""None"", ""autoTowerRobot2"": ""None"", ""autoTowerRobot3"": ""None"", ""endGameTowerPoints"": 0, ""endGameTowerRobot1"": ""None"", ""endGameTowerRobot2"": ""None"", ""endGameTowerRobot3"": ""None"", ""energizedAchieved"": true, ""foulPoints"": 15, ""g206Penalty"": false, ""hubScore"": {""autoCount"": 19, ""autoPoints"": 19, ""endgameCount"": 41, ""endgamePoints"": 41, ""shift1Count"": 7, ""shift1Points"": 7, ""shift2Count"": 0, ""shift2Points"": 0, ""shift3Count"": 42, ""shift3Points"": 42, ""shift4Count"": 0, ""shift4Points"": 0, ""teleopCount"": 107, ""teleopPoints"": 107, ""totalCount"": 126, ""totalPoints"": 126, ""transitionCount"": 17, ""transitionPoints"": 17, ""uncounted"": 0}, ""majorFoulCount"": 1, ""minorFoulCount"": 1, ""penalties"": ""None"", ""rp"": 1, ""superchargedAchieved"": false, ""totalAutoPoints"": 19, ""totalPoints"": 141, ""totalTeleopPoints"": 107, ""totalTowerPoints"": 0, ""traversalAchieved"": false}, ""red"": {""adjustPoints"": 0, ""autoTowerPoints"": 0, ""autoTowerRobot1"": ""None"", ""autoTowerRobot2"": ""None"", ""autoTowerRobot3"": ""None"", ""endGameTowerPoints"": 30, ""endGameTowerRobot1"": ""None"", ""endGameTowerRobot2"": ""Level3"", ""endGameTowerRobot3"": ""None"", ""energizedAchieved"": true, ""foulPoints"": 20, ""g206Penalty"": false, ""hubScore"": {""autoCount"": 58, ""autoPoints"": 58, ""endgameCount"": 62, ""endgamePoints"": 62, ""shift1Count"": 0, ""shift1Points"": 0, ""shift2Count"": 77, ""shift2Points"": 77, ""shift3Count"": 0, ""shift3Points"": 0, ""shift4Count"": 41, ""shift4Points"": 41, ""teleopCount"": 205, ""teleopPoints"": 205, ""totalCount"": 263, ""totalPoints"": 263, ""transitionCount"": 25, ""transitionPoints"": 25, ""uncounted"": 0}, ""majorFoulCount"": 0, ""minorFoulCount"": 3, ""penalties"": ""None"", ""rp"": 4, ""superchargedAchieved"": false, ""totalAutoPoints"": 58, ""totalPoints"": 313, ""totalTeleopPoints"": 235, ""totalTowerPoints"": 30, ""traversalAchieved"": false}}, ""set_number"": 1, ""time"": 1774645200, ""videos"": [{""key"": ""qSb75Kgo3Dg"", ""type"": ""youtube""}], ""winning_alliance"": ""red""}","{""blue"": {""dq_team_keys"": [], ""score"": 141, ""surrogate_team_keys"": [], ""team_keys"": [""frc6831"", ""frc957"", ""frc2557""]}, ""red"": {""dq_team_keys"": [], ""score"": 313, ""surrogate_team_keys"": [], ""team_keys"": [""frc1540"", ""frc1359"", ""frc4662""]}}",[]
2026orore_qm13,13,qm,55.2,TBA (Cais pre-match EPA),"{""actual_time"": 1774645779, ""alliances"": {""blue"": {""dq_team_keys"": [], ""score"": 107, ""surrogate_team_keys"": [], ""team_keys"": [""frc2635"", ""frc3636"", ""frc2521""]}, ""red"": {""dq_team_keys"": [], ""score"": 102, ""surrogate_team_keys"": [], ""team_keys"": [""frc5975"", ""frc2471"", ""frc3669""]}}, ""comp_level"": ""qm"", ""event_key"": ""2026orore"", ""key"": ""2026orore_qm13"", ""match_number"": 13, ""post_result_time"": 1774645963, ""predicted_time"": 1774646009, ""score_breakdown"": {""blue"": {""adjustPoints"": 0, ""autoTowerPoints"": 0, ""autoTowerRobot1"": ""None"", ""autoTowerRobot2"": ""None"", ""autoTowerRobot3"": ""None"", ""endGameTowerPoints"": 0, ""endGameTowerRobot1"": ""None"", ""endGameTowerRobot2"": ""None"", ""endGameTowerRobot3"": ""None"", ""energizedAchieved"": true, ""foulPoints"": 0, ""g206Penalty"": false, ""hubScore"": {""autoCount"": 22, ""autoPoints"": 22, ""endgameCount"": 36, ""endgamePoints"": 36, ""shift1Count"": 17, ""shift1Points"": 17, ""shift2Count"": 0, ""shift2Points"": 0, ""shift3Count"": 29, ""shift3Points"": 29, ""shift4Count"": 0, ""shift4Points"": 0, ""teleopCount"": 85, ""teleopPoints"": 85, ""totalCount"": 107, ""totalPoints"": 107, ""transitionCount"": 3, ""transitionPoints"": 3, ""uncounted"": 2}, ""majorFoulCount"": 0, ""minorFoulCount"": 1, ""penalties"": ""None"", ""rp"": 4, ""superchargedAchieved"": false, ""totalAutoPoints"": 22, ""totalPoints"": 107, ""totalTeleopPoints"": 85, ""totalTowerPoints"": 0, ""traversalAchieved"": false}, ""red"": {""adjustPoints"": 0, ""autoTowerPoints"": 0, ""autoTowerRobot1"": ""None"", ""autoTowerRobot2"": ""None"", ""autoTowerRobot3"": ""None"", ""endGameTowerPoints"": 0, ""endGameTowerRobot1"": ""None"", ""endGameTowerRobot2"": ""None"", ""endGameTowerRobot3"": ""None"", ""energizedAchieved"": false, ""foulPoints"": 5, ""g206Penalty"": false, ""hubScore"": {""autoCount"": 58, ""autoPoints"": 58, ""endgameCount"": 7, ""endgamePoints"": 7, ""shift1Count"": 0, ""shift1Points"": 0, ""shift2Count"": 7, ""shift2Points"": 7, ""shift3Count"": 0, ""shift3Points"": 0, ""shift4Count"": 13, ""shift4Points"": 13, ""teleopCount"": 39, ""teleopPoints"": 39, ""totalCount"": 97, ""totalPoints"": 97, ""transitionCount"": 12, ""transitionPoints"": 12, ""uncounted"": 1}, ""majorFoulCount"": 0, ""minorFoulCount"": 0, ""penalties"": ""None"", ""rp"": 0, ""superchargedAchieved"": false, ""totalAutoPoints"": 58, ""totalPoints"": 102, ""totalTeleopPoints"": 39, ""totalTowerPoints"": 0, ""traversalAchieved"": false}}, ""set_number"": 1, ""time"": 1774645740, ""videos"": [{""key"": ""kGqEaRLd_UY"", ""type"": ""youtube""}], ""winning_alliance"": ""blue""}","{""blue"": {""dq_team_keys"": [], ""score"": 107, ""surrogate_team_keys"": [], ""team_keys"": [""frc2635"", ""frc3636"", ""frc2521""]}, ""red"": {""dq_team_keys"": [], ""score"": 102, ""surrogate_team_keys"": [], ""team_keys"": [""frc5975"", ""frc2471"", ""frc3669""]}}",[]
2026orore_qm14,14,qm,72.61000000000001,TBA (Cais pre-match EPA),"{""actual_time"": 1774646254, ""alliances"": {""blue"": {""dq_team_keys"": [], ""score"": 43, ""surrogate_team_keys"": [], ""team_keys"": [""frc10444"", ""frc9567"", ""frc2898""]}, ""red"": {""dq_team_keys"": [], ""score"": 242, ""surrogate_team_keys"": [], ""team_keys"": [""frc5970"", ""frc2811"", ""frc4488""]}}, ""comp_level"": ""qm"", ""event_key"": ""2026orore"", ""key"": ""2026orore_qm14"", ""match_number"": 14, ""post_result_time"": 1774646439, ""predicted_time"": 1774646424, ""score_breakdown"": {""blue"": {""adjustPoints"": 0, ""autoTowerPoints"": 0, ""autoTowerRobot1"": ""None"", ""autoTowerRobot2"": ""None"", ""autoTowerRobot3"": ""None"", ""endGameTowerPoints"": 0, ""endGameTowerRobot1"": ""None"", ""endGameTowerRobot2"": ""None"", ""endGameTowerRobot3"": ""None"", ""energizedAchieved"": false, ""foulPoints"": 0, ""g206Penalty"": false, ""hubScore"": {""autoCount"": 13, ""autoPoints"": 13, ""endgameCount"": 8, ""endgamePoints"": 8, ""shift1Count"": 6, ""shift1Points"": 6, ""shift2Count"": 0, ""shift2Points"": 0, ""shift3Count"": 14, ""shift3Points"": 14, ""shift4Count"": 0, ""shift4Points"": 0, ""teleopCount"": 30, ""teleopPoints"": 30, ""totalCount"": 43, ""totalPoints"": 43, ""transitionCount"": 2, ""transitionPoints"": 2, ""uncounted"": 0}, ""majorFoulCount"": 0, ""minorFoulCount"": 1, ""penalties"": ""None"", ""rp"": 0, ""superchargedAchieved"": false, ""totalAutoPoints"": 13, ""totalPoints"": 43, ""totalTeleopPoints"": 30, ""totalTowerPoints"": 0, ""traversalAchieved"": false}, ""red"": {""adjustPoints"": 0, ""autoTowerPoints"": 0, ""autoTowerRobot1"": ""None"", ""autoTowerRobot2"": ""None"", ""autoTowerRobot3"": ""None"", ""endGameTowerPoints"": 0, ""endGameTowerRobot1"": ""None"", ""endGameTowerRobot2"": ""None"", ""endGameTowerRobot3"": ""None"", ""energizedAchieved"": true, ""foulPoints"": 5, ""g206Penalty"": false, ""hubScore"": {""autoCount"": 34, ""autoPoints"": 34, ""endgameCount"": 41, ""endgamePoints"": 41, ""shift1Count"": 0, ""shift1Points"": 0, ""shift2Count"": 107, ""shift2Points"": 107, ""shift3Count"": 0, ""shift3Points"": 0, ""shift4Count"": 44, ""shift4Points"": 44, ""teleopCount"": 203, ""teleopPoints"": 203, ""totalCount"": 237, ""totalPoints"": 237, ""transitionCount"": 11, ""transitionPoints"": 11, ""uncounted"": 0}, ""majorFoulCount"": 0, ""minorFoulCount"": 0, ""penalties"": ""None"", ""rp"": 4, ""superchargedAchieved"": false, ""totalAutoPoints"": 34, ""totalPoints"": 242, ""totalTeleopPoints"": 203, ""totalTowerPoints"": 0, ""traversalAchieved"": false}}, ""set_number"": 1, ""time"": 1774646280, ""videos"": [{""key"": ""iL5-f9wRtNM"", ""type"": ""youtube""}], ""winning_alliance"": ""red""}","{""blue"": {""dq_team_keys"": [], ""score"": 43, ""surrogate_team_keys"": [], ""team_keys"": [""frc10444"", ""frc9567"", ""frc2898""]}, ""red"": {""dq_team_keys"": [], ""score"": 242, ""surrogate_team_keys"": [], ""team_keys"": [""frc5970"", ""frc2811"", ""frc4488""]}}",[]
2026orore_qm15,15,qm,7.614999999999988,TBA (Cais pre-match EPA),"{""actual_time"": 1774646827, ""alliances"": {""blue"": {""dq_team_keys"": [], ""score"": 207, ""surrogate_team_keys"": [], ""team_keys"": [""frc749"", ""frc1425"", ""frc1359""]}, ""red"": {""dq_team_keys"": [], ""score"": 112, ""surrogate_team_keys"": [], ""team_keys"": [""frc10991"", ""frc2733"", ""frc2930""]}}, ""comp_level"": ""qm"", ""event_key"": ""2026orore"", ""key"": ""2026orore_qm15"", ""match_number"": 15, ""post_result_time"": 1774647016, ""predicted_time"": 1774646900, ""score_breakdown"": {""blue"": {""adjustPoints"": 0, ""autoTowerPoints"": 0, ""autoTowerRobot1"": ""None"", ""autoTowerRobot2"": ""None"", ""autoTowerRobot3"": ""None"", ""endGameTowerPoints"": 10, ""endGameTowerRobot1"": ""None"", ""endGameTowerRobot2"": ""None"", ""endGameTowerRobot3"": ""Level1"", ""energizedAchieved"": true, ""foulPoints"": 5, ""g206Penalty"": false, ""hubScore"": {""autoCount"": 64, ""autoPoints"": 64, ""endgameCount"": 25, ""endgamePoints"": 25, ""shift1Count"": 0, ""shift1Points"": 0, ""shift2Count"": 70, ""shift2Points"": 70, ""shift3Count"": 0, ""shift3Points"": 0, ""shift4Count"": 10, ""shift4Points"": 10, ""teleopCount"": 128, ""teleopPoints"": 128, ""totalCount"": 192, ""totalPoints"": 192, ""transitionCount"": 23, ""transitionPoints"": 23, ""uncounted"": 1}, ""majorFoulCount"": 0, ""minorFoulCount"": 1, ""penalties"": ""None"", ""rp"": 4, ""superchargedAchieved"": false, ""totalAutoPoints"": 64, ""totalPoints"": 207, ""totalTeleopPoints"": 138, ""totalTowerPoints"": 10, ""traversalAchieved"": false}, ""red"": {""adjustPoints"": 0, ""autoTowerPoints"": 0, ""autoTowerRobot1"": ""None"", ""autoTowerRobot2"": ""None"", ""autoTowerRobot3"": ""None"", ""endGameTowerPoints"": 0, ""endGameTowerRobot1"": ""None"", ""endGameTowerRobot2"": ""None"", ""endGameTowerRobot3"": ""None"", ""energizedAchieved"": true, ""foulPoints"": 5, ""g206Penalty"": false, ""hubScore"": {""autoCount"": 19, ""autoPoints"": 19, ""endgameCount"": 39, ""endgamePoints"": 39, ""shift1Count"": 2, ""shift1Points"": 2, ""shift2Count"": 0, ""shift2Points"": 0, ""shift3Count"": 34, ""shift3Points"": 34, ""shift4Count"": 0, ""shift4Points"": 0, ""teleopCount"": 88, ""teleopPoints"": 88, ""totalCount"": 107, ""totalPoints"": 107, ""transitionCount"": 13, ""transitionPoints"": 13, ""uncounted"": 0}, ""majorFoulCount"": 0, ""minorFoulCount"": 1, ""penalties"": ""None"", ""rp"": 1, ""superchargedAchieved"": false, ""totalAutoPoints"": 19, ""totalPoints"": 112, ""totalTeleopPoints"": 88, ""totalTowerPoints"": 0, ""traversalAchieved"": false}}, ""set_number"": 1, ""time"": 1774646820, ""videos"": [{""key"": ""7YCOOLs4roU"", ""type"": ""youtube""}], ""winning_alliance"": ""blue""}","{""blue"": {""dq_team_keys"": [], ""score"": 207, ""surrogate_team_keys"": [], ""team_keys"": [""frc749"", ""frc1425"", ""frc1359""]}, ""red"": {""dq_team_keys"": [], ""score"": 112, ""surrogate_team_keys"": [], ""team_keys"": [""frc10991"", ""frc2733"", ""frc2930""]}}",[]
2026orore_qm16,16,qm,47.699999999999996,TBA (Cais pre-match EPA),"{""actual_time"": 1774647317, ""alliances"": {""blue"": {""dq_team_keys"": [], ""score"": 162, ""surrogate_team_keys"": [], ""team_keys"": [""frc9430"", ""frc6831"", ""frc2550""]}, ""red"": {""dq_team_keys"": [], ""score"": 259, ""surrogate_team_keys"": [], ""team_keys"": [""frc3674"", ""frc4915"", ""frc9600""]}}, ""comp_level"": ""qm"", ""event_key"": ""2026orore"", ""key"": ""2026orore_qm16"", ""match_number"": 16, ""post_result_time"": 1774647502, ""predicted_time"": 1774647680, ""score_breakdown"": {""blue"": {""adjustPoints"": 0, ""autoTowerPoints"": 0, ""autoTowerRobot1"": ""None"", ""autoTowerRobot2"": ""None"", ""autoTowerRobot3"": ""None"", ""endGameTowerPoints"": 10, ""endGameTowerRobot1"": ""None"", ""endGameTowerRobot2"": ""None"", ""endGameTowerRobot3"": ""Level1"", ""energizedAchieved"": true, ""foulPoints"": 0, ""g206Penalty"": false, ""hubScore"": {""autoCount"": 37, ""autoPoints"": 37, ""endgameCount"": 10, ""endgamePoints"": 10, ""shift1Count"": 43, ""shift1Points"": 43, ""shift2Count"": 0, ""shift2Points"": 0, ""shift3Count"": 59, ""shift3Points"": 59, ""shift4Count"": 0, ""shift4Points"": 0, ""teleopCount"": 115, ""teleopPoints"": 115, ""totalCount"": 152, ""totalPoints"": 152, ""transitionCount"": 3, ""transitionPoints"": 3, ""uncounted"": 0}, ""majorFoulCount"": 0, ""minorFoulCount"": 2, ""penalties"": ""None"", ""rp"": 1, ""superchargedAchieved"": false, ""totalAutoPoints"": 37, ""totalPoints"": 162, ""totalTeleopPoints"": 125, ""totalTowerPoints"": 10, ""traversalAchieved"": false}, ""red"": {""adjustPoints"": 0, ""autoTowerPoints"": 15, ""autoTowerRobot1"": ""Level1"", ""autoTowerRobot2"": ""None"", ""autoTowerRobot3"": ""None"", ""endGameTowerPoints"": 10, ""endGameTowerRobot1"": ""None"", ""endGameTowerRobot2"": ""Level1"", ""endGameTowerRobot3"": ""None"", ""energizedAchieved"": true, ""foulPoints"": 10, ""g206Penalty"": false, ""hubScore"": {""autoCount"": 39, ""autoPoints"": 39, ""endgameCount"": 58, ""endgamePoints"": 58, ""shift1Count"": 0, ""shift1Points"": 0, ""shift2Count"": 68, ""shift2Points"": 68, ""shift3Count"": 0, ""shift3Points"": 0, ""shift4Count"": 58, ""shift4Points"": 58, ""teleopCount"": 185, ""teleopPoints"": 185, ""totalCount"": 224, ""totalPoints"": 224, ""transitionCount"": 1, ""transitionPoints"": 1, ""uncounted"": 0}, ""majorFoulCount"": 0, ""minorFoulCount"": 0, ""penalties"": ""None"", ""rp"": 4, ""superchargedAchieved"": false, ""totalAutoPoints"": 54, ""totalPoints"": 259, ""totalTeleopPoints"": 195, ""totalTowerPoints"": 25, ""traversalAchieved"": false}}, ""set_number"": 1, ""time"": 1774647360, ""videos"": [{""key"": ""Q4ZHYLCbhyE"", ""type"": ""youtube""}], ""winning_alliance"": ""red""}","{""blue"": {""dq_team_keys"": [], ""score"": 162, ""surrogate_team_keys"": [], ""team_keys"": [""frc9430"", ""frc6831"", ""frc2550""]}, ""red"": {""dq_team_keys"": [], ""score"": 259, ""surrogate_team_keys"": [], ""team_keys"": [""frc3674"", ""frc4915"", ""frc9600""]}}",[]
2026orore_qm17,17,qm,114.53,TBA (Cais pre-match EPA),"{""actual_time"": 1774647827, ""alliances"": {""blue"": {""dq_team_keys"": [], ""score"": 273, ""surrogate_team_keys"": [], ""team_keys"": [""frc2990"", ""frc997"", ""frc6465""]}, ""red"": {""dq_team_keys"": [], ""score"": 315, ""surrogate_team_keys"": [], ""team_keys"": [""frc2915"", ""frc8032"", ""frc955""]}}, ""comp_level"": ""qm"", ""event_key"": ""2026orore"", ""key"": ""2026orore_qm17"", ""match_number"": 17, ""post_result_time"": 1774648006, ""predicted_time"": 1774648018, ""score_breakdown"": {""blue"": {""adjustPoints"": 0, ""autoTowerPoints"": 0, ""autoTowerRobot1"": ""None"", ""autoTowerRobot2"": ""None"", ""autoTowerRobot3"": ""None"", ""endGameTowerPoints"": 0, ""endGameTowerRobot1"": ""None"", ""endGameTowerRobot2"": ""None"", ""endGameTowerRobot3"": ""None"", ""energizedAchieved"": true, ""foulPoints"": 15, ""g206Penalty"": false, ""hubScore"": {""autoCount"": 25, ""autoPoints"": 25, ""endgameCount"": 85, ""endgamePoints"": 85, ""shift1Count"": 69, ""shift1Points"": 69, ""shift2Count"": 0, ""shift2Points"": 0, ""shift3Count"": 72, ""shift3Points"": 72, ""shift4Count"": 0, ""shift4Points"": 0, ""teleopCount"": 233, ""teleopPoints"": 233, ""totalCount"": 258, ""totalPoints"": 258, ""transitionCount"": 7, ""transitionPoints"": 7, ""uncounted"": 1}, ""majorFoulCount"": 1, ""minorFoulCount"": 1, ""penalties"": ""None"", ""rp"": 1, ""superchargedAchieved"": false, ""totalAutoPoints"": 25, ""totalPoints"": 273, ""totalTeleopPoints"": 233, ""totalTowerPoints"": 0, ""traversalAchieved"": false}, ""red"": {""adjustPoints"": 0, ""autoTowerPoints"": 0, ""autoTowerRobot1"": ""None"", ""autoTowerRobot2"": ""None"", ""autoTowerRobot3"": ""None"", ""endGameTowerPoints"": 0, ""endGameTowerRobot1"": ""None"", ""endGameTowerRobot2"": ""None"", ""endGameTowerRobot3"": ""None"", ""energizedAchieved"": true, ""foulPoints"": 20, ""g206Penalty"": false, ""hubScore"": {""autoCount"": 28, ""autoPoints"": 28, ""endgameCount"": 89, ""endgamePoints"": 89, ""shift1Count"": 0, ""shift1Points"": 0, ""shift2Count"": 103, ""shift2Points"": 103, ""shift3Count"": 0, ""shift3Points"": 0, ""shift4Count"": 50, ""shift4Points"": 50, ""teleopCount"": 267, ""teleopPoints"": 267, ""totalCount"": 295, ""totalPoints"": 295, ""transitionCount"": 25, ""transitionPoints"": 25, ""uncounted"": 0}, ""majorFoulCount"": 1, ""minorFoulCount"": 0, ""penalties"": ""None"", ""rp"": 4, ""superchargedAchieved"": false, ""totalAutoPoints"": 28, ""totalPoints"": 315, ""totalTeleopPoints"": 267, ""totalTowerPoints"": 0, ""traversalAchieved"": false}}, ""set_number"": 1, ""time"": 1774647900, ""videos"": [{""key"": ""j49SMV9OIgI"", ""type"": ""youtube""}], ""winning_alliance"": ""red""}","{""blue"": {""dq_team_keys"": [], ""score"": 273, ""surrogate_team_keys"": [], ""team_keys"": [""frc2990"", ""frc997"", ""frc6465""]}, ""red"": {""dq_team_keys"": [], ""score"": 315, ""surrogate_team_keys"": [], ""team_keys"": [""frc2915"", ""frc8032"", ""frc955""]}}",[]
2026orore_qm18,18,qm,100.61499999999998,TBA (Cais pre-match EPA),"{""actual_time"": 1774648320, ""alliances"": {""blue"": {""dq_team_keys"": [], ""score"": 334, ""surrogate_team_keys"": [], ""team_keys"": [""frc2521"", ""frc5975"", ""frc1540""]}, ""red"": {""dq_team_keys"": [], ""score"": 372, ""surrogate_team_keys"": [], ""team_keys"": [""frc2557"", ""frc6696"", ""frc2471""]}}, ""comp_level"": ""qm"", ""event_key"": ""2026orore"", ""key"": ""2026orore_qm18"", ""match_number"": 18, ""post_result_time"": 1774648510, ""predicted_time"": 1774648495, ""score_breakdown"": {""blue"": {""adjustPoints"": 0, ""autoTowerPoints"": 0, ""autoTowerRobot1"": ""None"", ""autoTowerRobot2"": ""None"", ""autoTowerRobot3"": ""None"", ""endGameTowerPoints"": 0, ""endGameTowerRobot1"": ""None"", ""endGameTowerRobot2"": ""None"", ""endGameTowerRobot3"": ""None"", ""energizedAchieved"": true, ""foulPoints"": 0, ""g206Penalty"": false, ""hubScore"": {""autoCount"": 53, ""autoPoints"": 53, ""endgameCount"": 132, ""endgamePoints"": 132, ""shift1Count"": 92, ""shift1Points"": 92, ""shift2Count"": 0, ""shift2Points"": 0, ""shift3Count"": 57, ""shift3Points"": 57, ""shift4Count"": 0, ""shift4Points"": 0, ""teleopCount"": 281, ""teleopPoints"": 281, ""totalCount"": 334, ""totalPoints"": 334, ""transitionCount"": 0, ""transitionPoints"": 0, ""uncounted"": 8}, ""majorFoulCount"": 0, ""minorFoulCount"": 1, ""penalties"": ""None"", ""rp"": 1, ""superchargedAchieved"": false, ""totalAutoPoints"": 53, ""totalPoints"": 334, ""totalTeleopPoints"": 281, ""totalTowerPoints"": 0, ""traversalAchieved"": false}, ""red"": {""adjustPoints"": 0, ""autoTowerPoints"": 0, ""autoTowerRobot1"": ""None"", ""autoTowerRobot2"": ""None"", ""autoTowerRobot3"": ""None"", ""endGameTowerPoints"": 0, ""endGameTowerRobot1"": ""None"", ""endGameTowerRobot2"": ""None"", ""endGameTowerRobot3"": ""None"", ""energizedAchieved"": true, ""foulPoints"": 5, ""g206Penalty"": false, ""hubScore"": {""autoCount"": 74, ""autoPoints"": 74, ""endgameCount"": 88, ""endgamePoints"": 88, ""shift1Count"": 0, ""shift1Points"": 0, ""shift2Count"": 74, ""shift2Points"": 74, ""shift3Count"": 0, ""shift3Points"": 0, ""shift4Count"": 123, ""shift4Points"": 123, ""teleopCount"": 293, ""teleopPoints"": 293, ""totalCount"": 367, ""totalPoints"": 367, ""transitionCount"": 8, ""transitionPoints"": 8, ""uncounted"": 3}, ""majorFoulCount"": 0, ""minorFoulCount"": 0, ""penalties"": ""None"", ""rp"": 5, ""superchargedAchieved"": true, ""totalAutoPoints"": 74, ""totalPoints"": 372, ""totalTeleopPoints"": 293, ""totalTowerPoints"": 0, ""traversalAchieved"": false}}, ""set_number"": 1, ""time"": 1774648440, ""videos"": [{""key"": ""bAPjg9pb5rA"", ""type"": ""youtube""}], ""winning_alliance"": ""red""}","{""blue"": {""dq_team_keys"": [], ""score"": 334, ""surrogate_team_keys"": [], ""team_keys"": [""frc2521"", ""frc5975"", ""frc1540""]}, ""red"": {""dq_team_keys"": [], ""score"": 372, ""surrogate_team_keys"": [], ""team_keys"": [""frc2557"", ""frc6696"", ""frc2471""]}}",[]
2026orore_qm19,19,qm,73.4,TBA (Cais pre-match EPA),"{""actual_time"": 1774648756, ""alliances"": {""blue"": {""dq_team_keys"": [], ""score"": 188, ""surrogate_team_keys"": [], ""team_keys"": [""frc10444"", ""frc749"", ""frc9430""]}, ""red"": {""dq_team_keys"": [], ""score"": 72, ""surrogate_team_keys"": [], ""team_keys"": [""frc2930"", ""frc3669"", ""frc9567""]}}, ""comp_level"": ""qm"", ""event_key"": ""2026orore"", ""key"": ""2026orore_qm19"", ""match_number"": 19, ""post_result_time"": 1774648949, ""predicted_time"": 1774649007, ""score_breakdown"": {""blue"": {""adjustPoints"": 0, ""autoTowerPoints"": 0, ""autoTowerRobot1"": ""None"", ""autoTowerRobot2"": ""None"", ""autoTowerRobot3"": ""None"", ""endGameTowerPoints"": 0, ""endGameTowerRobot1"": ""None"", ""endGameTowerRobot2"": ""None"", ""endGameTowerRobot3"": ""None"", ""energizedAchieved"": true, ""foulPoints"": 5, ""g206Penalty"": false, ""hubScore"": {""autoCount"": 34, ""autoPoints"": 34, ""endgameCount"": 34, ""endgamePoints"": 34, ""shift1Count"": 0, ""shift1Points"": 0, ""shift2Count"": 48, ""shift2Points"": 48, ""shift3Count"": 0, ""shift3Points"": 0, ""shift4Count"": 65, ""shift4Points"": 65, ""teleopCount"": 149, ""teleopPoints"": 149, ""totalCount"": 183, ""totalPoints"": 183, ""transitionCount"": 2, ""transitionPoints"": 2, ""uncounted"": 5}, ""majorFoulCount"": 0, ""minorFoulCount"": 0, ""penalties"": ""None"", ""rp"": 4, ""superchargedAchieved"": false, ""totalAutoPoints"": 34, ""totalPoints"": 188, ""totalTeleopPoints"": 149, ""totalTowerPoints"": 0, ""traversalAchieved"": false}, ""red"": {""adjustPoints"": 0, ""autoTowerPoints"": 0, ""autoTowerRobot1"": ""None"", ""autoTowerRobot2"": ""None"", ""autoTowerRobot3"": ""None"", ""endGameTowerPoints"": 0, ""endGameTowerRobot1"": ""None"", ""endGameTowerRobot2"": ""None"", ""endGameTowerRobot3"": ""None"", ""energizedAchieved"": false, ""foulPoints"": 0, ""g206Penalty"": false, ""hubScore"": {""autoCount"": 19, ""autoPoints"": 19, ""endgameCount"": 29, ""endgamePoints"": 29, ""shift1Count"": 3, ""shift1Points"": 3, ""shift2Count"": 0, ""shift2Points"": 0, ""shift3Count"": 20, ""shift3Points"": 20, ""shift4Count"": 0, ""shift4Points"": 0, ""teleopCount"": 53, ""teleopPoints"": 53, ""totalCount"": 72, ""totalPoints"": 72, ""transitionCount"": 1, ""transitionPoints"": 1, ""uncounted"": 1}, ""majorFoulCount"": 0, ""minorFoulCount"": 1, ""penalties"": ""None"", ""rp"": 0, ""superchargedAchieved"": false, ""totalAutoPoints"": 19, ""totalPoints"": 72, ""totalTeleopPoints"": 53, ""totalTowerPoints"": 0, ""traversalAchieved"": false}}, ""set_number"": 1, ""time"": 1774648980, ""videos"": [{""key"": ""SCPvQgn8GOE"", ""type"": ""youtube""}], ""winning_alliance"": ""blue""}","{""blue"": {""dq_team_keys"": [], ""score"": 188, ""surrogate_team_keys"": [], ""team_keys"": [""frc10444"", ""frc749"", ""frc9430""]}, ""red"": {""dq_team_keys"": [], ""score"": 72, ""surrogate_team_keys"": [], ""team_keys"": [""frc2930"", ""frc3669"", ""frc9567""]}}",[]
2026orore_qm20,20,qm,83.07000000000002,TBA (Cais pre-match EPA),"{""actual_time"": 1774649286, ""alliances"": {""blue"": {""dq_team_keys"": [], ""score"": 161, ""surrogate_team_keys"": [], ""team_keys"": [""frc997"", ""frc955"", ""frc3674""]}, ""red"": {""dq_team_keys"": [], ""score"": 171, ""surrogate_team_keys"": [], ""team_keys"": [""frc8032"", ""frc4915"", ""frc6831""]}}, ""comp_level"": ""qm"", ""event_key"": ""2026orore"", ""key"": ""2026orore_qm20"", ""match_number"": 20, ""post_result_time"": 1774649466, ""predicted_time"": 1774649466, ""score_breakdown"": {""blue"": {""adjustPoints"": 0, ""autoTowerPoints"": 15, ""autoTowerRobot1"": ""None"", ""autoTowerRobot2"": ""None"", ""autoTowerRobot3"": ""Level1"", ""endGameTowerPoints"": 0, ""endGameTowerRobot1"": ""None"", ""endGameTowerRobot2"": ""None"", ""endGameTowerRobot3"": ""None"", ""energizedAchieved"": true, ""foulPoints"": 10, ""g206Penalty"": false, ""hubScore"": {""autoCount"": 12, ""autoPoints"": 12, ""endgameCount"": 72, ""endgamePoints"": 72, ""shift1Count"": 14, ""shift1Points"": 14, ""shift2Count"": 0, ""shift2Points"": 0, ""shift3Count"": 34, ""shift3Points"": 34, ""shift4Count"": 0, ""shift4Points"": 0, ""teleopCount"": 124, ""teleopPoints"": 124, ""totalCount"": 136, ""totalPoints"": 136, ""transitionCount"": 4, ""transitionPoints"": 4, ""uncounted"": 1}, ""majorFoulCount"": 0, ""minorFoulCount"": 1, ""penalties"": ""None"", ""rp"": 1, ""superchargedAchieved"": false, ""totalAutoPoints"": 27, ""totalPoints"": 161, ""totalTeleopPoints"": 124, ""totalTowerPoints"": 15, ""traversalAchieved"": false}, ""red"": {""adjustPoints"": 0, ""autoTowerPoints"": 0, ""autoTowerRobot1"": ""None"", ""autoTowerRobot2"": ""None"", ""autoTowerRobot3"": ""None"", ""endGameTowerPoints"": 0, ""endGameTowerRobot1"": ""None"", ""endGameTowerRobot2"": ""None"", ""endGameTowerRobot3"": ""None"", ""energizedAchieved"": true, ""foulPoints"": 5, ""g206Penalty"": false, ""hubScore"": {""autoCount"": 56, ""autoPoints"": 56, ""endgameCount"": 52, ""endgamePoints"": 52, ""shift1Count"": 0, ""shift1Points"": 0, ""shift2Count"": 33, ""shift2Points"": 33, ""shift3Count"": 0, ""shift3Points"": 0, ""shift4Count"": 19, ""shift4Points"": 19, ""teleopCount"": 110, ""teleopPoints"": 110, ""totalCount"": 166, ""totalPoints"": 166, ""transitionCount"": 6, ""transitionPoints"": 6, ""uncounted"": 0}, ""majorFoulCount"": 0, ""minorFoulCount"": 2, ""penalties"": ""None"", ""rp"": 4, ""superchargedAchieved"": false, ""totalAutoPoints"": 56, ""totalPoints"": 171, ""totalTeleopPoints"": 110, ""totalTowerPoints"": 0, ""traversalAchieved"": false}}, ""set_number"": 1, ""time"": 1774649520, ""videos"": [{""key"": ""2HLGbxYpT8c"", ""type"": ""youtube""}], ""winning_alliance"": ""red""}","{""blue"": {""dq_team_keys"": [], ""score"": 161, ""surrogate_team_keys"": [], ""team_keys"": [""frc997"", ""frc955"", ""frc3674""]}, ""red"": {""dq_team_keys"": [], ""score"": 171, ""surrogate_team_keys"": [], ""team_keys"": [""frc8032"", ""frc4915"", ""frc6831""]}}",[]
2026orore_qm21,21,qm,130.26999999999998,TBA (Cais pre-match EPA),"{""actual_time"": 1774649750, ""alliances"": {""blue"": {""dq_team_keys"": [], ""score"": 223, ""surrogate_team_keys"": [], ""team_keys"": [""frc10991"", ""frc2811"", ""frc957""]}, ""red"": {""dq_team_keys"": [], ""score"": 373, ""surrogate_team_keys"": [], ""team_keys"": [""frc6696"", ""frc2733"", ""frc9600""]}}, ""comp_level"": ""qm"", ""event_key"": ""2026orore"", ""key"": ""2026orore_qm21"", ""match_number"": 21, ""post_result_time"": 1774649938, ""predicted_time"": 1774650024, ""score_breakdown"": {""blue"": {""adjustPoints"": 0, ""autoTowerPoints"": 0, ""autoTowerRobot1"": ""None"", ""autoTowerRobot2"": ""None"", ""autoTowerRobot3"": ""None"", ""endGameTowerPoints"": 0, ""endGameTowerRobot1"": ""None"", ""endGameTowerRobot2"": ""None"", ""endGameTowerRobot3"": ""None"", ""energizedAchieved"": true, ""foulPoints"": 15, ""g206Penalty"": false, ""hubScore"": {""autoCount"": 33, ""autoPoints"": 33, ""endgameCount"": 60, ""endgamePoints"": 60, ""shift1Count"": 41, ""shift1Points"": 41, ""shift2Count"": 0, ""shift2Points"": 0, ""shift3Count"": 64, ""shift3Points"": 64, ""shift4Count"": 0, ""shift4Points"": 0, ""teleopCount"": 175, ""teleopPoints"": 175, ""totalCount"": 208, ""totalPoints"": 208, ""transitionCount"": 10, ""transitionPoints"": 10, ""uncounted"": 0}, ""majorFoulCount"": 1, ""minorFoulCount"": 1, ""penalties"": ""None"", ""rp"": 1, ""superchargedAchieved"": false, ""totalAutoPoints"": 33, ""totalPoints"": 223, ""totalTeleopPoints"": 175, ""totalTowerPoints"": 0, ""traversalAchieved"": false}, ""red"": {""adjustPoints"": 0, ""autoTowerPoints"": 0, ""autoTowerRobot1"": ""None"", ""autoTowerRobot2"": ""None"", ""autoTowerRobot3"": ""None"", ""endGameTowerPoints"": 0, ""endGameTowerRobot1"": ""None"", ""endGameTowerRobot2"": ""None"", ""endGameTowerRobot3"": ""None"", ""energizedAchieved"": true, ""foulPoints"": 20, ""g206Penalty"": false, ""hubScore"": {""autoCount"": 61, ""autoPoints"": 61, ""endgameCount"": 79, ""endgamePoints"": 79, ""shift1Count"": 0, ""shift1Points"": 0, ""shift2Count"": 96, ""shift2Points"": 96, ""shift3Count"": 0, ""shift3Points"": 0, ""shift4Count"": 112, ""shift4Points"": 112, ""teleopCount"": 292, ""teleopPoints"": 292, ""totalCount"": 353, ""totalPoints"": 353, ""transitionCount"": 5, ""transitionPoints"": 5, ""uncounted"": 0}, ""majorFoulCount"": 1, ""minorFoulCount"": 0, ""penalties"": ""None"", ""rp"": 4, ""superchargedAchieved"": false, ""totalAutoPoints"": 61, ""totalPoints"": 373, ""totalTeleopPoints"": 292, ""totalTowerPoints"": 0, ""traversalAchieved"": false}}, ""set_number"": 1, ""time"": 1774650060, ""videos"": [{""key"": ""PN3Xfj_-QiU"", ""type"": ""youtube""}], ""winning_alliance"": ""red""}","{""blue"": {""dq_team_keys"": [], ""score"": 223, ""surrogate_team_keys"": [], ""team_keys"": [""frc10991"", ""frc2811"", ""frc957""]}, ""red"": {""dq_team_keys"": [], ""score"": 373, ""surrogate_team_keys"": [], ""team_keys"": [""frc6696"", ""frc2733"", ""frc9600""]}}",[]
2026orore_qm22,22,qm,34.855,TBA (Cais pre-match EPA),"{""actual_time"": 1774650231, ""alliances"": {""blue"": {""dq_team_keys"": [], ""score"": 110, ""surrogate_team_keys"": [], ""team_keys"": [""frc3636"", ""frc2915"", ""frc4662""]}, ""red"": {""dq_team_keys"": [], ""score"": 216, ""surrogate_team_keys"": [], ""team_keys"": [""frc1540"", ""frc6465"", ""frc5970""]}}, ""comp_level"": ""qm"", ""event_key"": ""2026orore"", ""key"": ""2026orore_qm22"", ""match_number"": 22, ""post_result_time"": 1774650481, ""predicted_time"": 1774650329, ""score_breakdown"": {""blue"": {""adjustPoints"": 0, ""autoTowerPoints"": 0, ""autoTowerRobot1"": ""None"", ""autoTowerRobot2"": ""None"", ""autoTowerRobot3"": ""None"", ""endGameTowerPoints"": 0, ""endGameTowerRobot1"": ""None"", ""endGameTowerRobot2"": ""None"", ""endGameTowerRobot3"": ""None"", ""energizedAchieved"": false, ""foulPoints"": 35, ""g206Penalty"": false, ""hubScore"": {""autoCount"": 16, ""autoPoints"": 16, ""endgameCount"": 13, ""endgamePoints"": 13, ""shift1Count"": 18, ""shift1Points"": 18, ""shift2Count"": 0, ""shift2Points"": 0, ""shift3Count"": 23, ""shift3Points"": 23, ""shift4Count"": 0, ""shift4Points"": 0, ""teleopCount"": 59, ""teleopPoints"": 59, ""totalCount"": 75, ""totalPoints"": 75, ""transitionCount"": 5, ""transitionPoints"": 5, ""uncounted"": 0}, ""majorFoulCount"": 0, ""minorFoulCount"": 2, ""penalties"": ""None"", ""rp"": 0, ""superchargedAchieved"": false, ""totalAutoPoints"": 16, ""totalPoints"": 110, ""totalTeleopPoints"": 59, ""totalTowerPoints"": 0, ""traversalAchieved"": false}, ""red"": {""adjustPoints"": 0, ""autoTowerPoints"": 0, ""autoTowerRobot1"": ""None"", ""autoTowerRobot2"": ""None"", ""autoTowerRobot3"": ""None"", ""endGameTowerPoints"": 0, ""endGameTowerRobot1"": ""None"", ""endGameTowerRobot2"": ""None"", ""endGameTowerRobot3"": ""None"", ""energizedAchieved"": true, ""foulPoints"": 10, ""g206Penalty"": false, ""hubScore"": {""autoCount"": 48, ""autoPoints"": 48, ""endgameCount"": 35, ""endgamePoints"": 35, ""shift1Count"": 0, ""shift1Points"": 0, ""shift2Count"": 58, ""shift2Points"": 58, ""shift3Count"": 0, ""shift3Points"": 0, ""shift4Count"": 54, ""shift4Points"": 54, ""teleopCount"": 158, ""teleopPoints"": 158, ""totalCount"": 206, ""totalPoints"": 206, ""transitionCount"": 11, ""transitionPoints"": 11, ""uncounted"": 3}, ""majorFoulCount"": 0, ""minorFoulCount"": 7, ""penalties"": ""None"", ""rp"": 4, ""superchargedAchieved"": false, ""totalAutoPoints"": 48, ""totalPoints"": 216, ""totalTeleopPoints"": 158, ""totalTowerPoints"": 0, ""traversalAchieved"": false}}, ""set_number"": 1, ""time"": 1774650600, ""videos"": [{""key"": ""_XjhpebgGNM"", ""type"": ""youtube""}], ""winning_alliance"": ""red""}","{""blue"": {""dq_team_keys"": [], ""score"": 110, ""surrogate_team_keys"": [], ""team_keys"": [""frc3636"", ""frc2915"", ""frc4662""]}, ""red"": {""dq_team_keys"": [], ""score"": 216, ""surrogate_team_keys"": [], ""team_keys"": [""frc1540"", ""frc6465"", ""frc5970""]}}",[]
2026orore_qm23,23,qm,12.719999999999999,TBA (Cais pre-match EPA),"{""actual_time"": 1774650880, ""alliances"": {""blue"": {""dq_team_keys"": [], ""score"": 227, ""surrogate_team_keys"": [], ""team_keys"": [""frc2990"", ""frc1425"", ""frc2550""]}, ""red"": {""dq_team_keys"": [], ""score"": 104, ""surrogate_team_keys"": [], ""team_keys"": [""frc1359"", ""frc2898"", ""frc2635""]}}, ""comp_level"": ""qm"", ""event_key"": ""2026orore"", ""key"": ""2026orore_qm23"", ""match_number"": 23, ""post_result_time"": 1774651063, ""predicted_time"": 1774650857, ""score_breakdown"": {""blue"": {""adjustPoints"": 0, ""autoTowerPoints"": 0, ""autoTowerRobot1"": ""None"", ""autoTowerRobot2"": ""None"", ""autoTowerRobot3"": ""None"", ""endGameTowerPoints"": 0, ""endGameTowerRobot1"": ""None"", ""endGameTowerRobot2"": ""None"", ""endGameTowerRobot3"": ""None"", ""energizedAchieved"": true, ""foulPoints"": 10, ""g206Penalty"": false, ""hubScore"": {""autoCount"": 18, ""autoPoints"": 18, ""endgameCount"": 102, ""endgamePoints"": 102, ""shift1Count"": 28, ""shift1Points"": 28, ""shift2Count"": 0, ""shift2Points"": 0, ""shift3Count"": 68, ""shift3Points"": 68, ""shift4Count"": 0, ""shift4Points"": 0, ""teleopCount"": 199, ""teleopPoints"": 199, ""totalCount"": 217, ""totalPoints"": 217, ""transitionCount"": 1, ""transitionPoints"": 1, ""uncounted"": 5}, ""majorFoulCount"": 0, ""minorFoulCount"": 2, ""penalties"": ""None"", ""rp"": 4, ""superchargedAchieved"": false, ""totalAutoPoints"": 18, ""totalPoints"": 227, ""totalTeleopPoints"": 199, ""totalTowerPoints"": 0, ""traversalAchieved"": false}, ""red"": {""adjustPoints"": 0, ""autoTowerPoints"": 0, ""autoTowerRobot1"": ""None"", ""autoTowerRobot2"": ""None"", ""autoTowerRobot3"": ""None"", ""endGameTowerPoints"": 10, ""endGameTowerRobot1"": ""Level1"", ""endGameTowerRobot2"": ""None"", ""endGameTowerRobot3"": ""None"", ""energizedAchieved"": false, ""foulPoints"": 10, ""g206Penalty"": false, ""hubScore"": {""autoCount"": 19, ""autoPoints"": 19, ""endgameCount"": 8, ""endgamePoints"": 8, ""shift1Count"": 0, ""shift1Points"": 0, ""shift2Count"": 39, ""shift2Points"": 39, ""shift3Count"": 0, ""shift3Points"": 0, ""shift4Count"": 16, ""shift4Points"": 16, ""teleopCount"": 65, ""teleopPoints"": 65, ""totalCount"": 84, ""totalPoints"": 84, ""transitionCount"": 2, ""transitionPoints"": 2, ""uncounted"": 0}, ""majorFoulCount"": 0, ""minorFoulCount"": 2, ""penalties"": ""None"", ""rp"": 0, ""superchargedAchieved"": false, ""totalAutoPoints"": 19, ""totalPoints"": 104, ""totalTeleopPoints"": 75, ""totalTowerPoints"": 10, ""traversalAchieved"": false}}, ""set_number"": 1, ""time"": 1774651140, ""videos"": [{""key"": ""ENWpQS-fOIU"", ""type"": ""youtube""}], ""winning_alliance"": ""blue""}","{""blue"": {""dq_team_keys"": [], ""score"": 227, ""surrogate_team_keys"": [], ""team_keys"": [""frc2990"", ""frc1425"", ""frc2550""]}, ""red"": {""dq_team_keys"": [], ""score"": 104, ""surrogate_team_keys"": [], ""team_keys"": [""frc1359"", ""frc2898"", ""frc2635""]}}",[]
2026orore_qm24,24,qm,129.595,TBA (Cais pre-match EPA),"{""actual_time"": 1774651353, ""alliances"": {""blue"": {""dq_team_keys"": [], ""score"": 124, ""surrogate_team_keys"": [], ""team_keys"": [""frc2557"", ""frc10991"", ""frc5975""]}, ""red"": {""dq_team_keys"": [], ""score"": 396, ""surrogate_team_keys"": [], ""team_keys"": [""frc4488"", ""frc9600"", ""frc9430""]}}, ""comp_level"": ""qm"", ""event_key"": ""2026orore"", ""key"": ""2026orore_qm24"", ""match_number"": 24, ""post_result_time"": 1774651569, ""predicted_time"": 1774651420, ""score_breakdown"": {""blue"": {""adjustPoints"": 0, ""autoTowerPoints"": 0, ""autoTowerRobot1"": ""None"", ""autoTowerRobot2"": ""None"", ""autoTowerRobot3"": ""None"", ""endGameTowerPoints"": 0, ""endGameTowerRobot1"": ""None"", ""endGameTowerRobot2"": ""None"", ""endGameTowerRobot3"": ""None"", ""energizedAchieved"": true, ""foulPoints"": 10, ""g206Penalty"": false, ""hubScore"": {""autoCount"": 32, ""autoPoints"": 32, ""endgameCount"": 32, ""endgamePoints"": 32, ""shift1Count"": 14, ""shift1Points"": 14, ""shift2Count"": 0, ""shift2Points"": 0, ""shift3Count"": 29, ""shift3Points"": 29, ""shift4Count"": 0, ""shift4Points"": 0, ""teleopCount"": 82, ""teleopPoints"": 82, ""totalCount"": 114, ""totalPoints"": 114, ""transitionCount"": 7, ""transitionPoints"": 7, ""uncounted"": 0}, ""majorFoulCount"": 0, ""minorFoulCount"": 0, ""penalties"": ""None"", ""rp"": 1, ""superchargedAchieved"": false, ""totalAutoPoints"": 32, ""totalPoints"": 124, ""totalTeleopPoints"": 82, ""totalTowerPoints"": 0, ""traversalAchieved"": false}, ""red"": {""adjustPoints"": 0, ""autoTowerPoints"": 0, ""autoTowerRobot1"": ""None"", ""autoTowerRobot2"": ""None"", ""autoTowerRobot3"": ""None"", ""endGameTowerPoints"": 0, ""endGameTowerRobot1"": ""None"", ""endGameTowerRobot2"": ""None"", ""endGameTowerRobot3"": ""None"", ""energizedAchieved"": true, ""foulPoints"": 0, ""g206Penalty"": false, ""hubScore"": {""autoCount"": 69, ""autoPoints"": 69, ""endgameCount"": 75, ""endgamePoints"": 75, ""shift1Count"": 0, ""shift1Points"": 0, ""shift2Count"": 131, ""shift2Points"": 131, ""shift3Count"": 0, ""shift3Points"": 0, ""shift4Count"": 117, ""shift4Points"": 117, ""teleopCount"": 327, ""teleopPoints"": 327, ""totalCount"": 396, ""totalPoints"": 396, ""transitionCount"": 4, ""transitionPoints"": 4, ""uncounted"": 2}, ""majorFoulCount"": 0, ""minorFoulCount"": 2, ""penalties"": ""None"", ""rp"": 5, ""superchargedAchieved"": true, ""totalAutoPoints"": 69, ""totalPoints"": 396, ""totalTeleopPoints"": 327, ""totalTowerPoints"": 0, ""traversalAchieved"": false}}, ""set_number"": 1, ""time"": 1774651680, ""videos"": [{""key"": ""c5c8KRUxOqA"", ""type"": ""youtube""}], ""winning_alliance"": ""red""}","{""blue"": {""dq_team_keys"": [], ""score"": 124, ""surrogate_team_keys"": [], ""team_keys"": [""frc2557"", ""frc10991"", ""frc5975""]}, ""red"": {""dq_team_keys"": [], ""score"": 396, ""surrogate_team_keys"": [], ""team_keys"": [""frc4488"", ""frc9600"", ""frc9430""]}}",[]
2026orore_qm25,25,qm,56.2,TBA (Cais pre-match EPA),"{""actual_time"": 1774651818, ""alliances"": {""blue"": {""dq_team_keys"": [], ""score"": 162, ""surrogate_team_keys"": [], ""team_keys"": [""frc955"", ""frc2930"", ""frc6465""]}, ""red"": {""dq_team_keys"": [], ""score"": 67, ""surrogate_team_keys"": [], ""team_keys"": [""frc5970"", ""frc2521"", ""frc10444""]}}, ""comp_level"": ""qm"", ""event_key"": ""2026orore"", ""key"": ""2026orore_qm25"", ""match_number"": 25, ""post_result_time"": 1774651999, ""predicted_time"": 1774651953, ""score_breakdown"": {""blue"": {""adjustPoints"": 0, ""autoTowerPoints"": 0, ""autoTowerRobot1"": ""None"", ""autoTowerRobot2"": ""None"", ""autoTowerRobot3"": ""None"", ""endGameTowerPoints"": 0, ""endGameTowerRobot1"": ""None"", ""endGameTowerRobot2"": ""None"", ""endGameTowerRobot3"": ""None"", ""energizedAchieved"": true, ""foulPoints"": 0, ""g206Penalty"": false, ""hubScore"": {""autoCount"": 53, ""autoPoints"": 53, ""endgameCount"": 23, ""endgamePoints"": 23, ""shift1Count"": 0, ""shift1Points"": 0, ""shift2Count"": 50, ""shift2Points"": 50, ""shift3Count"": 0, ""shift3Points"": 0, ""shift4Count"": 20, ""shift4Points"": 20, ""teleopCount"": 109, ""teleopPoints"": 109, ""totalCount"": 162, ""totalPoints"": 162, ""transitionCount"": 16, ""transitionPoints"": 16, ""uncounted"": 0}, ""majorFoulCount"": 0, ""minorFoulCount"": 1, ""penalties"": ""None"", ""rp"": 4, ""superchargedAchieved"": false, ""totalAutoPoints"": 53, ""totalPoints"": 162, ""totalTeleopPoints"": 109, ""totalTowerPoints"": 0, ""traversalAchieved"": false}, ""red"": {""adjustPoints"": 0, ""autoTowerPoints"": 0, ""autoTowerRobot1"": ""None"", ""autoTowerRobot2"": ""None"", ""autoTowerRobot3"": ""None"", ""endGameTowerPoints"": 0, ""endGameTowerRobot1"": ""None"", ""endGameTowerRobot2"": ""None"", ""endGameTowerRobot3"": ""None"", ""energizedAchieved"": false, ""foulPoints"": 5, ""g206Penalty"": false, ""hubScore"": {""autoCount"": 24, ""autoPoints"": 24, ""endgameCount"": 23, ""endgamePoints"": 23, ""shift1Count"": 4, ""shift1Points"": 4, ""shift2Count"": 0, ""shift2Points"": 0, ""shift3Count"": 10, ""shift3Points"": 10, ""shift4Count"": 0, ""shift4Points"": 0, ""teleopCount"": 38, ""teleopPoints"": 38, ""totalCount"": 62, ""totalPoints"": 62, ""transitionCount"": 1, ""transitionPoints"": 1, ""uncounted"": 0}, ""majorFoulCount"": 0, ""minorFoulCount"": 0, ""penalties"": ""None"", ""rp"": 0, ""superchargedAchieved"": false, ""totalAutoPoints"": 24, ""totalPoints"": 67, ""totalTeleopPoints"": 38, ""totalTowerPoints"": 0, ""traversalAchieved"": false}}, ""set_number"": 1, ""time"": 1774652220, ""videos"": [{""key"": ""LjS3g-alC9s"", ""type"": ""youtube""}], ""winning_alliance"": ""blue""}","{""blue"": {""dq_team_keys"": [], ""score"": 162, ""surrogate_team_keys"": [], ""team_keys"": [""frc955"", ""frc2930"", ""frc6465""]}, ""red"": {""dq_team_keys"": [], ""score"": 67, ""surrogate_team_keys"": [], ""team_keys"": [""frc5970"", ""frc2521"", ""frc10444""]}}",[]
2026orore_qm26,26,qm,25.535000000000004,TBA (Cais pre-match EPA),"{""actual_time"": 1774652296, ""alliances"": {""blue"": {""dq_team_keys"": [], ""score"": 158, ""surrogate_team_keys"": [], ""team_keys"": [""frc4662"", ""frc2635"", ""frc6696""]}, ""red"": {""dq_team_keys"": [], ""score"": 55, ""surrogate_team_keys"": [], ""team_keys"": [""frc3636"", ""frc9567"", ""frc6831""]}}, ""comp_level"": ""qm"", ""event_key"": ""2026orore"", ""key"": ""2026orore_qm26"", ""match_number"": 26, ""post_result_time"": 1774652479, ""predicted_time"": 1774652497, ""score_breakdown"": {""blue"": {""adjustPoints"": 0, ""autoTowerPoints"": 0, ""autoTowerRobot1"": ""None"", ""autoTowerRobot2"": ""None"", ""autoTowerRobot3"": ""None"", ""endGameTowerPoints"": 0, ""endGameTowerRobot1"": ""None"", ""endGameTowerRobot2"": ""None"", ""endGameTowerRobot3"": ""None"", ""energizedAchieved"": true, ""foulPoints"": 0, ""g206Penalty"": false, ""hubScore"": {""autoCount"": 19, ""autoPoints"": 19, ""endgameCount"": 20, ""endgamePoints"": 20, ""shift1Count"": 0, ""shift1Points"": 0, ""shift2Count"": 61, ""shift2Points"": 61, ""shift3Count"": 0, ""shift3Points"": 0, ""shift4Count"": 46, ""shift4Points"": 46, ""teleopCount"": 139, ""teleopPoints"": 139, ""totalCount"": 158, ""totalPoints"": 158, ""transitionCount"": 12, ""transitionPoints"": 12, ""uncounted"": 3}, ""majorFoulCount"": 0, ""minorFoulCount"": 0, ""penalties"": ""None"", ""rp"": 4, ""superchargedAchieved"": false, ""totalAutoPoints"": 19, ""totalPoints"": 158, ""totalTeleopPoints"": 139, ""totalTowerPoints"": 0, ""traversalAchieved"": false}, ""red"": {""adjustPoints"": 0, ""autoTowerPoints"": 0, ""autoTowerRobot1"": ""None"", ""autoTowerRobot2"": ""None"", ""autoTowerRobot3"": ""None"", ""endGameTowerPoints"": 0, ""endGameTowerRobot1"": ""None"", ""endGameTowerRobot2"": ""None"", ""endGameTowerRobot3"": ""None"", ""energizedAchieved"": false, ""foulPoints"": 0, ""g206Penalty"": false, ""hubScore"": {""autoCount"": 18, ""autoPoints"": 18, ""endgameCount"": 3, ""endgamePoints"": 3, ""shift1Count"": 29, ""shift1Points"": 29, ""shift2Count"": 0, ""shift2Points"": 0, ""shift3Count"": 0, ""shift3Points"": 0, ""shift4Count"": 0, ""shift4Points"": 0, ""teleopCount"": 37, ""teleopPoints"": 37, ""totalCount"": 55, ""totalPoints"": 55, ""transitionCount"": 5, ""transitionPoints"": 5, ""uncounted"": 1}, ""majorFoulCount"": 0, ""minorFoulCount"": 0, ""penalties"": ""None"", ""rp"": 0, ""superchargedAchieved"": false, ""totalAutoPoints"": 18, ""totalPoints"": 55, ""totalTeleopPoints"": 37, ""totalTowerPoints"": 0, ""traversalAchieved"": false}}, ""set_number"": 1, ""time"": 1774652760, ""videos"": [{""key"": ""p3nVp2rDLqA"", ""type"": ""youtube""}], ""winning_alliance"": ""blue""}","{""blue"": {""dq_team_keys"": [], ""score"": 158, ""surrogate_team_keys"": [], ""team_keys"": [""frc4662"", ""frc2635"", ""frc6696""]}, ""red"": {""dq_team_keys"": [], ""score"": 55, ""surrogate_team_keys"": [], ""team_keys"": [""frc3636"", ""frc9567"", ""frc6831""]}}",[]
2026orore_qm27,27,qm,94.29,TBA (Cais pre-match EPA),"{""actual_time"": 1774652773, ""alliances"": {""blue"": {""dq_team_keys"": [], ""score"": 147, ""surrogate_team_keys"": [], ""team_keys"": [""frc2915"", ""frc2990"", ""frc3669""]}, ""red"": {""dq_team_keys"": [], ""score"": 358, ""surrogate_team_keys"": [], ""team_keys"": [""frc2811"", ""frc2557"", ""frc3674""]}}, ""comp_level"": ""qm"", ""event_key"": ""2026orore"", ""key"": ""2026orore_qm27"", ""match_number"": 27, ""post_result_time"": 1774652954, ""predicted_time"": 1774652867, ""score_breakdown"": {""blue"": {""adjustPoints"": 0, ""autoTowerPoints"": 0, ""autoTowerRobot1"": ""None"", ""autoTowerRobot2"": ""None"", ""autoTowerRobot3"": ""None"", ""endGameTowerPoints"": 0, ""endGameTowerRobot1"": ""None"", ""endGameTowerRobot2"": ""None"", ""endGameTowerRobot3"": ""None"", ""energizedAchieved"": true, ""foulPoints"": 0, ""g206Penalty"": false, ""hubScore"": {""autoCount"": 46, ""autoPoints"": 46, ""endgameCount"": 48, ""endgamePoints"": 48, ""shift1Count"": 0, ""shift1Points"": 0, ""shift2Count"": 24, ""shift2Points"": 24, ""shift3Count"": 0, ""shift3Points"": 0, ""shift4Count"": 29, ""shift4Points"": 29, ""teleopCount"": 101, ""teleopPoints"": 101, ""totalCount"": 147, ""totalPoints"": 147, ""transitionCount"": 0, ""transitionPoints"": 0, ""uncounted"": 5}, ""majorFoulCount"": 0, ""minorFoulCount"": 1, ""penalties"": ""None"", ""rp"": 1, ""superchargedAchieved"": false, ""totalAutoPoints"": 46, ""totalPoints"": 147, ""totalTeleopPoints"": 101, ""totalTowerPoints"": 0, ""traversalAchieved"": false}, ""red"": {""adjustPoints"": 0, ""autoTowerPoints"": 0, ""autoTowerRobot1"": ""None"", ""autoTowerRobot2"": ""None"", ""autoTowerRobot3"": ""None"", ""endGameTowerPoints"": 0, ""endGameTowerRobot1"": ""None"", ""endGameTowerRobot2"": ""None"", ""endGameTowerRobot3"": ""None"", ""energizedAchieved"": true, ""foulPoints"": 5, ""g206Penalty"": false, ""hubScore"": {""autoCount"": 32, ""autoPoints"": 32, ""endgameCount"": 118, ""endgamePoints"": 118, ""shift1Count"": 77, ""shift1Points"": 77, ""shift2Count"": 0, ""shift2Points"": 0, ""shift3Count"": 113, ""shift3Points"": 113, ""shift4Count"": 0, ""shift4Points"": 0, ""teleopCount"": 321, ""teleopPoints"": 321, ""totalCount"": 353, ""totalPoints"": 353, ""transitionCount"": 13, ""transitionPoints"": 13, ""uncounted"": 0}, ""majorFoulCount"": 0, ""minorFoulCount"": 0, ""penalties"": ""None"", ""rp"": 4, ""superchargedAchieved"": false, ""totalAutoPoints"": 32, ""totalPoints"": 358, ""totalTeleopPoints"": 321, ""totalTowerPoints"": 0, ""traversalAchieved"": false}}, ""set_number"": 1, ""time"": 1774653300, ""videos"": [{""key"": ""fDs1QcOCtI0"", ""type"": ""youtube""}], ""winning_alliance"": ""red""}","{""blue"": {""dq_team_keys"": [], ""score"": 147, ""surrogate_team_keys"": [], ""team_keys"": [""frc2915"", ""frc2990"", ""frc3669""]}, ""red"": {""dq_team_keys"": [], ""score"": 358, ""surrogate_team_keys"": [], ""team_keys"": [""frc2811"", ""frc2557"", ""frc3674""]}}",[]
2026orore_qm28,28,qm,93.70500000000001,TBA (Cais pre-match EPA),"{""actual_time"": 1774653440, ""alliances"": {""blue"": {""dq_team_keys"": [], ""score"": 359, ""surrogate_team_keys"": [], ""team_keys"": [""frc4488"", ""frc4915"", ""frc997""]}, ""red"": {""dq_team_keys"": [], ""score"": 151, ""surrogate_team_keys"": [], ""team_keys"": [""frc2733"", ""frc1540"", ""frc2898""]}}, ""comp_level"": ""qm"", ""event_key"": ""2026orore"", ""key"": ""2026orore_qm28"", ""match_number"": 28, ""post_result_time"": 1774653637, ""predicted_time"": 1774653377, ""score_breakdown"": {""blue"": {""adjustPoints"": 0, ""autoTowerPoints"": 0, ""autoTowerRobot1"": ""None"", ""autoTowerRobot2"": ""None"", ""autoTowerRobot3"": ""None"", ""endGameTowerPoints"": 0, ""endGameTowerRobot1"": ""None"", ""endGameTowerRobot2"": ""None"", ""endGameTowerRobot3"": ""None"", ""energizedAchieved"": true, ""foulPoints"": 45, ""g206Penalty"": false, ""hubScore"": {""autoCount"": 44, ""autoPoints"": 44, ""endgameCount"": 54, ""endgamePoints"": 54, ""shift1Count"": 0, ""shift1Points"": 0, ""shift2Count"": 118, ""shift2Points"": 118, ""shift3Count"": 0, ""shift3Points"": 0, ""shift4Count"": 81, ""shift4Points"": 81, ""teleopCount"": 270, ""teleopPoints"": 270, ""totalCount"": 314, ""totalPoints"": 314, ""transitionCount"": 17, ""transitionPoints"": 17, ""uncounted"": 2}, ""majorFoulCount"": 0, ""minorFoulCount"": 5, ""penalties"": ""None"", ""rp"": 4, ""superchargedAchieved"": false, ""totalAutoPoints"": 44, ""totalPoints"": 359, ""totalTeleopPoints"": 270, ""totalTowerPoints"": 0, ""traversalAchieved"": false}, ""red"": {""adjustPoints"": 0, ""autoTowerPoints"": 0, ""autoTowerRobot1"": ""None"", ""autoTowerRobot2"": ""None"", ""autoTowerRobot3"": ""None"", ""endGameTowerPoints"": 0, ""endGameTowerRobot1"": ""None"", ""endGameTowerRobot2"": ""None"", ""endGameTowerRobot3"": ""None"", ""energizedAchieved"": true, ""foulPoints"": 25, ""g206Penalty"": false, ""hubScore"": {""autoCount"": 39, ""autoPoints"": 39, ""endgameCount"": 22, ""endgamePoints"": 22, ""shift1Count"": 49, ""shift1Points"": 49, ""shift2Count"": 0, ""shift2Points"": 0, ""shift3Count"": 11, ""shift3Points"": 11, ""shift4Count"": 0, ""shift4Points"": 0, ""teleopCount"": 87, ""teleopPoints"": 87, ""totalCount"": 126, ""totalPoints"": 126, ""transitionCount"": 5, ""transitionPoints"": 5, ""uncounted"": 5}, ""majorFoulCount"": 3, ""minorFoulCount"": 0, ""penalties"": ""None"", ""rp"": 1, ""superchargedAchieved"": false, ""totalAutoPoints"": 39, ""totalPoints"": 151, ""totalTeleopPoints"": 87, ""totalTowerPoints"": 0, ""traversalAchieved"": false}}, ""set_number"": 1, ""time"": 1774653840, ""videos"": [{""key"": ""mPgruRoQiY8"", ""type"": ""youtube""}], ""winning_alliance"": ""blue""}","{""blue"": {""dq_team_keys"": [], ""score"": 359, ""surrogate_team_keys"": [], ""team_keys"": [""frc4488"", ""frc4915"", ""frc997""]}, ""red"": {""dq_team_keys"": [], ""score"": 151, ""surrogate_team_keys"": [], ""team_keys"": [""frc2733"", ""frc1540"", ""frc2898""]}}",[]
2026orore_qm29,29,qm,32.24000000000001,TBA (Cais pre-match EPA),"{""actual_time"": 1774653878, ""alliances"": {""blue"": {""dq_team_keys"": [], ""score"": 175, ""surrogate_team_keys"": [], ""team_keys"": [""frc957"", ""frc749"", ""frc2550""]}, ""red"": {""dq_team_keys"": [], ""score"": 270, ""surrogate_team_keys"": [], ""team_keys"": [""frc8032"", ""frc1359"", ""frc2471""]}}, ""comp_level"": ""qm"", ""event_key"": ""2026orore"", ""key"": ""2026orore_qm29"", ""match_number"": 29, ""post_result_time"": 1774654062, ""predicted_time"": 1774654068, ""score_breakdown"": {""blue"": {""adjustPoints"": 0, ""autoTowerPoints"": 0, ""autoTowerRobot1"": ""None"", ""autoTowerRobot2"": ""None"", ""autoTowerRobot3"": ""None"", ""endGameTowerPoints"": 10, ""endGameTowerRobot1"": ""None"", ""endGameTowerRobot2"": ""None"", ""endGameTowerRobot3"": ""Level1"", ""energizedAchieved"": true, ""foulPoints"": 10, ""g206Penalty"": false, ""hubScore"": {""autoCount"": 42, ""autoPoints"": 42, ""endgameCount"": 64, ""endgamePoints"": 64, ""shift1Count"": 30, ""shift1Points"": 30, ""shift2Count"": 0, ""shift2Points"": 0, ""shift3Count"": 19, ""shift3Points"": 19, ""shift4Count"": 0, ""shift4Points"": 0, ""teleopCount"": 113, ""teleopPoints"": 113, ""totalCount"": 155, ""totalPoints"": 155, ""transitionCount"": 0, ""transitionPoints"": 0, ""uncounted"": 0}, ""majorFoulCount"": 0, ""minorFoulCount"": 1, ""penalties"": ""None"", ""rp"": 1, ""superchargedAchieved"": false, ""totalAutoPoints"": 42, ""totalPoints"": 175, ""totalTeleopPoints"": 123, ""totalTowerPoints"": 10, ""traversalAchieved"": false}, ""red"": {""adjustPoints"": 0, ""autoTowerPoints"": 0, ""autoTowerRobot1"": ""None"", ""autoTowerRobot2"": ""None"", ""autoTowerRobot3"": ""None"", ""endGameTowerPoints"": 10, ""endGameTowerRobot1"": ""None"", ""endGameTowerRobot2"": ""Level1"", ""endGameTowerRobot3"": ""None"", ""energizedAchieved"": true, ""foulPoints"": 5, ""g206Penalty"": false, ""hubScore"": {""autoCount"": 87, ""autoPoints"": 87, ""endgameCount"": 33, ""endgamePoints"": 33, ""shift1Count"": 0, ""shift1Points"": 0, ""shift2Count"": 66, ""shift2Points"": 66, ""shift3Count"": 0, ""shift3Points"": 0, ""shift4Count"": 59, ""shift4Points"": 59, ""teleopCount"": 168, ""teleopPoints"": 168, ""totalCount"": 255, ""totalPoints"": 255, ""transitionCount"": 10, ""transitionPoints"": 10, ""uncounted"": 0}, ""majorFoulCount"": 0, ""minorFoulCount"": 2, ""penalties"": ""None"", ""rp"": 4, ""superchargedAchieved"": false, ""totalAutoPoints"": 87, ""totalPoints"": 270, ""totalTeleopPoints"": 178, ""totalTowerPoints"": 10, ""traversalAchieved"": false}}, ""set_number"": 1, ""time"": 1774654380, ""videos"": [{""key"": ""H__2X22nTT0"", ""type"": ""youtube""}], ""winning_alliance"": ""red""}","{""blue"": {""dq_team_keys"": [], ""score"": 175, ""surrogate_team_keys"": [], ""team_keys"": [""frc957"", ""frc749"", ""frc2550""]}, ""red"": {""dq_team_keys"": [], ""score"": 270, ""surrogate_team_keys"": [], ""team_keys"": [""frc8032"", ""frc1359"", ""frc2471""]}}",[]
2026orore_qm30,30,qm,59.215,TBA (Cais pre-match EPA),"{""actual_time"": 1774654384, ""alliances"": {""blue"": {""dq_team_keys"": [], ""score"": 269, ""surrogate_team_keys"": [], ""team_keys"": [""frc1425"", ""frc9600"", ""frc4662""]}, ""red"": {""dq_team_keys"": [], ""score"": 212, ""surrogate_team_keys"": [], ""team_keys"": [""frc2557"", ""frc6465"", ""frc9430""]}}, ""comp_level"": ""qm"", ""event_key"": ""2026orore"", ""key"": ""2026orore_qm30"", ""match_number"": 30, ""post_result_time"": 1774654568, ""predicted_time"": 1774654483, ""score_breakdown"": {""blue"": {""adjustPoints"": 0, ""autoTowerPoints"": 0, ""autoTowerRobot1"": ""None"", ""autoTowerRobot2"": ""None"", ""autoTowerRobot3"": ""None"", ""endGameTowerPoints"": 0, ""endGameTowerRobot1"": ""None"", ""endGameTowerRobot2"": ""None"", ""endGameTowerRobot3"": ""None"", ""energizedAchieved"": true, ""foulPoints"": 0, ""g206Penalty"": false, ""hubScore"": {""autoCount"": 58, ""autoPoints"": 58, ""endgameCount"": 51, ""endgamePoints"": 51, ""shift1Count"": 0, ""shift1Points"": 0, ""shift2Count"": 71, ""shift2Points"": 71, ""shift3Count"": 0, ""shift3Points"": 0, ""shift4Count"": 68, ""shift4Points"": 68, ""teleopCount"": 211, ""teleopPoints"": 211, ""totalCount"": 269, ""totalPoints"": 269, ""transitionCount"": 21, ""transitionPoints"": 21, ""uncounted"": 3}, ""majorFoulCount"": 0, ""minorFoulCount"": 0, ""penalties"": ""None"", ""rp"": 4, ""superchargedAchieved"": false, ""totalAutoPoints"": 58, ""totalPoints"": 269, ""totalTeleopPoints"": 211, ""totalTowerPoints"": 0, ""traversalAchieved"": false}, ""red"": {""adjustPoints"": 0, ""autoTowerPoints"": 0, ""autoTowerRobot1"": ""None"", ""autoTowerRobot2"": ""None"", ""autoTowerRobot3"": ""None"", ""endGameTowerPoints"": 0, ""endGameTowerRobot1"": ""None"", ""endGameTowerRobot2"": ""None"", ""endGameTowerRobot3"": ""None"", ""energizedAchieved"": true, ""foulPoints"": 0, ""g206Penalty"": false, ""hubScore"": {""autoCount"": 53, ""autoPoints"": 53, ""endgameCount"": 35, ""endgamePoints"": 35, ""shift1Count"": 57, ""shift1Points"": 57, ""shift2Count"": 0, ""shift2Points"": 0, ""shift3Count"": 65, ""shift3Points"": 65, ""shift4Count"": 0, ""shift4Points"": 0, ""teleopCount"": 159, ""teleopPoints"": 159, ""totalCount"": 212, ""totalPoints"": 212, ""transitionCount"": 2, ""transitionPoints"": 2, ""uncounted"": 0}, ""majorFoulCount"": 0, ""minorFoulCount"": 0, ""penalties"": ""None"", ""rp"": 1, ""superchargedAchieved"": false, ""totalAutoPoints"": 53, ""totalPoints"": 212, ""totalTeleopPoints"": 159, ""totalTowerPoints"": 0, ""traversalAchieved"": false}}, ""set_number"": 1, ""time"": 1774654920, ""videos"": [{""key"": ""mmP9DvF_PPk"", ""type"": ""youtube""}], ""winning_alliance"": ""blue""}","{""blue"": {""dq_team_keys"": [], ""score"": 269, ""surrogate_team_keys"": [], ""team_keys"": [""frc1425"", ""frc9600"", ""frc4662""]}, ""red"": {""dq_team_keys"": [], ""score"": 212, ""surrogate_team_keys"": [], ""team_keys"": [""frc2557"", ""frc6465"", ""frc9430""]}}",[]
2026orore_qm31,31,qm,87.96499999999997,TBA (Cais pre-match EPA),"{""actual_time"": 1774654827, ""alliances"": {""blue"": {""dq_team_keys"": [], ""score"": 297, ""surrogate_team_keys"": [], ""team_keys"": [""frc955"", ""frc2898"", ""frc3636""]}, ""red"": {""dq_team_keys"": [], ""score"": 252, ""surrogate_team_keys"": [], ""team_keys"": [""frc2930"", ""frc3674"", ""frc2990""]}}, ""comp_level"": ""qm"", ""event_key"": ""2026orore"", ""key"": ""2026orore_qm31"", ""match_number"": 31, ""post_result_time"": 1774655007, ""predicted_time"": 1774655356, ""score_breakdown"": {""blue"": {""adjustPoints"": 0, ""autoTowerPoints"": 0, ""autoTowerRobot1"": ""None"", ""autoTowerRobot2"": ""None"", ""autoTowerRobot3"": ""None"", ""endGameTowerPoints"": 0, ""endGameTowerRobot1"": ""None"", ""endGameTowerRobot2"": ""None"", ""endGameTowerRobot3"": ""None"", ""energizedAchieved"": true, ""foulPoints"": 30, ""g206Penalty"": false, ""hubScore"": {""autoCount"": 47, ""autoPoints"": 47, ""endgameCount"": 54, ""endgamePoints"": 54, ""shift1Count"": 0, ""shift1Points"": 0, ""shift2Count"": 72, ""shift2Points"": 72, ""shift3Count"": 0, ""shift3Points"": 0, ""shift4Count"": 76, ""shift4Points"": 76, ""teleopCount"": 220, ""teleopPoints"": 220, ""totalCount"": 267, ""totalPoints"": 267, ""transitionCount"": 18, ""transitionPoints"": 18, ""uncounted"": 1}, ""majorFoulCount"": 0, ""minorFoulCount"": 0, ""penalties"": ""None"", ""rp"": 4, ""superchargedAchieved"": false, ""totalAutoPoints"": 47, ""totalPoints"": 297, ""totalTeleopPoints"": 220, ""totalTowerPoints"": 0, ""traversalAchieved"": false}, ""red"": {""adjustPoints"": 0, ""autoTowerPoints"": 0, ""autoTowerRobot1"": ""None"", ""autoTowerRobot2"": ""None"", ""autoTowerRobot3"": ""None"", ""endGameTowerPoints"": 0, ""endGameTowerRobot1"": ""None"", ""endGameTowerRobot2"": ""None"", ""endGameTowerRobot3"": ""None"", ""energizedAchieved"": true, ""foulPoints"": 0, ""g206Penalty"": false, ""hubScore"": {""autoCount"": 35, ""autoPoints"": 35, ""endgameCount"": 105, ""endgamePoints"": 105, ""shift1Count"": 45, ""shift1Points"": 45, ""shift2Count"": 0, ""shift2Points"": 0, ""shift3Count"": 65, ""shift3Points"": 65, ""shift4Count"": 0, ""shift4Points"": 0, ""teleopCount"": 217, ""teleopPoints"": 217, ""totalCount"": 252, ""totalPoints"": 252, ""transitionCount"": 2, ""transitionPoints"": 2, ""uncounted"": 0}, ""majorFoulCount"": 2, ""minorFoulCount"": 0, ""penalties"": ""None"", ""rp"": 1, ""superchargedAchieved"": false, ""totalAutoPoints"": 35, ""totalPoints"": 252, ""totalTeleopPoints"": 217, ""totalTowerPoints"": 0, ""traversalAchieved"": false}}, ""set_number"": 1, ""time"": 1774655460, ""videos"": [{""key"": ""H8K1yFe97Bw"", ""type"": ""youtube""}], ""winning_alliance"": ""blue""}","{""blue"": {""dq_team_keys"": [], ""score"": 297, ""surrogate_team_keys"": [], ""team_keys"": [""frc955"", ""frc2898"", ""frc3636""]}, ""red"": {""dq_team_keys"": [], ""score"": 252, ""surrogate_team_keys"": [], ""team_keys"": [""frc2930"", ""frc3674"", ""frc2990""]}}",[]
2026orore_qm32,32,qm,67.42500000000001,TBA (Cais pre-match EPA),"{""actual_time"": 1774656932, ""alliances"": {""blue"": {""dq_team_keys"": [], ""score"": 190, ""surrogate_team_keys"": [], ""team_keys"": [""frc9567"", ""frc5970"", ""frc997""]}, ""red"": {""dq_team_keys"": [], ""score"": 72, ""surrogate_team_keys"": [], ""team_keys"": [""frc8032"", ""frc2550"", ""frc5975""]}}, ""comp_level"": ""qm"", ""event_key"": ""2026orore"", ""key"": ""2026orore_qm32"", ""match_number"": 32, ""post_result_time"": 1774657117, ""predicted_time"": 1774657074, ""score_breakdown"": {""blue"": {""adjustPoints"": 0, ""autoTowerPoints"": 0, ""autoTowerRobot1"": ""None"", ""autoTowerRobot2"": ""None"", ""autoTowerRobot3"": ""None"", ""endGameTowerPoints"": 0, ""endGameTowerRobot1"": ""None"", ""endGameTowerRobot2"": ""None"", ""endGameTowerRobot3"": ""None"", ""energizedAchieved"": true, ""foulPoints"": 5, ""g206Penalty"": false, ""hubScore"": {""autoCount"": 33, ""autoPoints"": 33, ""endgameCount"": 52, ""endgamePoints"": 52, ""shift1Count"": 0, ""shift1Points"": 0, ""shift2Count"": 33, ""shift2Points"": 33, ""shift3Count"": 0, ""shift3Points"": 0, ""shift4Count"": 49, ""shift4Points"": 49, ""teleopCount"": 152, ""teleopPoints"": 152, ""totalCount"": 185, ""totalPoints"": 185, ""transitionCount"": 18, ""transitionPoints"": 18, ""uncounted"": 0}, ""majorFoulCount"": 0, ""minorFoulCount"": 0, ""penalties"": ""None"", ""rp"": 4, ""superchargedAchieved"": false, ""totalAutoPoints"": 33, ""totalPoints"": 190, ""totalTeleopPoints"": 152, ""totalTowerPoints"": 0, ""traversalAchieved"": false}, ""red"": {""adjustPoints"": 0, ""autoTowerPoints"": 0, ""autoTowerRobot1"": ""None"", ""autoTowerRobot2"": ""None"", ""autoTowerRobot3"": ""None"", ""endGameTowerPoints"": 0, ""endGameTowerRobot1"": ""None"", ""endGameTowerRobot2"": ""None"", ""endGameTowerRobot3"": ""None"", ""energizedAchieved"": false, ""foulPoints"": 0, ""g206Penalty"": false, ""hubScore"": {""autoCount"": 23, ""autoPoints"": 23, ""endgameCount"": 20, ""endgamePoints"": 20, ""shift1Count"": 16, ""shift1Points"": 16, ""shift2Count"": 0, ""shift2Points"": 0, ""shift3Count"": 13, ""shift3Points"": 13, ""shift4Count"": 0, ""shift4Points"": 0, ""teleopCount"": 49, ""teleopPoints"": 49, ""totalCount"": 72, ""totalPoints"": 72, ""transitionCount"": 0, ""transitionPoints"": 0, ""uncounted"": 2}, ""majorFoulCount"": 0, ""minorFoulCount"": 1, ""penalties"": ""None"", ""rp"": 0, ""superchargedAchieved"": false, ""totalAutoPoints"": 23, ""totalPoints"": 72, ""totalTeleopPoints"": 49, ""totalTowerPoints"": 0, ""traversalAchieved"": false}}, ""set_number"": 1, ""time"": 1774656900, ""videos"": [], ""winning_alliance"": ""blue""}","{""blue"": {""dq_team_keys"": [], ""score"": 190, ""surrogate_team_keys"": [], ""team_keys"": [""frc9567"", ""frc5970"", ""frc997""]}, ""red"": {""dq_team_keys"": [], ""score"": 72, ""surrogate_team_keys"": [], ""team_keys"": [""frc8032"", ""frc2550"", ""frc5975""]}}",[]
2026orore_qm33,33,qm,111.80000000000001,TBA (Cais pre-match EPA),"{""actual_time"": 1774657426, ""alliances"": {""blue"": {""dq_team_keys"": [], ""score"": 295, ""surrogate_team_keys"": [], ""team_keys"": [""frc2811"", ""frc2635"", ""frc4915""]}, ""red"": {""dq_team_keys"": [], ""score"": 346, ""surrogate_team_keys"": [], ""team_keys"": [""frc2521"", ""frc2471"", ""frc2733""]}}, ""comp_level"": ""qm"", ""event_key"": ""2026orore"", ""key"": ""2026orore_qm33"", ""match_number"": 33, ""post_result_time"": 1774657677, ""predicted_time"": 1774657490, ""score_breakdown"": {""blue"": {""adjustPoints"": 0, ""autoTowerPoints"": 0, ""autoTowerRobot1"": ""None"", ""autoTowerRobot2"": ""None"", ""autoTowerRobot3"": ""None"", ""endGameTowerPoints"": 0, ""endGameTowerRobot1"": ""None"", ""endGameTowerRobot2"": ""None"", ""endGameTowerRobot3"": ""None"", ""energizedAchieved"": true, ""foulPoints"": 0, ""g206Penalty"": false, ""hubScore"": {""autoCount"": 29, ""autoPoints"": 29, ""endgameCount"": 111, ""endgamePoints"": 111, ""shift1Count"": 82, ""shift1Points"": 82, ""shift2Count"": 0, ""shift2Points"": 0, ""shift3Count"": 72, ""shift3Points"": 72, ""shift4Count"": 0, ""shift4Points"": 0, ""teleopCount"": 266, ""teleopPoints"": 266, ""totalCount"": 295, ""totalPoints"": 295, ""transitionCount"": 1, ""transitionPoints"": 1, ""uncounted"": 1}, ""majorFoulCount"": 0, ""minorFoulCount"": 0, ""penalties"": ""None"", ""rp"": 1, ""superchargedAchieved"": false, ""totalAutoPoints"": 29, ""totalPoints"": 295, ""totalTeleopPoints"": 266, ""totalTowerPoints"": 0, ""traversalAchieved"": false}, ""red"": {""adjustPoints"": 0, ""autoTowerPoints"": 0, ""autoTowerRobot1"": ""None"", ""autoTowerRobot2"": ""None"", ""autoTowerRobot3"": ""None"", ""endGameTowerPoints"": 0, ""endGameTowerRobot1"": ""None"", ""endGameTowerRobot2"": ""None"", ""endGameTowerRobot3"": ""None"", ""energizedAchieved"": true, ""foulPoints"": 0, ""g206Penalty"": false, ""hubScore"": {""autoCount"": 79, ""autoPoints"": 79, ""endgameCount"": 93, ""endgamePoints"": 93, ""shift1Count"": 0, ""shift1Points"": 0, ""shift2Count"": 95, ""shift2Points"": 95, ""shift3Count"": 0, ""shift3Points"": 0, ""shift4Count"": 69, ""shift4Points"": 69, ""teleopCount"": 267, ""teleopPoints"": 267, ""totalCount"": 346, ""totalPoints"": 346, ""transitionCount"": 10, ""transitionPoints"": 10, ""uncounted"": 1}, ""majorFoulCount"": 0, ""minorFoulCount"": 0, ""penalties"": ""None"", ""rp"": 4, ""superchargedAchieved"": false, ""totalAutoPoints"": 79, ""totalPoints"": 346, ""totalTeleopPoints"": 267, ""totalTowerPoints"": 0, ""traversalAchieved"": false}}, ""set_number"": 1, ""time"": 1774657440, ""videos"": [], ""winning_alliance"": ""red""}","{""blue"": {""dq_team_keys"": [], ""score"": 295, ""surrogate_team_keys"": [], ""team_keys"": [""frc2811"", ""frc2635"", ""frc4915""]}, ""red"": {""dq_team_keys"": [], ""score"": 346, ""surrogate_team_keys"": [], ""team_keys"": [""frc2521"", ""frc2471"", ""frc2733""]}}",[]
2026orore_qm34,34,qm,73.64500000000001,TBA (Cais pre-match EPA),"{""actual_time"": 1774657917, ""alliances"": {""blue"": {""dq_team_keys"": [], ""score"": 481, ""surrogate_team_keys"": [], ""team_keys"": [""frc749"", ""frc6696"", ""frc1540""]}, ""red"": {""dq_team_keys"": [], ""score"": 174, ""surrogate_team_keys"": [], ""team_keys"": [""frc6831"", ""frc10444"", ""frc1425""]}}, ""comp_level"": ""qm"", ""event_key"": ""2026orore"", ""key"": ""2026orore_qm34"", ""match_number"": 34, ""post_result_time"": 1774658099, ""predicted_time"": 1774658215, ""score_breakdown"": {""blue"": {""adjustPoints"": 0, ""autoTowerPoints"": 0, ""autoTowerRobot1"": ""None"", ""autoTowerRobot2"": ""None"", ""autoTowerRobot3"": ""None"", ""endGameTowerPoints"": 0, ""endGameTowerRobot1"": ""None"", ""endGameTowerRobot2"": ""None"", ""endGameTowerRobot3"": ""None"", ""energizedAchieved"": true, ""foulPoints"": 0, ""g206Penalty"": false, ""hubScore"": {""autoCount"": 75, ""autoPoints"": 75, ""endgameCount"": 115, ""endgamePoints"": 115, ""shift1Count"": 0, ""shift1Points"": 0, ""shift2Count"": 107, ""shift2Points"": 107, ""shift3Count"": 0, ""shift3Points"": 0, ""shift4Count"": 174, ""shift4Points"": 174, ""teleopCount"": 406, ""teleopPoints"": 406, ""totalCount"": 481, ""totalPoints"": 481, ""transitionCount"": 10, ""transitionPoints"": 10, ""uncounted"": 0}, ""majorFoulCount"": 0, ""minorFoulCount"": 1, ""penalties"": ""None"", ""rp"": 5, ""superchargedAchieved"": true, ""totalAutoPoints"": 75, ""totalPoints"": 481, ""totalTeleopPoints"": 406, ""totalTowerPoints"": 0, ""traversalAchieved"": false}, ""red"": {""adjustPoints"": 0, ""autoTowerPoints"": 0, ""autoTowerRobot1"": ""None"", ""autoTowerRobot2"": ""None"", ""autoTowerRobot3"": ""None"", ""endGameTowerPoints"": 0, ""endGameTowerRobot1"": ""None"", ""endGameTowerRobot2"": ""None"", ""endGameTowerRobot3"": ""None"", ""energizedAchieved"": true, ""foulPoints"": 5, ""g206Penalty"": false, ""hubScore"": {""autoCount"": 57, ""autoPoints"": 57, ""endgameCount"": 29, ""endgamePoints"": 29, ""shift1Count"": 44, ""shift1Points"": 44, ""shift2Count"": 0, ""shift2Points"": 0, ""shift3Count"": 39, ""shift3Points"": 39, ""shift4Count"": 0, ""shift4Points"": 0, ""teleopCount"": 112, ""teleopPoints"": 112, ""totalCount"": 169, ""totalPoints"": 169, ""transitionCount"": 0, ""transitionPoints"": 0, ""uncounted"": 1}, ""majorFoulCount"": 0, ""minorFoulCount"": 0, ""penalties"": ""None"", ""rp"": 1, ""superchargedAchieved"": false, ""totalAutoPoints"": 57, ""totalPoints"": 174, ""totalTeleopPoints"": 112, ""totalTowerPoints"": 0, ""traversalAchieved"": false}}, ""set_number"": 1, ""time"": 1774657980, ""videos"": [], ""winning_alliance"": ""blue""}","{""blue"": {""dq_team_keys"": [], ""score"": 481, ""surrogate_team_keys"": [], ""team_keys"": [""frc749"", ""frc6696"", ""frc1540""]}, ""red"": {""dq_team_keys"": [], ""score"": 174, ""surrogate_team_keys"": [], ""team_keys"": [""frc6831"", ""frc10444"", ""frc1425""]}}",[]
2026orore_qm35,35,qm,69.27499999999999,TBA (Cais pre-match EPA),"{""actual_time"": 1774658347, ""alliances"": {""blue"": {""dq_team_keys"": [], ""score"": 231, ""surrogate_team_keys"": [], ""team_keys"": [""frc4488"", ""frc2915"", ""frc10991""]}, ""red"": {""dq_team_keys"": [], ""score"": 108, ""surrogate_team_keys"": [], ""team_keys"": [""frc957"", ""frc1359"", ""frc3669""]}}, ""comp_level"": ""qm"", ""event_key"": ""2026orore"", ""key"": ""2026orore_qm35"", ""match_number"": 35, ""post_result_time"": 1774658613, ""predicted_time"": 1774658553, ""score_breakdown"": {""blue"": {""adjustPoints"": 0, ""autoTowerPoints"": 0, ""autoTowerRobot1"": ""None"", ""autoTowerRobot2"": ""None"", ""autoTowerRobot3"": ""None"", ""endGameTowerPoints"": 0, ""endGameTowerRobot1"": ""None"", ""endGameTowerRobot2"": ""None"", ""endGameTowerRobot3"": ""None"", ""energizedAchieved"": true, ""foulPoints"": 5, ""g206Penalty"": false, ""hubScore"": {""autoCount"": 37, ""autoPoints"": 37, ""endgameCount"": 80, ""endgamePoints"": 80, ""shift1Count"": 59, ""shift1Points"": 59, ""shift2Count"": 0, ""shift2Points"": 0, ""shift3Count"": 49, ""shift3Points"": 49, ""shift4Count"": 0, ""shift4Points"": 0, ""teleopCount"": 189, ""teleopPoints"": 189, ""totalCount"": 226, ""totalPoints"": 226, ""transitionCount"": 1, ""transitionPoints"": 1, ""uncounted"": 2}, ""majorFoulCount"": 0, ""minorFoulCount"": 0, ""penalties"": ""None"", ""rp"": 4, ""superchargedAchieved"": false, ""totalAutoPoints"": 37, ""totalPoints"": 231, ""totalTeleopPoints"": 189, ""totalTowerPoints"": 0, ""traversalAchieved"": false}, ""red"": {""adjustPoints"": 0, ""autoTowerPoints"": 0, ""autoTowerRobot1"": ""None"", ""autoTowerRobot2"": ""None"", ""autoTowerRobot3"": ""None"", ""endGameTowerPoints"": 10, ""endGameTowerRobot1"": ""None"", ""endGameTowerRobot2"": ""Level1"", ""endGameTowerRobot3"": ""None"", ""energizedAchieved"": false, ""foulPoints"": 0, ""g206Penalty"": false, ""hubScore"": {""autoCount"": 39, ""autoPoints"": 39, ""endgameCount"": 7, ""endgamePoints"": 7, ""shift1Count"": 0, ""shift1Points"": 0, ""shift2Count"": 38, ""shift2Points"": 38, ""shift3Count"": 0, ""shift3Points"": 0, ""shift4Count"": 14, ""shift4Points"": 14, ""teleopCount"": 59, ""teleopPoints"": 59, ""totalCount"": 98, ""totalPoints"": 98, ""transitionCount"": 0, ""transitionPoints"": 0, ""uncounted"": 1}, ""majorFoulCount"": 0, ""minorFoulCount"": 1, ""penalties"": ""None"", ""rp"": 0, ""superchargedAchieved"": false, ""totalAutoPoints"": 39, ""totalPoints"": 108, ""totalTeleopPoints"": 69, ""totalTowerPoints"": 10, ""traversalAchieved"": false}}, ""set_number"": 1, ""time"": 1774658520, ""videos"": [], ""winning_alliance"": ""blue""}","{""blue"": {""dq_team_keys"": [], ""score"": 231, ""surrogate_team_keys"": [], ""team_keys"": [""frc4488"", ""frc2915"", ""frc10991""]}, ""red"": {""dq_team_keys"": [], ""score"": 108, ""surrogate_team_keys"": [], ""team_keys"": [""frc957"", ""frc1359"", ""frc3669""]}}",[]
2026orore_qm36,36,qm,38.31999999999998,TBA (Cais pre-match EPA),"{""actual_time"": 1774659002, ""alliances"": {""blue"": {""dq_team_keys"": [], ""score"": 238, ""surrogate_team_keys"": [], ""team_keys"": [""frc2811"", ""frc8032"", ""frc4662""]}, ""red"": {""dq_team_keys"": [], ""score"": 236, ""surrogate_team_keys"": [], ""team_keys"": [""frc4915"", ""frc9430"", ""frc5975""]}}, ""comp_level"": ""qm"", ""event_key"": ""2026orore"", ""key"": ""2026orore_qm36"", ""match_number"": 36, ""post_result_time"": 1774659184, ""predicted_time"": 1774658990, ""score_breakdown"": {""blue"": {""adjustPoints"": 0, ""autoTowerPoints"": 0, ""autoTowerRobot1"": ""None"", ""autoTowerRobot2"": ""None"", ""autoTowerRobot3"": ""None"", ""endGameTowerPoints"": 0, ""endGameTowerRobot1"": ""None"", ""endGameTowerRobot2"": ""None"", ""endGameTowerRobot3"": ""None"", ""energizedAchieved"": true, ""foulPoints"": 0, ""g206Penalty"": false, ""hubScore"": {""autoCount"": 56, ""autoPoints"": 56, ""endgameCount"": 56, ""endgamePoints"": 56, ""shift1Count"": 0, ""shift1Points"": 0, ""shift2Count"": 66, ""shift2Points"": 66, ""shift3Count"": 0, ""shift3Points"": 0, ""shift4Count"": 59, ""shift4Points"": 59, ""teleopCount"": 182, ""teleopPoints"": 182, ""totalCount"": 238, ""totalPoints"": 238, ""transitionCount"": 1, ""transitionPoints"": 1, ""uncounted"": 0}, ""majorFoulCount"": 0, ""minorFoulCount"": 5, ""penalties"": ""None"", ""rp"": 4, ""superchargedAchieved"": false, ""totalAutoPoints"": 56, ""totalPoints"": 238, ""totalTeleopPoints"": 182, ""totalTowerPoints"": 0, ""traversalAchieved"": false}, ""red"": {""adjustPoints"": 0, ""autoTowerPoints"": 0, ""autoTowerRobot1"": ""None"", ""autoTowerRobot2"": ""None"", ""autoTowerRobot3"": ""None"", ""endGameTowerPoints"": 0, ""endGameTowerRobot1"": ""None"", ""endGameTowerRobot2"": ""None"", ""endGameTowerRobot3"": ""None"", ""energizedAchieved"": true, ""foulPoints"": 25, ""g206Penalty"": false, ""hubScore"": {""autoCount"": 26, ""autoPoints"": 26, ""endgameCount"": 63, ""endgamePoints"": 63, ""shift1Count"": 81, ""shift1Points"": 81, ""shift2Count"": 0, ""shift2Points"": 0, ""shift3Count"": 39, ""shift3Points"": 39, ""shift4Count"": 0, ""shift4Points"": 0, ""teleopCount"": 185, ""teleopPoints"": 185, ""totalCount"": 211, ""totalPoints"": 211, ""transitionCount"": 2, ""transitionPoints"": 2, ""uncounted"": 1}, ""majorFoulCount"": 0, ""minorFoulCount"": 0, ""penalties"": ""None"", ""rp"": 1, ""superchargedAchieved"": false, ""totalAutoPoints"": 26, ""totalPoints"": 236, ""totalTeleopPoints"": 185, ""totalTowerPoints"": 0, ""traversalAchieved"": false}}, ""set_number"": 1, ""time"": 1774659060, ""videos"": [], ""winning_alliance"": ""blue""}","{""blue"": {""dq_team_keys"": [], ""score"": 238, ""surrogate_team_keys"": [], ""team_keys"": [""frc2811"", ""frc8032"", ""frc4662""]}, ""red"": {""dq_team_keys"": [], ""score"": 236, ""surrogate_team_keys"": [], ""team_keys"": [""frc4915"", ""frc9430"", ""frc5975""]}}",[]
2026orore_qm37,37,qm,45.239999999999995,TBA (Cais pre-match EPA),"{""actual_time"": 1774659434, ""alliances"": {""blue"": {""dq_team_keys"": [], ""score"": 167, ""surrogate_team_keys"": [], ""team_keys"": [""frc2930"", ""frc6831"", ""frc2471""]}, ""red"": {""dq_team_keys"": [], ""score"": 165, ""surrogate_team_keys"": [], ""team_keys"": [""frc5970"", ""frc2990"", ""frc2733""]}}, ""comp_level"": ""qm"", ""event_key"": ""2026orore"", ""key"": ""2026orore_qm37"", ""match_number"": 37, ""post_result_time"": 1774659622, ""predicted_time"": 1774659649, ""score_breakdown"": {""blue"": {""adjustPoints"": 0, ""autoTowerPoints"": 0, ""autoTowerRobot1"": ""None"", ""autoTowerRobot2"": ""None"", ""autoTowerRobot3"": ""None"", ""endGameTowerPoints"": 0, ""endGameTowerRobot1"": ""None"", ""endGameTowerRobot2"": ""None"", ""endGameTowerRobot3"": ""None"", ""energizedAchieved"": true, ""foulPoints"": 0, ""g206Penalty"": false, ""hubScore"": {""autoCount"": 44, ""autoPoints"": 44, ""endgameCount"": 54, ""endgamePoints"": 54, ""shift1Count"": 0, ""shift1Points"": 0, ""shift2Count"": 28, ""shift2Points"": 28, ""shift3Count"": 0, ""shift3Points"": 0, ""shift4Count"": 12, ""shift4Points"": 12, ""teleopCount"": 123, ""teleopPoints"": 123, ""totalCount"": 167, ""totalPoints"": 167, ""transitionCount"": 29, ""transitionPoints"": 29, ""uncounted"": 0}, ""majorFoulCount"": 0, ""minorFoulCount"": 1, ""penalties"": ""None"", ""rp"": 4, ""superchargedAchieved"": false, ""totalAutoPoints"": 44, ""totalPoints"": 167, ""totalTeleopPoints"": 123, ""totalTowerPoints"": 0, ""traversalAchieved"": false}, ""red"": {""adjustPoints"": 0, ""autoTowerPoints"": 0, ""autoTowerRobot1"": ""None"", ""autoTowerRobot2"": ""None"", ""autoTowerRobot3"": ""None"", ""endGameTowerPoints"": 0, ""endGameTowerRobot1"": ""None"", ""endGameTowerRobot2"": ""None"", ""endGameTowerRobot3"": ""None"", ""energizedAchieved"": true, ""foulPoints"": 5, ""g206Penalty"": false, ""hubScore"": {""autoCount"": 32, ""autoPoints"": 32, ""endgameCount"": 51, ""endgamePoints"": 51, ""shift1Count"": 27, ""shift1Points"": 27, ""shift2Count"": 0, ""shift2Points"": 0, ""shift3Count"": 35, ""shift3Points"": 35, ""shift4Count"": 0, ""shift4Points"": 0, ""teleopCount"": 128, ""teleopPoints"": 128, ""totalCount"": 160, ""totalPoints"": 160, ""transitionCount"": 15, ""transitionPoints"": 15, ""uncounted"": 0}, ""majorFoulCount"": 0, ""minorFoulCount"": 0, ""penalties"": ""None"", ""rp"": 1, ""superchargedAchieved"": false, ""totalAutoPoints"": 32, ""totalPoints"": 165, ""totalTeleopPoints"": 128, ""totalTowerPoints"": 0, ""traversalAchieved"": false}}, ""set_number"": 1, ""time"": 1774659600, ""videos"": [], ""winning_alliance"": ""blue""}","{""blue"": {""dq_team_keys"": [], ""score"": 167, ""surrogate_team_keys"": [], ""team_keys"": [""frc2930"", ""frc6831"", ""frc2471""]}, ""red"": {""dq_team_keys"": [], ""score"": 165, ""surrogate_team_keys"": [], ""team_keys"": [""frc5970"", ""frc2990"", ""frc2733""]}}",[]
2026orore_qm38,38,qm,15.745000000000005,TBA (Cais pre-match EPA),"{""actual_time"": 1774659922, ""alliances"": {""blue"": {""dq_team_keys"": [], ""score"": 304, ""surrogate_team_keys"": [], ""team_keys"": [""frc3674"", ""frc1540"", ""frc10444""]}, ""red"": {""dq_team_keys"": [], ""score"": 112, ""surrogate_team_keys"": [], ""team_keys"": [""frc1359"", ""frc2550"", ""frc10991""]}}, ""comp_level"": ""qm"", ""event_key"": ""2026orore"", ""key"": ""2026orore_qm38"", ""match_number"": 38, ""post_result_time"": 1774660107, ""predicted_time"": 1774660076, ""score_breakdown"": {""blue"": {""adjustPoints"": 0, ""autoTowerPoints"": 0, ""autoTowerRobot1"": ""None"", ""autoTowerRobot2"": ""None"", ""autoTowerRobot3"": ""None"", ""endGameTowerPoints"": 0, ""endGameTowerRobot1"": ""None"", ""endGameTowerRobot2"": ""None"", ""endGameTowerRobot3"": ""None"", ""energizedAchieved"": true, ""foulPoints"": 5, ""g206Penalty"": false, ""hubScore"": {""autoCount"": 78, ""autoPoints"": 78, ""endgameCount"": 64, ""endgamePoints"": 64, ""shift1Count"": 0, ""shift1Points"": 0, ""shift2Count"": 93, ""shift2Points"": 93, ""shift3Count"": 0, ""shift3Points"": 0, ""shift4Count"": 40, ""shift4Points"": 40, ""teleopCount"": 221, ""teleopPoints"": 221, ""totalCount"": 299, ""totalPoints"": 299, ""transitionCount"": 24, ""transitionPoints"": 24, ""uncounted"": 0}, ""majorFoulCount"": 0, ""minorFoulCount"": 0, ""penalties"": ""None"", ""rp"": 4, ""superchargedAchieved"": false, ""totalAutoPoints"": 78, ""totalPoints"": 304, ""totalTeleopPoints"": 221, ""totalTowerPoints"": 0, ""traversalAchieved"": false}, ""red"": {""adjustPoints"": 0, ""autoTowerPoints"": 0, ""autoTowerRobot1"": ""None"", ""autoTowerRobot2"": ""None"", ""autoTowerRobot3"": ""None"", ""endGameTowerPoints"": 20, ""endGameTowerRobot1"": ""Level1"", ""endGameTowerRobot2"": ""Level1"", ""endGameTowerRobot3"": ""None"", ""energizedAchieved"": false, ""foulPoints"": 0, ""g206Penalty"": false, ""hubScore"": {""autoCount"": 32, ""autoPoints"": 32, ""endgameCount"": 32, ""endgamePoints"": 32, ""shift1Count"": 6, ""shift1Points"": 6, ""shift2Count"": 0, ""shift2Points"": 0, ""shift3Count"": 22, ""shift3Points"": 22, ""shift4Count"": 0, ""shift4Points"": 0, ""teleopCount"": 60, ""teleopPoints"": 60, ""totalCount"": 92, ""totalPoints"": 92, ""transitionCount"": 0, ""transitionPoints"": 0, ""uncounted"": 0}, ""majorFoulCount"": 0, ""minorFoulCount"": 1, ""penalties"": ""None"", ""rp"": 0, ""superchargedAchieved"": false, ""totalAutoPoints"": 32, ""totalPoints"": 112, ""totalTeleopPoints"": 80, ""totalTowerPoints"": 20, ""traversalAchieved"": false}}, ""set_number"": 1, ""time"": 1774660140, ""videos"": [], ""winning_alliance"": ""blue""}","{""blue"": {""dq_team_keys"": [], ""score"": 304, ""surrogate_team_keys"": [], ""team_keys"": [""frc3674"", ""frc1540"", ""frc10444""]}, ""red"": {""dq_team_keys"": [], ""score"": 112, ""surrogate_team_keys"": [], ""team_keys"": [""frc1359"", ""frc2550"", ""frc10991""]}}",[]
2026orore_qm39,39,qm,23.72500000000001,TBA (Cais pre-match EPA),"{""actual_time"": 1774660390, ""alliances"": {""blue"": {""dq_team_keys"": [], ""score"": 379, ""surrogate_team_keys"": [], ""team_keys"": [""frc2521"", ""frc955"", ""frc6696""]}, ""red"": {""dq_team_keys"": [], ""score"": 110, ""surrogate_team_keys"": [], ""team_keys"": [""frc2915"", ""frc2635"", ""frc749""]}}, ""comp_level"": ""qm"", ""event_key"": ""2026orore"", ""key"": ""2026orore_qm39"", ""match_number"": 39, ""post_result_time"": 1774660575, ""predicted_time"": 1774660567, ""score_breakdown"": {""blue"": {""adjustPoints"": 0, ""autoTowerPoints"": 0, ""autoTowerRobot1"": ""None"", ""autoTowerRobot2"": ""None"", ""autoTowerRobot3"": ""None"", ""endGameTowerPoints"": 0, ""endGameTowerRobot1"": ""None"", ""endGameTowerRobot2"": ""None"", ""endGameTowerRobot3"": ""None"", ""energizedAchieved"": true, ""foulPoints"": 5, ""g206Penalty"": false, ""hubScore"": {""autoCount"": 72, ""autoPoints"": 72, ""endgameCount"": 108, ""endgamePoints"": 108, ""shift1Count"": 0, ""shift1Points"": 0, ""shift2Count"": 69, ""shift2Points"": 69, ""shift3Count"": 0, ""shift3Points"": 0, ""shift4Count"": 109, ""shift4Points"": 109, ""teleopCount"": 302, ""teleopPoints"": 302, ""totalCount"": 374, ""totalPoints"": 374, ""transitionCount"": 16, ""transitionPoints"": 16, ""uncounted"": 0}, ""majorFoulCount"": 0, ""minorFoulCount"": 0, ""penalties"": ""None"", ""rp"": 5, ""superchargedAchieved"": true, ""totalAutoPoints"": 72, ""totalPoints"": 379, ""totalTeleopPoints"": 302, ""totalTowerPoints"": 0, ""traversalAchieved"": false}, ""red"": {""adjustPoints"": 0, ""autoTowerPoints"": 0, ""autoTowerRobot1"": ""None"", ""autoTowerRobot2"": ""None"", ""autoTowerRobot3"": ""None"", ""endGameTowerPoints"": 0, ""endGameTowerRobot1"": ""None"", ""endGameTowerRobot2"": ""None"", ""endGameTowerRobot3"": ""None"", ""energizedAchieved"": true, ""foulPoints"": 0, ""g206Penalty"": false, ""hubScore"": {""autoCount"": 30, ""autoPoints"": 30, ""endgameCount"": 28, ""endgamePoints"": 28, ""shift1Count"": 27, ""shift1Points"": 27, ""shift2Count"": 0, ""shift2Points"": 0, ""shift3Count"": 23, ""shift3Points"": 23, ""shift4Count"": 0, ""shift4Points"": 0, ""teleopCount"": 80, ""teleopPoints"": 80, ""totalCount"": 110, ""totalPoints"": 110, ""transitionCount"": 2, ""transitionPoints"": 2, ""uncounted"": 4}, ""majorFoulCount"": 0, ""minorFoulCount"": 1, ""penalties"": ""None"", ""rp"": 1, ""superchargedAchieved"": false, ""totalAutoPoints"": 30, ""totalPoints"": 110, ""totalTeleopPoints"": 80, ""totalTowerPoints"": 0, ""traversalAchieved"": false}}, ""set_number"": 1, ""time"": 1774660680, ""videos"": [], ""winning_alliance"": ""blue""}","{""blue"": {""dq_team_keys"": [], ""score"": 379, ""surrogate_team_keys"": [], ""team_keys"": [""frc2521"", ""frc955"", ""frc6696""]}, ""red"": {""dq_team_keys"": [], ""score"": 110, ""surrogate_team_keys"": [], ""team_keys"": [""frc2915"", ""frc2635"", ""frc749""]}}",[]
2026orore_qm40,40,qm,31.539999999999992,TBA (Cais pre-match EPA),"{""actual_time"": 1774660925, ""alliances"": {""blue"": {""dq_team_keys"": [], ""score"": 104, ""surrogate_team_keys"": [], ""team_keys"": [""frc2898"", ""frc9600"", ""frc2557""]}, ""red"": {""dq_team_keys"": [], ""score"": 164, ""surrogate_team_keys"": [], ""team_keys"": [""frc997"", ""frc957"", ""frc3636""]}}, ""comp_level"": ""qm"", ""event_key"": ""2026orore"", ""key"": ""2026orore_qm40"", ""match_number"": 40, ""post_result_time"": 1774661108, ""predicted_time"": 1774661059, ""score_breakdown"": {""blue"": {""adjustPoints"": 0, ""autoTowerPoints"": 0, ""autoTowerRobot1"": ""None"", ""autoTowerRobot2"": ""None"", ""autoTowerRobot3"": ""None"", ""endGameTowerPoints"": 0, ""endGameTowerRobot1"": ""None"", ""endGameTowerRobot2"": ""None"", ""endGameTowerRobot3"": ""None"", ""energizedAchieved"": false, ""foulPoints"": 10, ""g206Penalty"": false, ""hubScore"": {""autoCount"": 40, ""autoPoints"": 40, ""endgameCount"": 11, ""endgamePoints"": 11, ""shift1Count"": 8, ""shift1Points"": 8, ""shift2Count"": 0, ""shift2Points"": 0, ""shift3Count"": 28, ""shift3Points"": 28, ""shift4Count"": 0, ""shift4Points"": 0, ""teleopCount"": 54, ""teleopPoints"": 54, ""totalCount"": 94, ""totalPoints"": 94, ""transitionCount"": 7, ""transitionPoints"": 7, ""uncounted"": 0}, ""majorFoulCount"": 0, ""minorFoulCount"": 3, ""penalties"": ""None"", ""rp"": 0, ""superchargedAchieved"": false, ""totalAutoPoints"": 40, ""totalPoints"": 104, ""totalTeleopPoints"": 54, ""totalTowerPoints"": 0, ""traversalAchieved"": false}, ""red"": {""adjustPoints"": 0, ""autoTowerPoints"": 0, ""autoTowerRobot1"": ""None"", ""autoTowerRobot2"": ""None"", ""autoTowerRobot3"": ""None"", ""endGameTowerPoints"": 0, ""endGameTowerRobot1"": ""None"", ""endGameTowerRobot2"": ""None"", ""endGameTowerRobot3"": ""None"", ""energizedAchieved"": true, ""foulPoints"": 15, ""g206Penalty"": false, ""hubScore"": {""autoCount"": 46, ""autoPoints"": 46, ""endgameCount"": 37, ""endgamePoints"": 37, ""shift1Count"": 0, ""shift1Points"": 0, ""shift2Count"": 33, ""shift2Points"": 33, ""shift3Count"": 0, ""shift3Points"": 0, ""shift4Count"": 24, ""shift4Points"": 24, ""teleopCount"": 103, ""teleopPoints"": 103, ""totalCount"": 149, ""totalPoints"": 149, ""transitionCount"": 9, ""transitionPoints"": 9, ""uncounted"": 1}, ""majorFoulCount"": 0, ""minorFoulCount"": 2, ""penalties"": ""None"", ""rp"": 4, ""superchargedAchieved"": false, ""totalAutoPoints"": 46, ""totalPoints"": 164, ""totalTeleopPoints"": 103, ""totalTowerPoints"": 0, ""traversalAchieved"": false}}, ""set_number"": 1, ""time"": 1774661220, ""videos"": [], ""winning_alliance"": ""red""}","{""blue"": {""dq_team_keys"": [], ""score"": 104, ""surrogate_team_keys"": [], ""team_keys"": [""frc2898"", ""frc9600"", ""frc2557""]}, ""red"": {""dq_team_keys"": [], ""score"": 164, ""surrogate_team_keys"": [], ""team_keys"": [""frc997"", ""frc957"", ""frc3636""]}}",[]
2026orore_qm41,41,qm,54.75,TBA (Cais pre-match EPA),"{""actual_time"": 1774662462, ""alliances"": {""blue"": {""dq_team_keys"": [], ""score"": 199, ""surrogate_team_keys"": [], ""team_keys"": [""frc3669"", ""frc4488"", ""frc6831""]}, ""red"": {""dq_team_keys"": [], ""score"": 263, ""surrogate_team_keys"": [], ""team_keys"": [""frc6465"", ""frc9567"", ""frc1425""]}}, ""comp_level"": ""qm"", ""event_key"": ""2026orore"", ""key"": ""2026orore_qm41"", ""match_number"": 41, ""post_result_time"": 1774662649, ""predicted_time"": 1774663265, ""score_breakdown"": {""blue"": {""adjustPoints"": 0, ""autoTowerPoints"": 0, ""autoTowerRobot1"": ""None"", ""autoTowerRobot2"": ""None"", ""autoTowerRobot3"": ""None"", ""endGameTowerPoints"": 0, ""endGameTowerRobot1"": ""None"", ""endGameTowerRobot2"": ""None"", ""endGameTowerRobot3"": ""None"", ""energizedAchieved"": true, ""foulPoints"": 0, ""g206Penalty"": false, ""hubScore"": {""autoCount"": 34, ""autoPoints"": 34, ""endgameCount"": 64, ""endgamePoints"": 64, ""shift1Count"": 56, ""shift1Points"": 56, ""shift2Count"": 0, ""shift2Points"": 0, ""shift3Count"": 45, ""shift3Points"": 45, ""shift4Count"": 0, ""shift4Points"": 0, ""teleopCount"": 165, ""teleopPoints"": 165, ""totalCount"": 199, ""totalPoints"": 199, ""transitionCount"": 0, ""transitionPoints"": 0, ""uncounted"": 4}, ""majorFoulCount"": 0, ""minorFoulCount"": 0, ""penalties"": ""None"", ""rp"": 1, ""superchargedAchieved"": false, ""totalAutoPoints"": 34, ""totalPoints"": 199, ""totalTeleopPoints"": 165, ""totalTowerPoints"": 0, ""traversalAchieved"": false}, ""red"": {""adjustPoints"": 0, ""autoTowerPoints"": 0, ""autoTowerRobot1"": ""None"", ""autoTowerRobot2"": ""None"", ""autoTowerRobot3"": ""None"", ""endGameTowerPoints"": 0, ""endGameTowerRobot1"": ""None"", ""endGameTowerRobot2"": ""None"", ""endGameTowerRobot3"": ""None"", ""energizedAchieved"": true, ""foulPoints"": 0, ""g206Penalty"": false, ""hubScore"": {""autoCount"": 60, ""autoPoints"": 60, ""endgameCount"": 51, ""endgamePoints"": 51, ""shift1Count"": 0, ""shift1Points"": 0, ""shift2Count"": 72, ""shift2Points"": 72, ""shift3Count"": 0, ""shift3Points"": 0, ""shift4Count"": 63, ""shift4Points"": 63, ""teleopCount"": 203, ""teleopPoints"": 203, ""totalCount"": 263, ""totalPoints"": 263, ""transitionCount"": 17, ""transitionPoints"": 17, ""uncounted"": 8}, ""majorFoulCount"": 0, ""minorFoulCount"": 0, ""penalties"": ""None"", ""rp"": 4, ""superchargedAchieved"": false, ""totalAutoPoints"": 60, ""totalPoints"": 263, ""totalTeleopPoints"": 203, ""totalTowerPoints"": 0, ""traversalAchieved"": false}}, ""set_number"": 1, ""time"": 1774661760, ""videos"": [], ""winning_alliance"": ""red""}","{""blue"": {""dq_team_keys"": [], ""score"": 199, ""surrogate_team_keys"": [], ""team_keys"": [""frc3669"", ""frc4488"", ""frc6831""]}, ""red"": {""dq_team_keys"": [], ""score"": 263, ""surrogate_team_keys"": [], ""team_keys"": [""frc6465"", ""frc9567"", ""frc1425""]}}",[]
2026orore_qm42,42,qm,24.64,TBA (Cais pre-match EPA),"{""actual_time"": 1774663117, ""alliances"": {""blue"": {""dq_team_keys"": [], ""score"": 168, ""surrogate_team_keys"": [], ""team_keys"": [""frc2471"", ""frc2550"", ""frc5970""]}, ""red"": {""dq_team_keys"": [], ""score"": 220, ""surrogate_team_keys"": [], ""team_keys"": [""frc4915"", ""frc10444"", ""frc6696""]}}, ""comp_level"": ""qm"", ""event_key"": ""2026orore"", ""key"": ""2026orore_qm42"", ""match_number"": 42, ""post_result_time"": 1774663299, ""predicted_time"": 1774663761, ""score_breakdown"": {""blue"": {""adjustPoints"": 0, ""autoTowerPoints"": 0, ""autoTowerRobot1"": ""None"", ""autoTowerRobot2"": ""None"", ""autoTowerRobot3"": ""None"", ""endGameTowerPoints"": 0, ""endGameTowerRobot1"": ""None"", ""endGameTowerRobot2"": ""None"", ""endGameTowerRobot3"": ""None"", ""energizedAchieved"": true, ""foulPoints"": 5, ""g206Penalty"": false, ""hubScore"": {""autoCount"": 29, ""autoPoints"": 29, ""endgameCount"": 42, ""endgamePoints"": 42, ""shift1Count"": 41, ""shift1Points"": 41, ""shift2Count"": 0, ""shift2Points"": 0, ""shift3Count"": 47, ""shift3Points"": 47, ""shift4Count"": 0, ""shift4Points"": 0, ""teleopCount"": 134, ""teleopPoints"": 134, ""totalCount"": 163, ""totalPoints"": 163, ""transitionCount"": 4, ""transitionPoints"": 4, ""uncounted"": 0}, ""majorFoulCount"": 0, ""minorFoulCount"": 1, ""penalties"": ""None"", ""rp"": 1, ""superchargedAchieved"": false, ""totalAutoPoints"": 29, ""totalPoints"": 168, ""totalTeleopPoints"": 134, ""totalTowerPoints"": 0, ""traversalAchieved"": false}, ""red"": {""adjustPoints"": 0, ""autoTowerPoints"": 0, ""autoTowerRobot1"": ""None"", ""autoTowerRobot2"": ""None"", ""autoTowerRobot3"": ""None"", ""endGameTowerPoints"": 0, ""endGameTowerRobot1"": ""None"", ""endGameTowerRobot2"": ""None"", ""endGameTowerRobot3"": ""None"", ""energizedAchieved"": true, ""foulPoints"": 5, ""g206Penalty"": false, ""hubScore"": {""autoCount"": 73, ""autoPoints"": 73, ""endgameCount"": 28, ""endgamePoints"": 28, ""shift1Count"": 0, ""shift1Points"": 0, ""shift2Count"": 96, ""shift2Points"": 96, ""shift3Count"": 0, ""shift3Points"": 0, ""shift4Count"": 0, ""shift4Points"": 0, ""teleopCount"": 142, ""teleopPoints"": 142, ""totalCount"": 215, ""totalPoints"": 215, ""transitionCount"": 18, ""transitionPoints"": 18, ""uncounted"": 0}, ""majorFoulCount"": 0, ""minorFoulCount"": 1, ""penalties"": ""None"", ""rp"": 4, ""superchargedAchieved"": false, ""totalAutoPoints"": 73, ""totalPoints"": 220, ""totalTeleopPoints"": 142, ""totalTowerPoints"": 0, ""traversalAchieved"": false}}, ""set_number"": 1, ""time"": 1774662300, ""videos"": [], ""winning_alliance"": ""red""}","{""blue"": {""dq_team_keys"": [], ""score"": 168, ""surrogate_team_keys"": [], ""team_keys"": [""frc2471"", ""frc2550"", ""frc5970""]}, ""red"": {""dq_team_keys"": [], ""score"": 220, ""surrogate_team_keys"": [], ""team_keys"": [""frc4915"", ""frc10444"", ""frc6696""]}}",[]
2026orore_qm43,43,qm,100.555,TBA (Cais pre-match EPA),"{""actual_time"": 1774663555, ""alliances"": {""blue"": {""dq_team_keys"": [], ""score"": 351, ""surrogate_team_keys"": [], ""team_keys"": [""frc9430"", ""frc2521"", ""frc3674""]}, ""red"": {""dq_team_keys"": [], ""score"": 411, ""surrogate_team_keys"": [], ""team_keys"": [""frc10991"", ""frc997"", ""frc1540""]}}, ""comp_level"": ""qm"", ""event_key"": ""2026orore"", ""key"": ""2026orore_qm43"", ""match_number"": 43, ""post_result_time"": 1774663737, ""predicted_time"": 1774663992, ""score_breakdown"": {""blue"": {""adjustPoints"": 0, ""autoTowerPoints"": 0, ""autoTowerRobot1"": ""None"", ""autoTowerRobot2"": ""None"", ""autoTowerRobot3"": ""None"", ""endGameTowerPoints"": 0, ""endGameTowerRobot1"": ""None"", ""endGameTowerRobot2"": ""None"", ""endGameTowerRobot3"": ""None"", ""energizedAchieved"": true, ""foulPoints"": 0, ""g206Penalty"": false, ""hubScore"": {""autoCount"": 79, ""autoPoints"": 79, ""endgameCount"": 62, ""endgamePoints"": 62, ""shift1Count"": 0, ""shift1Points"": 0, ""shift2Count"": 115, ""shift2Points"": 115, ""shift3Count"": 0, ""shift3Points"": 0, ""shift4Count"": 87, ""shift4Points"": 87, ""teleopCount"": 272, ""teleopPoints"": 272, ""totalCount"": 351, ""totalPoints"": 351, ""transitionCount"": 8, ""transitionPoints"": 8, ""uncounted"": 2}, ""majorFoulCount"": 0, ""minorFoulCount"": 2, ""penalties"": ""None"", ""rp"": 1, ""superchargedAchieved"": false, ""totalAutoPoints"": 79, ""totalPoints"": 351, ""totalTeleopPoints"": 272, ""totalTowerPoints"": 0, ""traversalAchieved"": false}, ""red"": {""adjustPoints"": 0, ""autoTowerPoints"": 0, ""autoTowerRobot1"": ""None"", ""autoTowerRobot2"": ""None"", ""autoTowerRobot3"": ""None"", ""endGameTowerPoints"": 0, ""endGameTowerRobot1"": ""None"", ""endGameTowerRobot2"": ""None"", ""endGameTowerRobot3"": ""None"", ""energizedAchieved"": true, ""foulPoints"": 10, ""g206Penalty"": false, ""hubScore"": {""autoCount"": 65, ""autoPoints"": 65, ""endgameCount"": 145, ""endgamePoints"": 145, ""shift1Count"": 79, ""shift1Points"": 79, ""shift2Count"": 0, ""shift2Points"": 0, ""shift3Count"": 103, ""shift3Points"": 103, ""shift4Count"": 0, ""shift4Points"": 0, ""teleopCount"": 336, ""teleopPoints"": 336, ""totalCount"": 401, ""totalPoints"": 401, ""transitionCount"": 9, ""transitionPoints"": 9, ""uncounted"": 1}, ""majorFoulCount"": 0, ""minorFoulCount"": 0, ""penalties"": ""None"", ""rp"": 5, ""superchargedAchieved"": true, ""totalAutoPoints"": 65, ""totalPoints"": 411, ""totalTeleopPoints"": 336, ""totalTowerPoints"": 0, ""traversalAchieved"": false}}, ""set_number"": 1, ""time"": 1774662840, ""videos"": [], ""winning_alliance"": ""red""}","{""blue"": {""dq_team_keys"": [], ""score"": 351, ""surrogate_team_keys"": [], ""team_keys"": [""frc9430"", ""frc2521"", ""frc3674""]}, ""red"": {""dq_team_keys"": [], ""score"": 411, ""surrogate_team_keys"": [], ""team_keys"": [""frc10991"", ""frc997"", ""frc1540""]}}",[]
2026orore_qm44,44,qm,106.86500000000001,TBA (Cais pre-match EPA),"{""actual_time"": 1774664117, ""alliances"": {""blue"": {""dq_team_keys"": [], ""score"": 72, ""surrogate_team_keys"": [], ""team_keys"": [""frc9567"", ""frc2557"", ""frc1359""]}, ""red"": {""dq_team_keys"": [], ""score"": 443, ""surrogate_team_keys"": [], ""team_keys"": [""frc1425"", ""frc955"", ""frc2733""]}}, ""comp_level"": ""qm"", ""event_key"": ""2026orore"", ""key"": ""2026orore_qm44"", ""match_number"": 44, ""post_result_time"": 1774664297, ""predicted_time"": 1774664396, ""score_breakdown"": {""blue"": {""adjustPoints"": 0, ""autoTowerPoints"": 0, ""autoTowerRobot1"": ""None"", ""autoTowerRobot2"": ""None"", ""autoTowerRobot3"": ""None"", ""endGameTowerPoints"": 10, ""endGameTowerRobot1"": ""None"", ""endGameTowerRobot2"": ""None"", ""endGameTowerRobot3"": ""Level1"", ""energizedAchieved"": false, ""foulPoints"": 0, ""g206Penalty"": false, ""hubScore"": {""autoCount"": 34, ""autoPoints"": 34, ""endgameCount"": 23, ""endgamePoints"": 23, ""shift1Count"": 0, ""shift1Points"": 0, ""shift2Count"": 0, ""shift2Points"": 0, ""shift3Count"": 5, ""shift3Points"": 5, ""shift4Count"": 0, ""shift4Points"": 0, ""teleopCount"": 28, ""teleopPoints"": 28, ""totalCount"": 62, ""totalPoints"": 62, ""transitionCount"": 0, ""transitionPoints"": 0, ""uncounted"": 0}, ""majorFoulCount"": 0, ""minorFoulCount"": 0, ""penalties"": ""None"", ""rp"": 0, ""superchargedAchieved"": false, ""totalAutoPoints"": 34, ""totalPoints"": 72, ""totalTeleopPoints"": 38, ""totalTowerPoints"": 10, ""traversalAchieved"": false}, ""red"": {""adjustPoints"": 0, ""autoTowerPoints"": 0, ""autoTowerRobot1"": ""None"", ""autoTowerRobot2"": ""None"", ""autoTowerRobot3"": ""None"", ""endGameTowerPoints"": 0, ""endGameTowerRobot1"": ""None"", ""endGameTowerRobot2"": ""None"", ""endGameTowerRobot3"": ""None"", ""energizedAchieved"": true, ""foulPoints"": 0, ""g206Penalty"": false, ""hubScore"": {""autoCount"": 102, ""autoPoints"": 102, ""endgameCount"": 81, ""endgamePoints"": 81, ""shift1Count"": 0, ""shift1Points"": 0, ""shift2Count"": 141, ""shift2Points"": 141, ""shift3Count"": 0, ""shift3Points"": 0, ""shift4Count"": 80, ""shift4Points"": 80, ""teleopCount"": 341, ""teleopPoints"": 341, ""totalCount"": 443, ""totalPoints"": 443, ""transitionCount"": 39, ""transitionPoints"": 39, ""uncounted"": 4}, ""majorFoulCount"": 0, ""minorFoulCount"": 0, ""penalties"": ""None"", ""rp"": 5, ""superchargedAchieved"": true, ""totalAutoPoints"": 102, ""totalPoints"": 443, ""totalTeleopPoints"": 341, ""totalTowerPoints"": 0, ""traversalAchieved"": false}}, ""set_number"": 1, ""time"": 1774663380, ""videos"": [], ""winning_alliance"": ""red""}","{""blue"": {""dq_team_keys"": [], ""score"": 72, ""surrogate_team_keys"": [], ""team_keys"": [""frc9567"", ""frc2557"", ""frc1359""]}, ""red"": {""dq_team_keys"": [], ""score"": 443, ""surrogate_team_keys"": [], ""team_keys"": [""frc1425"", ""frc955"", ""frc2733""]}}",[]
2026orore_qm45,45,qm,14.539999999999992,TBA (Cais pre-match EPA),"{""actual_time"": 1774664550, ""alliances"": {""blue"": {""dq_team_keys"": [], ""score"": 160, ""surrogate_team_keys"": [], ""team_keys"": [""frc4662"", ""frc957"", ""frc5975""]}, ""red"": {""dq_team_keys"": [], ""score"": 176, ""surrogate_team_keys"": [], ""team_keys"": [""frc2635"", ""frc2930"", ""frc4488""]}}, ""comp_level"": ""qm"", ""event_key"": ""2026orore"", ""key"": ""2026orore_qm45"", ""match_number"": 45, ""post_result_time"": 1774664732, ""predicted_time"": 1774664766, ""score_breakdown"": {""blue"": {""adjustPoints"": 0, ""autoTowerPoints"": 0, ""autoTowerRobot1"": ""None"", ""autoTowerRobot2"": ""None"", ""autoTowerRobot3"": ""None"", ""endGameTowerPoints"": 0, ""endGameTowerRobot1"": ""None"", ""endGameTowerRobot2"": ""None"", ""endGameTowerRobot3"": ""None"", ""energizedAchieved"": true, ""foulPoints"": 5, ""g206Penalty"": false, ""hubScore"": {""autoCount"": 33, ""autoPoints"": 33, ""endgameCount"": 39, ""endgamePoints"": 39, ""shift1Count"": 41, ""shift1Points"": 41, ""shift2Count"": 0, ""shift2Points"": 0, ""shift3Count"": 37, ""shift3Points"": 37, ""shift4Count"": 0, ""shift4Points"": 0, ""teleopCount"": 122, ""teleopPoints"": 122, ""totalCount"": 155, ""totalPoints"": 155, ""transitionCount"": 5, ""transitionPoints"": 5, ""uncounted"": 1}, ""majorFoulCount"": 0, ""minorFoulCount"": 3, ""penalties"": ""None"", ""rp"": 1, ""superchargedAchieved"": false, ""totalAutoPoints"": 33, ""totalPoints"": 160, ""totalTeleopPoints"": 122, ""totalTowerPoints"": 0, ""traversalAchieved"": false}, ""red"": {""adjustPoints"": 0, ""autoTowerPoints"": 0, ""autoTowerRobot1"": ""None"", ""autoTowerRobot2"": ""None"", ""autoTowerRobot3"": ""None"", ""endGameTowerPoints"": 0, ""endGameTowerRobot1"": ""None"", ""endGameTowerRobot2"": ""None"", ""endGameTowerRobot3"": ""None"", ""energizedAchieved"": true, ""foulPoints"": 15, ""g206Penalty"": false, ""hubScore"": {""autoCount"": 42, ""autoPoints"": 42, ""endgameCount"": 17, ""endgamePoints"": 17, ""shift1Count"": 0, ""shift1Points"": 0, ""shift2Count"": 52, ""shift2Points"": 52, ""shift3Count"": 0, ""shift3Points"": 0, ""shift4Count"": 42, ""shift4Points"": 42, ""teleopCount"": 119, ""teleopPoints"": 119, ""totalCount"": 161, ""totalPoints"": 161, ""transitionCount"": 8, ""transitionPoints"": 8, ""uncounted"": 1}, ""majorFoulCount"": 0, ""minorFoulCount"": 1, ""penalties"": ""None"", ""rp"": 4, ""superchargedAchieved"": false, ""totalAutoPoints"": 42, ""totalPoints"": 176, ""totalTeleopPoints"": 119, ""totalTowerPoints"": 0, ""traversalAchieved"": false}}, ""set_number"": 1, ""time"": 1774663920, ""videos"": [], ""winning_alliance"": ""red""}","{""blue"": {""dq_team_keys"": [], ""score"": 160, ""surrogate_team_keys"": [], ""team_keys"": [""frc4662"", ""frc957"", ""frc5975""]}, ""red"": {""dq_team_keys"": [], ""score"": 176, ""surrogate_team_keys"": [], ""team_keys"": [""frc2635"", ""frc2930"", ""frc4488""]}}",[]
2026orore_qm46,46,qm,17.82,TBA (Cais pre-match EPA),"{""actual_time"": 1774665067, ""alliances"": {""blue"": {""dq_team_keys"": [], ""score"": 143, ""surrogate_team_keys"": [], ""team_keys"": [""frc2915"", ""frc2811"", ""frc6465""]}, ""red"": {""dq_team_keys"": [], ""score"": 110, ""surrogate_team_keys"": [], ""team_keys"": [""frc2898"", ""frc3669"", ""frc749""]}}, ""comp_level"": ""qm"", ""event_key"": ""2026orore"", ""key"": ""2026orore_qm46"", ""match_number"": 46, ""post_result_time"": 1774665251, ""predicted_time"": 1774665262, ""score_breakdown"": {""blue"": {""adjustPoints"": 0, ""autoTowerPoints"": 0, ""autoTowerRobot1"": ""None"", ""autoTowerRobot2"": ""None"", ""autoTowerRobot3"": ""None"", ""endGameTowerPoints"": 0, ""endGameTowerRobot1"": ""None"", ""endGameTowerRobot2"": ""None"", ""endGameTowerRobot3"": ""None"", ""energizedAchieved"": true, ""foulPoints"": 5, ""g206Penalty"": false, ""hubScore"": {""autoCount"": 19, ""autoPoints"": 19, ""endgameCount"": 45, ""endgamePoints"": 45, ""shift1Count"": 28, ""shift1Points"": 28, ""shift2Count"": 0, ""shift2Points"": 0, ""shift3Count"": 43, ""shift3Points"": 43, ""shift4Count"": 0, ""shift4Points"": 0, ""teleopCount"": 119, ""teleopPoints"": 119, ""totalCount"": 138, ""totalPoints"": 138, ""transitionCount"": 3, ""transitionPoints"": 3, ""uncounted"": 1}, ""majorFoulCount"": 0, ""minorFoulCount"": 2, ""penalties"": ""None"", ""rp"": 4, ""superchargedAchieved"": false, ""totalAutoPoints"": 19, ""totalPoints"": 143, ""totalTeleopPoints"": 119, ""totalTowerPoints"": 0, ""traversalAchieved"": false}, ""red"": {""adjustPoints"": 0, ""autoTowerPoints"": 0, ""autoTowerRobot1"": ""None"", ""autoTowerRobot2"": ""None"", ""autoTowerRobot3"": ""None"", ""endGameTowerPoints"": 0, ""endGameTowerRobot1"": ""None"", ""endGameTowerRobot2"": ""None"", ""endGameTowerRobot3"": ""None"", ""energizedAchieved"": true, ""foulPoints"": 10, ""g206Penalty"": false, ""hubScore"": {""autoCount"": 28, ""autoPoints"": 28, ""endgameCount"": 39, ""endgamePoints"": 39, ""shift1Count"": 0, ""shift1Points"": 0, ""shift2Count"": 7, ""shift2Points"": 7, ""shift3Count"": 0, ""shift3Points"": 0, ""shift4Count"": 26, ""shift4Points"": 26, ""teleopCount"": 72, ""teleopPoints"": 72, ""totalCount"": 100, ""totalPoints"": 100, ""transitionCount"": 0, ""transitionPoints"": 0, ""uncounted"": 1}, ""majorFoulCount"": 0, ""minorFoulCount"": 1, ""penalties"": ""None"", ""rp"": 1, ""superchargedAchieved"": false, ""totalAutoPoints"": 28, ""totalPoints"": 110, ""totalTeleopPoints"": 72, ""totalTowerPoints"": 0, ""traversalAchieved"": false}}, ""set_number"": 1, ""time"": 1774664460, ""videos"": [], ""winning_alliance"": ""blue""}","{""blue"": {""dq_team_keys"": [], ""score"": 143, ""surrogate_team_keys"": [], ""team_keys"": [""frc2915"", ""frc2811"", ""frc6465""]}, ""red"": {""dq_team_keys"": [], ""score"": 110, ""surrogate_team_keys"": [], ""team_keys"": [""frc2898"", ""frc3669"", ""frc749""]}}",[]
2026orore_qm47,47,qm,24.975,TBA (Cais pre-match EPA),"{""actual_time"": 1774665548, ""alliances"": {""blue"": {""dq_team_keys"": [], ""score"": 154, ""surrogate_team_keys"": [], ""team_keys"": [""frc2990"", ""frc3636"", ""frc10444""]}, ""red"": {""dq_team_keys"": [], ""score"": 163, ""surrogate_team_keys"": [], ""team_keys"": [""frc9600"", ""frc8032"", ""frc9567""]}}, ""comp_level"": ""qm"", ""event_key"": ""2026orore"", ""key"": ""2026orore_qm47"", ""match_number"": 47, ""post_result_time"": 1774665810, ""predicted_time"": 1774665726, ""score_breakdown"": {""blue"": {""adjustPoints"": 0, ""autoTowerPoints"": 0, ""autoTowerRobot1"": ""None"", ""autoTowerRobot2"": ""None"", ""autoTowerRobot3"": ""None"", ""endGameTowerPoints"": 0, ""endGameTowerRobot1"": ""None"", ""endGameTowerRobot2"": ""None"", ""endGameTowerRobot3"": ""None"", ""energizedAchieved"": true, ""foulPoints"": 5, ""g206Penalty"": false, ""hubScore"": {""autoCount"": 31, ""autoPoints"": 31, ""endgameCount"": 33, ""endgamePoints"": 33, ""shift1Count"": 32, ""shift1Points"": 32, ""shift2Count"": 0, ""shift2Points"": 0, ""shift3Count"": 40, ""shift3Points"": 40, ""shift4Count"": 0, ""shift4Points"": 0, ""teleopCount"": 118, ""teleopPoints"": 118, ""totalCount"": 149, ""totalPoints"": 149, ""transitionCount"": 13, ""transitionPoints"": 13, ""uncounted"": 0}, ""majorFoulCount"": 0, ""minorFoulCount"": 1, ""penalties"": ""None"", ""rp"": 1, ""superchargedAchieved"": false, ""totalAutoPoints"": 31, ""totalPoints"": 154, ""totalTeleopPoints"": 118, ""totalTowerPoints"": 0, ""traversalAchieved"": false}, ""red"": {""adjustPoints"": 0, ""autoTowerPoints"": 0, ""autoTowerRobot1"": ""None"", ""autoTowerRobot2"": ""None"", ""autoTowerRobot3"": ""None"", ""endGameTowerPoints"": 0, ""endGameTowerRobot1"": ""None"", ""endGameTowerRobot2"": ""None"", ""endGameTowerRobot3"": ""None"", ""energizedAchieved"": true, ""foulPoints"": 5, ""g206Penalty"": false, ""hubScore"": {""autoCount"": 45, ""autoPoints"": 45, ""endgameCount"": 44, ""endgamePoints"": 44, ""shift1Count"": 0, ""shift1Points"": 0, ""shift2Count"": 53, ""shift2Points"": 53, ""shift3Count"": 0, ""shift3Points"": 0, ""shift4Count"": 13, ""shift4Points"": 13, ""teleopCount"": 113, ""teleopPoints"": 113, ""totalCount"": 158, ""totalPoints"": 158, ""transitionCount"": 3, ""transitionPoints"": 3, ""uncounted"": 0}, ""majorFoulCount"": 0, ""minorFoulCount"": 1, ""penalties"": ""None"", ""rp"": 4, ""superchargedAchieved"": false, ""totalAutoPoints"": 45, ""totalPoints"": 163, ""totalTeleopPoints"": 113, ""totalTowerPoints"": 0, ""traversalAchieved"": false}}, ""set_number"": 1, ""time"": 1774665000, ""videos"": [], ""winning_alliance"": ""red""}","{""blue"": {""dq_team_keys"": [], ""score"": 154, ""surrogate_team_keys"": [], ""team_keys"": [""frc2990"", ""frc3636"", ""frc10444""]}, ""red"": {""dq_team_keys"": [], ""score"": 163, ""surrogate_team_keys"": [], ""team_keys"": [""frc9600"", ""frc8032"", ""frc9567""]}}",[]
2026orore_qm48,48,qm,36.035,TBA (Cais pre-match EPA),"{""actual_time"": 1774666068, ""alliances"": {""blue"": {""dq_team_keys"": [], ""score"": 256, ""surrogate_team_keys"": [], ""team_keys"": [""frc2733"", ""frc4488"", ""frc957""]}, ""red"": {""dq_team_keys"": [], ""score"": 241, ""surrogate_team_keys"": [], ""team_keys"": [""frc955"", ""frc10991"", ""frc5970""]}}, ""comp_level"": ""qm"", ""event_key"": ""2026orore"", ""key"": ""2026orore_qm48"", ""match_number"": 48, ""post_result_time"": 1774666336, ""predicted_time"": 1774666240, ""score_breakdown"": {""blue"": {""adjustPoints"": 0, ""autoTowerPoints"": 0, ""autoTowerRobot1"": ""None"", ""autoTowerRobot2"": ""None"", ""autoTowerRobot3"": ""None"", ""endGameTowerPoints"": 0, ""endGameTowerRobot1"": ""None"", ""endGameTowerRobot2"": ""None"", ""endGameTowerRobot3"": ""None"", ""energizedAchieved"": true, ""foulPoints"": 5, ""g206Penalty"": false, ""hubScore"": {""autoCount"": 42, ""autoPoints"": 42, ""endgameCount"": 83, ""endgamePoints"": 83, ""shift1Count"": 49, ""shift1Points"": 49, ""shift2Count"": 0, ""shift2Points"": 0, ""shift3Count"": 75, ""shift3Points"": 75, ""shift4Count"": 0, ""shift4Points"": 0, ""teleopCount"": 209, ""teleopPoints"": 209, ""totalCount"": 251, ""totalPoints"": 251, ""transitionCount"": 2, ""transitionPoints"": 2, ""uncounted"": 0}, ""majorFoulCount"": 0, ""minorFoulCount"": 2, ""penalties"": ""None"", ""rp"": 4, ""superchargedAchieved"": false, ""totalAutoPoints"": 42, ""totalPoints"": 256, ""totalTeleopPoints"": 209, ""totalTowerPoints"": 0, ""traversalAchieved"": false}, ""red"": {""adjustPoints"": 0, ""autoTowerPoints"": 0, ""autoTowerRobot1"": ""None"", ""autoTowerRobot2"": ""None"", ""autoTowerRobot3"": ""None"", ""endGameTowerPoints"": 0, ""endGameTowerRobot1"": ""None"", ""endGameTowerRobot2"": ""None"", ""endGameTowerRobot3"": ""None"", ""energizedAchieved"": true, ""foulPoints"": 10, ""g206Penalty"": false, ""hubScore"": {""autoCount"": 48, ""autoPoints"": 48, ""endgameCount"": 31, ""endgamePoints"": 31, ""shift1Count"": 0, ""shift1Points"": 0, ""shift2Count"": 66, ""shift2Points"": 66, ""shift3Count"": 0, ""shift3Points"": 0, ""shift4Count"": 69, ""shift4Points"": 69, ""teleopCount"": 183, ""teleopPoints"": 183, ""totalCount"": 231, ""totalPoints"": 231, ""transitionCount"": 17, ""transitionPoints"": 17, ""uncounted"": 0}, ""majorFoulCount"": 0, ""minorFoulCount"": 1, ""penalties"": ""None"", ""rp"": 1, ""superchargedAchieved"": false, ""totalAutoPoints"": 48, ""totalPoints"": 241, ""totalTeleopPoints"": 183, ""totalTowerPoints"": 0, ""traversalAchieved"": false}}, ""set_number"": 1, ""time"": 1774665540, ""videos"": [], ""winning_alliance"": ""blue""}","{""blue"": {""dq_team_keys"": [], ""score"": 256, ""surrogate_team_keys"": [], ""team_keys"": [""frc2733"", ""frc4488"", ""frc957""]}, ""red"": {""dq_team_keys"": [], ""score"": 241, ""surrogate_team_keys"": [], ""team_keys"": [""frc955"", ""frc10991"", ""frc5970""]}}",[]
2026orore_qm49,49,qm,50.80500000000001,TBA (Cais pre-match EPA),"{""actual_time"": 1774666556, ""alliances"": {""blue"": {""dq_team_keys"": [], ""score"": 172, ""surrogate_team_keys"": [], ""team_keys"": [""frc9430"", ""frc4662"", ""frc2930""]}, ""red"": {""dq_team_keys"": [], ""score"": 338, ""surrogate_team_keys"": [], ""team_keys"": [""frc997"", ""frc6696"", ""frc2898""]}}, ""comp_level"": ""qm"", ""event_key"": ""2026orore"", ""key"": ""2026orore_qm49"", ""match_number"": 49, ""post_result_time"": 1774666740, ""predicted_time"": 1774666815, ""score_breakdown"": {""blue"": {""adjustPoints"": 0, ""autoTowerPoints"": 0, ""autoTowerRobot1"": ""None"", ""autoTowerRobot2"": ""None"", ""autoTowerRobot3"": ""None"", ""endGameTowerPoints"": 0, ""endGameTowerRobot1"": ""None"", ""endGameTowerRobot2"": ""None"", ""endGameTowerRobot3"": ""None"", ""energizedAchieved"": true, ""foulPoints"": 5, ""g206Penalty"": false, ""hubScore"": {""autoCount"": 64, ""autoPoints"": 64, ""endgameCount"": 29, ""endgamePoints"": 29, ""shift1Count"": 0, ""shift1Points"": 0, ""shift2Count"": 30, ""shift2Points"": 30, ""shift3Count"": 0, ""shift3Points"": 0, ""shift4Count"": 43, ""shift4Points"": 43, ""teleopCount"": 103, ""teleopPoints"": 103, ""totalCount"": 167, ""totalPoints"": 167, ""transitionCount"": 1, ""transitionPoints"": 1, ""uncounted"": 5}, ""majorFoulCount"": 0, ""minorFoulCount"": 0, ""penalties"": ""None"", ""rp"": 1, ""superchargedAchieved"": false, ""totalAutoPoints"": 64, ""totalPoints"": 172, ""totalTeleopPoints"": 103, ""totalTowerPoints"": 0, ""traversalAchieved"": false}, ""red"": {""adjustPoints"": 0, ""autoTowerPoints"": 0, ""autoTowerRobot1"": ""None"", ""autoTowerRobot2"": ""None"", ""autoTowerRobot3"": ""None"", ""endGameTowerPoints"": 0, ""endGameTowerRobot1"": ""None"", ""endGameTowerRobot2"": ""None"", ""endGameTowerRobot3"": ""None"", ""energizedAchieved"": true, ""foulPoints"": 0, ""g206Penalty"": false, ""hubScore"": {""autoCount"": 54, ""autoPoints"": 54, ""endgameCount"": 105, ""endgamePoints"": 105, ""shift1Count"": 78, ""shift1Points"": 78, ""shift2Count"": 0, ""shift2Points"": 0, ""shift3Count"": 92, ""shift3Points"": 92, ""shift4Count"": 0, ""shift4Points"": 0, ""teleopCount"": 284, ""teleopPoints"": 284, ""totalCount"": 338, ""totalPoints"": 338, ""transitionCount"": 9, ""transitionPoints"": 9, ""uncounted"": 0}, ""majorFoulCount"": 0, ""minorFoulCount"": 1, ""penalties"": ""None"", ""rp"": 4, ""superchargedAchieved"": false, ""totalAutoPoints"": 54, ""totalPoints"": 338, ""totalTeleopPoints"": 284, ""totalTowerPoints"": 0, ""traversalAchieved"": false}}, ""set_number"": 1, ""time"": 1774666080, ""videos"": [], ""winning_alliance"": ""red""}","{""blue"": {""dq_team_keys"": [], ""score"": 172, ""surrogate_team_keys"": [], ""team_keys"": [""frc9430"", ""frc4662"", ""frc2930""]}, ""red"": {""dq_team_keys"": [], ""score"": 338, ""surrogate_team_keys"": [], ""team_keys"": [""frc997"", ""frc6696"", ""frc2898""]}}",[]
2026orore_qm50,50,qm,13.49499999999999,TBA (Cais pre-match EPA),"{""actual_time"": 1774667195, ""alliances"": {""blue"": {""dq_team_keys"": [], ""score"": 209, ""surrogate_team_keys"": [], ""team_keys"": [""frc2811"", ""frc749"", ""frc2990""]}, ""red"": {""dq_team_keys"": [], ""score"": 126, ""surrogate_team_keys"": [], ""team_keys"": [""frc2550"", ""frc3636"", ""frc2557""]}}, ""comp_level"": ""qm"", ""event_key"": ""2026orore"", ""key"": ""2026orore_qm50"", ""match_number"": 50, ""post_result_time"": 1774667388, ""predicted_time"": 1774667373, ""score_breakdown"": {""blue"": {""adjustPoints"": 0, ""autoTowerPoints"": 0, ""autoTowerRobot1"": ""None"", ""autoTowerRobot2"": ""None"", ""autoTowerRobot3"": ""None"", ""endGameTowerPoints"": 0, ""endGameTowerRobot1"": ""None"", ""endGameTowerRobot2"": ""None"", ""endGameTowerRobot3"": ""None"", ""energizedAchieved"": true, ""foulPoints"": 10, ""g206Penalty"": false, ""hubScore"": {""autoCount"": 57, ""autoPoints"": 57, ""endgameCount"": 41, ""endgamePoints"": 41, ""shift1Count"": 0, ""shift1Points"": 0, ""shift2Count"": 43, ""shift2Points"": 43, ""shift3Count"": 0, ""shift3Points"": 0, ""shift4Count"": 43, ""shift4Points"": 43, ""teleopCount"": 142, ""teleopPoints"": 142, ""totalCount"": 199, ""totalPoints"": 199, ""transitionCount"": 15, ""transitionPoints"": 15, ""uncounted"": 0}, ""majorFoulCount"": 0, ""minorFoulCount"": 1, ""penalties"": ""None"", ""rp"": 4, ""superchargedAchieved"": false, ""totalAutoPoints"": 57, ""totalPoints"": 209, ""totalTeleopPoints"": 142, ""totalTowerPoints"": 0, ""traversalAchieved"": false}, ""red"": {""adjustPoints"": 0, ""autoTowerPoints"": 0, ""autoTowerRobot1"": ""None"", ""autoTowerRobot2"": ""None"", ""autoTowerRobot3"": ""None"", ""endGameTowerPoints"": 10, ""endGameTowerRobot1"": ""Level1"", ""endGameTowerRobot2"": ""None"", ""endGameTowerRobot3"": ""None"", ""energizedAchieved"": true, ""foulPoints"": 5, ""g206Penalty"": false, ""hubScore"": {""autoCount"": 24, ""autoPoints"": 24, ""endgameCount"": 34, ""endgamePoints"": 34, ""shift1Count"": 19, ""shift1Points"": 19, ""shift2Count"": 0, ""shift2Points"": 0, ""shift3Count"": 28, ""shift3Points"": 28, ""shift4Count"": 0, ""shift4Points"": 0, ""teleopCount"": 87, ""teleopPoints"": 87, ""totalCount"": 111, ""totalPoints"": 111, ""transitionCount"": 6, ""transitionPoints"": 6, ""uncounted"": 0}, ""majorFoulCount"": 0, ""minorFoulCount"": 2, ""penalties"": ""None"", ""rp"": 1, ""superchargedAchieved"": false, ""totalAutoPoints"": 24, ""totalPoints"": 126, ""totalTeleopPoints"": 97, ""totalTowerPoints"": 10, ""traversalAchieved"": false}}, ""set_number"": 1, ""time"": 1774666620, ""videos"": [], ""winning_alliance"": ""blue""}","{""blue"": {""dq_team_keys"": [], ""score"": 209, ""surrogate_team_keys"": [], ""team_keys"": [""frc2811"", ""frc749"", ""frc2990""]}, ""red"": {""dq_team_keys"": [], ""score"": 126, ""surrogate_team_keys"": [], ""team_keys"": [""frc2550"", ""frc3636"", ""frc2557""]}}",[]
2026orore_qm51,51,qm,107.545,TBA (Cais pre-match EPA),"{""actual_time"": 1774667656, ""alliances"": {""blue"": {""dq_team_keys"": [], ""score"": 463, ""surrogate_team_keys"": [], ""team_keys"": [""frc1540"", ""frc3669"", ""frc4915""]}, ""red"": {""dq_team_keys"": [], ""score"": 226, ""surrogate_team_keys"": [], ""team_keys"": [""frc2635"", ""frc6465"", ""frc8032""]}}, ""comp_level"": ""qm"", ""event_key"": ""2026orore"", ""key"": ""2026orore_qm51"", ""match_number"": 51, ""post_result_time"": 1774667839, ""predicted_time"": 1774667786, ""score_breakdown"": {""blue"": {""adjustPoints"": 0, ""autoTowerPoints"": 0, ""autoTowerRobot1"": ""None"", ""autoTowerRobot2"": ""None"", ""autoTowerRobot3"": ""None"", ""endGameTowerPoints"": 0, ""endGameTowerRobot1"": ""None"", ""endGameTowerRobot2"": ""None"", ""endGameTowerRobot3"": ""None"", ""energizedAchieved"": true, ""foulPoints"": 10, ""g206Penalty"": false, ""hubScore"": {""autoCount"": 85, ""autoPoints"": 85, ""endgameCount"": 102, ""endgamePoints"": 102, ""shift1Count"": 0, ""shift1Points"": 0, ""shift2Count"": 136, ""shift2Points"": 136, ""shift3Count"": 0, ""shift3Points"": 0, ""shift4Count"": 88, ""shift4Points"": 88, ""teleopCount"": 368, ""teleopPoints"": 368, ""totalCount"": 453, ""totalPoints"": 453, ""transitionCount"": 42, ""transitionPoints"": 42, ""uncounted"": 0}, ""majorFoulCount"": 1, ""minorFoulCount"": 1, ""penalties"": ""None"", ""rp"": 5, ""superchargedAchieved"": true, ""totalAutoPoints"": 85, ""totalPoints"": 463, ""totalTeleopPoints"": 368, ""totalTowerPoints"": 0, ""traversalAchieved"": false}, ""red"": {""adjustPoints"": 0, ""autoTowerPoints"": 0, ""autoTowerRobot1"": ""None"", ""autoTowerRobot2"": ""None"", ""autoTowerRobot3"": ""None"", ""endGameTowerPoints"": 0, ""endGameTowerRobot1"": ""None"", ""endGameTowerRobot2"": ""None"", ""endGameTowerRobot3"": ""None"", ""energizedAchieved"": true, ""foulPoints"": 20, ""g206Penalty"": false, ""hubScore"": {""autoCount"": 44, ""autoPoints"": 44, ""endgameCount"": 59, ""endgamePoints"": 59, ""shift1Count"": 49, ""shift1Points"": 49, ""shift2Count"": 0, ""shift2Points"": 0, ""shift3Count"": 54, ""shift3Points"": 54, ""shift4Count"": 0, ""shift4Points"": 0, ""teleopCount"": 162, ""teleopPoints"": 162, ""totalCount"": 206, ""totalPoints"": 206, ""transitionCount"": 0, ""transitionPoints"": 0, ""uncounted"": 0}, ""majorFoulCount"": 0, ""minorFoulCount"": 2, ""penalties"": ""None"", ""rp"": 1, ""superchargedAchieved"": false, ""totalAutoPoints"": 44, ""totalPoints"": 226, ""totalTeleopPoints"": 162, ""totalTowerPoints"": 0, ""traversalAchieved"": false}}, ""set_number"": 1, ""time"": 1774667160, ""videos"": [], ""winning_alliance"": ""blue""}","{""blue"": {""dq_team_keys"": [], ""score"": 463, ""surrogate_team_keys"": [], ""team_keys"": [""frc1540"", ""frc3669"", ""frc4915""]}, ""red"": {""dq_team_keys"": [], ""score"": 226, ""surrogate_team_keys"": [], ""team_keys"": [""frc2635"", ""frc6465"", ""frc8032""]}}",[]
2026orore_qm52,52,qm,36.849999999999994,TBA (Cais pre-match EPA),"{""actual_time"": 1774668146, ""alliances"": {""blue"": {""dq_team_keys"": [], ""score"": 179, ""surrogate_team_keys"": [], ""team_keys"": [""frc2521"", ""frc1359"", ""frc9600""]}, ""red"": {""dq_team_keys"": [], ""score"": 230, ""surrogate_team_keys"": [], ""team_keys"": [""frc6831"", ""frc3674"", ""frc2915""]}}, ""comp_level"": ""qm"", ""event_key"": ""2026orore"", ""key"": ""2026orore_qm52"", ""match_number"": 52, ""post_result_time"": 1774668328, ""predicted_time"": 1774668612, ""score_breakdown"": {""blue"": {""adjustPoints"": 0, ""autoTowerPoints"": 15, ""autoTowerRobot1"": ""None"", ""autoTowerRobot2"": ""Level1"", ""autoTowerRobot3"": ""None"", ""endGameTowerPoints"": 10, ""endGameTowerRobot1"": ""None"", ""endGameTowerRobot2"": ""Level1"", ""endGameTowerRobot3"": ""None"", ""energizedAchieved"": true, ""foulPoints"": 0, ""g206Penalty"": false, ""hubScore"": {""autoCount"": 26, ""autoPoints"": 26, ""endgameCount"": 19, ""endgamePoints"": 19, ""shift1Count"": 42, ""shift1Points"": 42, ""shift2Count"": 0, ""shift2Points"": 0, ""shift3Count"": 62, ""shift3Points"": 62, ""shift4Count"": 0, ""shift4Points"": 0, ""teleopCount"": 128, ""teleopPoints"": 128, ""totalCount"": 154, ""totalPoints"": 154, ""transitionCount"": 5, ""transitionPoints"": 5, ""uncounted"": 10}, ""majorFoulCount"": 0, ""minorFoulCount"": 0, ""penalties"": ""None"", ""rp"": 1, ""superchargedAchieved"": false, ""totalAutoPoints"": 41, ""totalPoints"": 179, ""totalTeleopPoints"": 138, ""totalTowerPoints"": 25, ""traversalAchieved"": false}, ""red"": {""adjustPoints"": 0, ""autoTowerPoints"": 15, ""autoTowerRobot1"": ""None"", ""autoTowerRobot2"": ""Level1"", ""autoTowerRobot3"": ""None"", ""endGameTowerPoints"": 0, ""endGameTowerRobot1"": ""None"", ""endGameTowerRobot2"": ""None"", ""endGameTowerRobot3"": ""None"", ""energizedAchieved"": true, ""foulPoints"": 0, ""g206Penalty"": false, ""hubScore"": {""autoCount"": 27, ""autoPoints"": 27, ""endgameCount"": 66, ""endgamePoints"": 66, ""shift1Count"": 0, ""shift1Points"": 0, ""shift2Count"": 57, ""shift2Points"": 57, ""shift3Count"": 0, ""shift3Points"": 0, ""shift4Count"": 65, ""shift4Points"": 65, ""teleopCount"": 188, ""teleopPoints"": 188, ""totalCount"": 215, ""totalPoints"": 215, ""transitionCount"": 0, ""transitionPoints"": 0, ""uncounted"": 0}, ""majorFoulCount"": 0, ""minorFoulCount"": 0, ""penalties"": ""None"", ""rp"": 4, ""superchargedAchieved"": false, ""totalAutoPoints"": 42, ""totalPoints"": 230, ""totalTeleopPoints"": 188, ""totalTowerPoints"": 15, ""traversalAchieved"": false}}, ""set_number"": 1, ""time"": 1774667700, ""videos"": [], ""winning_alliance"": ""red""}","{""blue"": {""dq_team_keys"": [], ""score"": 179, ""surrogate_team_keys"": [], ""team_keys"": [""frc2521"", ""frc1359"", ""frc9600""]}, ""red"": {""dq_team_keys"": [], ""score"": 230, ""surrogate_team_keys"": [], ""team_keys"": [""frc6831"", ""frc3674"", ""frc2915""]}}",[]
2026orore_qm48,48,qm,14.034747554610135,Statbotics (OPR),"{""actual_time"": 1774666068, ""alliances"": {""blue"": {""dq_team_keys"": [], ""score"": 256, ""surrogate_team_keys"": [], ""team_keys"": [""frc2733"", ""frc4488"", ""frc957""]}, ""red"": {""dq_team_keys"": [], ""score"": 241, ""surrogate_team_keys"": [], ""team_keys"": [""frc955"", ""frc10991"", ""frc5970""]}}, ""comp_level"": ""qm"", ""event_key"": ""2026orore"", ""key"": ""2026orore_qm48"", ""match_number"": 48, ""post_result_time"": 1774666336, ""predicted_time"": 1774666240, ""score_breakdown"": {""blue"": {""adjustPoints"": 0, ""autoTowerPoints"": 0, ""autoTowerRobot1"": ""None"", ""autoTowerRobot2"": ""None"", ""autoTowerRobot3"": ""None"", ""endGameTowerPoints"": 0, ""endGameTowerRobot1"": ""None"", ""endGameTowerRobot2"": ""None"", ""endGameTowerRobot3"": ""None"", ""energizedAchieved"": true, ""foulPoints"": 5, ""g206Penalty"": false, ""hubScore"": {""autoCount"": 42, ""autoPoints"": 42, ""endgameCount"": 83, ""endgamePoints"": 83, ""shift1Count"": 49, ""shift1Points"": 49, ""shift2Count"": 0, ""shift2Points"": 0, ""shift3Count"": 75, ""shift3Points"": 75, ""shift4Count"": 0, ""shift4Points"": 0, ""teleopCount"": 209, ""teleopPoints"": 209, ""totalCount"": 251, ""totalPoints"": 251, ""transitionCount"": 2, ""transitionPoints"": 2, ""uncounted"": 0}, ""majorFoulCount"": 0, ""minorFoulCount"": 2, ""penalties"": ""None"", ""rp"": 4, ""superchargedAchieved"": false, ""totalAutoPoints"": 42, ""totalPoints"": 256, ""totalTeleopPoints"": 209, ""totalTowerPoints"": 0, ""traversalAchieved"": false}, ""red"": {""adjustPoints"": 0, ""autoTowerPoints"": 0, ""autoTowerRobot1"": ""None"", ""autoTowerRobot2"": ""None"", ""autoTowerRobot3"": ""None"", ""endGameTowerPoints"": 0, ""endGameTowerRobot1"": ""None"", ""endGameTowerRobot2"": ""None"", ""endGameTowerRobot3"": ""None"", ""energizedAchieved"": true, ""foulPoints"": 10, ""g206Penalty"": false, ""hubScore"": {""autoCount"": 48, ""autoPoints"": 48, ""endgameCount"": 31, ""endgamePoints"": 31, ""shift1Count"": 0, ""shift1Points"": 0, ""shift2Count"": 66, ""shift2Points"": 66, ""shift3Count"": 0, ""shift3Points"": 0, ""shift4Count"": 69, ""shift4Points"": 69, ""teleopCount"": 183, ""teleopPoints"": 183, ""totalCount"": 231, ""totalPoints"": 231, ""transitionCount"": 17, ""transitionPoints"": 17, ""uncounted"": 0}, ""majorFoulCount"": 0, ""minorFoulCount"": 1, ""penalties"": ""None"", ""rp"": 1, ""superchargedAchieved"": false, ""totalAutoPoints"": 48, ""totalPoints"": 241, ""totalTeleopPoints"": 183, ""totalTowerPoints"": 0, ""traversalAchieved"": false}}, ""set_number"": 1, ""time"": 1774665540, ""videos"": [], ""winning_alliance"": ""blue""}","{""blue"": {""dq_team_keys"": [], ""score"": 256, ""surrogate_team_keys"": [], ""team_keys"": [""frc2733"", ""frc4488"", ""frc957""]}, ""red"": {""dq_team_keys"": [], ""score"": 241, ""surrogate_team_keys"": [], ""team_keys"": [""frc955"", ""frc10991"", ""frc5970""]}}",[]
2026orore_qm49,49,qm,27.84776359123849,Statbotics (OPR),"{""actual_time"": 1774666556, ""alliances"": {""blue"": {""dq_team_keys"": [], ""score"": 172, ""surrogate_team_keys"": [], ""team_keys"": [""frc9430"", ""frc4662"", ""frc2930""]}, ""red"": {""dq_team_keys"": [], ""score"": 338, ""surrogate_team_keys"": [], ""team_keys"": [""frc997"", ""frc6696"", ""frc2898""]}}, ""comp_level"": ""qm"", ""event_key"": ""2026orore"", ""key"": ""2026orore_qm49"", ""match_number"": 49, ""post_result_time"": 1774666740, ""predicted_time"": 1774666815, ""score_breakdown"": {""blue"": {""adjustPoints"": 0, ""autoTowerPoints"": 0, ""autoTowerRobot1"": ""None"", ""autoTowerRobot2"": ""None"", ""autoTowerRobot3"": ""None"", ""endGameTowerPoints"": 0, ""endGameTowerRobot1"": ""None"", ""endGameTowerRobot2"": ""None"", ""endGameTowerRobot3"": ""None"", ""energizedAchieved"": true, ""foulPoints"": 5, ""g206Penalty"": false, ""hubScore"": {""autoCount"": 64, ""autoPoints"": 64, ""endgameCount"": 29, ""endgamePoints"": 29, ""shift1Count"": 0, ""shift1Points"": 0, ""shift2Count"": 30, ""shift2Points"": 30, ""shift3Count"": 0, ""shift3Points"": 0, ""shift4Count"": 43, ""shift4Points"": 43, ""teleopCount"": 103, ""teleopPoints"": 103, ""totalCount"": 167, ""totalPoints"": 167, ""transitionCount"": 1, ""transitionPoints"": 1, ""uncounted"": 5}, ""majorFoulCount"": 0, ""minorFoulCount"": 0, ""penalties"": ""None"", ""rp"": 1, ""superchargedAchieved"": false, ""totalAutoPoints"": 64, ""totalPoints"": 172, ""totalTeleopPoints"": 103, ""totalTowerPoints"": 0, ""traversalAchieved"": false}, ""red"": {""adjustPoints"": 0, ""autoTowerPoints"": 0, ""autoTowerRobot1"": ""None"", ""autoTowerRobot2"": ""None"", ""autoTowerRobot3"": ""None"", ""endGameTowerPoints"": 0, ""endGameTowerRobot1"": ""None"", ""endGameTowerRobot2"": ""None"", ""endGameTowerRobot3"": ""None"", ""energizedAchieved"": true, ""foulPoints"": 0, ""g206Penalty"": false, ""hubScore"": {""autoCount"": 54, ""autoPoints"": 54, ""endgameCount"": 105, ""endgamePoints"": 105, ""shift1Count"": 78, ""shift1Points"": 78, ""shift2Count"": 0, ""shift2Points"": 0, ""shift3Count"": 92, ""shift3Points"": 92, ""shift4Count"": 0, ""shift4Points"": 0, ""teleopCount"": 284, ""teleopPoints"": 284, ""totalCount"": 338, ""totalPoints"": 338, ""transitionCount"": 9, ""transitionPoints"": 9, ""uncounted"": 0}, ""majorFoulCount"": 0, ""minorFoulCount"": 1, ""penalties"": ""None"", ""rp"": 4, ""superchargedAchieved"": false, ""totalAutoPoints"": 54, ""totalPoints"": 338, ""totalTeleopPoints"": 284, ""totalTowerPoints"": 0, ""traversalAchieved"": false}}, ""set_number"": 1, ""time"": 1774666080, ""videos"": [], ""winning_alliance"": ""red""}","{""blue"": {""dq_team_keys"": [], ""score"": 172, ""surrogate_team_keys"": [], ""team_keys"": [""frc9430"", ""frc4662"", ""frc2930""]}, ""red"": {""dq_team_keys"": [], ""score"": 338, ""surrogate_team_keys"": [], ""team_keys"": [""frc997"", ""frc6696"", ""frc2898""]}}",[]
2026orore_qm50,50,qm,40.80798035389732,Statbotics (OPR),"{""actual_time"": 1774667195, ""alliances"": {""blue"": {""dq_team_keys"": [], ""score"": 209, ""surrogate_team_keys"": [], ""team_keys"": [""frc2811"", ""frc749"", ""frc2990""]}, ""red"": {""dq_team_keys"": [], ""score"": 126, ""surrogate_team_keys"": [], ""team_keys"": [""frc2550"", ""frc3636"", ""frc2557""]}}, ""comp_level"": ""qm"", ""event_key"": ""2026orore"", ""key"": ""2026orore_qm50"", ""match_number"": 50, ""post_result_time"": 1774667388, ""predicted_time"": 1774667373, ""score_breakdown"": {""blue"": {""adjustPoints"": 0, ""autoTowerPoints"": 0, ""autoTowerRobot1"": ""None"", ""autoTowerRobot2"": ""None"", ""autoTowerRobot3"": ""None"", ""endGameTowerPoints"": 0, ""endGameTowerRobot1"": ""None"", ""endGameTowerRobot2"": ""None"", ""endGameTowerRobot3"": ""None"", ""energizedAchieved"": true, ""foulPoints"": 10, ""g206Penalty"": false, ""hubScore"": {""autoCount"": 57, ""autoPoints"": 57, ""endgameCount"": 41, ""endgamePoints"": 41, ""shift1Count"": 0, ""shift1Points"": 0, ""shift2Count"": 43, ""shift2Points"": 43, ""shift3Count"": 0, ""shift3Points"": 0, ""shift4Count"": 43, ""shift4Points"": 43, ""teleopCount"": 142, ""teleopPoints"": 142, ""totalCount"": 199, ""totalPoints"": 199, ""transitionCount"": 15, ""transitionPoints"": 15, ""uncounted"": 0}, ""majorFoulCount"": 0, ""minorFoulCount"": 1, ""penalties"": ""None"", ""rp"": 4, ""superchargedAchieved"": false, ""totalAutoPoints"": 57, ""totalPoints"": 209, ""totalTeleopPoints"": 142, ""totalTowerPoints"": 0, ""traversalAchieved"": false}, ""red"": {""adjustPoints"": 0, ""autoTowerPoints"": 0, ""autoTowerRobot1"": ""None"", ""autoTowerRobot2"": ""None"", ""autoTowerRobot3"": ""None"", ""endGameTowerPoints"": 10, ""endGameTowerRobot1"": ""Level1"", ""endGameTowerRobot2"": ""None"", ""endGameTowerRobot3"": ""None"", ""energizedAchieved"": true, ""foulPoints"": 5, ""g206Penalty"": false, ""hubScore"": {""autoCount"": 24, ""autoPoints"": 24, ""endgameCount"": 34, ""endgamePoints"": 34, ""shift1Count"": 19, ""shift1Points"": 19, ""shift2Count"": 0, ""shift2Points"": 0, ""shift3Count"": 28, ""shift3Points"": 28, ""shift4Count"": 0, ""shift4Points"": 0, ""teleopCount"": 87, ""teleopPoints"": 87, ""totalCount"": 111, ""totalPoints"": 111, ""transitionCount"": 6, ""transitionPoints"": 6, ""uncounted"": 0}, ""majorFoulCount"": 0, ""minorFoulCount"": 2, ""penalties"": ""None"", ""rp"": 1, ""superchargedAchieved"": false, ""totalAutoPoints"": 24, ""totalPoints"": 126, ""totalTeleopPoints"": 97, ""totalTowerPoints"": 10, ""traversalAchieved"": false}}, ""set_number"": 1, ""time"": 1774666620, ""videos"": [], ""winning_alliance"": ""blue""}","{""blue"": {""dq_team_keys"": [], ""score"": 209, ""surrogate_team_keys"": [], ""team_keys"": [""frc2811"", ""frc749"", ""frc2990""]}, ""red"": {""dq_team_keys"": [], ""score"": 126, ""surrogate_team_keys"": [], ""team_keys"": [""frc2550"", ""frc3636"", ""frc2557""]}}",[]
2026orore_qm51,51,qm,81.25744812020011,Statbotics (OPR),"{""actual_time"": 1774667656, ""alliances"": {""blue"": {""dq_team_keys"": [], ""score"": 463, ""surrogate_team_keys"": [], ""team_keys"": [""frc1540"", ""frc3669"", ""frc4915""]}, ""red"": {""dq_team_keys"": [], ""score"": 226, ""surrogate_team_keys"": [], ""team_keys"": [""frc2635"", ""frc6465"", ""frc8032""]}}, ""comp_level"": ""qm"", ""event_key"": ""2026orore"", ""key"": ""2026orore_qm51"", ""match_number"": 51, ""post_result_time"": 1774667839, ""predicted_time"": 1774667786, ""score_breakdown"": {""blue"": {""adjustPoints"": 0, ""autoTowerPoints"": 0, ""autoTowerRobot1"": ""None"", ""autoTowerRobot2"": ""None"", ""autoTowerRobot3"": ""None"", ""endGameTowerPoints"": 0, ""endGameTowerRobot1"": ""None"", ""endGameTowerRobot2"": ""None"", ""endGameTowerRobot3"": ""None"", ""energizedAchieved"": true, ""foulPoints"": 10, ""g206Penalty"": false, ""hubScore"": {""autoCount"": 85, ""autoPoints"": 85, ""endgameCount"": 102, ""endgamePoints"": 102, ""shift1Count"": 0, ""shift1Points"": 0, ""shift2Count"": 136, ""shift2Points"": 136, ""shift3Count"": 0, ""shift3Points"": 0, ""shift4Count"": 88, ""shift4Points"": 88, ""teleopCount"": 368, ""teleopPoints"": 368, ""totalCount"": 453, ""totalPoints"": 453, ""transitionCount"": 42, ""transitionPoints"": 42, ""uncounted"": 0}, ""majorFoulCount"": 1, ""minorFoulCount"": 1, ""penalties"": ""None"", ""rp"": 5, ""superchargedAchieved"": true, ""totalAutoPoints"": 85, ""totalPoints"": 463, ""totalTeleopPoints"": 368, ""totalTowerPoints"": 0, ""traversalAchieved"": false}, ""red"": {""adjustPoints"": 0, ""autoTowerPoints"": 0, ""autoTowerRobot1"": ""None"", ""autoTowerRobot2"": ""None"", ""autoTowerRobot3"": ""None"", ""endGameTowerPoints"": 0, ""endGameTowerRobot1"": ""None"", ""endGameTowerRobot2"": ""None"", ""endGameTowerRobot3"": ""None"", ""energizedAchieved"": true, ""foulPoints"": 20, ""g206Penalty"": false, ""hubScore"": {""autoCount"": 44, ""autoPoints"": 44, ""endgameCount"": 59, ""endgamePoints"": 59, ""shift1Count"": 49, ""shift1Points"": 49, ""shift2Count"": 0, ""shift2Points"": 0, ""shift3Count"": 54, ""shift3Points"": 54, ""shift4Count"": 0, ""shift4Points"": 0, ""teleopCount"": 162, ""teleopPoints"": 162, ""totalCount"": 206, ""totalPoints"": 206, ""transitionCount"": 0, ""transitionPoints"": 0, ""uncounted"": 0}, ""majorFoulCount"": 0, ""minorFoulCount"": 2, ""penalties"": ""None"", ""rp"": 1, ""superchargedAchieved"": false, ""totalAutoPoints"": 44, ""totalPoints"": 226, ""totalTeleopPoints"": 162, ""totalTowerPoints"": 0, ""traversalAchieved"": false}}, ""set_number"": 1, ""time"": 1774667160, ""videos"": [], ""winning_alliance"": ""blue""}","{""blue"": {""dq_team_keys"": [], ""score"": 463, ""surrogate_team_keys"": [], ""team_keys"": [""frc1540"", ""frc3669"", ""frc4915""]}, ""red"": {""dq_team_keys"": [], ""score"": 226, ""surrogate_team_keys"": [], ""team_keys"": [""frc2635"", ""frc6465"", ""frc8032""]}}",[]
2026orore_qm52,52,qm,45.5427750524006,Statbotics (OPR),"{""actual_time"": 1774668146, ""alliances"": {""blue"": {""dq_team_keys"": [], ""score"": 179, ""surrogate_team_keys"": [], ""team_keys"": [""frc2521"", ""frc1359"", ""frc9600""]}, ""red"": {""dq_team_keys"": [], ""score"": 230, ""surrogate_team_keys"": [], ""team_keys"": [""frc6831"", ""frc3674"", ""frc2915""]}}, ""comp_level"": ""qm"", ""event_key"": ""2026orore"", ""key"": ""2026orore_qm52"", ""match_number"": 52, ""post_result_time"": 1774668328, ""predicted_time"": 1774668612, ""score_breakdown"": {""blue"": {""adjustPoints"": 0, ""autoTowerPoints"": 15, ""autoTowerRobot1"": ""None"", ""autoTowerRobot2"": ""Level1"", ""autoTowerRobot3"": ""None"", ""endGameTowerPoints"": 10, ""endGameTowerRobot1"": ""None"", ""endGameTowerRobot2"": ""Level1"", ""endGameTowerRobot3"": ""None"", ""energizedAchieved"": true, ""foulPoints"": 0, ""g206Penalty"": false, ""hubScore"": {""autoCount"": 26, ""autoPoints"": 26, ""endgameCount"": 19, ""endgamePoints"": 19, ""shift1Count"": 42, ""shift1Points"": 42, ""shift2Count"": 0, ""shift2Points"": 0, ""shift3Count"": 62, ""shift3Points"": 62, ""shift4Count"": 0, ""shift4Points"": 0, ""teleopCount"": 128, ""teleopPoints"": 128, ""totalCount"": 154, ""totalPoints"": 154, ""transitionCount"": 5, ""transitionPoints"": 5, ""uncounted"": 10}, ""majorFoulCount"": 0, ""minorFoulCount"": 0, ""penalties"": ""None"", ""rp"": 1, ""superchargedAchieved"": false, ""totalAutoPoints"": 41, ""totalPoints"": 179, ""totalTeleopPoints"": 138, ""totalTowerPoints"": 25, ""traversalAchieved"": false}, ""red"": {""adjustPoints"": 0, ""autoTowerPoints"": 15, ""autoTowerRobot1"": ""None"", ""autoTowerRobot2"": ""Level1"", ""autoTowerRobot3"": ""None"", ""endGameTowerPoints"": 0, ""endGameTowerRobot1"": ""None"", ""endGameTowerRobot2"": ""None"", ""endGameTowerRobot3"": ""None"", ""energizedAchieved"": true, ""foulPoints"": 0, ""g206Penalty"": false, ""hubScore"": {""autoCount"": 27, ""autoPoints"": 27, ""endgameCount"": 66, ""endgamePoints"": 66, ""shift1Count"": 0, ""shift1Points"": 0, ""shift2Count"": 57, ""shift2Points"": 57, ""shift3Count"": 0, ""shift3Points"": 0, ""shift4Count"": 65, ""shift4Points"": 65, ""teleopCount"": 188, ""teleopPoints"": 188, ""totalCount"": 215, ""totalPoints"": 215, ""transitionCount"": 0, ""transitionPoints"": 0, ""uncounted"": 0}, ""majorFoulCount"": 0, ""minorFoulCount"": 0, ""penalties"": ""None"", ""rp"": 4, ""superchargedAchieved"": false, ""totalAutoPoints"": 42, ""totalPoints"": 230, ""totalTeleopPoints"": 188, ""totalTowerPoints"": 15, ""traversalAchieved"": false}}, ""set_number"": 1, ""time"": 1774667700, ""videos"": [], ""winning_alliance"": ""red""}","{""blue"": {""dq_team_keys"": [], ""score"": 179, ""surrogate_team_keys"": [], ""team_keys"": [""frc2521"", ""frc1359"", ""frc9600""]}, ""red"": {""dq_team_keys"": [], ""score"": 230, ""surrogate_team_keys"": [], ""team_keys"": [""frc6831"", ""frc3674"", ""frc2915""]}}",[]
2026orore_qm1,1,qm,35.391000000000005,Merged selection,"{""actual_time"": 1774635299, ""alliances"": {""blue"": {""dq_team_keys"": [], ""score"": 182, ""surrogate_team_keys"": [], ""team_keys"": [""frc2898"", ""frc10991"", ""frc8032""]}, ""red"": {""dq_team_keys"": [], ""score"": 143, ""surrogate_team_keys"": [], ""team_keys"": [""frc2635"", ""frc2557"", ""frc3669""]}}, ""comp_level"": ""qm"", ""event_key"": ""2026orore"", ""key"": ""2026orore_qm1"", ""match_number"": 1, ""post_result_time"": 1774635481, ""predicted_time"": 1774635300, ""score_breakdown"": {""blue"": {""adjustPoints"": 0, ""autoTowerPoints"": 0, ""autoTowerRobot1"": ""None"", ""autoTowerRobot2"": ""None"", ""autoTowerRobot3"": ""None"", ""endGameTowerPoints"": 0, ""endGameTowerRobot1"": ""None"", ""endGameTowerRobot2"": ""None"", ""endGameTowerRobot3"": ""None"", ""energizedAchieved"": true, ""foulPoints"": 5, ""g206Penalty"": false, ""hubScore"": {""autoCount"": 38, ""autoPoints"": 38, ""endgameCount"": 39, ""endgamePoints"": 39, ""shift1Count"": 0, ""shift1Points"": 0, ""shift2Count"": 43, ""shift2Points"": 43, ""shift3Count"": 0, ""shift3Points"": 0, ""shift4Count"": 48, ""shift4Points"": 48, ""teleopCount"": 139, ""teleopPoints"": 139, ""totalCount"": 177, ""totalPoints"": 177, ""transitionCount"": 9, ""transitionPoints"": 9, ""uncounted"": 1}, ""majorFoulCount"": 0, ""minorFoulCount"": 1, ""penalties"": ""None"", ""rp"": 4, ""superchargedAchieved"": false, ""totalAutoPoints"": 38, ""totalPoints"": 182, ""totalTeleopPoints"": 139, ""totalTowerPoints"": 0, ""traversalAchieved"": false}, ""red"": {""adjustPoints"": 0, ""autoTowerPoints"": 0, ""autoTowerRobot1"": ""None"", ""autoTowerRobot2"": ""None"", ""autoTowerRobot3"": ""None"", ""endGameTowerPoints"": 0, ""endGameTowerRobot1"": ""None"", ""endGameTowerRobot2"": ""None"", ""endGameTowerRobot3"": ""None"", ""energizedAchieved"": true, ""foulPoints"": 5, ""g206Penalty"": false, ""hubScore"": {""autoCount"": 38, ""autoPoints"": 38, ""endgameCount"": 27, ""endgamePoints"": 27, ""shift1Count"": 34, ""shift1Points"": 34, ""shift2Count"": 0, ""shift2Points"": 0, ""shift3Count"": 39, ""shift3Points"": 39, ""shift4Count"": 0, ""shift4Points"": 0, ""teleopCount"": 100, ""teleopPoints"": 100, ""totalCount"": 138, ""totalPoints"": 138, ""transitionCount"": 0, ""transitionPoints"": 0, ""uncounted"": 5}, ""majorFoulCount"": 0, ""minorFoulCount"": 1, ""penalties"": ""None"", ""rp"": 1, ""superchargedAchieved"": false, ""totalAutoPoints"": 38, ""totalPoints"": 143, ""totalTeleopPoints"": 100, ""totalTowerPoints"": 0, ""traversalAchieved"": false}}, ""set_number"": 1, ""time"": 1774635300, ""videos"": [], ""winning_alliance"": ""blue""}","{""blue"": {""dq_team_keys"": [], ""score"": 182, ""surrogate_team_keys"": [], ""team_keys"": [""frc2898"", ""frc10991"", ""frc8032""]}, ""red"": {""dq_team_keys"": [], ""score"": 143, ""surrogate_team_keys"": [], ""team_keys"": [""frc2635"", ""frc2557"", ""frc3669""]}}",[]
2026orore_qm2,2,qm,7.577500000000001,Merged selection,"{""actual_time"": 1774635854, ""alliances"": {""blue"": {""dq_team_keys"": [], ""score"": 169, ""surrogate_team_keys"": [], ""team_keys"": [""frc9567"", ""frc2521"", ""frc4488""]}, ""red"": {""dq_team_keys"": [], ""score"": 186, ""surrogate_team_keys"": [], ""team_keys"": [""frc4915"", ""frc4662"", ""frc6465""]}}, ""comp_level"": ""qm"", ""event_key"": ""2026orore"", ""key"": ""2026orore_qm2"", ""match_number"": 2, ""post_result_time"": 1774636036, ""predicted_time"": 1774635840, ""score_breakdown"": {""blue"": {""adjustPoints"": 0, ""autoTowerPoints"": 0, ""autoTowerRobot1"": ""None"", ""autoTowerRobot2"": ""None"", ""autoTowerRobot3"": ""None"", ""endGameTowerPoints"": 0, ""endGameTowerRobot1"": ""None"", ""endGameTowerRobot2"": ""None"", ""endGameTowerRobot3"": ""None"", ""energizedAchieved"": true, ""foulPoints"": 5, ""g206Penalty"": false, ""hubScore"": {""autoCount"": 44, ""autoPoints"": 44, ""endgameCount"": 7, ""endgamePoints"": 7, ""shift1Count"": 0, ""shift1Points"": 0, ""shift2Count"": 69, ""shift2Points"": 69, ""shift3Count"": 0, ""shift3Points"": 0, ""shift4Count"": 22, ""shift4Points"": 22, ""teleopCount"": 120, ""teleopPoints"": 120, ""totalCount"": 164, ""totalPoints"": 164, ""transitionCount"": 22, ""transitionPoints"": 22, ""uncounted"": 0}, ""majorFoulCount"": 0, ""minorFoulCount"": 1, ""penalties"": ""None"", ""rp"": 1, ""superchargedAchieved"": false, ""totalAutoPoints"": 44, ""totalPoints"": 169, ""totalTeleopPoints"": 120, ""totalTowerPoints"": 0, ""traversalAchieved"": false}, ""red"": {""adjustPoints"": 0, ""autoTowerPoints"": 0, ""autoTowerRobot1"": ""None"", ""autoTowerRobot2"": ""None"", ""autoTowerRobot3"": ""None"", ""endGameTowerPoints"": 0, ""endGameTowerRobot1"": ""None"", ""endGameTowerRobot2"": ""None"", ""endGameTowerRobot3"": ""None"", ""energizedAchieved"": true, ""foulPoints"": 5, ""g206Penalty"": false, ""hubScore"": {""autoCount"": 33, ""autoPoints"": 33, ""endgameCount"": 62, ""endgamePoints"": 62, ""shift1Count"": 32, ""shift1Points"": 32, ""shift2Count"": 0, ""shift2Points"": 0, ""shift3Count"": 53, ""shift3Points"": 53, ""shift4Count"": 0, ""shift4Points"": 0, ""teleopCount"": 148, ""teleopPoints"": 148, ""totalCount"": 181, ""totalPoints"": 181, ""transitionCount"": 1, ""transitionPoints"": 1, ""uncounted"": 0}, ""majorFoulCount"": 0, ""minorFoulCount"": 1, ""penalties"": ""None"", ""rp"": 4, ""superchargedAchieved"": false, ""totalAutoPoints"": 33, ""totalPoints"": 186, ""totalTeleopPoints"": 148, ""totalTowerPoints"": 0, ""traversalAchieved"": false}}, ""set_number"": 1, ""time"": 1774635840, ""videos"": [], ""winning_alliance"": ""red""}","{""blue"": {""dq_team_keys"": [], ""score"": 169, ""surrogate_team_keys"": [], ""team_keys"": [""frc9567"", ""frc2521"", ""frc4488""]}, ""red"": {""dq_team_keys"": [], ""score"": 186, ""surrogate_team_keys"": [], ""team_keys"": [""frc4915"", ""frc4662"", ""frc6465""]}}",[]
2026orore_qm3,3,qm,51.4315,Merged selection,"{""actual_time"": 1774636335, ""alliances"": {""blue"": {""dq_team_keys"": [], ""score"": 106, ""surrogate_team_keys"": [], ""team_keys"": [""frc2733"", ""frc2811"", ""frc2550""]}, ""red"": {""dq_team_keys"": [], ""score"": 297, ""surrogate_team_keys"": [], ""team_keys"": [""frc3674"", ""frc1425"", ""frc3636""]}}, ""comp_level"": ""qm"", ""event_key"": ""2026orore"", ""key"": ""2026orore_qm3"", ""match_number"": 3, ""post_result_time"": 1774636551, ""predicted_time"": 1774636424, ""score_breakdown"": {""blue"": {""adjustPoints"": 0, ""autoTowerPoints"": 0, ""autoTowerRobot1"": ""None"", ""autoTowerRobot2"": ""None"", ""autoTowerRobot3"": ""None"", ""endGameTowerPoints"": 0, ""endGameTowerRobot1"": ""None"", ""endGameTowerRobot2"": ""None"", ""endGameTowerRobot3"": ""None"", ""energizedAchieved"": true, ""foulPoints"": 0, ""g206Penalty"": false, ""hubScore"": {""autoCount"": 22, ""autoPoints"": 22, ""endgameCount"": 50, ""endgamePoints"": 50, ""shift1Count"": 12, ""shift1Points"": 12, ""shift2Count"": 0, ""shift2Points"": 0, ""shift3Count"": 19, ""shift3Points"": 19, ""shift4Count"": 0, ""shift4Points"": 0, ""teleopCount"": 84, ""teleopPoints"": 84, ""totalCount"": 106, ""totalPoints"": 106, ""transitionCount"": 3, ""transitionPoints"": 3, ""uncounted"": 1}, ""majorFoulCount"": 2, ""minorFoulCount"": 2, ""penalties"": ""None"", ""rp"": 1, ""superchargedAchieved"": false, ""totalAutoPoints"": 22, ""totalPoints"": 106, ""totalTeleopPoints"": 84, ""totalTowerPoints"": 0, ""traversalAchieved"": false}, ""red"": {""adjustPoints"": 0, ""autoTowerPoints"": 15, ""autoTowerRobot1"": ""Level1"", ""autoTowerRobot2"": ""None"", ""autoTowerRobot3"": ""None"", ""endGameTowerPoints"": 0, ""endGameTowerRobot1"": ""None"", ""endGameTowerRobot2"": ""None"", ""endGameTowerRobot3"": ""None"", ""energizedAchieved"": true, ""foulPoints"": 40, ""g206Penalty"": false, ""hubScore"": {""autoCount"": 79, ""autoPoints"": 79, ""endgameCount"": 32, ""endgamePoints"": 32, ""shift1Count"": 0, ""shift1Points"": 0, ""shift2Count"": 72, ""shift2Points"": 72, ""shift3Count"": 0, ""shift3Points"": 0, ""shift4Count"": 38, ""shift4Points"": 38, ""teleopCount"": 163, ""teleopPoints"": 163, ""totalCount"": 242, ""totalPoints"": 242, ""transitionCount"": 21, ""transitionPoints"": 21, ""uncounted"": 5}, ""majorFoulCount"": 0, ""minorFoulCount"": 0, ""penalties"": ""None"", ""rp"": 4, ""superchargedAchieved"": false, ""totalAutoPoints"": 94, ""totalPoints"": 297, ""totalTeleopPoints"": 163, ""totalTowerPoints"": 15, ""traversalAchieved"": false}}, ""set_number"": 1, ""time"": 1774636440, ""videos"": [], ""winning_alliance"": ""red""}","{""blue"": {""dq_team_keys"": [], ""score"": 106, ""surrogate_team_keys"": [], ""team_keys"": [""frc2733"", ""frc2811"", ""frc2550""]}, ""red"": {""dq_team_keys"": [], ""score"": 297, ""surrogate_team_keys"": [], ""team_keys"": [""frc3674"", ""frc1425"", ""frc3636""]}}",[]
2026orore_qm4,4,qm,62.697,Merged selection,"{""actual_time"": 1774637043, ""alliances"": {""blue"": {""dq_team_keys"": [], ""score"": 152, ""surrogate_team_keys"": [], ""team_keys"": [""frc1359"", ""frc6831"", ""frc2990""]}, ""red"": {""dq_team_keys"": [], ""score"": 229, ""surrogate_team_keys"": [], ""team_keys"": [""frc5970"", ""frc9430"", ""frc957""]}}, ""comp_level"": ""qm"", ""event_key"": ""2026orore"", ""key"": ""2026orore_qm4"", ""match_number"": 4, ""post_result_time"": 1774637223, ""predicted_time"": 1774637152, ""score_breakdown"": {""blue"": {""adjustPoints"": 0, ""autoTowerPoints"": 0, ""autoTowerRobot1"": ""None"", ""autoTowerRobot2"": ""None"", ""autoTowerRobot3"": ""None"", ""endGameTowerPoints"": 0, ""endGameTowerRobot1"": ""None"", ""endGameTowerRobot2"": ""None"", ""endGameTowerRobot3"": ""None"", ""energizedAchieved"": true, ""foulPoints"": 0, ""g206Penalty"": false, ""hubScore"": {""autoCount"": 39, ""autoPoints"": 39, ""endgameCount"": 39, ""endgamePoints"": 39, ""shift1Count"": 30, ""shift1Points"": 30, ""shift2Count"": 0, ""shift2Points"": 0, ""shift3Count"": 36, ""shift3Points"": 36, ""shift4Count"": 0, ""shift4Points"": 0, ""teleopCount"": 113, ""teleopPoints"": 113, ""totalCount"": 152, ""totalPoints"": 152, ""transitionCount"": 8, ""transitionPoints"": 8, ""uncounted"": 6}, ""majorFoulCount"": 0, ""minorFoulCount"": 1, ""penalties"": ""None"", ""rp"": 1, ""superchargedAchieved"": false, ""totalAutoPoints"": 39, ""totalPoints"": 152, ""totalTeleopPoints"": 113, ""totalTowerPoints"": 0, ""traversalAchieved"": false}, ""red"": {""adjustPoints"": 0, ""autoTowerPoints"": 0, ""autoTowerRobot1"": ""None"", ""autoTowerRobot2"": ""None"", ""autoTowerRobot3"": ""None"", ""endGameTowerPoints"": 0, ""endGameTowerRobot1"": ""None"", ""endGameTowerRobot2"": ""None"", ""endGameTowerRobot3"": ""None"", ""energizedAchieved"": true, ""foulPoints"": 5, ""g206Penalty"": false, ""hubScore"": {""autoCount"": 63, ""autoPoints"": 63, ""endgameCount"": 43, ""endgamePoints"": 43, ""shift1Count"": 0, ""shift1Points"": 0, ""shift2Count"": 67, ""shift2Points"": 67, ""shift3Count"": 0, ""shift3Points"": 0, ""shift4Count"": 50, ""shift4Points"": 50, ""teleopCount"": 161, ""teleopPoints"": 161, ""totalCount"": 224, ""totalPoints"": 224, ""transitionCount"": 1, ""transitionPoints"": 1, ""uncounted"": 2}, ""majorFoulCount"": 0, ""minorFoulCount"": 0, ""penalties"": ""None"", ""rp"": 4, ""superchargedAchieved"": false, ""totalAutoPoints"": 63, ""totalPoints"": 229, ""totalTeleopPoints"": 161, ""totalTowerPoints"": 0, ""traversalAchieved"": false}}, ""set_number"": 1, ""time"": 1774637040, ""videos"": [{""key"": ""sT8yZXneDPQ"", ""type"": ""youtube""}], ""winning_alliance"": ""red""}","{""blue"": {""dq_team_keys"": [], ""score"": 152, ""surrogate_team_keys"": [], ""team_keys"": [""frc1359"", ""frc6831"", ""frc2990""]}, ""red"": {""dq_team_keys"": [], ""score"": 229, ""surrogate_team_keys"": [], ""team_keys"": [""frc5970"", ""frc9430"", ""frc957""]}}",[]
2026orore_qm5,5,qm,48.074,Merged selection,"{""actual_time"": 1774637488, ""alliances"": {""blue"": {""dq_team_keys"": [], ""score"": 370, ""surrogate_team_keys"": [], ""team_keys"": [""frc955"", ""frc2471"", ""frc10444""]}, ""red"": {""dq_team_keys"": [], ""score"": 186, ""surrogate_team_keys"": [], ""team_keys"": [""frc5975"", ""frc749"", ""frc997""]}}, ""comp_level"": ""qm"", ""event_key"": ""2026orore"", ""key"": ""2026orore_qm5"", ""match_number"": 5, ""post_result_time"": 1774637672, ""predicted_time"": 1774637667, ""score_breakdown"": {""blue"": {""adjustPoints"": 0, ""autoTowerPoints"": 0, ""autoTowerRobot1"": ""None"", ""autoTowerRobot2"": ""None"", ""autoTowerRobot3"": ""None"", ""endGameTowerPoints"": 0, ""endGameTowerRobot1"": ""None"", ""endGameTowerRobot2"": ""None"", ""endGameTowerRobot3"": ""None"", ""energizedAchieved"": true, ""foulPoints"": 0, ""g206Penalty"": false, ""hubScore"": {""autoCount"": 92, ""autoPoints"": 92, ""endgameCount"": 71, ""endgamePoints"": 71, ""shift1Count"": 0, ""shift1Points"": 0, ""shift2Count"": 84, ""shift2Points"": 84, ""shift3Count"": 0, ""shift3Points"": 0, ""shift4Count"": 87, ""shift4Points"": 87, ""teleopCount"": 278, ""teleopPoints"": 278, ""totalCount"": 370, ""totalPoints"": 370, ""transitionCount"": 36, ""transitionPoints"": 36, ""uncounted"": 2}, ""majorFoulCount"": 1, ""minorFoulCount"": 2, ""penalties"": ""None"", ""rp"": 5, ""superchargedAchieved"": true, ""totalAutoPoints"": 92, ""totalPoints"": 370, ""totalTeleopPoints"": 278, ""totalTowerPoints"": 0, ""traversalAchieved"": false}, ""red"": {""adjustPoints"": 0, ""autoTowerPoints"": 0, ""autoTowerRobot1"": ""None"", ""autoTowerRobot2"": ""None"", ""autoTowerRobot3"": ""None"", ""endGameTowerPoints"": 0, ""endGameTowerRobot1"": ""None"", ""endGameTowerRobot2"": ""None"", ""endGameTowerRobot3"": ""None"", ""energizedAchieved"": true, ""foulPoints"": 25, ""g206Penalty"": false, ""hubScore"": {""autoCount"": 15, ""autoPoints"": 15, ""endgameCount"": 44, ""endgamePoints"": 44, ""shift1Count"": 39, ""shift1Points"": 39, ""shift2Count"": 0, ""shift2Points"": 0, ""shift3Count"": 62, ""shift3Points"": 62, ""shift4Count"": 0, ""shift4Points"": 0, ""teleopCount"": 146, ""teleopPoints"": 146, ""totalCount"": 161, ""totalPoints"": 161, ""transitionCount"": 1, ""transitionPoints"": 1, ""uncounted"": 0}, ""majorFoulCount"": 0, ""minorFoulCount"": 0, ""penalties"": ""None"", ""rp"": 1, ""superchargedAchieved"": false, ""totalAutoPoints"": 15, ""totalPoints"": 186, ""totalTeleopPoints"": 146, ""totalTowerPoints"": 0, ""traversalAchieved"": false}}, ""set_number"": 1, ""time"": 1774637640, ""videos"": [{""key"": ""Wcer9jNM9vU"", ""type"": ""youtube""}], ""winning_alliance"": ""blue""}","{""blue"": {""dq_team_keys"": [], ""score"": 370, ""surrogate_team_keys"": [], ""team_keys"": [""frc955"", ""frc2471"", ""frc10444""]}, ""red"": {""dq_team_keys"": [], ""score"": 186, ""surrogate_team_keys"": [], ""team_keys"": [""frc5975"", ""frc749"", ""frc997""]}}",[]
2026orore_qm6,6,qm,35.6055,Merged selection,"{""actual_time"": 1774638050, ""alliances"": {""blue"": {""dq_team_keys"": [], ""score"": 261, ""surrogate_team_keys"": [], ""team_keys"": [""frc6696"", ""frc2930"", ""frc8032""]}, ""red"": {""dq_team_keys"": [], ""score"": 213, ""surrogate_team_keys"": [], ""team_keys"": [""frc9600"", ""frc1540"", ""frc2915""]}}, ""comp_level"": ""qm"", ""event_key"": ""2026orore"", ""key"": ""2026orore_qm6"", ""match_number"": 6, ""post_result_time"": 1774638233, ""predicted_time"": 1774638093, ""score_breakdown"": {""blue"": {""adjustPoints"": 0, ""autoTowerPoints"": 0, ""autoTowerRobot1"": ""None"", ""autoTowerRobot2"": ""None"", ""autoTowerRobot3"": ""None"", ""endGameTowerPoints"": 0, ""endGameTowerRobot1"": ""None"", ""endGameTowerRobot2"": ""None"", ""endGameTowerRobot3"": ""None"", ""energizedAchieved"": true, ""foulPoints"": 5, ""g206Penalty"": false, ""hubScore"": {""autoCount"": 44, ""autoPoints"": 44, ""endgameCount"": 54, ""endgamePoints"": 54, ""shift1Count"": 0, ""shift1Points"": 0, ""shift2Count"": 75, ""shift2Points"": 75, ""shift3Count"": 0, ""shift3Points"": 0, ""shift4Count"": 70, ""shift4Points"": 70, ""teleopCount"": 212, ""teleopPoints"": 212, ""totalCount"": 256, ""totalPoints"": 256, ""transitionCount"": 13, ""transitionPoints"": 13, ""uncounted"": 4}, ""majorFoulCount"": 0, ""minorFoulCount"": 1, ""penalties"": ""None"", ""rp"": 4, ""superchargedAchieved"": false, ""totalAutoPoints"": 44, ""totalPoints"": 261, ""totalTeleopPoints"": 212, ""totalTowerPoints"": 0, ""traversalAchieved"": false}, ""red"": {""adjustPoints"": 0, ""autoTowerPoints"": 0, ""autoTowerRobot1"": ""None"", ""autoTowerRobot2"": ""None"", ""autoTowerRobot3"": ""None"", ""endGameTowerPoints"": 0, ""endGameTowerRobot1"": ""None"", ""endGameTowerRobot2"": ""None"", ""endGameTowerRobot3"": ""None"", ""energizedAchieved"": true, ""foulPoints"": 5, ""g206Penalty"": false, ""hubScore"": {""autoCount"": 13, ""autoPoints"": 13, ""endgameCount"": 75, ""endgamePoints"": 75, ""shift1Count"": 18, ""shift1Points"": 18, ""shift2Count"": 0, ""shift2Points"": 0, ""shift3Count"": 101, ""shift3Points"": 101, ""shift4Count"": 0, ""shift4Points"": 0, ""teleopCount"": 195, ""teleopPoints"": 195, ""totalCount"": 208, ""totalPoints"": 208, ""transitionCount"": 1, ""transitionPoints"": 1, ""uncounted"": 1}, ""majorFoulCount"": 0, ""minorFoulCount"": 1, ""penalties"": ""None"", ""rp"": 1, ""superchargedAchieved"": false, ""totalAutoPoints"": 13, ""totalPoints"": 213, ""totalTeleopPoints"": 195, ""totalTowerPoints"": 0, ""traversalAchieved"": false}}, ""set_number"": 1, ""time"": 1774638240, ""videos"": [{""key"": ""7Cm5xag-ryw"", ""type"": ""youtube""}], ""winning_alliance"": ""blue""}","{""blue"": {""dq_team_keys"": [], ""score"": 261, ""surrogate_team_keys"": [], ""team_keys"": [""frc6696"", ""frc2930"", ""frc8032""]}, ""red"": {""dq_team_keys"": [], ""score"": 213, ""surrogate_team_keys"": [], ""team_keys"": [""frc9600"", ""frc1540"", ""frc2915""]}}",[]
2026orore_qm7,7,qm,91.89150000000001,Merged selection,"{""actual_time"": 1774638482, ""alliances"": {""blue"": {""dq_team_keys"": [], ""score"": 345, ""surrogate_team_keys"": [], ""team_keys"": [""frc1425"", ""frc10991"", ""frc4915""]}, ""red"": {""dq_team_keys"": [], ""score"": 217, ""surrogate_team_keys"": [], ""team_keys"": [""frc4662"", ""frc2990"", ""frc2521""]}}, ""comp_level"": ""qm"", ""event_key"": ""2026orore"", ""key"": ""2026orore_qm7"", ""match_number"": 7, ""post_result_time"": 1774638669, ""predicted_time"": 1774638631, ""score_breakdown"": {""blue"": {""adjustPoints"": 0, ""autoTowerPoints"": 0, ""autoTowerRobot1"": ""None"", ""autoTowerRobot2"": ""None"", ""autoTowerRobot3"": ""None"", ""endGameTowerPoints"": 0, ""endGameTowerRobot1"": ""None"", ""endGameTowerRobot2"": ""None"", ""endGameTowerRobot3"": ""None"", ""energizedAchieved"": true, ""foulPoints"": 85, ""g206Penalty"": false, ""hubScore"": {""autoCount"": 91, ""autoPoints"": 91, ""endgameCount"": 15, ""endgamePoints"": 15, ""shift1Count"": 0, ""shift1Points"": 0, ""shift2Count"": 112, ""shift2Points"": 112, ""shift3Count"": 0, ""shift3Points"": 0, ""shift4Count"": 23, ""shift4Points"": 23, ""teleopCount"": 169, ""teleopPoints"": 169, ""totalCount"": 260, ""totalPoints"": 260, ""transitionCount"": 19, ""transitionPoints"": 19, ""uncounted"": 6}, ""majorFoulCount"": 0, ""minorFoulCount"": 0, ""penalties"": ""None"", ""rp"": 4, ""superchargedAchieved"": false, ""totalAutoPoints"": 91, ""totalPoints"": 345, ""totalTeleopPoints"": 169, ""totalTowerPoints"": 0, ""traversalAchieved"": false}, ""red"": {""adjustPoints"": 0, ""autoTowerPoints"": 0, ""autoTowerRobot1"": ""None"", ""autoTowerRobot2"": ""None"", ""autoTowerRobot3"": ""None"", ""endGameTowerPoints"": 0, ""endGameTowerRobot1"": ""None"", ""endGameTowerRobot2"": ""None"", ""endGameTowerRobot3"": ""None"", ""energizedAchieved"": true, ""foulPoints"": 0, ""g206Penalty"": false, ""hubScore"": {""autoCount"": 42, ""autoPoints"": 42, ""endgameCount"": 79, ""endgamePoints"": 79, ""shift1Count"": 19, ""shift1Points"": 19, ""shift2Count"": 0, ""shift2Points"": 0, ""shift3Count"": 71, ""shift3Points"": 71, ""shift4Count"": 0, ""shift4Points"": 0, ""teleopCount"": 175, ""teleopPoints"": 175, ""totalCount"": 217, ""totalPoints"": 217, ""transitionCount"": 6, ""transitionPoints"": 6, ""uncounted"": 2}, ""majorFoulCount"": 5, ""minorFoulCount"": 2, ""penalties"": ""None"", ""rp"": 1, ""superchargedAchieved"": false, ""totalAutoPoints"": 42, ""totalPoints"": 217, ""totalTeleopPoints"": 175, ""totalTowerPoints"": 0, ""traversalAchieved"": false}}, ""set_number"": 1, ""time"": 1774638840, ""videos"": [{""key"": ""ffOJ_RC08Lk"", ""type"": ""youtube""}], ""winning_alliance"": ""blue""}","{""blue"": {""dq_team_keys"": [], ""score"": 345, ""surrogate_team_keys"": [], ""team_keys"": [""frc1425"", ""frc10991"", ""frc4915""]}, ""red"": {""dq_team_keys"": [], ""score"": 217, ""surrogate_team_keys"": [], ""team_keys"": [""frc4662"", ""frc2990"", ""frc2521""]}}",[]
2026orore_qm8,8,qm,162.9385,Merged selection,"{""actual_time"": 1774639113, ""alliances"": {""blue"": {""dq_team_keys"": [], ""score"": 210, ""surrogate_team_keys"": [], ""team_keys"": [""frc749"", ""frc3674"", ""frc9567""]}, ""red"": {""dq_team_keys"": [], ""score"": 319, ""surrogate_team_keys"": [], ""team_keys"": [""frc957"", ""frc2471"", ""frc2898""]}}, ""comp_level"": ""qm"", ""event_key"": ""2026orore"", ""key"": ""2026orore_qm8"", ""match_number"": 8, ""post_result_time"": 1774639293, ""predicted_time"": 1774639098, ""score_breakdown"": {""blue"": {""adjustPoints"": 0, ""autoTowerPoints"": 0, ""autoTowerRobot1"": ""None"", ""autoTowerRobot2"": ""None"", ""autoTowerRobot3"": ""None"", ""endGameTowerPoints"": 0, ""endGameTowerRobot1"": ""None"", ""endGameTowerRobot2"": ""None"", ""endGameTowerRobot3"": ""None"", ""energizedAchieved"": true, ""foulPoints"": 10, ""g206Penalty"": false, ""hubScore"": {""autoCount"": 33, ""autoPoints"": 33, ""endgameCount"": 80, ""endgamePoints"": 80, ""shift1Count"": 43, ""shift1Points"": 43, ""shift2Count"": 0, ""shift2Points"": 0, ""shift3Count"": 40, ""shift3Points"": 40, ""shift4Count"": 0, ""shift4Points"": 0, ""teleopCount"": 167, ""teleopPoints"": 167, ""totalCount"": 200, ""totalPoints"": 200, ""transitionCount"": 4, ""transitionPoints"": 4, ""uncounted"": 2}, ""majorFoulCount"": 0, ""minorFoulCount"": 0, ""penalties"": ""None"", ""rp"": 1, ""superchargedAchieved"": false, ""totalAutoPoints"": 33, ""totalPoints"": 210, ""totalTeleopPoints"": 167, ""totalTowerPoints"": 0, ""traversalAchieved"": false}, ""red"": {""adjustPoints"": 0, ""autoTowerPoints"": 0, ""autoTowerRobot1"": ""None"", ""autoTowerRobot2"": ""None"", ""autoTowerRobot3"": ""None"", ""endGameTowerPoints"": 0, ""endGameTowerRobot1"": ""None"", ""endGameTowerRobot2"": ""None"", ""endGameTowerRobot3"": ""None"", ""energizedAchieved"": true, ""foulPoints"": 0, ""g206Penalty"": false, ""hubScore"": {""autoCount"": 100, ""autoPoints"": 100, ""endgameCount"": 48, ""endgamePoints"": 48, ""shift1Count"": 0, ""shift1Points"": 0, ""shift2Count"": 74, ""shift2Points"": 74, ""shift3Count"": 0, ""shift3Points"": 0, ""shift4Count"": 91, ""shift4Points"": 91, ""teleopCount"": 219, ""teleopPoints"": 219, ""totalCount"": 319, ""totalPoints"": 319, ""transitionCount"": 6, ""transitionPoints"": 6, ""uncounted"": 0}, ""majorFoulCount"": 0, ""minorFoulCount"": 2, ""penalties"": ""None"", ""rp"": 4, ""superchargedAchieved"": false, ""totalAutoPoints"": 100, ""totalPoints"": 319, ""totalTeleopPoints"": 219, ""totalTowerPoints"": 0, ""traversalAchieved"": false}}, ""set_number"": 1, ""time"": 1774639440, ""videos"": [{""key"": ""7JUusnsr1iA"", ""type"": ""youtube""}], ""winning_alliance"": ""red""}","{""blue"": {""dq_team_keys"": [], ""score"": 210, ""surrogate_team_keys"": [], ""team_keys"": [""frc749"", ""frc3674"", ""frc9567""]}, ""red"": {""dq_team_keys"": [], ""score"": 319, ""surrogate_team_keys"": [], ""team_keys"": [""frc957"", ""frc2471"", ""frc2898""]}}",[]
2026orore_qm9,9,qm,31.1895,Merged selection,"{""actual_time"": 1774639574, ""alliances"": {""blue"": {""dq_team_keys"": [], ""score"": 76, ""surrogate_team_keys"": [], ""team_keys"": [""frc3636"", ""frc5970"", ""frc9600""]}, ""red"": {""dq_team_keys"": [], ""score"": 237, ""surrogate_team_keys"": [], ""team_keys"": [""frc3669"", ""frc955"", ""frc9430""]}}, ""comp_level"": ""qm"", ""event_key"": ""2026orore"", ""key"": ""2026orore_qm9"", ""match_number"": 9, ""post_result_time"": 1774639824, ""predicted_time"": 1774639729, ""score_breakdown"": {""blue"": {""adjustPoints"": 0, ""autoTowerPoints"": 0, ""autoTowerRobot1"": ""None"", ""autoTowerRobot2"": ""None"", ""autoTowerRobot3"": ""None"", ""endGameTowerPoints"": 0, ""endGameTowerRobot1"": ""None"", ""endGameTowerRobot2"": ""None"", ""endGameTowerRobot3"": ""None"", ""energizedAchieved"": false, ""foulPoints"": 10, ""g206Penalty"": false, ""hubScore"": {""autoCount"": 8, ""autoPoints"": 8, ""endgameCount"": 3, ""endgamePoints"": 3, ""shift1Count"": 26, ""shift1Points"": 26, ""shift2Count"": 0, ""shift2Points"": 0, ""shift3Count"": 28, ""shift3Points"": 28, ""shift4Count"": 0, ""shift4Points"": 0, ""teleopCount"": 58, ""teleopPoints"": 58, ""totalCount"": 66, ""totalPoints"": 66, ""transitionCount"": 1, ""transitionPoints"": 1, ""uncounted"": 3}, ""majorFoulCount"": 0, ""minorFoulCount"": 1, ""penalties"": ""None"", ""rp"": 0, ""superchargedAchieved"": false, ""totalAutoPoints"": 8, ""totalPoints"": 76, ""totalTeleopPoints"": 58, ""totalTowerPoints"": 0, ""traversalAchieved"": false}, ""red"": {""adjustPoints"": 0, ""autoTowerPoints"": 0, ""autoTowerRobot1"": ""None"", ""autoTowerRobot2"": ""None"", ""autoTowerRobot3"": ""None"", ""endGameTowerPoints"": 0, ""endGameTowerRobot1"": ""None"", ""endGameTowerRobot2"": ""None"", ""endGameTowerRobot3"": ""None"", ""energizedAchieved"": true, ""foulPoints"": 5, ""g206Penalty"": false, ""hubScore"": {""autoCount"": 96, ""autoPoints"": 96, ""endgameCount"": 41, ""endgamePoints"": 41, ""shift1Count"": 0, ""shift1Points"": 0, ""shift2Count"": 58, ""shift2Points"": 58, ""shift3Count"": 0, ""shift3Points"": 0, ""shift4Count"": 27, ""shift4Points"": 27, ""teleopCount"": 136, ""teleopPoints"": 136, ""totalCount"": 232, ""totalPoints"": 232, ""transitionCount"": 10, ""transitionPoints"": 10, ""uncounted"": 1}, ""majorFoulCount"": 0, ""minorFoulCount"": 2, ""penalties"": ""None"", ""rp"": 4, ""superchargedAchieved"": false, ""totalAutoPoints"": 96, ""totalPoints"": 237, ""totalTeleopPoints"": 136, ""totalTowerPoints"": 0, ""traversalAchieved"": false}}, ""set_number"": 1, ""time"": 1774640040, ""videos"": [{""key"": ""vtQYhTo1ZLY"", ""type"": ""youtube""}], ""winning_alliance"": ""red""}","{""blue"": {""dq_team_keys"": [], ""score"": 76, ""surrogate_team_keys"": [], ""team_keys"": [""frc3636"", ""frc5970"", ""frc9600""]}, ""red"": {""dq_team_keys"": [], ""score"": 237, ""surrogate_team_keys"": [], ""team_keys"": [""frc3669"", ""frc955"", ""frc9430""]}}",[]
2026orore_qm10,10,qm,35.1355,Merged selection,"{""actual_time"": 1774640102, ""alliances"": {""blue"": {""dq_team_keys"": [], ""score"": 54, ""surrogate_team_keys"": [], ""team_keys"": [""frc5975"", ""frc2733"", ""frc2635""]}, ""red"": {""dq_team_keys"": [], ""score"": 80, ""surrogate_team_keys"": [], ""team_keys"": [""frc2550"", ""frc10444"", ""frc2915""]}}, ""comp_level"": ""qm"", ""event_key"": ""2026orore"", ""key"": ""2026orore_qm10"", ""match_number"": 10, ""post_result_time"": 1774640282, ""predicted_time"": 1774640246, ""score_breakdown"": {""blue"": {""adjustPoints"": 0, ""autoTowerPoints"": 0, ""autoTowerRobot1"": ""None"", ""autoTowerRobot2"": ""None"", ""autoTowerRobot3"": ""None"", ""endGameTowerPoints"": 0, ""endGameTowerRobot1"": ""None"", ""endGameTowerRobot2"": ""None"", ""endGameTowerRobot3"": ""None"", ""energizedAchieved"": false, ""foulPoints"": 5, ""g206Penalty"": false, ""hubScore"": {""autoCount"": 10, ""autoPoints"": 10, ""endgameCount"": 14, ""endgamePoints"": 14, ""shift1Count"": 8, ""shift1Points"": 8, ""shift2Count"": 0, ""shift2Points"": 0, ""shift3Count"": 17, ""shift3Points"": 17, ""shift4Count"": 0, ""shift4Points"": 0, ""teleopCount"": 39, ""teleopPoints"": 39, ""totalCount"": 49, ""totalPoints"": 49, ""transitionCount"": 0, ""transitionPoints"": 0, ""uncounted"": 2}, ""majorFoulCount"": 0, ""minorFoulCount"": 0, ""penalties"": ""None"", ""rp"": 0, ""superchargedAchieved"": false, ""totalAutoPoints"": 10, ""totalPoints"": 54, ""totalTeleopPoints"": 39, ""totalTowerPoints"": 0, ""traversalAchieved"": false}, ""red"": {""adjustPoints"": 0, ""autoTowerPoints"": 0, ""autoTowerRobot1"": ""None"", ""autoTowerRobot2"": ""None"", ""autoTowerRobot3"": ""None"", ""endGameTowerPoints"": 10, ""endGameTowerRobot1"": ""Level1"", ""endGameTowerRobot2"": ""None"", ""endGameTowerRobot3"": ""None"", ""energizedAchieved"": false, ""foulPoints"": 0, ""g206Penalty"": false, ""hubScore"": {""autoCount"": 16, ""autoPoints"": 16, ""endgameCount"": 12, ""endgamePoints"": 12, ""shift1Count"": 0, ""shift1Points"": 0, ""shift2Count"": 27, ""shift2Points"": 27, ""shift3Count"": 0, ""shift3Points"": 0, ""shift4Count"": 12, ""shift4Points"": 12, ""teleopCount"": 54, ""teleopPoints"": 54, ""totalCount"": 70, ""totalPoints"": 70, ""transitionCount"": 3, ""transitionPoints"": 3, ""uncounted"": 9}, ""majorFoulCount"": 0, ""minorFoulCount"": 1, ""penalties"": ""None"", ""rp"": 3, ""superchargedAchieved"": false, ""totalAutoPoints"": 16, ""totalPoints"": 80, ""totalTeleopPoints"": 64, ""totalTowerPoints"": 10, ""traversalAchieved"": false}}, ""set_number"": 1, ""time"": 1774640640, ""videos"": [{""key"": ""GWWXjT2n7gg"", ""type"": ""youtube""}], ""winning_alliance"": ""red""}","{""blue"": {""dq_team_keys"": [], ""score"": 54, ""surrogate_team_keys"": [], ""team_keys"": [""frc5975"", ""frc2733"", ""frc2635""]}, ""red"": {""dq_team_keys"": [], ""score"": 80, ""surrogate_team_keys"": [], ""team_keys"": [""frc2550"", ""frc10444"", ""frc2915""]}}",[]
2026orore_qm11,11,qm,54.959,Merged selection,"{""actual_time"": 1774640611, ""alliances"": {""blue"": {""dq_team_keys"": [], ""score"": 351, ""surrogate_team_keys"": [], ""team_keys"": [""frc6696"", ""frc6465"", ""frc4488""]}, ""red"": {""dq_team_keys"": [], ""score"": 164, ""surrogate_team_keys"": [], ""team_keys"": [""frc997"", ""frc2930"", ""frc2811""]}}, ""comp_level"": ""qm"", ""event_key"": ""2026orore"", ""key"": ""2026orore_qm11"", ""match_number"": 11, ""post_result_time"": 1774640792, ""predicted_time"": 1774641133, ""score_breakdown"": {""blue"": {""adjustPoints"": 0, ""autoTowerPoints"": 0, ""autoTowerRobot1"": ""None"", ""autoTowerRobot2"": ""None"", ""autoTowerRobot3"": ""None"", ""endGameTowerPoints"": 0, ""endGameTowerRobot1"": ""None"", ""endGameTowerRobot2"": ""None"", ""endGameTowerRobot3"": ""None"", ""energizedAchieved"": true, ""foulPoints"": 5, ""g206Penalty"": false, ""hubScore"": {""autoCount"": 37, ""autoPoints"": 37, ""endgameCount"": 87, ""endgamePoints"": 87, ""shift1Count"": 0, ""shift1Points"": 0, ""shift2Count"": 110, ""shift2Points"": 110, ""shift3Count"": 0, ""shift3Points"": 0, ""shift4Count"": 99, ""shift4Points"": 99, ""teleopCount"": 309, ""teleopPoints"": 309, ""totalCount"": 346, ""totalPoints"": 346, ""transitionCount"": 13, ""transitionPoints"": 13, ""uncounted"": 4}, ""majorFoulCount"": 0, ""minorFoulCount"": 1, ""penalties"": ""None"", ""rp"": 4, ""superchargedAchieved"": false, ""totalAutoPoints"": 37, ""totalPoints"": 351, ""totalTeleopPoints"": 309, ""totalTowerPoints"": 0, ""traversalAchieved"": false}, ""red"": {""adjustPoints"": 0, ""autoTowerPoints"": 0, ""autoTowerRobot1"": ""None"", ""autoTowerRobot2"": ""None"", ""autoTowerRobot3"": ""None"", ""endGameTowerPoints"": 0, ""endGameTowerRobot1"": ""None"", ""endGameTowerRobot2"": ""None"", ""endGameTowerRobot3"": ""None"", ""energizedAchieved"": true, ""foulPoints"": 5, ""g206Penalty"": false, ""hubScore"": {""autoCount"": 17, ""autoPoints"": 17, ""endgameCount"": 72, ""endgamePoints"": 72, ""shift1Count"": 43, ""shift1Points"": 43, ""shift2Count"": 0, ""shift2Points"": 0, ""shift3Count"": 27, ""shift3Points"": 27, ""shift4Count"": 0, ""shift4Points"": 0, ""teleopCount"": 142, ""teleopPoints"": 142, ""totalCount"": 159, ""totalPoints"": 159, ""transitionCount"": 0, ""transitionPoints"": 0, ""uncounted"": 1}, ""majorFoulCount"": 0, ""minorFoulCount"": 1, ""penalties"": ""None"", ""rp"": 1, ""superchargedAchieved"": false, ""totalAutoPoints"": 17, ""totalPoints"": 164, ""totalTeleopPoints"": 142, ""totalTowerPoints"": 0, ""traversalAchieved"": false}}, ""set_number"": 1, ""time"": 1774641240, ""videos"": [{""key"": ""GQqar1Minpk"", ""type"": ""youtube""}], ""winning_alliance"": ""blue""}","{""blue"": {""dq_team_keys"": [], ""score"": 351, ""surrogate_team_keys"": [], ""team_keys"": [""frc6696"", ""frc6465"", ""frc4488""]}, ""red"": {""dq_team_keys"": [], ""score"": 164, ""surrogate_team_keys"": [], ""team_keys"": [""frc997"", ""frc2930"", ""frc2811""]}}",[]
2026orore_qm12,12,qm,124.31,Merged selection,"{""actual_time"": 1774645252, ""alliances"": {""blue"": {""dq_team_keys"": [], ""score"": 141, ""surrogate_team_keys"": [], ""team_keys"": [""frc6831"", ""frc957"", ""frc2557""]}, ""red"": {""dq_team_keys"": [], ""score"": 313, ""surrogate_team_keys"": [], ""team_keys"": [""frc1540"", ""frc1359"", ""frc4662""]}}, ""comp_level"": ""qm"", ""event_key"": ""2026orore"", ""key"": ""2026orore_qm12"", ""match_number"": 12, ""post_result_time"": 1774645482, ""predicted_time"": 1774645551, ""score_breakdown"": {""blue"": {""adjustPoints"": 0, ""autoTowerPoints"": 0, ""autoTowerRobot1"": ""None"", ""autoTowerRobot2"": ""None"", ""autoTowerRobot3"": ""None"", ""endGameTowerPoints"": 0, ""endGameTowerRobot1"": ""None"", ""endGameTowerRobot2"": ""None"", ""endGameTowerRobot3"": ""None"", ""energizedAchieved"": true, ""foulPoints"": 15, ""g206Penalty"": false, ""hubScore"": {""autoCount"": 19, ""autoPoints"": 19, ""endgameCount"": 41, ""endgamePoints"": 41, ""shift1Count"": 7, ""shift1Points"": 7, ""shift2Count"": 0, ""shift2Points"": 0, ""shift3Count"": 42, ""shift3Points"": 42, ""shift4Count"": 0, ""shift4Points"": 0, ""teleopCount"": 107, ""teleopPoints"": 107, ""totalCount"": 126, ""totalPoints"": 126, ""transitionCount"": 17, ""transitionPoints"": 17, ""uncounted"": 0}, ""majorFoulCount"": 1, ""minorFoulCount"": 1, ""penalties"": ""None"", ""rp"": 1, ""superchargedAchieved"": false, ""totalAutoPoints"": 19, ""totalPoints"": 141, ""totalTeleopPoints"": 107, ""totalTowerPoints"": 0, ""traversalAchieved"": false}, ""red"": {""adjustPoints"": 0, ""autoTowerPoints"": 0, ""autoTowerRobot1"": ""None"", ""autoTowerRobot2"": ""None"", ""autoTowerRobot3"": ""None"", ""endGameTowerPoints"": 30, ""endGameTowerRobot1"": ""None"", ""endGameTowerRobot2"": ""Level3"", ""endGameTowerRobot3"": ""None"", ""energizedAchieved"": true, ""foulPoints"": 20, ""g206Penalty"": false, ""hubScore"": {""autoCount"": 58, ""autoPoints"": 58, ""endgameCount"": 62, ""endgamePoints"": 62, ""shift1Count"": 0, ""shift1Points"": 0, ""shift2Count"": 77, ""shift2Points"": 77, ""shift3Count"": 0, ""shift3Points"": 0, ""shift4Count"": 41, ""shift4Points"": 41, ""teleopCount"": 205, ""teleopPoints"": 205, ""totalCount"": 263, ""totalPoints"": 263, ""transitionCount"": 25, ""transitionPoints"": 25, ""uncounted"": 0}, ""majorFoulCount"": 0, ""minorFoulCount"": 3, ""penalties"": ""None"", ""rp"": 4, ""superchargedAchieved"": false, ""totalAutoPoints"": 58, ""totalPoints"": 313, ""totalTeleopPoints"": 235, ""totalTowerPoints"": 30, ""traversalAchieved"": false}}, ""set_number"": 1, ""time"": 1774645200, ""videos"": [{""key"": ""qSb75Kgo3Dg"", ""type"": ""youtube""}], ""winning_alliance"": ""red""}","{""blue"": {""dq_team_keys"": [], ""score"": 141, ""surrogate_team_keys"": [], ""team_keys"": [""frc6831"", ""frc957"", ""frc2557""]}, ""red"": {""dq_team_keys"": [], ""score"": 313, ""surrogate_team_keys"": [], ""team_keys"": [""frc1540"", ""frc1359"", ""frc4662""]}}",[]
2026orore_qm13,13,qm,10.942,Merged selection,"{""actual_time"": 1774645779, ""alliances"": {""blue"": {""dq_team_keys"": [], ""score"": 107, ""surrogate_team_keys"": [], ""team_keys"": [""frc2635"", ""frc3636"", ""frc2521""]}, ""red"": {""dq_team_keys"": [], ""score"": 102, ""surrogate_team_keys"": [], ""team_keys"": [""frc5975"", ""frc2471"", ""frc3669""]}}, ""comp_level"": ""qm"", ""event_key"": ""2026orore"", ""key"": ""2026orore_qm13"", ""match_number"": 13, ""post_result_time"": 1774645963, ""predicted_time"": 1774646009, ""score_breakdown"": {""blue"": {""adjustPoints"": 0, ""autoTowerPoints"": 0, ""autoTowerRobot1"": ""None"", ""autoTowerRobot2"": ""None"", ""autoTowerRobot3"": ""None"", ""endGameTowerPoints"": 0, ""endGameTowerRobot1"": ""None"", ""endGameTowerRobot2"": ""None"", ""endGameTowerRobot3"": ""None"", ""energizedAchieved"": true, ""foulPoints"": 0, ""g206Penalty"": false, ""hubScore"": {""autoCount"": 22, ""autoPoints"": 22, ""endgameCount"": 36, ""endgamePoints"": 36, ""shift1Count"": 17, ""shift1Points"": 17, ""shift2Count"": 0, ""shift2Points"": 0, ""shift3Count"": 29, ""shift3Points"": 29, ""shift4Count"": 0, ""shift4Points"": 0, ""teleopCount"": 85, ""teleopPoints"": 85, ""totalCount"": 107, ""totalPoints"": 107, ""transitionCount"": 3, ""transitionPoints"": 3, ""uncounted"": 2}, ""majorFoulCount"": 0, ""minorFoulCount"": 1, ""penalties"": ""None"", ""rp"": 4, ""superchargedAchieved"": false, ""totalAutoPoints"": 22, ""totalPoints"": 107, ""totalTeleopPoints"": 85, ""totalTowerPoints"": 0, ""traversalAchieved"": false}, ""red"": {""adjustPoints"": 0, ""autoTowerPoints"": 0, ""autoTowerRobot1"": ""None"", ""autoTowerRobot2"": ""None"", ""autoTowerRobot3"": ""None"", ""endGameTowerPoints"": 0, ""endGameTowerRobot1"": ""None"", ""endGameTowerRobot2"": ""None"", ""endGameTowerRobot3"": ""None"", ""energizedAchieved"": false, ""foulPoints"": 5, ""g206Penalty"": false, ""hubScore"": {""autoCount"": 58, ""autoPoints"": 58, ""endgameCount"": 7, ""endgamePoints"": 7, ""shift1Count"": 0, ""shift1Points"": 0, ""shift2Count"": 7, ""shift2Points"": 7, ""shift3Count"": 0, ""shift3Points"": 0, ""shift4Count"": 13, ""shift4Points"": 13, ""teleopCount"": 39, ""teleopPoints"": 39, ""totalCount"": 97, ""totalPoints"": 97, ""transitionCount"": 12, ""transitionPoints"": 12, ""uncounted"": 1}, ""majorFoulCount"": 0, ""minorFoulCount"": 0, ""penalties"": ""None"", ""rp"": 0, ""superchargedAchieved"": false, ""totalAutoPoints"": 58, ""totalPoints"": 102, ""totalTeleopPoints"": 39, ""totalTowerPoints"": 0, ""traversalAchieved"": false}}, ""set_number"": 1, ""time"": 1774645740, ""videos"": [{""key"": ""kGqEaRLd_UY"", ""type"": ""youtube""}], ""winning_alliance"": ""blue""}","{""blue"": {""dq_team_keys"": [], ""score"": 107, ""surrogate_team_keys"": [], ""team_keys"": [""frc2635"", ""frc3636"", ""frc2521""]}, ""red"": {""dq_team_keys"": [], ""score"": 102, ""surrogate_team_keys"": [], ""team_keys"": [""frc5975"", ""frc2471"", ""frc3669""]}}",[]
2026orore_qm14,14,qm,8.475999999999999,Merged selection,"{""actual_time"": 1774646254, ""alliances"": {""blue"": {""dq_team_keys"": [], ""score"": 43, ""surrogate_team_keys"": [], ""team_keys"": [""frc10444"", ""frc9567"", ""frc2898""]}, ""red"": {""dq_team_keys"": [], ""score"": 242, ""surrogate_team_keys"": [], ""team_keys"": [""frc5970"", ""frc2811"", ""frc4488""]}}, ""comp_level"": ""qm"", ""event_key"": ""2026orore"", ""key"": ""2026orore_qm14"", ""match_number"": 14, ""post_result_time"": 1774646439, ""predicted_time"": 1774646424, ""score_breakdown"": {""blue"": {""adjustPoints"": 0, ""autoTowerPoints"": 0, ""autoTowerRobot1"": ""None"", ""autoTowerRobot2"": ""None"", ""autoTowerRobot3"": ""None"", ""endGameTowerPoints"": 0, ""endGameTowerRobot1"": ""None"", ""endGameTowerRobot2"": ""None"", ""endGameTowerRobot3"": ""None"", ""energizedAchieved"": false, ""foulPoints"": 0, ""g206Penalty"": false, ""hubScore"": {""autoCount"": 13, ""autoPoints"": 13, ""endgameCount"": 8, ""endgamePoints"": 8, ""shift1Count"": 6, ""shift1Points"": 6, ""shift2Count"": 0, ""shift2Points"": 0, ""shift3Count"": 14, ""shift3Points"": 14, ""shift4Count"": 0, ""shift4Points"": 0, ""teleopCount"": 30, ""teleopPoints"": 30, ""totalCount"": 43, ""totalPoints"": 43, ""transitionCount"": 2, ""transitionPoints"": 2, ""uncounted"": 0}, ""majorFoulCount"": 0, ""minorFoulCount"": 1, ""penalties"": ""None"", ""rp"": 0, ""superchargedAchieved"": false, ""totalAutoPoints"": 13, ""totalPoints"": 43, ""totalTeleopPoints"": 30, ""totalTowerPoints"": 0, ""traversalAchieved"": false}, ""red"": {""adjustPoints"": 0, ""autoTowerPoints"": 0, ""autoTowerRobot1"": ""None"", ""autoTowerRobot2"": ""None"", ""autoTowerRobot3"": ""None"", ""endGameTowerPoints"": 0, ""endGameTowerRobot1"": ""None"", ""endGameTowerRobot2"": ""None"", ""endGameTowerRobot3"": ""None"", ""energizedAchieved"": true, ""foulPoints"": 5, ""g206Penalty"": false, ""hubScore"": {""autoCount"": 34, ""autoPoints"": 34, ""endgameCount"": 41, ""endgamePoints"": 41, ""shift1Count"": 0, ""shift1Points"": 0, ""shift2Count"": 107, ""shift2Points"": 107, ""shift3Count"": 0, ""shift3Points"": 0, ""shift4Count"": 44, ""shift4Points"": 44, ""teleopCount"": 203, ""teleopPoints"": 203, ""totalCount"": 237, ""totalPoints"": 237, ""transitionCount"": 11, ""transitionPoints"": 11, ""uncounted"": 0}, ""majorFoulCount"": 0, ""minorFoulCount"": 0, ""penalties"": ""None"", ""rp"": 4, ""superchargedAchieved"": false, ""totalAutoPoints"": 34, ""totalPoints"": 242, ""totalTeleopPoints"": 203, ""totalTowerPoints"": 0, ""traversalAchieved"": false}}, ""set_number"": 1, ""time"": 1774646280, ""videos"": [{""key"": ""iL5-f9wRtNM"", ""type"": ""youtube""}], ""winning_alliance"": ""red""}","{""blue"": {""dq_team_keys"": [], ""score"": 43, ""surrogate_team_keys"": [], ""team_keys"": [""frc10444"", ""frc9567"", ""frc2898""]}, ""red"": {""dq_team_keys"": [], ""score"": 242, ""surrogate_team_keys"": [], ""team_keys"": [""frc5970"", ""frc2811"", ""frc4488""]}}",[]
2026orore_qm15,15,qm,43.304,Merged selection,"{""actual_time"": 1774646827, ""alliances"": {""blue"": {""dq_team_keys"": [], ""score"": 207, ""surrogate_team_keys"": [], ""team_keys"": [""frc749"", ""frc1425"", ""frc1359""]}, ""red"": {""dq_team_keys"": [], ""score"": 112, ""surrogate_team_keys"": [], ""team_keys"": [""frc10991"", ""frc2733"", ""frc2930""]}}, ""comp_level"": ""qm"", ""event_key"": ""2026orore"", ""key"": ""2026orore_qm15"", ""match_number"": 15, ""post_result_time"": 1774647016, ""predicted_time"": 1774646900, ""score_breakdown"": {""blue"": {""adjustPoints"": 0, ""autoTowerPoints"": 0, ""autoTowerRobot1"": ""None"", ""autoTowerRobot2"": ""None"", ""autoTowerRobot3"": ""None"", ""endGameTowerPoints"": 10, ""endGameTowerRobot1"": ""None"", ""endGameTowerRobot2"": ""None"", ""endGameTowerRobot3"": ""Level1"", ""energizedAchieved"": true, ""foulPoints"": 5, ""g206Penalty"": false, ""hubScore"": {""autoCount"": 64, ""autoPoints"": 64, ""endgameCount"": 25, ""endgamePoints"": 25, ""shift1Count"": 0, ""shift1Points"": 0, ""shift2Count"": 70, ""shift2Points"": 70, ""shift3Count"": 0, ""shift3Points"": 0, ""shift4Count"": 10, ""shift4Points"": 10, ""teleopCount"": 128, ""teleopPoints"": 128, ""totalCount"": 192, ""totalPoints"": 192, ""transitionCount"": 23, ""transitionPoints"": 23, ""uncounted"": 1}, ""majorFoulCount"": 0, ""minorFoulCount"": 1, ""penalties"": ""None"", ""rp"": 4, ""superchargedAchieved"": false, ""totalAutoPoints"": 64, ""totalPoints"": 207, ""totalTeleopPoints"": 138, ""totalTowerPoints"": 10, ""traversalAchieved"": false}, ""red"": {""adjustPoints"": 0, ""autoTowerPoints"": 0, ""autoTowerRobot1"": ""None"", ""autoTowerRobot2"": ""None"", ""autoTowerRobot3"": ""None"", ""endGameTowerPoints"": 0, ""endGameTowerRobot1"": ""None"", ""endGameTowerRobot2"": ""None"", ""endGameTowerRobot3"": ""None"", ""energizedAchieved"": true, ""foulPoints"": 5, ""g206Penalty"": false, ""hubScore"": {""autoCount"": 19, ""autoPoints"": 19, ""endgameCount"": 39, ""endgamePoints"": 39, ""shift1Count"": 2, ""shift1Points"": 2, ""shift2Count"": 0, ""shift2Points"": 0, ""shift3Count"": 34, ""shift3Points"": 34, ""shift4Count"": 0, ""shift4Points"": 0, ""teleopCount"": 88, ""teleopPoints"": 88, ""totalCount"": 107, ""totalPoints"": 107, ""transitionCount"": 13, ""transitionPoints"": 13, ""uncounted"": 0}, ""majorFoulCount"": 0, ""minorFoulCount"": 1, ""penalties"": ""None"", ""rp"": 1, ""superchargedAchieved"": false, ""totalAutoPoints"": 19, ""totalPoints"": 112, ""totalTeleopPoints"": 88, ""totalTowerPoints"": 0, ""traversalAchieved"": false}}, ""set_number"": 1, ""time"": 1774646820, ""videos"": [{""key"": ""7YCOOLs4roU"", ""type"": ""youtube""}], ""winning_alliance"": ""blue""}","{""blue"": {""dq_team_keys"": [], ""score"": 207, ""surrogate_team_keys"": [], ""team_keys"": [""frc749"", ""frc1425"", ""frc1359""]}, ""red"": {""dq_team_keys"": [], ""score"": 112, ""surrogate_team_keys"": [], ""team_keys"": [""frc10991"", ""frc2733"", ""frc2930""]}}",[]
2026orore_qm16,16,qm,98.229,Merged selection,"{""actual_time"": 1774647317, ""alliances"": {""blue"": {""dq_team_keys"": [], ""score"": 162, ""surrogate_team_keys"": [], ""team_keys"": [""frc9430"", ""frc6831"", ""frc2550""]}, ""red"": {""dq_team_keys"": [], ""score"": 259, ""surrogate_team_keys"": [], ""team_keys"": [""frc3674"", ""frc4915"", ""frc9600""]}}, ""comp_level"": ""qm"", ""event_key"": ""2026orore"", ""key"": ""2026orore_qm16"", ""match_number"": 16, ""post_result_time"": 1774647502, ""predicted_time"": 1774647680, ""score_breakdown"": {""blue"": {""adjustPoints"": 0, ""autoTowerPoints"": 0, ""autoTowerRobot1"": ""None"", ""autoTowerRobot2"": ""None"", ""autoTowerRobot3"": ""None"", ""endGameTowerPoints"": 10, ""endGameTowerRobot1"": ""None"", ""endGameTowerRobot2"": ""None"", ""endGameTowerRobot3"": ""Level1"", ""energizedAchieved"": true, ""foulPoints"": 0, ""g206Penalty"": false, ""hubScore"": {""autoCount"": 37, ""autoPoints"": 37, ""endgameCount"": 10, ""endgamePoints"": 10, ""shift1Count"": 43, ""shift1Points"": 43, ""shift2Count"": 0, ""shift2Points"": 0, ""shift3Count"": 59, ""shift3Points"": 59, ""shift4Count"": 0, ""shift4Points"": 0, ""teleopCount"": 115, ""teleopPoints"": 115, ""totalCount"": 152, ""totalPoints"": 152, ""transitionCount"": 3, ""transitionPoints"": 3, ""uncounted"": 0}, ""majorFoulCount"": 0, ""minorFoulCount"": 2, ""penalties"": ""None"", ""rp"": 1, ""superchargedAchieved"": false, ""totalAutoPoints"": 37, ""totalPoints"": 162, ""totalTeleopPoints"": 125, ""totalTowerPoints"": 10, ""traversalAchieved"": false}, ""red"": {""adjustPoints"": 0, ""autoTowerPoints"": 15, ""autoTowerRobot1"": ""Level1"", ""autoTowerRobot2"": ""None"", ""autoTowerRobot3"": ""None"", ""endGameTowerPoints"": 10, ""endGameTowerRobot1"": ""None"", ""endGameTowerRobot2"": ""Level1"", ""endGameTowerRobot3"": ""None"", ""energizedAchieved"": true, ""foulPoints"": 10, ""g206Penalty"": false, ""hubScore"": {""autoCount"": 39, ""autoPoints"": 39, ""endgameCount"": 58, ""endgamePoints"": 58, ""shift1Count"": 0, ""shift1Points"": 0, ""shift2Count"": 68, ""shift2Points"": 68, ""shift3Count"": 0, ""shift3Points"": 0, ""shift4Count"": 58, ""shift4Points"": 58, ""teleopCount"": 185, ""teleopPoints"": 185, ""totalCount"": 224, ""totalPoints"": 224, ""transitionCount"": 1, ""transitionPoints"": 1, ""uncounted"": 0}, ""majorFoulCount"": 0, ""minorFoulCount"": 0, ""penalties"": ""None"", ""rp"": 4, ""superchargedAchieved"": false, ""totalAutoPoints"": 54, ""totalPoints"": 259, ""totalTeleopPoints"": 195, ""totalTowerPoints"": 25, ""traversalAchieved"": false}}, ""set_number"": 1, ""time"": 1774647360, ""videos"": [{""key"": ""Q4ZHYLCbhyE"", ""type"": ""youtube""}], ""winning_alliance"": ""red""}","{""blue"": {""dq_team_keys"": [], ""score"": 162, ""surrogate_team_keys"": [], ""team_keys"": [""frc9430"", ""frc6831"", ""frc2550""]}, ""red"": {""dq_team_keys"": [], ""score"": 259, ""surrogate_team_keys"": [], ""team_keys"": [""frc3674"", ""frc4915"", ""frc9600""]}}",[]
2026orore_qm17,17,qm,106.93299999999999,Merged selection,"{""actual_time"": 1774647827, ""alliances"": {""blue"": {""dq_team_keys"": [], ""score"": 273, ""surrogate_team_keys"": [], ""team_keys"": [""frc2990"", ""frc997"", ""frc6465""]}, ""red"": {""dq_team_keys"": [], ""score"": 315, ""surrogate_team_keys"": [], ""team_keys"": [""frc2915"", ""frc8032"", ""frc955""]}}, ""comp_level"": ""qm"", ""event_key"": ""2026orore"", ""key"": ""2026orore_qm17"", ""match_number"": 17, ""post_result_time"": 1774648006, ""predicted_time"": 1774648018, ""score_breakdown"": {""blue"": {""adjustPoints"": 0, ""autoTowerPoints"": 0, ""autoTowerRobot1"": ""None"", ""autoTowerRobot2"": ""None"", ""autoTowerRobot3"": ""None"", ""endGameTowerPoints"": 0, ""endGameTowerRobot1"": ""None"", ""endGameTowerRobot2"": ""None"", ""endGameTowerRobot3"": ""None"", ""energizedAchieved"": true, ""foulPoints"": 15, ""g206Penalty"": false, ""hubScore"": {""autoCount"": 25, ""autoPoints"": 25, ""endgameCount"": 85, ""endgamePoints"": 85, ""shift1Count"": 69, ""shift1Points"": 69, ""shift2Count"": 0, ""shift2Points"": 0, ""shift3Count"": 72, ""shift3Points"": 72, ""shift4Count"": 0, ""shift4Points"": 0, ""teleopCount"": 233, ""teleopPoints"": 233, ""totalCount"": 258, ""totalPoints"": 258, ""transitionCount"": 7, ""transitionPoints"": 7, ""uncounted"": 1}, ""majorFoulCount"": 1, ""minorFoulCount"": 1, ""penalties"": ""None"", ""rp"": 1, ""superchargedAchieved"": false, ""totalAutoPoints"": 25, ""totalPoints"": 273, ""totalTeleopPoints"": 233, ""totalTowerPoints"": 0, ""traversalAchieved"": false}, ""red"": {""adjustPoints"": 0, ""autoTowerPoints"": 0, ""autoTowerRobot1"": ""None"", ""autoTowerRobot2"": ""None"", ""autoTowerRobot3"": ""None"", ""endGameTowerPoints"": 0, ""endGameTowerRobot1"": ""None"", ""endGameTowerRobot2"": ""None"", ""endGameTowerRobot3"": ""None"", ""energizedAchieved"": true, ""foulPoints"": 20, ""g206Penalty"": false, ""hubScore"": {""autoCount"": 28, ""autoPoints"": 28, ""endgameCount"": 89, ""endgamePoints"": 89, ""shift1Count"": 0, ""shift1Points"": 0, ""shift2Count"": 103, ""shift2Points"": 103, ""shift3Count"": 0, ""shift3Points"": 0, ""shift4Count"": 50, ""shift4Points"": 50, ""teleopCount"": 267, ""teleopPoints"": 267, ""totalCount"": 295, ""totalPoints"": 295, ""transitionCount"": 25, ""transitionPoints"": 25, ""uncounted"": 0}, ""majorFoulCount"": 1, ""minorFoulCount"": 0, ""penalties"": ""None"", ""rp"": 4, ""superchargedAchieved"": false, ""totalAutoPoints"": 28, ""totalPoints"": 315, ""totalTeleopPoints"": 267, ""totalTowerPoints"": 0, ""traversalAchieved"": false}}, ""set_number"": 1, ""time"": 1774647900, ""videos"": [{""key"": ""j49SMV9OIgI"", ""type"": ""youtube""}], ""winning_alliance"": ""red""}","{""blue"": {""dq_team_keys"": [], ""score"": 273, ""surrogate_team_keys"": [], ""team_keys"": [""frc2990"", ""frc997"", ""frc6465""]}, ""red"": {""dq_team_keys"": [], ""score"": 315, ""surrogate_team_keys"": [], ""team_keys"": [""frc2915"", ""frc8032"", ""frc955""]}}",[]
2026orore_qm18,18,qm,194.85999999999999,Merged selection,"{""actual_time"": 1774648320, ""alliances"": {""blue"": {""dq_team_keys"": [], ""score"": 334, ""surrogate_team_keys"": [], ""team_keys"": [""frc2521"", ""frc5975"", ""frc1540""]}, ""red"": {""dq_team_keys"": [], ""score"": 372, ""surrogate_team_keys"": [], ""team_keys"": [""frc2557"", ""frc6696"", ""frc2471""]}}, ""comp_level"": ""qm"", ""event_key"": ""2026orore"", ""key"": ""2026orore_qm18"", ""match_number"": 18, ""post_result_time"": 1774648510, ""predicted_time"": 1774648495, ""score_breakdown"": {""blue"": {""adjustPoints"": 0, ""autoTowerPoints"": 0, ""autoTowerRobot1"": ""None"", ""autoTowerRobot2"": ""None"", ""autoTowerRobot3"": ""None"", ""endGameTowerPoints"": 0, ""endGameTowerRobot1"": ""None"", ""endGameTowerRobot2"": ""None"", ""endGameTowerRobot3"": ""None"", ""energizedAchieved"": true, ""foulPoints"": 0, ""g206Penalty"": false, ""hubScore"": {""autoCount"": 53, ""autoPoints"": 53, ""endgameCount"": 132, ""endgamePoints"": 132, ""shift1Count"": 92, ""shift1Points"": 92, ""shift2Count"": 0, ""shift2Points"": 0, ""shift3Count"": 57, ""shift3Points"": 57, ""shift4Count"": 0, ""shift4Points"": 0, ""teleopCount"": 281, ""teleopPoints"": 281, ""totalCount"": 334, ""totalPoints"": 334, ""transitionCount"": 0, ""transitionPoints"": 0, ""uncounted"": 8}, ""majorFoulCount"": 0, ""minorFoulCount"": 1, ""penalties"": ""None"", ""rp"": 1, ""superchargedAchieved"": false, ""totalAutoPoints"": 53, ""totalPoints"": 334, ""totalTeleopPoints"": 281, ""totalTowerPoints"": 0, ""traversalAchieved"": false}, ""red"": {""adjustPoints"": 0, ""autoTowerPoints"": 0, ""autoTowerRobot1"": ""None"", ""autoTowerRobot2"": ""None"", ""autoTowerRobot3"": ""None"", ""endGameTowerPoints"": 0, ""endGameTowerRobot1"": ""None"", ""endGameTowerRobot2"": ""None"", ""endGameTowerRobot3"": ""None"", ""energizedAchieved"": true, ""foulPoints"": 5, ""g206Penalty"": false, ""hubScore"": {""autoCount"": 74, ""autoPoints"": 74, ""endgameCount"": 88, ""endgamePoints"": 88, ""shift1Count"": 0, ""shift1Points"": 0, ""shift2Count"": 74, ""shift2Points"": 74, ""shift3Count"": 0, ""shift3Points"": 0, ""shift4Count"": 123, ""shift4Points"": 123, ""teleopCount"": 293, ""teleopPoints"": 293, ""totalCount"": 367, ""totalPoints"": 367, ""transitionCount"": 8, ""transitionPoints"": 8, ""uncounted"": 3}, ""majorFoulCount"": 0, ""minorFoulCount"": 0, ""penalties"": ""None"", ""rp"": 5, ""superchargedAchieved"": true, ""totalAutoPoints"": 74, ""totalPoints"": 372, ""totalTeleopPoints"": 293, ""totalTowerPoints"": 0, ""traversalAchieved"": false}}, ""set_number"": 1, ""time"": 1774648440, ""videos"": [{""key"": ""bAPjg9pb5rA"", ""type"": ""youtube""}], ""winning_alliance"": ""red""}","{""blue"": {""dq_team_keys"": [], ""score"": 334, ""surrogate_team_keys"": [], ""team_keys"": [""frc2521"", ""frc5975"", ""frc1540""]}, ""red"": {""dq_team_keys"": [], ""score"": 372, ""surrogate_team_keys"": [], ""team_keys"": [""frc2557"", ""frc6696"", ""frc2471""]}}",[]
2026orore_qm19,19,qm,29.416,Merged selection,"{""actual_time"": 1774648756, ""alliances"": {""blue"": {""dq_team_keys"": [], ""score"": 188, ""surrogate_team_keys"": [], ""team_keys"": [""frc10444"", ""frc749"", ""frc9430""]}, ""red"": {""dq_team_keys"": [], ""score"": 72, ""surrogate_team_keys"": [], ""team_keys"": [""frc2930"", ""frc3669"", ""frc9567""]}}, ""comp_level"": ""qm"", ""event_key"": ""2026orore"", ""key"": ""2026orore_qm19"", ""match_number"": 19, ""post_result_time"": 1774648949, ""predicted_time"": 1774649007, ""score_breakdown"": {""blue"": {""adjustPoints"": 0, ""autoTowerPoints"": 0, ""autoTowerRobot1"": ""None"", ""autoTowerRobot2"": ""None"", ""autoTowerRobot3"": ""None"", ""endGameTowerPoints"": 0, ""endGameTowerRobot1"": ""None"", ""endGameTowerRobot2"": ""None"", ""endGameTowerRobot3"": ""None"", ""energizedAchieved"": true, ""foulPoints"": 5, ""g206Penalty"": false, ""hubScore"": {""autoCount"": 34, ""autoPoints"": 34, ""endgameCount"": 34, ""endgamePoints"": 34, ""shift1Count"": 0, ""shift1Points"": 0, ""shift2Count"": 48, ""shift2Points"": 48, ""shift3Count"": 0, ""shift3Points"": 0, ""shift4Count"": 65, ""shift4Points"": 65, ""teleopCount"": 149, ""teleopPoints"": 149, ""totalCount"": 183, ""totalPoints"": 183, ""transitionCount"": 2, ""transitionPoints"": 2, ""uncounted"": 5}, ""majorFoulCount"": 0, ""minorFoulCount"": 0, ""penalties"": ""None"", ""rp"": 4, ""superchargedAchieved"": false, ""totalAutoPoints"": 34, ""totalPoints"": 188, ""totalTeleopPoints"": 149, ""totalTowerPoints"": 0, ""traversalAchieved"": false}, ""red"": {""adjustPoints"": 0, ""autoTowerPoints"": 0, ""autoTowerRobot1"": ""None"", ""autoTowerRobot2"": ""None"", ""autoTowerRobot3"": ""None"", ""endGameTowerPoints"": 0, ""endGameTowerRobot1"": ""None"", ""endGameTowerRobot2"": ""None"", ""endGameTowerRobot3"": ""None"", ""energizedAchieved"": false, ""foulPoints"": 0, ""g206Penalty"": false, ""hubScore"": {""autoCount"": 19, ""autoPoints"": 19, ""endgameCount"": 29, ""endgamePoints"": 29, ""shift1Count"": 3, ""shift1Points"": 3, ""shift2Count"": 0, ""shift2Points"": 0, ""shift3Count"": 20, ""shift3Points"": 20, ""shift4Count"": 0, ""shift4Points"": 0, ""teleopCount"": 53, ""teleopPoints"": 53, ""totalCount"": 72, ""totalPoints"": 72, ""transitionCount"": 1, ""transitionPoints"": 1, ""uncounted"": 1}, ""majorFoulCount"": 0, ""minorFoulCount"": 1, ""penalties"": ""None"", ""rp"": 0, ""superchargedAchieved"": false, ""totalAutoPoints"": 19, ""totalPoints"": 72, ""totalTeleopPoints"": 53, ""totalTowerPoints"": 0, ""traversalAchieved"": false}}, ""set_number"": 1, ""time"": 1774648980, ""videos"": [{""key"": ""SCPvQgn8GOE"", ""type"": ""youtube""}], ""winning_alliance"": ""blue""}","{""blue"": {""dq_team_keys"": [], ""score"": 188, ""surrogate_team_keys"": [], ""team_keys"": [""frc10444"", ""frc749"", ""frc9430""]}, ""red"": {""dq_team_keys"": [], ""score"": 72, ""surrogate_team_keys"": [], ""team_keys"": [""frc2930"", ""frc3669"", ""frc9567""]}}",[]
2026orore_qm20,20,qm,16.9105,Merged selection,"{""actual_time"": 1774649286, ""alliances"": {""blue"": {""dq_team_keys"": [], ""score"": 161, ""surrogate_team_keys"": [], ""team_keys"": [""frc997"", ""frc955"", ""frc3674""]}, ""red"": {""dq_team_keys"": [], ""score"": 171, ""surrogate_team_keys"": [], ""team_keys"": [""frc8032"", ""frc4915"", ""frc6831""]}}, ""comp_level"": ""qm"", ""event_key"": ""2026orore"", ""key"": ""2026orore_qm20"", ""match_number"": 20, ""post_result_time"": 1774649466, ""predicted_time"": 1774649466, ""score_breakdown"": {""blue"": {""adjustPoints"": 0, ""autoTowerPoints"": 15, ""autoTowerRobot1"": ""None"", ""autoTowerRobot2"": ""None"", ""autoTowerRobot3"": ""Level1"", ""endGameTowerPoints"": 0, ""endGameTowerRobot1"": ""None"", ""endGameTowerRobot2"": ""None"", ""endGameTowerRobot3"": ""None"", ""energizedAchieved"": true, ""foulPoints"": 10, ""g206Penalty"": false, ""hubScore"": {""autoCount"": 12, ""autoPoints"": 12, ""endgameCount"": 72, ""endgamePoints"": 72, ""shift1Count"": 14, ""shift1Points"": 14, ""shift2Count"": 0, ""shift2Points"": 0, ""shift3Count"": 34, ""shift3Points"": 34, ""shift4Count"": 0, ""shift4Points"": 0, ""teleopCount"": 124, ""teleopPoints"": 124, ""totalCount"": 136, ""totalPoints"": 136, ""transitionCount"": 4, ""transitionPoints"": 4, ""uncounted"": 1}, ""majorFoulCount"": 0, ""minorFoulCount"": 1, ""penalties"": ""None"", ""rp"": 1, ""superchargedAchieved"": false, ""totalAutoPoints"": 27, ""totalPoints"": 161, ""totalTeleopPoints"": 124, ""totalTowerPoints"": 15, ""traversalAchieved"": false}, ""red"": {""adjustPoints"": 0, ""autoTowerPoints"": 0, ""autoTowerRobot1"": ""None"", ""autoTowerRobot2"": ""None"", ""autoTowerRobot3"": ""None"", ""endGameTowerPoints"": 0, ""endGameTowerRobot1"": ""None"", ""endGameTowerRobot2"": ""None"", ""endGameTowerRobot3"": ""None"", ""energizedAchieved"": true, ""foulPoints"": 5, ""g206Penalty"": false, ""hubScore"": {""autoCount"": 56, ""autoPoints"": 56, ""endgameCount"": 52, ""endgamePoints"": 52, ""shift1Count"": 0, ""shift1Points"": 0, ""shift2Count"": 33, ""shift2Points"": 33, ""shift3Count"": 0, ""shift3Points"": 0, ""shift4Count"": 19, ""shift4Points"": 19, ""teleopCount"": 110, ""teleopPoints"": 110, ""totalCount"": 166, ""totalPoints"": 166, ""transitionCount"": 6, ""transitionPoints"": 6, ""uncounted"": 0}, ""majorFoulCount"": 0, ""minorFoulCount"": 2, ""penalties"": ""None"", ""rp"": 4, ""superchargedAchieved"": false, ""totalAutoPoints"": 56, ""totalPoints"": 171, ""totalTeleopPoints"": 110, ""totalTowerPoints"": 0, ""traversalAchieved"": false}}, ""set_number"": 1, ""time"": 1774649520, ""videos"": [{""key"": ""2HLGbxYpT8c"", ""type"": ""youtube""}], ""winning_alliance"": ""red""}","{""blue"": {""dq_team_keys"": [], ""score"": 161, ""surrogate_team_keys"": [], ""team_keys"": [""frc997"", ""frc955"", ""frc3674""]}, ""red"": {""dq_team_keys"": [], ""score"": 171, ""surrogate_team_keys"": [], ""team_keys"": [""frc8032"", ""frc4915"", ""frc6831""]}}",[]
2026orore_qm21,21,qm,83.6365,Merged selection,"{""actual_time"": 1774649750, ""alliances"": {""blue"": {""dq_team_keys"": [], ""score"": 223, ""surrogate_team_keys"": [], ""team_keys"": [""frc10991"", ""frc2811"", ""frc957""]}, ""red"": {""dq_team_keys"": [], ""score"": 373, ""surrogate_team_keys"": [], ""team_keys"": [""frc6696"", ""frc2733"", ""frc9600""]}}, ""comp_level"": ""qm"", ""event_key"": ""2026orore"", ""key"": ""2026orore_qm21"", ""match_number"": 21, ""post_result_time"": 1774649938, ""predicted_time"": 1774650024, ""score_breakdown"": {""blue"": {""adjustPoints"": 0, ""autoTowerPoints"": 0, ""autoTowerRobot1"": ""None"", ""autoTowerRobot2"": ""None"", ""autoTowerRobot3"": ""None"", ""endGameTowerPoints"": 0, ""endGameTowerRobot1"": ""None"", ""endGameTowerRobot2"": ""None"", ""endGameTowerRobot3"": ""None"", ""energizedAchieved"": true, ""foulPoints"": 15, ""g206Penalty"": false, ""hubScore"": {""autoCount"": 33, ""autoPoints"": 33, ""endgameCount"": 60, ""endgamePoints"": 60, ""shift1Count"": 41, ""shift1Points"": 41, ""shift2Count"": 0, ""shift2Points"": 0, ""shift3Count"": 64, ""shift3Points"": 64, ""shift4Count"": 0, ""shift4Points"": 0, ""teleopCount"": 175, ""teleopPoints"": 175, ""totalCount"": 208, ""totalPoints"": 208, ""transitionCount"": 10, ""transitionPoints"": 10, ""uncounted"": 0}, ""majorFoulCount"": 1, ""minorFoulCount"": 1, ""penalties"": ""None"", ""rp"": 1, ""superchargedAchieved"": false, ""totalAutoPoints"": 33, ""totalPoints"": 223, ""totalTeleopPoints"": 175, ""totalTowerPoints"": 0, ""traversalAchieved"": false}, ""red"": {""adjustPoints"": 0, ""autoTowerPoints"": 0, ""autoTowerRobot1"": ""None"", ""autoTowerRobot2"": ""None"", ""autoTowerRobot3"": ""None"", ""endGameTowerPoints"": 0, ""endGameTowerRobot1"": ""None"", ""endGameTowerRobot2"": ""None"", ""endGameTowerRobot3"": ""None"", ""energizedAchieved"": true, ""foulPoints"": 20, ""g206Penalty"": false, ""hubScore"": {""autoCount"": 61, ""autoPoints"": 61, ""endgameCount"": 79, ""endgamePoints"": 79, ""shift1Count"": 0, ""shift1Points"": 0, ""shift2Count"": 96, ""shift2Points"": 96, ""shift3Count"": 0, ""shift3Points"": 0, ""shift4Count"": 112, ""shift4Points"": 112, ""teleopCount"": 292, ""teleopPoints"": 292, ""totalCount"": 353, ""totalPoints"": 353, ""transitionCount"": 5, ""transitionPoints"": 5, ""uncounted"": 0}, ""majorFoulCount"": 1, ""minorFoulCount"": 0, ""penalties"": ""None"", ""rp"": 4, ""superchargedAchieved"": false, ""totalAutoPoints"": 61, ""totalPoints"": 373, ""totalTeleopPoints"": 292, ""totalTowerPoints"": 0, ""traversalAchieved"": false}}, ""set_number"": 1, ""time"": 1774650060, ""videos"": [{""key"": ""PN3Xfj_-QiU"", ""type"": ""youtube""}], ""winning_alliance"": ""red""}","{""blue"": {""dq_team_keys"": [], ""score"": 223, ""surrogate_team_keys"": [], ""team_keys"": [""frc10991"", ""frc2811"", ""frc957""]}, ""red"": {""dq_team_keys"": [], ""score"": 373, ""surrogate_team_keys"": [], ""team_keys"": [""frc6696"", ""frc2733"", ""frc9600""]}}",[]
2026orore_qm22,22,qm,35.7285,Merged selection,"{""actual_time"": 1774650231, ""alliances"": {""blue"": {""dq_team_keys"": [], ""score"": 110, ""surrogate_team_keys"": [], ""team_keys"": [""frc3636"", ""frc2915"", ""frc4662""]}, ""red"": {""dq_team_keys"": [], ""score"": 216, ""surrogate_team_keys"": [], ""team_keys"": [""frc1540"", ""frc6465"", ""frc5970""]}}, ""comp_level"": ""qm"", ""event_key"": ""2026orore"", ""key"": ""2026orore_qm22"", ""match_number"": 22, ""post_result_time"": 1774650481, ""predicted_time"": 1774650329, ""score_breakdown"": {""blue"": {""adjustPoints"": 0, ""autoTowerPoints"": 0, ""autoTowerRobot1"": ""None"", ""autoTowerRobot2"": ""None"", ""autoTowerRobot3"": ""None"", ""endGameTowerPoints"": 0, ""endGameTowerRobot1"": ""None"", ""endGameTowerRobot2"": ""None"", ""endGameTowerRobot3"": ""None"", ""energizedAchieved"": false, ""foulPoints"": 35, ""g206Penalty"": false, ""hubScore"": {""autoCount"": 16, ""autoPoints"": 16, ""endgameCount"": 13, ""endgamePoints"": 13, ""shift1Count"": 18, ""shift1Points"": 18, ""shift2Count"": 0, ""shift2Points"": 0, ""shift3Count"": 23, ""shift3Points"": 23, ""shift4Count"": 0, ""shift4Points"": 0, ""teleopCount"": 59, ""teleopPoints"": 59, ""totalCount"": 75, ""totalPoints"": 75, ""transitionCount"": 5, ""transitionPoints"": 5, ""uncounted"": 0}, ""majorFoulCount"": 0, ""minorFoulCount"": 2, ""penalties"": ""None"", ""rp"": 0, ""superchargedAchieved"": false, ""totalAutoPoints"": 16, ""totalPoints"": 110, ""totalTeleopPoints"": 59, ""totalTowerPoints"": 0, ""traversalAchieved"": false}, ""red"": {""adjustPoints"": 0, ""autoTowerPoints"": 0, ""autoTowerRobot1"": ""None"", ""autoTowerRobot2"": ""None"", ""autoTowerRobot3"": ""None"", ""endGameTowerPoints"": 0, ""endGameTowerRobot1"": ""None"", ""endGameTowerRobot2"": ""None"", ""endGameTowerRobot3"": ""None"", ""energizedAchieved"": true, ""foulPoints"": 10, ""g206Penalty"": false, ""hubScore"": {""autoCount"": 48, ""autoPoints"": 48, ""endgameCount"": 35, ""endgamePoints"": 35, ""shift1Count"": 0, ""shift1Points"": 0, ""shift2Count"": 58, ""shift2Points"": 58, ""shift3Count"": 0, ""shift3Points"": 0, ""shift4Count"": 54, ""shift4Points"": 54, ""teleopCount"": 158, ""teleopPoints"": 158, ""totalCount"": 206, ""totalPoints"": 206, ""transitionCount"": 11, ""transitionPoints"": 11, ""uncounted"": 3}, ""majorFoulCount"": 0, ""minorFoulCount"": 7, ""penalties"": ""None"", ""rp"": 4, ""superchargedAchieved"": false, ""totalAutoPoints"": 48, ""totalPoints"": 216, ""totalTeleopPoints"": 158, ""totalTowerPoints"": 0, ""traversalAchieved"": false}}, ""set_number"": 1, ""time"": 1774650600, ""videos"": [{""key"": ""_XjhpebgGNM"", ""type"": ""youtube""}], ""winning_alliance"": ""red""}","{""blue"": {""dq_team_keys"": [], ""score"": 110, ""surrogate_team_keys"": [], ""team_keys"": [""frc3636"", ""frc2915"", ""frc4662""]}, ""red"": {""dq_team_keys"": [], ""score"": 216, ""surrogate_team_keys"": [], ""team_keys"": [""frc1540"", ""frc6465"", ""frc5970""]}}",[]
2026orore_qm23,23,qm,6.776,Merged selection,"{""actual_time"": 1774650880, ""alliances"": {""blue"": {""dq_team_keys"": [], ""score"": 227, ""surrogate_team_keys"": [], ""team_keys"": [""frc2990"", ""frc1425"", ""frc2550""]}, ""red"": {""dq_team_keys"": [], ""score"": 104, ""surrogate_team_keys"": [], ""team_keys"": [""frc1359"", ""frc2898"", ""frc2635""]}}, ""comp_level"": ""qm"", ""event_key"": ""2026orore"", ""key"": ""2026orore_qm23"", ""match_number"": 23, ""post_result_time"": 1774651063, ""predicted_time"": 1774650857, ""score_breakdown"": {""blue"": {""adjustPoints"": 0, ""autoTowerPoints"": 0, ""autoTowerRobot1"": ""None"", ""autoTowerRobot2"": ""None"", ""autoTowerRobot3"": ""None"", ""endGameTowerPoints"": 0, ""endGameTowerRobot1"": ""None"", ""endGameTowerRobot2"": ""None"", ""endGameTowerRobot3"": ""None"", ""energizedAchieved"": true, ""foulPoints"": 10, ""g206Penalty"": false, ""hubScore"": {""autoCount"": 18, ""autoPoints"": 18, ""endgameCount"": 102, ""endgamePoints"": 102, ""shift1Count"": 28, ""shift1Points"": 28, ""shift2Count"": 0, ""shift2Points"": 0, ""shift3Count"": 68, ""shift3Points"": 68, ""shift4Count"": 0, ""shift4Points"": 0, ""teleopCount"": 199, ""teleopPoints"": 199, ""totalCount"": 217, ""totalPoints"": 217, ""transitionCount"": 1, ""transitionPoints"": 1, ""uncounted"": 5}, ""majorFoulCount"": 0, ""minorFoulCount"": 2, ""penalties"": ""None"", ""rp"": 4, ""superchargedAchieved"": false, ""totalAutoPoints"": 18, ""totalPoints"": 227, ""totalTeleopPoints"": 199, ""totalTowerPoints"": 0, ""traversalAchieved"": false}, ""red"": {""adjustPoints"": 0, ""autoTowerPoints"": 0, ""autoTowerRobot1"": ""None"", ""autoTowerRobot2"": ""None"", ""autoTowerRobot3"": ""None"", ""endGameTowerPoints"": 10, ""endGameTowerRobot1"": ""Level1"", ""endGameTowerRobot2"": ""None"", ""endGameTowerRobot3"": ""None"", ""energizedAchieved"": false, ""foulPoints"": 10, ""g206Penalty"": false, ""hubScore"": {""autoCount"": 19, ""autoPoints"": 19, ""endgameCount"": 8, ""endgamePoints"": 8, ""shift1Count"": 0, ""shift1Points"": 0, ""shift2Count"": 39, ""shift2Points"": 39, ""shift3Count"": 0, ""shift3Points"": 0, ""shift4Count"": 16, ""shift4Points"": 16, ""teleopCount"": 65, ""teleopPoints"": 65, ""totalCount"": 84, ""totalPoints"": 84, ""transitionCount"": 2, ""transitionPoints"": 2, ""uncounted"": 0}, ""majorFoulCount"": 0, ""minorFoulCount"": 2, ""penalties"": ""None"", ""rp"": 0, ""superchargedAchieved"": false, ""totalAutoPoints"": 19, ""totalPoints"": 104, ""totalTeleopPoints"": 75, ""totalTowerPoints"": 10, ""traversalAchieved"": false}}, ""set_number"": 1, ""time"": 1774651140, ""videos"": [{""key"": ""ENWpQS-fOIU"", ""type"": ""youtube""}], ""winning_alliance"": ""blue""}","{""blue"": {""dq_team_keys"": [], ""score"": 227, ""surrogate_team_keys"": [], ""team_keys"": [""frc2990"", ""frc1425"", ""frc2550""]}, ""red"": {""dq_team_keys"": [], ""score"": 104, ""surrogate_team_keys"": [], ""team_keys"": [""frc1359"", ""frc2898"", ""frc2635""]}}",[]
2026orore_qm24,24,qm,68.831,Merged selection,"{""actual_time"": 1774651353, ""alliances"": {""blue"": {""dq_team_keys"": [], ""score"": 124, ""surrogate_team_keys"": [], ""team_keys"": [""frc2557"", ""frc10991"", ""frc5975""]}, ""red"": {""dq_team_keys"": [], ""score"": 396, ""surrogate_team_keys"": [], ""team_keys"": [""frc4488"", ""frc9600"", ""frc9430""]}}, ""comp_level"": ""qm"", ""event_key"": ""2026orore"", ""key"": ""2026orore_qm24"", ""match_number"": 24, ""post_result_time"": 1774651569, ""predicted_time"": 1774651420, ""score_breakdown"": {""blue"": {""adjustPoints"": 0, ""autoTowerPoints"": 0, ""autoTowerRobot1"": ""None"", ""autoTowerRobot2"": ""None"", ""autoTowerRobot3"": ""None"", ""endGameTowerPoints"": 0, ""endGameTowerRobot1"": ""None"", ""endGameTowerRobot2"": ""None"", ""endGameTowerRobot3"": ""None"", ""energizedAchieved"": true, ""foulPoints"": 10, ""g206Penalty"": false, ""hubScore"": {""autoCount"": 32, ""autoPoints"": 32, ""endgameCount"": 32, ""endgamePoints"": 32, ""shift1Count"": 14, ""shift1Points"": 14, ""shift2Count"": 0, ""shift2Points"": 0, ""shift3Count"": 29, ""shift3Points"": 29, ""shift4Count"": 0, ""shift4Points"": 0, ""teleopCount"": 82, ""teleopPoints"": 82, ""totalCount"": 114, ""totalPoints"": 114, ""transitionCount"": 7, ""transitionPoints"": 7, ""uncounted"": 0}, ""majorFoulCount"": 0, ""minorFoulCount"": 0, ""penalties"": ""None"", ""rp"": 1, ""superchargedAchieved"": false, ""totalAutoPoints"": 32, ""totalPoints"": 124, ""totalTeleopPoints"": 82, ""totalTowerPoints"": 0, ""traversalAchieved"": false}, ""red"": {""adjustPoints"": 0, ""autoTowerPoints"": 0, ""autoTowerRobot1"": ""None"", ""autoTowerRobot2"": ""None"", ""autoTowerRobot3"": ""None"", ""endGameTowerPoints"": 0, ""endGameTowerRobot1"": ""None"", ""endGameTowerRobot2"": ""None"", ""endGameTowerRobot3"": ""None"", ""energizedAchieved"": true, ""foulPoints"": 0, ""g206Penalty"": false, ""hubScore"": {""autoCount"": 69, ""autoPoints"": 69, ""endgameCount"": 75, ""endgamePoints"": 75, ""shift1Count"": 0, ""shift1Points"": 0, ""shift2Count"": 131, ""shift2Points"": 131, ""shift3Count"": 0, ""shift3Points"": 0, ""shift4Count"": 117, ""shift4Points"": 117, ""teleopCount"": 327, ""teleopPoints"": 327, ""totalCount"": 396, ""totalPoints"": 396, ""transitionCount"": 4, ""transitionPoints"": 4, ""uncounted"": 2}, ""majorFoulCount"": 0, ""minorFoulCount"": 2, ""penalties"": ""None"", ""rp"": 5, ""superchargedAchieved"": true, ""totalAutoPoints"": 69, ""totalPoints"": 396, ""totalTeleopPoints"": 327, ""totalTowerPoints"": 0, ""traversalAchieved"": false}}, ""set_number"": 1, ""time"": 1774651680, ""videos"": [{""key"": ""c5c8KRUxOqA"", ""type"": ""youtube""}], ""winning_alliance"": ""red""}","{""blue"": {""dq_team_keys"": [], ""score"": 124, ""surrogate_team_keys"": [], ""team_keys"": [""frc2557"", ""frc10991"", ""frc5975""]}, ""red"": {""dq_team_keys"": [], ""score"": 396, ""surrogate_team_keys"": [], ""team_keys"": [""frc4488"", ""frc9600"", ""frc9430""]}}",[]
2026orore_qm25,25,qm,7.6565,Merged selection,"{""actual_time"": 1774651818, ""alliances"": {""blue"": {""dq_team_keys"": [], ""score"": 162, ""surrogate_team_keys"": [], ""team_keys"": [""frc955"", ""frc2930"", ""frc6465""]}, ""red"": {""dq_team_keys"": [], ""score"": 67, ""surrogate_team_keys"": [], ""team_keys"": [""frc5970"", ""frc2521"", ""frc10444""]}}, ""comp_level"": ""qm"", ""event_key"": ""2026orore"", ""key"": ""2026orore_qm25"", ""match_number"": 25, ""post_result_time"": 1774651999, ""predicted_time"": 1774651953, ""score_breakdown"": {""blue"": {""adjustPoints"": 0, ""autoTowerPoints"": 0, ""autoTowerRobot1"": ""None"", ""autoTowerRobot2"": ""None"", ""autoTowerRobot3"": ""None"", ""endGameTowerPoints"": 0, ""endGameTowerRobot1"": ""None"", ""endGameTowerRobot2"": ""None"", ""endGameTowerRobot3"": ""None"", ""energizedAchieved"": true, ""foulPoints"": 0, ""g206Penalty"": false, ""hubScore"": {""autoCount"": 53, ""autoPoints"": 53, ""endgameCount"": 23, ""endgamePoints"": 23, ""shift1Count"": 0, ""shift1Points"": 0, ""shift2Count"": 50, ""shift2Points"": 50, ""shift3Count"": 0, ""shift3Points"": 0, ""shift4Count"": 20, ""shift4Points"": 20, ""teleopCount"": 109, ""teleopPoints"": 109, ""totalCount"": 162, ""totalPoints"": 162, ""transitionCount"": 16, ""transitionPoints"": 16, ""uncounted"": 0}, ""majorFoulCount"": 0, ""minorFoulCount"": 1, ""penalties"": ""None"", ""rp"": 4, ""superchargedAchieved"": false, ""totalAutoPoints"": 53, ""totalPoints"": 162, ""totalTeleopPoints"": 109, ""totalTowerPoints"": 0, ""traversalAchieved"": false}, ""red"": {""adjustPoints"": 0, ""autoTowerPoints"": 0, ""autoTowerRobot1"": ""None"", ""autoTowerRobot2"": ""None"", ""autoTowerRobot3"": ""None"", ""endGameTowerPoints"": 0, ""endGameTowerRobot1"": ""None"", ""endGameTowerRobot2"": ""None"", ""endGameTowerRobot3"": ""None"", ""energizedAchieved"": false, ""foulPoints"": 5, ""g206Penalty"": false, ""hubScore"": {""autoCount"": 24, ""autoPoints"": 24, ""endgameCount"": 23, ""endgamePoints"": 23, ""shift1Count"": 4, ""shift1Points"": 4, ""shift2Count"": 0, ""shift2Points"": 0, ""shift3Count"": 10, ""shift3Points"": 10, ""shift4Count"": 0, ""shift4Points"": 0, ""teleopCount"": 38, ""teleopPoints"": 38, ""totalCount"": 62, ""totalPoints"": 62, ""transitionCount"": 1, ""transitionPoints"": 1, ""uncounted"": 0}, ""majorFoulCount"": 0, ""minorFoulCount"": 0, ""penalties"": ""None"", ""rp"": 0, ""superchargedAchieved"": false, ""totalAutoPoints"": 24, ""totalPoints"": 67, ""totalTeleopPoints"": 38, ""totalTowerPoints"": 0, ""traversalAchieved"": false}}, ""set_number"": 1, ""time"": 1774652220, ""videos"": [{""key"": ""LjS3g-alC9s"", ""type"": ""youtube""}], ""winning_alliance"": ""blue""}","{""blue"": {""dq_team_keys"": [], ""score"": 162, ""surrogate_team_keys"": [], ""team_keys"": [""frc955"", ""frc2930"", ""frc6465""]}, ""red"": {""dq_team_keys"": [], ""score"": 67, ""surrogate_team_keys"": [], ""team_keys"": [""frc5970"", ""frc2521"", ""frc10444""]}}",[]
2026orore_qm26,26,qm,41.46,Merged selection,"{""actual_time"": 1774652296, ""alliances"": {""blue"": {""dq_team_keys"": [], ""score"": 158, ""surrogate_team_keys"": [], ""team_keys"": [""frc4662"", ""frc2635"", ""frc6696""]}, ""red"": {""dq_team_keys"": [], ""score"": 55, ""surrogate_team_keys"": [], ""team_keys"": [""frc3636"", ""frc9567"", ""frc6831""]}}, ""comp_level"": ""qm"", ""event_key"": ""2026orore"", ""key"": ""2026orore_qm26"", ""match_number"": 26, ""post_result_time"": 1774652479, ""predicted_time"": 1774652497, ""score_breakdown"": {""blue"": {""adjustPoints"": 0, ""autoTowerPoints"": 0, ""autoTowerRobot1"": ""None"", ""autoTowerRobot2"": ""None"", ""autoTowerRobot3"": ""None"", ""endGameTowerPoints"": 0, ""endGameTowerRobot1"": ""None"", ""endGameTowerRobot2"": ""None"", ""endGameTowerRobot3"": ""None"", ""energizedAchieved"": true, ""foulPoints"": 0, ""g206Penalty"": false, ""hubScore"": {""autoCount"": 19, ""autoPoints"": 19, ""endgameCount"": 20, ""endgamePoints"": 20, ""shift1Count"": 0, ""shift1Points"": 0, ""shift2Count"": 61, ""shift2Points"": 61, ""shift3Count"": 0, ""shift3Points"": 0, ""shift4Count"": 46, ""shift4Points"": 46, ""teleopCount"": 139, ""teleopPoints"": 139, ""totalCount"": 158, ""totalPoints"": 158, ""transitionCount"": 12, ""transitionPoints"": 12, ""uncounted"": 3}, ""majorFoulCount"": 0, ""minorFoulCount"": 0, ""penalties"": ""None"", ""rp"": 4, ""superchargedAchieved"": false, ""totalAutoPoints"": 19, ""totalPoints"": 158, ""totalTeleopPoints"": 139, ""totalTowerPoints"": 0, ""traversalAchieved"": false}, ""red"": {""adjustPoints"": 0, ""autoTowerPoints"": 0, ""autoTowerRobot1"": ""None"", ""autoTowerRobot2"": ""None"", ""autoTowerRobot3"": ""None"", ""endGameTowerPoints"": 0, ""endGameTowerRobot1"": ""None"", ""endGameTowerRobot2"": ""None"", ""endGameTowerRobot3"": ""None"", ""energizedAchieved"": false, ""foulPoints"": 0, ""g206Penalty"": false, ""hubScore"": {""autoCount"": 18, ""autoPoints"": 18, ""endgameCount"": 3, ""endgamePoints"": 3, ""shift1Count"": 29, ""shift1Points"": 29, ""shift2Count"": 0, ""shift2Points"": 0, ""shift3Count"": 0, ""shift3Points"": 0, ""shift4Count"": 0, ""shift4Points"": 0, ""teleopCount"": 37, ""teleopPoints"": 37, ""totalCount"": 55, ""totalPoints"": 55, ""transitionCount"": 5, ""transitionPoints"": 5, ""uncounted"": 1}, ""majorFoulCount"": 0, ""minorFoulCount"": 0, ""penalties"": ""None"", ""rp"": 0, ""superchargedAchieved"": false, ""totalAutoPoints"": 18, ""totalPoints"": 55, ""totalTeleopPoints"": 37, ""totalTowerPoints"": 0, ""traversalAchieved"": false}}, ""set_number"": 1, ""time"": 1774652760, ""videos"": [{""key"": ""p3nVp2rDLqA"", ""type"": ""youtube""}], ""winning_alliance"": ""blue""}","{""blue"": {""dq_team_keys"": [], ""score"": 158, ""surrogate_team_keys"": [], ""team_keys"": [""frc4662"", ""frc2635"", ""frc6696""]}, ""red"": {""dq_team_keys"": [], ""score"": 55, ""surrogate_team_keys"": [], ""team_keys"": [""frc3636"", ""frc9567"", ""frc6831""]}}",[]
2026orore_qm27,27,qm,29.7175,Merged selection,"{""actual_time"": 1774652773, ""alliances"": {""blue"": {""dq_team_keys"": [], ""score"": 147, ""surrogate_team_keys"": [], ""team_keys"": [""frc2915"", ""frc2990"", ""frc3669""]}, ""red"": {""dq_team_keys"": [], ""score"": 358, ""surrogate_team_keys"": [], ""team_keys"": [""frc2811"", ""frc2557"", ""frc3674""]}}, ""comp_level"": ""qm"", ""event_key"": ""2026orore"", ""key"": ""2026orore_qm27"", ""match_number"": 27, ""post_result_time"": 1774652954, ""predicted_time"": 1774652867, ""score_breakdown"": {""blue"": {""adjustPoints"": 0, ""autoTowerPoints"": 0, ""autoTowerRobot1"": ""None"", ""autoTowerRobot2"": ""None"", ""autoTowerRobot3"": ""None"", ""endGameTowerPoints"": 0, ""endGameTowerRobot1"": ""None"", ""endGameTowerRobot2"": ""None"", ""endGameTowerRobot3"": ""None"", ""energizedAchieved"": true, ""foulPoints"": 0, ""g206Penalty"": false, ""hubScore"": {""autoCount"": 46, ""autoPoints"": 46, ""endgameCount"": 48, ""endgamePoints"": 48, ""shift1Count"": 0, ""shift1Points"": 0, ""shift2Count"": 24, ""shift2Points"": 24, ""shift3Count"": 0, ""shift3Points"": 0, ""shift4Count"": 29, ""shift4Points"": 29, ""teleopCount"": 101, ""teleopPoints"": 101, ""totalCount"": 147, ""totalPoints"": 147, ""transitionCount"": 0, ""transitionPoints"": 0, ""uncounted"": 5}, ""majorFoulCount"": 0, ""minorFoulCount"": 1, ""penalties"": ""None"", ""rp"": 1, ""superchargedAchieved"": false, ""totalAutoPoints"": 46, ""totalPoints"": 147, ""totalTeleopPoints"": 101, ""totalTowerPoints"": 0, ""traversalAchieved"": false}, ""red"": {""adjustPoints"": 0, ""autoTowerPoints"": 0, ""autoTowerRobot1"": ""None"", ""autoTowerRobot2"": ""None"", ""autoTowerRobot3"": ""None"", ""endGameTowerPoints"": 0, ""endGameTowerRobot1"": ""None"", ""endGameTowerRobot2"": ""None"", ""endGameTowerRobot3"": ""None"", ""energizedAchieved"": true, ""foulPoints"": 5, ""g206Penalty"": false, ""hubScore"": {""autoCount"": 32, ""autoPoints"": 32, ""endgameCount"": 118, ""endgamePoints"": 118, ""shift1Count"": 77, ""shift1Points"": 77, ""shift2Count"": 0, ""shift2Points"": 0, ""shift3Count"": 113, ""shift3Points"": 113, ""shift4Count"": 0, ""shift4Points"": 0, ""teleopCount"": 321, ""teleopPoints"": 321, ""totalCount"": 353, ""totalPoints"": 353, ""transitionCount"": 13, ""transitionPoints"": 13, ""uncounted"": 0}, ""majorFoulCount"": 0, ""minorFoulCount"": 0, ""penalties"": ""None"", ""rp"": 4, ""superchargedAchieved"": false, ""totalAutoPoints"": 32, ""totalPoints"": 358, ""totalTeleopPoints"": 321, ""totalTowerPoints"": 0, ""traversalAchieved"": false}}, ""set_number"": 1, ""time"": 1774653300, ""videos"": [{""key"": ""fDs1QcOCtI0"", ""type"": ""youtube""}], ""winning_alliance"": ""red""}","{""blue"": {""dq_team_keys"": [], ""score"": 147, ""surrogate_team_keys"": [], ""team_keys"": [""frc2915"", ""frc2990"", ""frc3669""]}, ""red"": {""dq_team_keys"": [], ""score"": 358, ""surrogate_team_keys"": [], ""team_keys"": [""frc2811"", ""frc2557"", ""frc3674""]}}",[]
2026orore_qm28,28,qm,35.0,Merged selection,"{""actual_time"": 1774653440, ""alliances"": {""blue"": {""dq_team_keys"": [], ""score"": 359, ""surrogate_team_keys"": [], ""team_keys"": [""frc4488"", ""frc4915"", ""frc997""]}, ""red"": {""dq_team_keys"": [], ""score"": 151, ""surrogate_team_keys"": [], ""team_keys"": [""frc2733"", ""frc1540"", ""frc2898""]}}, ""comp_level"": ""qm"", ""event_key"": ""2026orore"", ""key"": ""2026orore_qm28"", ""match_number"": 28, ""post_result_time"": 1774653637, ""predicted_time"": 1774653377, ""score_breakdown"": {""blue"": {""adjustPoints"": 0, ""autoTowerPoints"": 0, ""autoTowerRobot1"": ""None"", ""autoTowerRobot2"": ""None"", ""autoTowerRobot3"": ""None"", ""endGameTowerPoints"": 0, ""endGameTowerRobot1"": ""None"", ""endGameTowerRobot2"": ""None"", ""endGameTowerRobot3"": ""None"", ""energizedAchieved"": true, ""foulPoints"": 45, ""g206Penalty"": false, ""hubScore"": {""autoCount"": 44, ""autoPoints"": 44, ""endgameCount"": 54, ""endgamePoints"": 54, ""shift1Count"": 0, ""shift1Points"": 0, ""shift2Count"": 118, ""shift2Points"": 118, ""shift3Count"": 0, ""shift3Points"": 0, ""shift4Count"": 81, ""shift4Points"": 81, ""teleopCount"": 270, ""teleopPoints"": 270, ""totalCount"": 314, ""totalPoints"": 314, ""transitionCount"": 17, ""transitionPoints"": 17, ""uncounted"": 2}, ""majorFoulCount"": 0, ""minorFoulCount"": 5, ""penalties"": ""None"", ""rp"": 4, ""superchargedAchieved"": false, ""totalAutoPoints"": 44, ""totalPoints"": 359, ""totalTeleopPoints"": 270, ""totalTowerPoints"": 0, ""traversalAchieved"": false}, ""red"": {""adjustPoints"": 0, ""autoTowerPoints"": 0, ""autoTowerRobot1"": ""None"", ""autoTowerRobot2"": ""None"", ""autoTowerRobot3"": ""None"", ""endGameTowerPoints"": 0, ""endGameTowerRobot1"": ""None"", ""endGameTowerRobot2"": ""None"", ""endGameTowerRobot3"": ""None"", ""energizedAchieved"": true, ""foulPoints"": 25, ""g206Penalty"": false, ""hubScore"": {""autoCount"": 39, ""autoPoints"": 39, ""endgameCount"": 22, ""endgamePoints"": 22, ""shift1Count"": 49, ""shift1Points"": 49, ""shift2Count"": 0, ""shift2Points"": 0, ""shift3Count"": 11, ""shift3Points"": 11, ""shift4Count"": 0, ""shift4Points"": 0, ""teleopCount"": 87, ""teleopPoints"": 87, ""totalCount"": 126, ""totalPoints"": 126, ""transitionCount"": 5, ""transitionPoints"": 5, ""uncounted"": 5}, ""majorFoulCount"": 3, ""minorFoulCount"": 0, ""penalties"": ""None"", ""rp"": 1, ""superchargedAchieved"": false, ""totalAutoPoints"": 39, ""totalPoints"": 151, ""totalTeleopPoints"": 87, ""totalTowerPoints"": 0, ""traversalAchieved"": false}}, ""set_number"": 1, ""time"": 1774653840, ""videos"": [{""key"": ""mPgruRoQiY8"", ""type"": ""youtube""}], ""winning_alliance"": ""blue""}","{""blue"": {""dq_team_keys"": [], ""score"": 359, ""surrogate_team_keys"": [], ""team_keys"": [""frc4488"", ""frc4915"", ""frc997""]}, ""red"": {""dq_team_keys"": [], ""score"": 151, ""surrogate_team_keys"": [], ""team_keys"": [""frc2733"", ""frc1540"", ""frc2898""]}}",[]
2026orore_qm29,29,qm,44.3845,Merged selection,"{""actual_time"": 1774653878, ""alliances"": {""blue"": {""dq_team_keys"": [], ""score"": 175, ""surrogate_team_keys"": [], ""team_keys"": [""frc957"", ""frc749"", ""frc2550""]}, ""red"": {""dq_team_keys"": [], ""score"": 270, ""surrogate_team_keys"": [], ""team_keys"": [""frc8032"", ""frc1359"", ""frc2471""]}}, ""comp_level"": ""qm"", ""event_key"": ""2026orore"", ""key"": ""2026orore_qm29"", ""match_number"": 29, ""post_result_time"": 1774654062, ""predicted_time"": 1774654068, ""score_breakdown"": {""blue"": {""adjustPoints"": 0, ""autoTowerPoints"": 0, ""autoTowerRobot1"": ""None"", ""autoTowerRobot2"": ""None"", ""autoTowerRobot3"": ""None"", ""endGameTowerPoints"": 10, ""endGameTowerRobot1"": ""None"", ""endGameTowerRobot2"": ""None"", ""endGameTowerRobot3"": ""Level1"", ""energizedAchieved"": true, ""foulPoints"": 10, ""g206Penalty"": false, ""hubScore"": {""autoCount"": 42, ""autoPoints"": 42, ""endgameCount"": 64, ""endgamePoints"": 64, ""shift1Count"": 30, ""shift1Points"": 30, ""shift2Count"": 0, ""shift2Points"": 0, ""shift3Count"": 19, ""shift3Points"": 19, ""shift4Count"": 0, ""shift4Points"": 0, ""teleopCount"": 113, ""teleopPoints"": 113, ""totalCount"": 155, ""totalPoints"": 155, ""transitionCount"": 0, ""transitionPoints"": 0, ""uncounted"": 0}, ""majorFoulCount"": 0, ""minorFoulCount"": 1, ""penalties"": ""None"", ""rp"": 1, ""superchargedAchieved"": false, ""totalAutoPoints"": 42, ""totalPoints"": 175, ""totalTeleopPoints"": 123, ""totalTowerPoints"": 10, ""traversalAchieved"": false}, ""red"": {""adjustPoints"": 0, ""autoTowerPoints"": 0, ""autoTowerRobot1"": ""None"", ""autoTowerRobot2"": ""None"", ""autoTowerRobot3"": ""None"", ""endGameTowerPoints"": 10, ""endGameTowerRobot1"": ""None"", ""endGameTowerRobot2"": ""Level1"", ""endGameTowerRobot3"": ""None"", ""energizedAchieved"": true, ""foulPoints"": 5, ""g206Penalty"": false, ""hubScore"": {""autoCount"": 87, ""autoPoints"": 87, ""endgameCount"": 33, ""endgamePoints"": 33, ""shift1Count"": 0, ""shift1Points"": 0, ""shift2Count"": 66, ""shift2Points"": 66, ""shift3Count"": 0, ""shift3Points"": 0, ""shift4Count"": 59, ""shift4Points"": 59, ""teleopCount"": 168, ""teleopPoints"": 168, ""totalCount"": 255, ""totalPoints"": 255, ""transitionCount"": 10, ""transitionPoints"": 10, ""uncounted"": 0}, ""majorFoulCount"": 0, ""minorFoulCount"": 2, ""penalties"": ""None"", ""rp"": 4, ""superchargedAchieved"": false, ""totalAutoPoints"": 87, ""totalPoints"": 270, ""totalTeleopPoints"": 178, ""totalTowerPoints"": 10, ""traversalAchieved"": false}}, ""set_number"": 1, ""time"": 1774654380, ""videos"": [{""key"": ""H__2X22nTT0"", ""type"": ""youtube""}], ""winning_alliance"": ""red""}","{""blue"": {""dq_team_keys"": [], ""score"": 175, ""surrogate_team_keys"": [], ""team_keys"": [""frc957"", ""frc749"", ""frc2550""]}, ""red"": {""dq_team_keys"": [], ""score"": 270, ""surrogate_team_keys"": [], ""team_keys"": [""frc8032"", ""frc1359"", ""frc2471""]}}",[]
2026orore_qm30,30,qm,89.205,Merged selection,"{""actual_time"": 1774654384, ""alliances"": {""blue"": {""dq_team_keys"": [], ""score"": 269, ""surrogate_team_keys"": [], ""team_keys"": [""frc1425"", ""frc9600"", ""frc4662""]}, ""red"": {""dq_team_keys"": [], ""score"": 212, ""surrogate_team_keys"": [], ""team_keys"": [""frc2557"", ""frc6465"", ""frc9430""]}}, ""comp_level"": ""qm"", ""event_key"": ""2026orore"", ""key"": ""2026orore_qm30"", ""match_number"": 30, ""post_result_time"": 1774654568, ""predicted_time"": 1774654483, ""score_breakdown"": {""blue"": {""adjustPoints"": 0, ""autoTowerPoints"": 0, ""autoTowerRobot1"": ""None"", ""autoTowerRobot2"": ""None"", ""autoTowerRobot3"": ""None"", ""endGameTowerPoints"": 0, ""endGameTowerRobot1"": ""None"", ""endGameTowerRobot2"": ""None"", ""endGameTowerRobot3"": ""None"", ""energizedAchieved"": true, ""foulPoints"": 0, ""g206Penalty"": false, ""hubScore"": {""autoCount"": 58, ""autoPoints"": 58, ""endgameCount"": 51, ""endgamePoints"": 51, ""shift1Count"": 0, ""shift1Points"": 0, ""shift2Count"": 71, ""shift2Points"": 71, ""shift3Count"": 0, ""shift3Points"": 0, ""shift4Count"": 68, ""shift4Points"": 68, ""teleopCount"": 211, ""teleopPoints"": 211, ""totalCount"": 269, ""totalPoints"": 269, ""transitionCount"": 21, ""transitionPoints"": 21, ""uncounted"": 3}, ""majorFoulCount"": 0, ""minorFoulCount"": 0, ""penalties"": ""None"", ""rp"": 4, ""superchargedAchieved"": false, ""totalAutoPoints"": 58, ""totalPoints"": 269, ""totalTeleopPoints"": 211, ""totalTowerPoints"": 0, ""traversalAchieved"": false}, ""red"": {""adjustPoints"": 0, ""autoTowerPoints"": 0, ""autoTowerRobot1"": ""None"", ""autoTowerRobot2"": ""None"", ""autoTowerRobot3"": ""None"", ""endGameTowerPoints"": 0, ""endGameTowerRobot1"": ""None"", ""endGameTowerRobot2"": ""None"", ""endGameTowerRobot3"": ""None"", ""energizedAchieved"": true, ""foulPoints"": 0, ""g206Penalty"": false, ""hubScore"": {""autoCount"": 53, ""autoPoints"": 53, ""endgameCount"": 35, ""endgamePoints"": 35, ""shift1Count"": 57, ""shift1Points"": 57, ""shift2Count"": 0, ""shift2Points"": 0, ""shift3Count"": 65, ""shift3Points"": 65, ""shift4Count"": 0, ""shift4Points"": 0, ""teleopCount"": 159, ""teleopPoints"": 159, ""totalCount"": 212, ""totalPoints"": 212, ""transitionCount"": 2, ""transitionPoints"": 2, ""uncounted"": 0}, ""majorFoulCount"": 0, ""minorFoulCount"": 0, ""penalties"": ""None"", ""rp"": 1, ""superchargedAchieved"": false, ""totalAutoPoints"": 53, ""totalPoints"": 212, ""totalTeleopPoints"": 159, ""totalTowerPoints"": 0, ""traversalAchieved"": false}}, ""set_number"": 1, ""time"": 1774654920, ""videos"": [{""key"": ""mmP9DvF_PPk"", ""type"": ""youtube""}], ""winning_alliance"": ""blue""}","{""blue"": {""dq_team_keys"": [], ""score"": 269, ""surrogate_team_keys"": [], ""team_keys"": [""frc1425"", ""frc9600"", ""frc4662""]}, ""red"": {""dq_team_keys"": [], ""score"": 212, ""surrogate_team_keys"": [], ""team_keys"": [""frc2557"", ""frc6465"", ""frc9430""]}}",[]
2026orore_qm31,31,qm,236.325,Merged selection,"{""actual_time"": 1774654827, ""alliances"": {""blue"": {""dq_team_keys"": [], ""score"": 297, ""surrogate_team_keys"": [], ""team_keys"": [""frc955"", ""frc2898"", ""frc3636""]}, ""red"": {""dq_team_keys"": [], ""score"": 252, ""surrogate_team_keys"": [], ""team_keys"": [""frc2930"", ""frc3674"", ""frc2990""]}}, ""comp_level"": ""qm"", ""event_key"": ""2026orore"", ""key"": ""2026orore_qm31"", ""match_number"": 31, ""post_result_time"": 1774655007, ""predicted_time"": 1774655356, ""score_breakdown"": {""blue"": {""adjustPoints"": 0, ""autoTowerPoints"": 0, ""autoTowerRobot1"": ""None"", ""autoTowerRobot2"": ""None"", ""autoTowerRobot3"": ""None"", ""endGameTowerPoints"": 0, ""endGameTowerRobot1"": ""None"", ""endGameTowerRobot2"": ""None"", ""endGameTowerRobot3"": ""None"", ""energizedAchieved"": true, ""foulPoints"": 30, ""g206Penalty"": false, ""hubScore"": {""autoCount"": 47, ""autoPoints"": 47, ""endgameCount"": 54, ""endgamePoints"": 54, ""shift1Count"": 0, ""shift1Points"": 0, ""shift2Count"": 72, ""shift2Points"": 72, ""shift3Count"": 0, ""shift3Points"": 0, ""shift4Count"": 76, ""shift4Points"": 76, ""teleopCount"": 220, ""teleopPoints"": 220, ""totalCount"": 267, ""totalPoints"": 267, ""transitionCount"": 18, ""transitionPoints"": 18, ""uncounted"": 1}, ""majorFoulCount"": 0, ""minorFoulCount"": 0, ""penalties"": ""None"", ""rp"": 4, ""superchargedAchieved"": false, ""totalAutoPoints"": 47, ""totalPoints"": 297, ""totalTeleopPoints"": 220, ""totalTowerPoints"": 0, ""traversalAchieved"": false}, ""red"": {""adjustPoints"": 0, ""autoTowerPoints"": 0, ""autoTowerRobot1"": ""None"", ""autoTowerRobot2"": ""None"", ""autoTowerRobot3"": ""None"", ""endGameTowerPoints"": 0, ""endGameTowerRobot1"": ""None"", ""endGameTowerRobot2"": ""None"", ""endGameTowerRobot3"": ""None"", ""energizedAchieved"": true, ""foulPoints"": 0, ""g206Penalty"": false, ""hubScore"": {""autoCount"": 35, ""autoPoints"": 35, ""endgameCount"": 105, ""endgamePoints"": 105, ""shift1Count"": 45, ""shift1Points"": 45, ""shift2Count"": 0, ""shift2Points"": 0, ""shift3Count"": 65, ""shift3Points"": 65, ""shift4Count"": 0, ""shift4Points"": 0, ""teleopCount"": 217, ""teleopPoints"": 217, ""totalCount"": 252, ""totalPoints"": 252, ""transitionCount"": 2, ""transitionPoints"": 2, ""uncounted"": 0}, ""majorFoulCount"": 2, ""minorFoulCount"": 0, ""penalties"": ""None"", ""rp"": 1, ""superchargedAchieved"": false, ""totalAutoPoints"": 35, ""totalPoints"": 252, ""totalTeleopPoints"": 217, ""totalTowerPoints"": 0, ""traversalAchieved"": false}}, ""set_number"": 1, ""time"": 1774655460, ""videos"": [{""key"": ""H8K1yFe97Bw"", ""type"": ""youtube""}], ""winning_alliance"": ""blue""}","{""blue"": {""dq_team_keys"": [], ""score"": 297, ""surrogate_team_keys"": [], ""team_keys"": [""frc955"", ""frc2898"", ""frc3636""]}, ""red"": {""dq_team_keys"": [], ""score"": 252, ""surrogate_team_keys"": [], ""team_keys"": [""frc2930"", ""frc3674"", ""frc2990""]}}",[]
2026orore_qm32,32,qm,111.934,Merged selection,"{""actual_time"": 1774656932, ""alliances"": {""blue"": {""dq_team_keys"": [], ""score"": 190, ""surrogate_team_keys"": [], ""team_keys"": [""frc9567"", ""frc5970"", ""frc997""]}, ""red"": {""dq_team_keys"": [], ""score"": 72, ""surrogate_team_keys"": [], ""team_keys"": [""frc8032"", ""frc2550"", ""frc5975""]}}, ""comp_level"": ""qm"", ""event_key"": ""2026orore"", ""key"": ""2026orore_qm32"", ""match_number"": 32, ""post_result_time"": 1774657117, ""predicted_time"": 1774657074, ""score_breakdown"": {""blue"": {""adjustPoints"": 0, ""autoTowerPoints"": 0, ""autoTowerRobot1"": ""None"", ""autoTowerRobot2"": ""None"", ""autoTowerRobot3"": ""None"", ""endGameTowerPoints"": 0, ""endGameTowerRobot1"": ""None"", ""endGameTowerRobot2"": ""None"", ""endGameTowerRobot3"": ""None"", ""energizedAchieved"": true, ""foulPoints"": 5, ""g206Penalty"": false, ""hubScore"": {""autoCount"": 33, ""autoPoints"": 33, ""endgameCount"": 52, ""endgamePoints"": 52, ""shift1Count"": 0, ""shift1Points"": 0, ""shift2Count"": 33, ""shift2Points"": 33, ""shift3Count"": 0, ""shift3Points"": 0, ""shift4Count"": 49, ""shift4Points"": 49, ""teleopCount"": 152, ""teleopPoints"": 152, ""totalCount"": 185, ""totalPoints"": 185, ""transitionCount"": 18, ""transitionPoints"": 18, ""uncounted"": 0}, ""majorFoulCount"": 0, ""minorFoulCount"": 0, ""penalties"": ""None"", ""rp"": 4, ""superchargedAchieved"": false, ""totalAutoPoints"": 33, ""totalPoints"": 190, ""totalTeleopPoints"": 152, ""totalTowerPoints"": 0, ""traversalAchieved"": false}, ""red"": {""adjustPoints"": 0, ""autoTowerPoints"": 0, ""autoTowerRobot1"": ""None"", ""autoTowerRobot2"": ""None"", ""autoTowerRobot3"": ""None"", ""endGameTowerPoints"": 0, ""endGameTowerRobot1"": ""None"", ""endGameTowerRobot2"": ""None"", ""endGameTowerRobot3"": ""None"", ""energizedAchieved"": false, ""foulPoints"": 0, ""g206Penalty"": false, ""hubScore"": {""autoCount"": 23, ""autoPoints"": 23, ""endgameCount"": 20, ""endgamePoints"": 20, ""shift1Count"": 16, ""shift1Points"": 16, ""shift2Count"": 0, ""shift2Points"": 0, ""shift3Count"": 13, ""shift3Points"": 13, ""shift4Count"": 0, ""shift4Points"": 0, ""teleopCount"": 49, ""teleopPoints"": 49, ""totalCount"": 72, ""totalPoints"": 72, ""transitionCount"": 0, ""transitionPoints"": 0, ""uncounted"": 2}, ""majorFoulCount"": 0, ""minorFoulCount"": 1, ""penalties"": ""None"", ""rp"": 0, ""superchargedAchieved"": false, ""totalAutoPoints"": 23, ""totalPoints"": 72, ""totalTeleopPoints"": 49, ""totalTowerPoints"": 0, ""traversalAchieved"": false}}, ""set_number"": 1, ""time"": 1774656900, ""videos"": [], ""winning_alliance"": ""blue""}","{""blue"": {""dq_team_keys"": [], ""score"": 190, ""surrogate_team_keys"": [], ""team_keys"": [""frc9567"", ""frc5970"", ""frc997""]}, ""red"": {""dq_team_keys"": [], ""score"": 72, ""surrogate_team_keys"": [], ""team_keys"": [""frc8032"", ""frc2550"", ""frc5975""]}}",[]
2026orore_qm33,33,qm,90.663,Merged selection,"{""actual_time"": 1774657426, ""alliances"": {""blue"": {""dq_team_keys"": [], ""score"": 295, ""surrogate_team_keys"": [], ""team_keys"": [""frc2811"", ""frc2635"", ""frc4915""]}, ""red"": {""dq_team_keys"": [], ""score"": 346, ""surrogate_team_keys"": [], ""team_keys"": [""frc2521"", ""frc2471"", ""frc2733""]}}, ""comp_level"": ""qm"", ""event_key"": ""2026orore"", ""key"": ""2026orore_qm33"", ""match_number"": 33, ""post_result_time"": 1774657677, ""predicted_time"": 1774657490, ""score_breakdown"": {""blue"": {""adjustPoints"": 0, ""autoTowerPoints"": 0, ""autoTowerRobot1"": ""None"", ""autoTowerRobot2"": ""None"", ""autoTowerRobot3"": ""None"", ""endGameTowerPoints"": 0, ""endGameTowerRobot1"": ""None"", ""endGameTowerRobot2"": ""None"", ""endGameTowerRobot3"": ""None"", ""energizedAchieved"": true, ""foulPoints"": 0, ""g206Penalty"": false, ""hubScore"": {""autoCount"": 29, ""autoPoints"": 29, ""endgameCount"": 111, ""endgamePoints"": 111, ""shift1Count"": 82, ""shift1Points"": 82, ""shift2Count"": 0, ""shift2Points"": 0, ""shift3Count"": 72, ""shift3Points"": 72, ""shift4Count"": 0, ""shift4Points"": 0, ""teleopCount"": 266, ""teleopPoints"": 266, ""totalCount"": 295, ""totalPoints"": 295, ""transitionCount"": 1, ""transitionPoints"": 1, ""uncounted"": 1}, ""majorFoulCount"": 0, ""minorFoulCount"": 0, ""penalties"": ""None"", ""rp"": 1, ""superchargedAchieved"": false, ""totalAutoPoints"": 29, ""totalPoints"": 295, ""totalTeleopPoints"": 266, ""totalTowerPoints"": 0, ""traversalAchieved"": false}, ""red"": {""adjustPoints"": 0, ""autoTowerPoints"": 0, ""autoTowerRobot1"": ""None"", ""autoTowerRobot2"": ""None"", ""autoTowerRobot3"": ""None"", ""endGameTowerPoints"": 0, ""endGameTowerRobot1"": ""None"", ""endGameTowerRobot2"": ""None"", ""endGameTowerRobot3"": ""None"", ""energizedAchieved"": true, ""foulPoints"": 0, ""g206Penalty"": false, ""hubScore"": {""autoCount"": 79, ""autoPoints"": 79, ""endgameCount"": 93, ""endgamePoints"": 93, ""shift1Count"": 0, ""shift1Points"": 0, ""shift2Count"": 95, ""shift2Points"": 95, ""shift3Count"": 0, ""shift3Points"": 0, ""shift4Count"": 69, ""shift4Points"": 69, ""teleopCount"": 267, ""teleopPoints"": 267, ""totalCount"": 346, ""totalPoints"": 346, ""transitionCount"": 10, ""transitionPoints"": 10, ""uncounted"": 1}, ""majorFoulCount"": 0, ""minorFoulCount"": 0, ""penalties"": ""None"", ""rp"": 4, ""superchargedAchieved"": false, ""totalAutoPoints"": 79, ""totalPoints"": 346, ""totalTeleopPoints"": 267, ""totalTowerPoints"": 0, ""traversalAchieved"": false}}, ""set_number"": 1, ""time"": 1774657440, ""videos"": [], ""winning_alliance"": ""red""}","{""blue"": {""dq_team_keys"": [], ""score"": 295, ""surrogate_team_keys"": [], ""team_keys"": [""frc2811"", ""frc2635"", ""frc4915""]}, ""red"": {""dq_team_keys"": [], ""score"": 346, ""surrogate_team_keys"": [], ""team_keys"": [""frc2521"", ""frc2471"", ""frc2733""]}}",[]
2026orore_qm34,34,qm,88.1695,Merged selection,"{""actual_time"": 1774657917, ""alliances"": {""blue"": {""dq_team_keys"": [], ""score"": 481, ""surrogate_team_keys"": [], ""team_keys"": [""frc749"", ""frc6696"", ""frc1540""]}, ""red"": {""dq_team_keys"": [], ""score"": 174, ""surrogate_team_keys"": [], ""team_keys"": [""frc6831"", ""frc10444"", ""frc1425""]}}, ""comp_level"": ""qm"", ""event_key"": ""2026orore"", ""key"": ""2026orore_qm34"", ""match_number"": 34, ""post_result_time"": 1774658099, ""predicted_time"": 1774658215, ""score_breakdown"": {""blue"": {""adjustPoints"": 0, ""autoTowerPoints"": 0, ""autoTowerRobot1"": ""None"", ""autoTowerRobot2"": ""None"", ""autoTowerRobot3"": ""None"", ""endGameTowerPoints"": 0, ""endGameTowerRobot1"": ""None"", ""endGameTowerRobot2"": ""None"", ""endGameTowerRobot3"": ""None"", ""energizedAchieved"": true, ""foulPoints"": 0, ""g206Penalty"": false, ""hubScore"": {""autoCount"": 75, ""autoPoints"": 75, ""endgameCount"": 115, ""endgamePoints"": 115, ""shift1Count"": 0, ""shift1Points"": 0, ""shift2Count"": 107, ""shift2Points"": 107, ""shift3Count"": 0, ""shift3Points"": 0, ""shift4Count"": 174, ""shift4Points"": 174, ""teleopCount"": 406, ""teleopPoints"": 406, ""totalCount"": 481, ""totalPoints"": 481, ""transitionCount"": 10, ""transitionPoints"": 10, ""uncounted"": 0}, ""majorFoulCount"": 0, ""minorFoulCount"": 1, ""penalties"": ""None"", ""rp"": 5, ""superchargedAchieved"": true, ""totalAutoPoints"": 75, ""totalPoints"": 481, ""totalTeleopPoints"": 406, ""totalTowerPoints"": 0, ""traversalAchieved"": false}, ""red"": {""adjustPoints"": 0, ""autoTowerPoints"": 0, ""autoTowerRobot1"": ""None"", ""autoTowerRobot2"": ""None"", ""autoTowerRobot3"": ""None"", ""endGameTowerPoints"": 0, ""endGameTowerRobot1"": ""None"", ""endGameTowerRobot2"": ""None"", ""endGameTowerRobot3"": ""None"", ""energizedAchieved"": true, ""foulPoints"": 5, ""g206Penalty"": false, ""hubScore"": {""autoCount"": 57, ""autoPoints"": 57, ""endgameCount"": 29, ""endgamePoints"": 29, ""shift1Count"": 44, ""shift1Points"": 44, ""shift2Count"": 0, ""shift2Points"": 0, ""shift3Count"": 39, ""shift3Points"": 39, ""shift4Count"": 0, ""shift4Points"": 0, ""teleopCount"": 112, ""teleopPoints"": 112, ""totalCount"": 169, ""totalPoints"": 169, ""transitionCount"": 0, ""transitionPoints"": 0, ""uncounted"": 1}, ""majorFoulCount"": 0, ""minorFoulCount"": 0, ""penalties"": ""None"", ""rp"": 1, ""superchargedAchieved"": false, ""totalAutoPoints"": 57, ""totalPoints"": 174, ""totalTeleopPoints"": 112, ""totalTowerPoints"": 0, ""traversalAchieved"": false}}, ""set_number"": 1, ""time"": 1774657980, ""videos"": [], ""winning_alliance"": ""blue""}","{""blue"": {""dq_team_keys"": [], ""score"": 481, ""surrogate_team_keys"": [], ""team_keys"": [""frc749"", ""frc6696"", ""frc1540""]}, ""red"": {""dq_team_keys"": [], ""score"": 174, ""surrogate_team_keys"": [], ""team_keys"": [""frc6831"", ""frc10444"", ""frc1425""]}}",[]
2026orore_qm35,35,qm,18.67,Merged selection,"{""actual_time"": 1774658347, ""alliances"": {""blue"": {""dq_team_keys"": [], ""score"": 231, ""surrogate_team_keys"": [], ""team_keys"": [""frc4488"", ""frc2915"", ""frc10991""]}, ""red"": {""dq_team_keys"": [], ""score"": 108, ""surrogate_team_keys"": [], ""team_keys"": [""frc957"", ""frc1359"", ""frc3669""]}}, ""comp_level"": ""qm"", ""event_key"": ""2026orore"", ""key"": ""2026orore_qm35"", ""match_number"": 35, ""post_result_time"": 1774658613, ""predicted_time"": 1774658553, ""score_breakdown"": {""blue"": {""adjustPoints"": 0, ""autoTowerPoints"": 0, ""autoTowerRobot1"": ""None"", ""autoTowerRobot2"": ""None"", ""autoTowerRobot3"": ""None"", ""endGameTowerPoints"": 0, ""endGameTowerRobot1"": ""None"", ""endGameTowerRobot2"": ""None"", ""endGameTowerRobot3"": ""None"", ""energizedAchieved"": true, ""foulPoints"": 5, ""g206Penalty"": false, ""hubScore"": {""autoCount"": 37, ""autoPoints"": 37, ""endgameCount"": 80, ""endgamePoints"": 80, ""shift1Count"": 59, ""shift1Points"": 59, ""shift2Count"": 0, ""shift2Points"": 0, ""shift3Count"": 49, ""shift3Points"": 49, ""shift4Count"": 0, ""shift4Points"": 0, ""teleopCount"": 189, ""teleopPoints"": 189, ""totalCount"": 226, ""totalPoints"": 226, ""transitionCount"": 1, ""transitionPoints"": 1, ""uncounted"": 2}, ""majorFoulCount"": 0, ""minorFoulCount"": 0, ""penalties"": ""None"", ""rp"": 4, ""superchargedAchieved"": false, ""totalAutoPoints"": 37, ""totalPoints"": 231, ""totalTeleopPoints"": 189, ""totalTowerPoints"": 0, ""traversalAchieved"": false}, ""red"": {""adjustPoints"": 0, ""autoTowerPoints"": 0, ""autoTowerRobot1"": ""None"", ""autoTowerRobot2"": ""None"", ""autoTowerRobot3"": ""None"", ""endGameTowerPoints"": 10, ""endGameTowerRobot1"": ""None"", ""endGameTowerRobot2"": ""Level1"", ""endGameTowerRobot3"": ""None"", ""energizedAchieved"": false, ""foulPoints"": 0, ""g206Penalty"": false, ""hubScore"": {""autoCount"": 39, ""autoPoints"": 39, ""endgameCount"": 7, ""endgamePoints"": 7, ""shift1Count"": 0, ""shift1Points"": 0, ""shift2Count"": 38, ""shift2Points"": 38, ""shift3Count"": 0, ""shift3Points"": 0, ""shift4Count"": 14, ""shift4Points"": 14, ""teleopCount"": 59, ""teleopPoints"": 59, ""totalCount"": 98, ""totalPoints"": 98, ""transitionCount"": 0, ""transitionPoints"": 0, ""uncounted"": 1}, ""majorFoulCount"": 0, ""minorFoulCount"": 1, ""penalties"": ""None"", ""rp"": 0, ""superchargedAchieved"": false, ""totalAutoPoints"": 39, ""totalPoints"": 108, ""totalTeleopPoints"": 69, ""totalTowerPoints"": 10, ""traversalAchieved"": false}}, ""set_number"": 1, ""time"": 1774658520, ""videos"": [], ""winning_alliance"": ""blue""}","{""blue"": {""dq_team_keys"": [], ""score"": 231, ""surrogate_team_keys"": [], ""team_keys"": [""frc4488"", ""frc2915"", ""frc10991""]}, ""red"": {""dq_team_keys"": [], ""score"": 108, ""surrogate_team_keys"": [], ""team_keys"": [""frc957"", ""frc1359"", ""frc3669""]}}",[]
2026orore_qm36,36,qm,29.159,Merged selection,"{""actual_time"": 1774659002, ""alliances"": {""blue"": {""dq_team_keys"": [], ""score"": 238, ""surrogate_team_keys"": [], ""team_keys"": [""frc2811"", ""frc8032"", ""frc4662""]}, ""red"": {""dq_team_keys"": [], ""score"": 236, ""surrogate_team_keys"": [], ""team_keys"": [""frc4915"", ""frc9430"", ""frc5975""]}}, ""comp_level"": ""qm"", ""event_key"": ""2026orore"", ""key"": ""2026orore_qm36"", ""match_number"": 36, ""post_result_time"": 1774659184, ""predicted_time"": 1774658990, ""score_breakdown"": {""blue"": {""adjustPoints"": 0, ""autoTowerPoints"": 0, ""autoTowerRobot1"": ""None"", ""autoTowerRobot2"": ""None"", ""autoTowerRobot3"": ""None"", ""endGameTowerPoints"": 0, ""endGameTowerRobot1"": ""None"", ""endGameTowerRobot2"": ""None"", ""endGameTowerRobot3"": ""None"", ""energizedAchieved"": true, ""foulPoints"": 0, ""g206Penalty"": false, ""hubScore"": {""autoCount"": 56, ""autoPoints"": 56, ""endgameCount"": 56, ""endgamePoints"": 56, ""shift1Count"": 0, ""shift1Points"": 0, ""shift2Count"": 66, ""shift2Points"": 66, ""shift3Count"": 0, ""shift3Points"": 0, ""shift4Count"": 59, ""shift4Points"": 59, ""teleopCount"": 182, ""teleopPoints"": 182, ""totalCount"": 238, ""totalPoints"": 238, ""transitionCount"": 1, ""transitionPoints"": 1, ""uncounted"": 0}, ""majorFoulCount"": 0, ""minorFoulCount"": 5, ""penalties"": ""None"", ""rp"": 4, ""superchargedAchieved"": false, ""totalAutoPoints"": 56, ""totalPoints"": 238, ""totalTeleopPoints"": 182, ""totalTowerPoints"": 0, ""traversalAchieved"": false}, ""red"": {""adjustPoints"": 0, ""autoTowerPoints"": 0, ""autoTowerRobot1"": ""None"", ""autoTowerRobot2"": ""None"", ""autoTowerRobot3"": ""None"", ""endGameTowerPoints"": 0, ""endGameTowerRobot1"": ""None"", ""endGameTowerRobot2"": ""None"", ""endGameTowerRobot3"": ""None"", ""energizedAchieved"": true, ""foulPoints"": 25, ""g206Penalty"": false, ""hubScore"": {""autoCount"": 26, ""autoPoints"": 26, ""endgameCount"": 63, ""endgamePoints"": 63, ""shift1Count"": 81, ""shift1Points"": 81, ""shift2Count"": 0, ""shift2Points"": 0, ""shift3Count"": 39, ""shift3Points"": 39, ""shift4Count"": 0, ""shift4Points"": 0, ""teleopCount"": 185, ""teleopPoints"": 185, ""totalCount"": 211, ""totalPoints"": 211, ""transitionCount"": 2, ""transitionPoints"": 2, ""uncounted"": 1}, ""majorFoulCount"": 0, ""minorFoulCount"": 0, ""penalties"": ""None"", ""rp"": 1, ""superchargedAchieved"": false, ""totalAutoPoints"": 26, ""totalPoints"": 236, ""totalTeleopPoints"": 185, ""totalTowerPoints"": 0, ""traversalAchieved"": false}}, ""set_number"": 1, ""time"": 1774659060, ""videos"": [], ""winning_alliance"": ""blue""}","{""blue"": {""dq_team_keys"": [], ""score"": 238, ""surrogate_team_keys"": [], ""team_keys"": [""frc2811"", ""frc8032"", ""frc4662""]}, ""red"": {""dq_team_keys"": [], ""score"": 236, ""surrogate_team_keys"": [], ""team_keys"": [""frc4915"", ""frc9430"", ""frc5975""]}}",[]
2026orore_qm37,37,qm,26.903000000000002,Merged selection,"{""actual_time"": 1774659434, ""alliances"": {""blue"": {""dq_team_keys"": [], ""score"": 167, ""surrogate_team_keys"": [], ""team_keys"": [""frc2930"", ""frc6831"", ""frc2471""]}, ""red"": {""dq_team_keys"": [], ""score"": 165, ""surrogate_team_keys"": [], ""team_keys"": [""frc5970"", ""frc2990"", ""frc2733""]}}, ""comp_level"": ""qm"", ""event_key"": ""2026orore"", ""key"": ""2026orore_qm37"", ""match_number"": 37, ""post_result_time"": 1774659622, ""predicted_time"": 1774659649, ""score_breakdown"": {""blue"": {""adjustPoints"": 0, ""autoTowerPoints"": 0, ""autoTowerRobot1"": ""None"", ""autoTowerRobot2"": ""None"", ""autoTowerRobot3"": ""None"", ""endGameTowerPoints"": 0, ""endGameTowerRobot1"": ""None"", ""endGameTowerRobot2"": ""None"", ""endGameTowerRobot3"": ""None"", ""energizedAchieved"": true, ""foulPoints"": 0, ""g206Penalty"": false, ""hubScore"": {""autoCount"": 44, ""autoPoints"": 44, ""endgameCount"": 54, ""endgamePoints"": 54, ""shift1Count"": 0, ""shift1Points"": 0, ""shift2Count"": 28, ""shift2Points"": 28, ""shift3Count"": 0, ""shift3Points"": 0, ""shift4Count"": 12, ""shift4Points"": 12, ""teleopCount"": 123, ""teleopPoints"": 123, ""totalCount"": 167, ""totalPoints"": 167, ""transitionCount"": 29, ""transitionPoints"": 29, ""uncounted"": 0}, ""majorFoulCount"": 0, ""minorFoulCount"": 1, ""penalties"": ""None"", ""rp"": 4, ""superchargedAchieved"": false, ""totalAutoPoints"": 44, ""totalPoints"": 167, ""totalTeleopPoints"": 123, ""totalTowerPoints"": 0, ""traversalAchieved"": false}, ""red"": {""adjustPoints"": 0, ""autoTowerPoints"": 0, ""autoTowerRobot1"": ""None"", ""autoTowerRobot2"": ""None"", ""autoTowerRobot3"": ""None"", ""endGameTowerPoints"": 0, ""endGameTowerRobot1"": ""None"", ""endGameTowerRobot2"": ""None"", ""endGameTowerRobot3"": ""None"", ""energizedAchieved"": true, ""foulPoints"": 5, ""g206Penalty"": false, ""hubScore"": {""autoCount"": 32, ""autoPoints"": 32, ""endgameCount"": 51, ""endgamePoints"": 51, ""shift1Count"": 27, ""shift1Points"": 27, ""shift2Count"": 0, ""shift2Points"": 0, ""shift3Count"": 35, ""shift3Points"": 35, ""shift4Count"": 0, ""shift4Points"": 0, ""teleopCount"": 128, ""teleopPoints"": 128, ""totalCount"": 160, ""totalPoints"": 160, ""transitionCount"": 15, ""transitionPoints"": 15, ""uncounted"": 0}, ""majorFoulCount"": 0, ""minorFoulCount"": 0, ""penalties"": ""None"", ""rp"": 1, ""superchargedAchieved"": false, ""totalAutoPoints"": 32, ""totalPoints"": 165, ""totalTeleopPoints"": 128, ""totalTowerPoints"": 0, ""traversalAchieved"": false}}, ""set_number"": 1, ""time"": 1774659600, ""videos"": [], ""winning_alliance"": ""blue""}","{""blue"": {""dq_team_keys"": [], ""score"": 167, ""surrogate_team_keys"": [], ""team_keys"": [""frc2930"", ""frc6831"", ""frc2471""]}, ""red"": {""dq_team_keys"": [], ""score"": 165, ""surrogate_team_keys"": [], ""team_keys"": [""frc5970"", ""frc2990"", ""frc2733""]}}",[]
2026orore_qm38,38,qm,76.37,Merged selection,"{""actual_time"": 1774659922, ""alliances"": {""blue"": {""dq_team_keys"": [], ""score"": 304, ""surrogate_team_keys"": [], ""team_keys"": [""frc3674"", ""frc1540"", ""frc10444""]}, ""red"": {""dq_team_keys"": [], ""score"": 112, ""surrogate_team_keys"": [], ""team_keys"": [""frc1359"", ""frc2550"", ""frc10991""]}}, ""comp_level"": ""qm"", ""event_key"": ""2026orore"", ""key"": ""2026orore_qm38"", ""match_number"": 38, ""post_result_time"": 1774660107, ""predicted_time"": 1774660076, ""score_breakdown"": {""blue"": {""adjustPoints"": 0, ""autoTowerPoints"": 0, ""autoTowerRobot1"": ""None"", ""autoTowerRobot2"": ""None"", ""autoTowerRobot3"": ""None"", ""endGameTowerPoints"": 0, ""endGameTowerRobot1"": ""None"", ""endGameTowerRobot2"": ""None"", ""endGameTowerRobot3"": ""None"", ""energizedAchieved"": true, ""foulPoints"": 5, ""g206Penalty"": false, ""hubScore"": {""autoCount"": 78, ""autoPoints"": 78, ""endgameCount"": 64, ""endgamePoints"": 64, ""shift1Count"": 0, ""shift1Points"": 0, ""shift2Count"": 93, ""shift2Points"": 93, ""shift3Count"": 0, ""shift3Points"": 0, ""shift4Count"": 40, ""shift4Points"": 40, ""teleopCount"": 221, ""teleopPoints"": 221, ""totalCount"": 299, ""totalPoints"": 299, ""transitionCount"": 24, ""transitionPoints"": 24, ""uncounted"": 0}, ""majorFoulCount"": 0, ""minorFoulCount"": 0, ""penalties"": ""None"", ""rp"": 4, ""superchargedAchieved"": false, ""totalAutoPoints"": 78, ""totalPoints"": 304, ""totalTeleopPoints"": 221, ""totalTowerPoints"": 0, ""traversalAchieved"": false}, ""red"": {""adjustPoints"": 0, ""autoTowerPoints"": 0, ""autoTowerRobot1"": ""None"", ""autoTowerRobot2"": ""None"", ""autoTowerRobot3"": ""None"", ""endGameTowerPoints"": 20, ""endGameTowerRobot1"": ""Level1"", ""endGameTowerRobot2"": ""Level1"", ""endGameTowerRobot3"": ""None"", ""energizedAchieved"": false, ""foulPoints"": 0, ""g206Penalty"": false, ""hubScore"": {""autoCount"": 32, ""autoPoints"": 32, ""endgameCount"": 32, ""endgamePoints"": 32, ""shift1Count"": 6, ""shift1Points"": 6, ""shift2Count"": 0, ""shift2Points"": 0, ""shift3Count"": 22, ""shift3Points"": 22, ""shift4Count"": 0, ""shift4Points"": 0, ""teleopCount"": 60, ""teleopPoints"": 60, ""totalCount"": 92, ""totalPoints"": 92, ""transitionCount"": 0, ""transitionPoints"": 0, ""uncounted"": 0}, ""majorFoulCount"": 0, ""minorFoulCount"": 1, ""penalties"": ""None"", ""rp"": 0, ""superchargedAchieved"": false, ""totalAutoPoints"": 32, ""totalPoints"": 112, ""totalTeleopPoints"": 80, ""totalTowerPoints"": 20, ""traversalAchieved"": false}}, ""set_number"": 1, ""time"": 1774660140, ""videos"": [], ""winning_alliance"": ""blue""}","{""blue"": {""dq_team_keys"": [], ""score"": 304, ""surrogate_team_keys"": [], ""team_keys"": [""frc3674"", ""frc1540"", ""frc10444""]}, ""red"": {""dq_team_keys"": [], ""score"": 112, ""surrogate_team_keys"": [], ""team_keys"": [""frc1359"", ""frc2550"", ""frc10991""]}}",[]
2026orore_qm39,39,qm,9.268,Merged selection,"{""actual_time"": 1774660390, ""alliances"": {""blue"": {""dq_team_keys"": [], ""score"": 379, ""surrogate_team_keys"": [], ""team_keys"": [""frc2521"", ""frc955"", ""frc6696""]}, ""red"": {""dq_team_keys"": [], ""score"": 110, ""surrogate_team_keys"": [], ""team_keys"": [""frc2915"", ""frc2635"", ""frc749""]}}, ""comp_level"": ""qm"", ""event_key"": ""2026orore"", ""key"": ""2026orore_qm39"", ""match_number"": 39, ""post_result_time"": 1774660575, ""predicted_time"": 1774660567, ""score_breakdown"": {""blue"": {""adjustPoints"": 0, ""autoTowerPoints"": 0, ""autoTowerRobot1"": ""None"", ""autoTowerRobot2"": ""None"", ""autoTowerRobot3"": ""None"", ""endGameTowerPoints"": 0, ""endGameTowerRobot1"": ""None"", ""endGameTowerRobot2"": ""None"", ""endGameTowerRobot3"": ""None"", ""energizedAchieved"": true, ""foulPoints"": 5, ""g206Penalty"": false, ""hubScore"": {""autoCount"": 72, ""autoPoints"": 72, ""endgameCount"": 108, ""endgamePoints"": 108, ""shift1Count"": 0, ""shift1Points"": 0, ""shift2Count"": 69, ""shift2Points"": 69, ""shift3Count"": 0, ""shift3Points"": 0, ""shift4Count"": 109, ""shift4Points"": 109, ""teleopCount"": 302, ""teleopPoints"": 302, ""totalCount"": 374, ""totalPoints"": 374, ""transitionCount"": 16, ""transitionPoints"": 16, ""uncounted"": 0}, ""majorFoulCount"": 0, ""minorFoulCount"": 0, ""penalties"": ""None"", ""rp"": 5, ""superchargedAchieved"": true, ""totalAutoPoints"": 72, ""totalPoints"": 379, ""totalTeleopPoints"": 302, ""totalTowerPoints"": 0, ""traversalAchieved"": false}, ""red"": {""adjustPoints"": 0, ""autoTowerPoints"": 0, ""autoTowerRobot1"": ""None"", ""autoTowerRobot2"": ""None"", ""autoTowerRobot3"": ""None"", ""endGameTowerPoints"": 0, ""endGameTowerRobot1"": ""None"", ""endGameTowerRobot2"": ""None"", ""endGameTowerRobot3"": ""None"", ""energizedAchieved"": true, ""foulPoints"": 0, ""g206Penalty"": false, ""hubScore"": {""autoCount"": 30, ""autoPoints"": 30, ""endgameCount"": 28, ""endgamePoints"": 28, ""shift1Count"": 27, ""shift1Points"": 27, ""shift2Count"": 0, ""shift2Points"": 0, ""shift3Count"": 23, ""shift3Points"": 23, ""shift4Count"": 0, ""shift4Points"": 0, ""teleopCount"": 80, ""teleopPoints"": 80, ""totalCount"": 110, ""totalPoints"": 110, ""transitionCount"": 2, ""transitionPoints"": 2, ""uncounted"": 4}, ""majorFoulCount"": 0, ""minorFoulCount"": 1, ""penalties"": ""None"", ""rp"": 1, ""superchargedAchieved"": false, ""totalAutoPoints"": 30, ""totalPoints"": 110, ""totalTeleopPoints"": 80, ""totalTowerPoints"": 0, ""traversalAchieved"": false}}, ""set_number"": 1, ""time"": 1774660680, ""videos"": [], ""winning_alliance"": ""blue""}","{""blue"": {""dq_team_keys"": [], ""score"": 379, ""surrogate_team_keys"": [], ""team_keys"": [""frc2521"", ""frc955"", ""frc6696""]}, ""red"": {""dq_team_keys"": [], ""score"": 110, ""surrogate_team_keys"": [], ""team_keys"": [""frc2915"", ""frc2635"", ""frc749""]}}",[]
2026orore_qm40,40,qm,12.5,Merged selection,"{""actual_time"": 1774660925, ""alliances"": {""blue"": {""dq_team_keys"": [], ""score"": 104, ""surrogate_team_keys"": [], ""team_keys"": [""frc2898"", ""frc9600"", ""frc2557""]}, ""red"": {""dq_team_keys"": [], ""score"": 164, ""surrogate_team_keys"": [], ""team_keys"": [""frc997"", ""frc957"", ""frc3636""]}}, ""comp_level"": ""qm"", ""event_key"": ""2026orore"", ""key"": ""2026orore_qm40"", ""match_number"": 40, ""post_result_time"": 1774661108, ""predicted_time"": 1774661059, ""score_breakdown"": {""blue"": {""adjustPoints"": 0, ""autoTowerPoints"": 0, ""autoTowerRobot1"": ""None"", ""autoTowerRobot2"": ""None"", ""autoTowerRobot3"": ""None"", ""endGameTowerPoints"": 0, ""endGameTowerRobot1"": ""None"", ""endGameTowerRobot2"": ""None"", ""endGameTowerRobot3"": ""None"", ""energizedAchieved"": false, ""foulPoints"": 10, ""g206Penalty"": false, ""hubScore"": {""autoCount"": 40, ""autoPoints"": 40, ""endgameCount"": 11, ""endgamePoints"": 11, ""shift1Count"": 8, ""shift1Points"": 8, ""shift2Count"": 0, ""shift2Points"": 0, ""shift3Count"": 28, ""shift3Points"": 28, ""shift4Count"": 0, ""shift4Points"": 0, ""teleopCount"": 54, ""teleopPoints"": 54, ""totalCount"": 94, ""totalPoints"": 94, ""transitionCount"": 7, ""transitionPoints"": 7, ""uncounted"": 0}, ""majorFoulCount"": 0, ""minorFoulCount"": 3, ""penalties"": ""None"", ""rp"": 0, ""superchargedAchieved"": false, ""totalAutoPoints"": 40, ""totalPoints"": 104, ""totalTeleopPoints"": 54, ""totalTowerPoints"": 0, ""traversalAchieved"": false}, ""red"": {""adjustPoints"": 0, ""autoTowerPoints"": 0, ""autoTowerRobot1"": ""None"", ""autoTowerRobot2"": ""None"", ""autoTowerRobot3"": ""None"", ""endGameTowerPoints"": 0, ""endGameTowerRobot1"": ""None"", ""endGameTowerRobot2"": ""None"", ""endGameTowerRobot3"": ""None"", ""energizedAchieved"": true, ""foulPoints"": 15, ""g206Penalty"": false, ""hubScore"": {""autoCount"": 46, ""autoPoints"": 46, ""endgameCount"": 37, ""endgamePoints"": 37, ""shift1Count"": 0, ""shift1Points"": 0, ""shift2Count"": 33, ""shift2Points"": 33, ""shift3Count"": 0, ""shift3Points"": 0, ""shift4Count"": 24, ""shift4Points"": 24, ""teleopCount"": 103, ""teleopPoints"": 103, ""totalCount"": 149, ""totalPoints"": 149, ""transitionCount"": 9, ""transitionPoints"": 9, ""uncounted"": 1}, ""majorFoulCount"": 0, ""minorFoulCount"": 2, ""penalties"": ""None"", ""rp"": 4, ""superchargedAchieved"": false, ""totalAutoPoints"": 46, ""totalPoints"": 164, ""totalTeleopPoints"": 103, ""totalTowerPoints"": 0, ""traversalAchieved"": false}}, ""set_number"": 1, ""time"": 1774661220, ""videos"": [], ""winning_alliance"": ""red""}","{""blue"": {""dq_team_keys"": [], ""score"": 104, ""surrogate_team_keys"": [], ""team_keys"": [""frc2898"", ""frc9600"", ""frc2557""]}, ""red"": {""dq_team_keys"": [], ""score"": 164, ""surrogate_team_keys"": [], ""team_keys"": [""frc997"", ""frc957"", ""frc3636""]}}",[]
2026orore_qm41,41,qm,99.72999999999999,Merged selection,"{""actual_time"": 1774662462, ""alliances"": {""blue"": {""dq_team_keys"": [], ""score"": 199, ""surrogate_team_keys"": [], ""team_keys"": [""frc3669"", ""frc4488"", ""frc6831""]}, ""red"": {""dq_team_keys"": [], ""score"": 263, ""surrogate_team_keys"": [], ""team_keys"": [""frc6465"", ""frc9567"", ""frc1425""]}}, ""comp_level"": ""qm"", ""event_key"": ""2026orore"", ""key"": ""2026orore_qm41"", ""match_number"": 41, ""post_result_time"": 1774662649, ""predicted_time"": 1774663265, ""score_breakdown"": {""blue"": {""adjustPoints"": 0, ""autoTowerPoints"": 0, ""autoTowerRobot1"": ""None"", ""autoTowerRobot2"": ""None"", ""autoTowerRobot3"": ""None"", ""endGameTowerPoints"": 0, ""endGameTowerRobot1"": ""None"", ""endGameTowerRobot2"": ""None"", ""endGameTowerRobot3"": ""None"", ""energizedAchieved"": true, ""foulPoints"": 0, ""g206Penalty"": false, ""hubScore"": {""autoCount"": 34, ""autoPoints"": 34, ""endgameCount"": 64, ""endgamePoints"": 64, ""shift1Count"": 56, ""shift1Points"": 56, ""shift2Count"": 0, ""shift2Points"": 0, ""shift3Count"": 45, ""shift3Points"": 45, ""shift4Count"": 0, ""shift4Points"": 0, ""teleopCount"": 165, ""teleopPoints"": 165, ""totalCount"": 199, ""totalPoints"": 199, ""transitionCount"": 0, ""transitionPoints"": 0, ""uncounted"": 4}, ""majorFoulCount"": 0, ""minorFoulCount"": 0, ""penalties"": ""None"", ""rp"": 1, ""superchargedAchieved"": false, ""totalAutoPoints"": 34, ""totalPoints"": 199, ""totalTeleopPoints"": 165, ""totalTowerPoints"": 0, ""traversalAchieved"": false}, ""red"": {""adjustPoints"": 0, ""autoTowerPoints"": 0, ""autoTowerRobot1"": ""None"", ""autoTowerRobot2"": ""None"", ""autoTowerRobot3"": ""None"", ""endGameTowerPoints"": 0, ""endGameTowerRobot1"": ""None"", ""endGameTowerRobot2"": ""None"", ""endGameTowerRobot3"": ""None"", ""energizedAchieved"": true, ""foulPoints"": 0, ""g206Penalty"": false, ""hubScore"": {""autoCount"": 60, ""autoPoints"": 60, ""endgameCount"": 51, ""endgamePoints"": 51, ""shift1Count"": 0, ""shift1Points"": 0, ""shift2Count"": 72, ""shift2Points"": 72, ""shift3Count"": 0, ""shift3Points"": 0, ""shift4Count"": 63, ""shift4Points"": 63, ""teleopCount"": 203, ""teleopPoints"": 203, ""totalCount"": 263, ""totalPoints"": 263, ""transitionCount"": 17, ""transitionPoints"": 17, ""uncounted"": 8}, ""majorFoulCount"": 0, ""minorFoulCount"": 0, ""penalties"": ""None"", ""rp"": 4, ""superchargedAchieved"": false, ""totalAutoPoints"": 60, ""totalPoints"": 263, ""totalTeleopPoints"": 203, ""totalTowerPoints"": 0, ""traversalAchieved"": false}}, ""set_number"": 1, ""time"": 1774661760, ""videos"": [], ""winning_alliance"": ""red""}","{""blue"": {""dq_team_keys"": [], ""score"": 199, ""surrogate_team_keys"": [], ""team_keys"": [""frc3669"", ""frc4488"", ""frc6831""]}, ""red"": {""dq_team_keys"": [], ""score"": 263, ""surrogate_team_keys"": [], ""team_keys"": [""frc6465"", ""frc9567"", ""frc1425""]}}",[]
2026orore_qm42,42,qm,47.665,Merged selection,"{""actual_time"": 1774663117, ""alliances"": {""blue"": {""dq_team_keys"": [], ""score"": 168, ""surrogate_team_keys"": [], ""team_keys"": [""frc2471"", ""frc2550"", ""frc5970""]}, ""red"": {""dq_team_keys"": [], ""score"": 220, ""surrogate_team_keys"": [], ""team_keys"": [""frc4915"", ""frc10444"", ""frc6696""]}}, ""comp_level"": ""qm"", ""event_key"": ""2026orore"", ""key"": ""2026orore_qm42"", ""match_number"": 42, ""post_result_time"": 1774663299, ""predicted_time"": 1774663761, ""score_breakdown"": {""blue"": {""adjustPoints"": 0, ""autoTowerPoints"": 0, ""autoTowerRobot1"": ""None"", ""autoTowerRobot2"": ""None"", ""autoTowerRobot3"": ""None"", ""endGameTowerPoints"": 0, ""endGameTowerRobot1"": ""None"", ""endGameTowerRobot2"": ""None"", ""endGameTowerRobot3"": ""None"", ""energizedAchieved"": true, ""foulPoints"": 5, ""g206Penalty"": false, ""hubScore"": {""autoCount"": 29, ""autoPoints"": 29, ""endgameCount"": 42, ""endgamePoints"": 42, ""shift1Count"": 41, ""shift1Points"": 41, ""shift2Count"": 0, ""shift2Points"": 0, ""shift3Count"": 47, ""shift3Points"": 47, ""shift4Count"": 0, ""shift4Points"": 0, ""teleopCount"": 134, ""teleopPoints"": 134, ""totalCount"": 163, ""totalPoints"": 163, ""transitionCount"": 4, ""transitionPoints"": 4, ""uncounted"": 0}, ""majorFoulCount"": 0, ""minorFoulCount"": 1, ""penalties"": ""None"", ""rp"": 1, ""superchargedAchieved"": false, ""totalAutoPoints"": 29, ""totalPoints"": 168, ""totalTeleopPoints"": 134, ""totalTowerPoints"": 0, ""traversalAchieved"": false}, ""red"": {""adjustPoints"": 0, ""autoTowerPoints"": 0, ""autoTowerRobot1"": ""None"", ""autoTowerRobot2"": ""None"", ""autoTowerRobot3"": ""None"", ""endGameTowerPoints"": 0, ""endGameTowerRobot1"": ""None"", ""endGameTowerRobot2"": ""None"", ""endGameTowerRobot3"": ""None"", ""energizedAchieved"": true, ""foulPoints"": 5, ""g206Penalty"": false, ""hubScore"": {""autoCount"": 73, ""autoPoints"": 73, ""endgameCount"": 28, ""endgamePoints"": 28, ""shift1Count"": 0, ""shift1Points"": 0, ""shift2Count"": 96, ""shift2Points"": 96, ""shift3Count"": 0, ""shift3Points"": 0, ""shift4Count"": 0, ""shift4Points"": 0, ""teleopCount"": 142, ""teleopPoints"": 142, ""totalCount"": 215, ""totalPoints"": 215, ""transitionCount"": 18, ""transitionPoints"": 18, ""uncounted"": 0}, ""majorFoulCount"": 0, ""minorFoulCount"": 1, ""penalties"": ""None"", ""rp"": 4, ""superchargedAchieved"": false, ""totalAutoPoints"": 73, ""totalPoints"": 220, ""totalTeleopPoints"": 142, ""totalTowerPoints"": 0, ""traversalAchieved"": false}}, ""set_number"": 1, ""time"": 1774662300, ""videos"": [], ""winning_alliance"": ""red""}","{""blue"": {""dq_team_keys"": [], ""score"": 168, ""surrogate_team_keys"": [], ""team_keys"": [""frc2471"", ""frc2550"", ""frc5970""]}, ""red"": {""dq_team_keys"": [], ""score"": 220, ""surrogate_team_keys"": [], ""team_keys"": [""frc4915"", ""frc10444"", ""frc6696""]}}",[]
2026orore_qm43,43,qm,23.003500000000003,Merged selection,"{""actual_time"": 1774663555, ""alliances"": {""blue"": {""dq_team_keys"": [], ""score"": 351, ""surrogate_team_keys"": [], ""team_keys"": [""frc9430"", ""frc2521"", ""frc3674""]}, ""red"": {""dq_team_keys"": [], ""score"": 411, ""surrogate_team_keys"": [], ""team_keys"": [""frc10991"", ""frc997"", ""frc1540""]}}, ""comp_level"": ""qm"", ""event_key"": ""2026orore"", ""key"": ""2026orore_qm43"", ""match_number"": 43, ""post_result_time"": 1774663737, ""predicted_time"": 1774663992, ""score_breakdown"": {""blue"": {""adjustPoints"": 0, ""autoTowerPoints"": 0, ""autoTowerRobot1"": ""None"", ""autoTowerRobot2"": ""None"", ""autoTowerRobot3"": ""None"", ""endGameTowerPoints"": 0, ""endGameTowerRobot1"": ""None"", ""endGameTowerRobot2"": ""None"", ""endGameTowerRobot3"": ""None"", ""energizedAchieved"": true, ""foulPoints"": 0, ""g206Penalty"": false, ""hubScore"": {""autoCount"": 79, ""autoPoints"": 79, ""endgameCount"": 62, ""endgamePoints"": 62, ""shift1Count"": 0, ""shift1Points"": 0, ""shift2Count"": 115, ""shift2Points"": 115, ""shift3Count"": 0, ""shift3Points"": 0, ""shift4Count"": 87, ""shift4Points"": 87, ""teleopCount"": 272, ""teleopPoints"": 272, ""totalCount"": 351, ""totalPoints"": 351, ""transitionCount"": 8, ""transitionPoints"": 8, ""uncounted"": 2}, ""majorFoulCount"": 0, ""minorFoulCount"": 2, ""penalties"": ""None"", ""rp"": 1, ""superchargedAchieved"": false, ""totalAutoPoints"": 79, ""totalPoints"": 351, ""totalTeleopPoints"": 272, ""totalTowerPoints"": 0, ""traversalAchieved"": false}, ""red"": {""adjustPoints"": 0, ""autoTowerPoints"": 0, ""autoTowerRobot1"": ""None"", ""autoTowerRobot2"": ""None"", ""autoTowerRobot3"": ""None"", ""endGameTowerPoints"": 0, ""endGameTowerRobot1"": ""None"", ""endGameTowerRobot2"": ""None"", ""endGameTowerRobot3"": ""None"", ""energizedAchieved"": true, ""foulPoints"": 10, ""g206Penalty"": false, ""hubScore"": {""autoCount"": 65, ""autoPoints"": 65, ""endgameCount"": 145, ""endgamePoints"": 145, ""shift1Count"": 79, ""shift1Points"": 79, ""shift2Count"": 0, ""shift2Points"": 0, ""shift3Count"": 103, ""shift3Points"": 103, ""shift4Count"": 0, ""shift4Points"": 0, ""teleopCount"": 336, ""teleopPoints"": 336, ""totalCount"": 401, ""totalPoints"": 401, ""transitionCount"": 9, ""transitionPoints"": 9, ""uncounted"": 1}, ""majorFoulCount"": 0, ""minorFoulCount"": 0, ""penalties"": ""None"", ""rp"": 5, ""superchargedAchieved"": true, ""totalAutoPoints"": 65, ""totalPoints"": 411, ""totalTeleopPoints"": 336, ""totalTowerPoints"": 0, ""traversalAchieved"": false}}, ""set_number"": 1, ""time"": 1774662840, ""videos"": [], ""winning_alliance"": ""red""}","{""blue"": {""dq_team_keys"": [], ""score"": 351, ""surrogate_team_keys"": [], ""team_keys"": [""frc9430"", ""frc2521"", ""frc3674""]}, ""red"": {""dq_team_keys"": [], ""score"": 411, ""surrogate_team_keys"": [], ""team_keys"": [""frc10991"", ""frc997"", ""frc1540""]}}",[]
2026orore_qm44,44,qm,6.827,Merged selection,"{""actual_time"": 1774664117, ""alliances"": {""blue"": {""dq_team_keys"": [], ""score"": 72, ""surrogate_team_keys"": [], ""team_keys"": [""frc9567"", ""frc2557"", ""frc1359""]}, ""red"": {""dq_team_keys"": [], ""score"": 443, ""surrogate_team_keys"": [], ""team_keys"": [""frc1425"", ""frc955"", ""frc2733""]}}, ""comp_level"": ""qm"", ""event_key"": ""2026orore"", ""key"": ""2026orore_qm44"", ""match_number"": 44, ""post_result_time"": 1774664297, ""predicted_time"": 1774664396, ""score_breakdown"": {""blue"": {""adjustPoints"": 0, ""autoTowerPoints"": 0, ""autoTowerRobot1"": ""None"", ""autoTowerRobot2"": ""None"", ""autoTowerRobot3"": ""None"", ""endGameTowerPoints"": 10, ""endGameTowerRobot1"": ""None"", ""endGameTowerRobot2"": ""None"", ""endGameTowerRobot3"": ""Level1"", ""energizedAchieved"": false, ""foulPoints"": 0, ""g206Penalty"": false, ""hubScore"": {""autoCount"": 34, ""autoPoints"": 34, ""endgameCount"": 23, ""endgamePoints"": 23, ""shift1Count"": 0, ""shift1Points"": 0, ""shift2Count"": 0, ""shift2Points"": 0, ""shift3Count"": 5, ""shift3Points"": 5, ""shift4Count"": 0, ""shift4Points"": 0, ""teleopCount"": 28, ""teleopPoints"": 28, ""totalCount"": 62, ""totalPoints"": 62, ""transitionCount"": 0, ""transitionPoints"": 0, ""uncounted"": 0}, ""majorFoulCount"": 0, ""minorFoulCount"": 0, ""penalties"": ""None"", ""rp"": 0, ""superchargedAchieved"": false, ""totalAutoPoints"": 34, ""totalPoints"": 72, ""totalTeleopPoints"": 38, ""totalTowerPoints"": 10, ""traversalAchieved"": false}, ""red"": {""adjustPoints"": 0, ""autoTowerPoints"": 0, ""autoTowerRobot1"": ""None"", ""autoTowerRobot2"": ""None"", ""autoTowerRobot3"": ""None"", ""endGameTowerPoints"": 0, ""endGameTowerRobot1"": ""None"", ""endGameTowerRobot2"": ""None"", ""endGameTowerRobot3"": ""None"", ""energizedAchieved"": true, ""foulPoints"": 0, ""g206Penalty"": false, ""hubScore"": {""autoCount"": 102, ""autoPoints"": 102, ""endgameCount"": 81, ""endgamePoints"": 81, ""shift1Count"": 0, ""shift1Points"": 0, ""shift2Count"": 141, ""shift2Points"": 141, ""shift3Count"": 0, ""shift3Points"": 0, ""shift4Count"": 80, ""shift4Points"": 80, ""teleopCount"": 341, ""teleopPoints"": 341, ""totalCount"": 443, ""totalPoints"": 443, ""transitionCount"": 39, ""transitionPoints"": 39, ""uncounted"": 4}, ""majorFoulCount"": 0, ""minorFoulCount"": 0, ""penalties"": ""None"", ""rp"": 5, ""superchargedAchieved"": true, ""totalAutoPoints"": 102, ""totalPoints"": 443, ""totalTeleopPoints"": 341, ""totalTowerPoints"": 0, ""traversalAchieved"": false}}, ""set_number"": 1, ""time"": 1774663380, ""videos"": [], ""winning_alliance"": ""red""}","{""blue"": {""dq_team_keys"": [], ""score"": 72, ""surrogate_team_keys"": [], ""team_keys"": [""frc9567"", ""frc2557"", ""frc1359""]}, ""red"": {""dq_team_keys"": [], ""score"": 443, ""surrogate_team_keys"": [], ""team_keys"": [""frc1425"", ""frc955"", ""frc2733""]}}",[]
2026orore_qm45,45,qm,10.176,Merged selection,"{""actual_time"": 1774664550, ""alliances"": {""blue"": {""dq_team_keys"": [], ""score"": 160, ""surrogate_team_keys"": [], ""team_keys"": [""frc4662"", ""frc957"", ""frc5975""]}, ""red"": {""dq_team_keys"": [], ""score"": 176, ""surrogate_team_keys"": [], ""team_keys"": [""frc2635"", ""frc2930"", ""frc4488""]}}, ""comp_level"": ""qm"", ""event_key"": ""2026orore"", ""key"": ""2026orore_qm45"", ""match_number"": 45, ""post_result_time"": 1774664732, ""predicted_time"": 1774664766, ""score_breakdown"": {""blue"": {""adjustPoints"": 0, ""autoTowerPoints"": 0, ""autoTowerRobot1"": ""None"", ""autoTowerRobot2"": ""None"", ""autoTowerRobot3"": ""None"", ""endGameTowerPoints"": 0, ""endGameTowerRobot1"": ""None"", ""endGameTowerRobot2"": ""None"", ""endGameTowerRobot3"": ""None"", ""energizedAchieved"": true, ""foulPoints"": 5, ""g206Penalty"": false, ""hubScore"": {""autoCount"": 33, ""autoPoints"": 33, ""endgameCount"": 39, ""endgamePoints"": 39, ""shift1Count"": 41, ""shift1Points"": 41, ""shift2Count"": 0, ""shift2Points"": 0, ""shift3Count"": 37, ""shift3Points"": 37, ""shift4Count"": 0, ""shift4Points"": 0, ""teleopCount"": 122, ""teleopPoints"": 122, ""totalCount"": 155, ""totalPoints"": 155, ""transitionCount"": 5, ""transitionPoints"": 5, ""uncounted"": 1}, ""majorFoulCount"": 0, ""minorFoulCount"": 3, ""penalties"": ""None"", ""rp"": 1, ""superchargedAchieved"": false, ""totalAutoPoints"": 33, ""totalPoints"": 160, ""totalTeleopPoints"": 122, ""totalTowerPoints"": 0, ""traversalAchieved"": false}, ""red"": {""adjustPoints"": 0, ""autoTowerPoints"": 0, ""autoTowerRobot1"": ""None"", ""autoTowerRobot2"": ""None"", ""autoTowerRobot3"": ""None"", ""endGameTowerPoints"": 0, ""endGameTowerRobot1"": ""None"", ""endGameTowerRobot2"": ""None"", ""endGameTowerRobot3"": ""None"", ""energizedAchieved"": true, ""foulPoints"": 15, ""g206Penalty"": false, ""hubScore"": {""autoCount"": 42, ""autoPoints"": 42, ""endgameCount"": 17, ""endgamePoints"": 17, ""shift1Count"": 0, ""shift1Points"": 0, ""shift2Count"": 52, ""shift2Points"": 52, ""shift3Count"": 0, ""shift3Points"": 0, ""shift4Count"": 42, ""shift4Points"": 42, ""teleopCount"": 119, ""teleopPoints"": 119, ""totalCount"": 161, ""totalPoints"": 161, ""transitionCount"": 8, ""transitionPoints"": 8, ""uncounted"": 1}, ""majorFoulCount"": 0, ""minorFoulCount"": 1, ""penalties"": ""None"", ""rp"": 4, ""superchargedAchieved"": false, ""totalAutoPoints"": 42, ""totalPoints"": 176, ""totalTeleopPoints"": 119, ""totalTowerPoints"": 0, ""traversalAchieved"": false}}, ""set_number"": 1, ""time"": 1774663920, ""videos"": [], ""winning_alliance"": ""red""}","{""blue"": {""dq_team_keys"": [], ""score"": 160, ""surrogate_team_keys"": [], ""team_keys"": [""frc4662"", ""frc957"", ""frc5975""]}, ""red"": {""dq_team_keys"": [], ""score"": 176, ""surrogate_team_keys"": [], ""team_keys"": [""frc2635"", ""frc2930"", ""frc4488""]}}",[]
2026orore_qm46,46,qm,7.5,Merged selection,"{""actual_time"": 1774665067, ""alliances"": {""blue"": {""dq_team_keys"": [], ""score"": 143, ""surrogate_team_keys"": [], ""team_keys"": [""frc2915"", ""frc2811"", ""frc6465""]}, ""red"": {""dq_team_keys"": [], ""score"": 110, ""surrogate_team_keys"": [], ""team_keys"": [""frc2898"", ""frc3669"", ""frc749""]}}, ""comp_level"": ""qm"", ""event_key"": ""2026orore"", ""key"": ""2026orore_qm46"", ""match_number"": 46, ""post_result_time"": 1774665251, ""predicted_time"": 1774665262, ""score_breakdown"": {""blue"": {""adjustPoints"": 0, ""autoTowerPoints"": 0, ""autoTowerRobot1"": ""None"", ""autoTowerRobot2"": ""None"", ""autoTowerRobot3"": ""None"", ""endGameTowerPoints"": 0, ""endGameTowerRobot1"": ""None"", ""endGameTowerRobot2"": ""None"", ""endGameTowerRobot3"": ""None"", ""energizedAchieved"": true, ""foulPoints"": 5, ""g206Penalty"": false, ""hubScore"": {""autoCount"": 19, ""autoPoints"": 19, ""endgameCount"": 45, ""endgamePoints"": 45, ""shift1Count"": 28, ""shift1Points"": 28, ""shift2Count"": 0, ""shift2Points"": 0, ""shift3Count"": 43, ""shift3Points"": 43, ""shift4Count"": 0, ""shift4Points"": 0, ""teleopCount"": 119, ""teleopPoints"": 119, ""totalCount"": 138, ""totalPoints"": 138, ""transitionCount"": 3, ""transitionPoints"": 3, ""uncounted"": 1}, ""majorFoulCount"": 0, ""minorFoulCount"": 2, ""penalties"": ""None"", ""rp"": 4, ""superchargedAchieved"": false, ""totalAutoPoints"": 19, ""totalPoints"": 143, ""totalTeleopPoints"": 119, ""totalTowerPoints"": 0, ""traversalAchieved"": false}, ""red"": {""adjustPoints"": 0, ""autoTowerPoints"": 0, ""autoTowerRobot1"": ""None"", ""autoTowerRobot2"": ""None"", ""autoTowerRobot3"": ""None"", ""endGameTowerPoints"": 0, ""endGameTowerRobot1"": ""None"", ""endGameTowerRobot2"": ""None"", ""endGameTowerRobot3"": ""None"", ""energizedAchieved"": true, ""foulPoints"": 10, ""g206Penalty"": false, ""hubScore"": {""autoCount"": 28, ""autoPoints"": 28, ""endgameCount"": 39, ""endgamePoints"": 39, ""shift1Count"": 0, ""shift1Points"": 0, ""shift2Count"": 7, ""shift2Points"": 7, ""shift3Count"": 0, ""shift3Points"": 0, ""shift4Count"": 26, ""shift4Points"": 26, ""teleopCount"": 72, ""teleopPoints"": 72, ""totalCount"": 100, ""totalPoints"": 100, ""transitionCount"": 0, ""transitionPoints"": 0, ""uncounted"": 1}, ""majorFoulCount"": 0, ""minorFoulCount"": 1, ""penalties"": ""None"", ""rp"": 1, ""superchargedAchieved"": false, ""totalAutoPoints"": 28, ""totalPoints"": 110, ""totalTeleopPoints"": 72, ""totalTowerPoints"": 0, ""traversalAchieved"": false}}, ""set_number"": 1, ""time"": 1774664460, ""videos"": [], ""winning_alliance"": ""blue""}","{""blue"": {""dq_team_keys"": [], ""score"": 143, ""surrogate_team_keys"": [], ""team_keys"": [""frc2915"", ""frc2811"", ""frc6465""]}, ""red"": {""dq_team_keys"": [], ""score"": 110, ""surrogate_team_keys"": [], ""team_keys"": [""frc2898"", ""frc3669"", ""frc749""]}}",[]
2026orore_qm47,47,qm,7.628,Merged selection,"{""actual_time"": 1774665548, ""alliances"": {""blue"": {""dq_team_keys"": [], ""score"": 154, ""surrogate_team_keys"": [], ""team_keys"": [""frc2990"", ""frc3636"", ""frc10444""]}, ""red"": {""dq_team_keys"": [], ""score"": 163, ""surrogate_team_keys"": [], ""team_keys"": [""frc9600"", ""frc8032"", ""frc9567""]}}, ""comp_level"": ""qm"", ""event_key"": ""2026orore"", ""key"": ""2026orore_qm47"", ""match_number"": 47, ""post_result_time"": 1774665810, ""predicted_time"": 1774665726, ""score_breakdown"": {""blue"": {""adjustPoints"": 0, ""autoTowerPoints"": 0, ""autoTowerRobot1"": ""None"", ""autoTowerRobot2"": ""None"", ""autoTowerRobot3"": ""None"", ""endGameTowerPoints"": 0, ""endGameTowerRobot1"": ""None"", ""endGameTowerRobot2"": ""None"", ""endGameTowerRobot3"": ""None"", ""energizedAchieved"": true, ""foulPoints"": 5, ""g206Penalty"": false, ""hubScore"": {""autoCount"": 31, ""autoPoints"": 31, ""endgameCount"": 33, ""endgamePoints"": 33, ""shift1Count"": 32, ""shift1Points"": 32, ""shift2Count"": 0, ""shift2Points"": 0, ""shift3Count"": 40, ""shift3Points"": 40, ""shift4Count"": 0, ""shift4Points"": 0, ""teleopCount"": 118, ""teleopPoints"": 118, ""totalCount"": 149, ""totalPoints"": 149, ""transitionCount"": 13, ""transitionPoints"": 13, ""uncounted"": 0}, ""majorFoulCount"": 0, ""minorFoulCount"": 1, ""penalties"": ""None"", ""rp"": 1, ""superchargedAchieved"": false, ""totalAutoPoints"": 31, ""totalPoints"": 154, ""totalTeleopPoints"": 118, ""totalTowerPoints"": 0, ""traversalAchieved"": false}, ""red"": {""adjustPoints"": 0, ""autoTowerPoints"": 0, ""autoTowerRobot1"": ""None"", ""autoTowerRobot2"": ""None"", ""autoTowerRobot3"": ""None"", ""endGameTowerPoints"": 0, ""endGameTowerRobot1"": ""None"", ""endGameTowerRobot2"": ""None"", ""endGameTowerRobot3"": ""None"", ""energizedAchieved"": true, ""foulPoints"": 5, ""g206Penalty"": false, ""hubScore"": {""autoCount"": 45, ""autoPoints"": 45, ""endgameCount"": 44, ""endgamePoints"": 44, ""shift1Count"": 0, ""shift1Points"": 0, ""shift2Count"": 53, ""shift2Points"": 53, ""shift3Count"": 0, ""shift3Points"": 0, ""shift4Count"": 13, ""shift4Points"": 13, ""teleopCount"": 113, ""teleopPoints"": 113, ""totalCount"": 158, ""totalPoints"": 158, ""transitionCount"": 3, ""transitionPoints"": 3, ""uncounted"": 0}, ""majorFoulCount"": 0, ""minorFoulCount"": 1, ""penalties"": ""None"", ""rp"": 4, ""superchargedAchieved"": false, ""totalAutoPoints"": 45, ""totalPoints"": 163, ""totalTeleopPoints"": 113, ""totalTowerPoints"": 0, ""traversalAchieved"": false}}, ""set_number"": 1, ""time"": 1774665000, ""videos"": [], ""winning_alliance"": ""red""}","{""blue"": {""dq_team_keys"": [], ""score"": 154, ""surrogate_team_keys"": [], ""team_keys"": [""frc2990"", ""frc3636"", ""frc10444""]}, ""red"": {""dq_team_keys"": [], ""score"": 163, ""surrogate_team_keys"": [], ""team_keys"": [""frc9600"", ""frc8032"", ""frc9567""]}}",[]
2026orore_qm48,48,qm,7.5,Merged selection,"{""actual_time"": 1774666068, ""alliances"": {""blue"": {""dq_team_keys"": [], ""score"": 256, ""surrogate_team_keys"": [], ""team_keys"": [""frc2733"", ""frc4488"", ""frc957""]}, ""red"": {""dq_team_keys"": [], ""score"": 241, ""surrogate_team_keys"": [], ""team_keys"": [""frc955"", ""frc10991"", ""frc5970""]}}, ""comp_level"": ""qm"", ""event_key"": ""2026orore"", ""key"": ""2026orore_qm48"", ""match_number"": 48, ""post_result_time"": 1774666336, ""predicted_time"": 1774666240, ""score_breakdown"": {""blue"": {""adjustPoints"": 0, ""autoTowerPoints"": 0, ""autoTowerRobot1"": ""None"", ""autoTowerRobot2"": ""None"", ""autoTowerRobot3"": ""None"", ""endGameTowerPoints"": 0, ""endGameTowerRobot1"": ""None"", ""endGameTowerRobot2"": ""None"", ""endGameTowerRobot3"": ""None"", ""energizedAchieved"": true, ""foulPoints"": 5, ""g206Penalty"": false, ""hubScore"": {""autoCount"": 42, ""autoPoints"": 42, ""endgameCount"": 83, ""endgamePoints"": 83, ""shift1Count"": 49, ""shift1Points"": 49, ""shift2Count"": 0, ""shift2Points"": 0, ""shift3Count"": 75, ""shift3Points"": 75, ""shift4Count"": 0, ""shift4Points"": 0, ""teleopCount"": 209, ""teleopPoints"": 209, ""totalCount"": 251, ""totalPoints"": 251, ""transitionCount"": 2, ""transitionPoints"": 2, ""uncounted"": 0}, ""majorFoulCount"": 0, ""minorFoulCount"": 2, ""penalties"": ""None"", ""rp"": 4, ""superchargedAchieved"": false, ""totalAutoPoints"": 42, ""totalPoints"": 256, ""totalTeleopPoints"": 209, ""totalTowerPoints"": 0, ""traversalAchieved"": false}, ""red"": {""adjustPoints"": 0, ""autoTowerPoints"": 0, ""autoTowerRobot1"": ""None"", ""autoTowerRobot2"": ""None"", ""autoTowerRobot3"": ""None"", ""endGameTowerPoints"": 0, ""endGameTowerRobot1"": ""None"", ""endGameTowerRobot2"": ""None"", ""endGameTowerRobot3"": ""None"", ""energizedAchieved"": true, ""foulPoints"": 10, ""g206Penalty"": false, ""hubScore"": {""autoCount"": 48, ""autoPoints"": 48, ""endgameCount"": 31, ""endgamePoints"": 31, ""shift1Count"": 0, ""shift1Points"": 0, ""shift2Count"": 66, ""shift2Points"": 66, ""shift3Count"": 0, ""shift3Points"": 0, ""shift4Count"": 69, ""shift4Points"": 69, ""teleopCount"": 183, ""teleopPoints"": 183, ""totalCount"": 231, ""totalPoints"": 231, ""transitionCount"": 17, ""transitionPoints"": 17, ""uncounted"": 0}, ""majorFoulCount"": 0, ""minorFoulCount"": 1, ""penalties"": ""None"", ""rp"": 1, ""superchargedAchieved"": false, ""totalAutoPoints"": 48, ""totalPoints"": 241, ""totalTeleopPoints"": 183, ""totalTowerPoints"": 0, ""traversalAchieved"": false}}, ""set_number"": 1, ""time"": 1774665540, ""videos"": [], ""winning_alliance"": ""blue""}","{""blue"": {""dq_team_keys"": [], ""score"": 256, ""surrogate_team_keys"": [], ""team_keys"": [""frc2733"", ""frc4488"", ""frc957""]}, ""red"": {""dq_team_keys"": [], ""score"": 241, ""surrogate_team_keys"": [], ""team_keys"": [""frc955"", ""frc10991"", ""frc5970""]}}",[]
2026orore_qm49,49,qm,51.911500000000004,Merged selection,"{""actual_time"": 1774666556, ""alliances"": {""blue"": {""dq_team_keys"": [], ""score"": 172, ""surrogate_team_keys"": [], ""team_keys"": [""frc9430"", ""frc4662"", ""frc2930""]}, ""red"": {""dq_team_keys"": [], ""score"": 338, ""surrogate_team_keys"": [], ""team_keys"": [""frc997"", ""frc6696"", ""frc2898""]}}, ""comp_level"": ""qm"", ""event_key"": ""2026orore"", ""key"": ""2026orore_qm49"", ""match_number"": 49, ""post_result_time"": 1774666740, ""predicted_time"": 1774666815, ""score_breakdown"": {""blue"": {""adjustPoints"": 0, ""autoTowerPoints"": 0, ""autoTowerRobot1"": ""None"", ""autoTowerRobot2"": ""None"", ""autoTowerRobot3"": ""None"", ""endGameTowerPoints"": 0, ""endGameTowerRobot1"": ""None"", ""endGameTowerRobot2"": ""None"", ""endGameTowerRobot3"": ""None"", ""energizedAchieved"": true, ""foulPoints"": 5, ""g206Penalty"": false, ""hubScore"": {""autoCount"": 64, ""autoPoints"": 64, ""endgameCount"": 29, ""endgamePoints"": 29, ""shift1Count"": 0, ""shift1Points"": 0, ""shift2Count"": 30, ""shift2Points"": 30, ""shift3Count"": 0, ""shift3Points"": 0, ""shift4Count"": 43, ""shift4Points"": 43, ""teleopCount"": 103, ""teleopPoints"": 103, ""totalCount"": 167, ""totalPoints"": 167, ""transitionCount"": 1, ""transitionPoints"": 1, ""uncounted"": 5}, ""majorFoulCount"": 0, ""minorFoulCount"": 0, ""penalties"": ""None"", ""rp"": 1, ""superchargedAchieved"": false, ""totalAutoPoints"": 64, ""totalPoints"": 172, ""totalTeleopPoints"": 103, ""totalTowerPoints"": 0, ""traversalAchieved"": false}, ""red"": {""adjustPoints"": 0, ""autoTowerPoints"": 0, ""autoTowerRobot1"": ""None"", ""autoTowerRobot2"": ""None"", ""autoTowerRobot3"": ""None"", ""endGameTowerPoints"": 0, ""endGameTowerRobot1"": ""None"", ""endGameTowerRobot2"": ""None"", ""endGameTowerRobot3"": ""None"", ""energizedAchieved"": true, ""foulPoints"": 0, ""g206Penalty"": false, ""hubScore"": {""autoCount"": 54, ""autoPoints"": 54, ""endgameCount"": 105, ""endgamePoints"": 105, ""shift1Count"": 78, ""shift1Points"": 78, ""shift2Count"": 0, ""shift2Points"": 0, ""shift3Count"": 92, ""shift3Points"": 92, ""shift4Count"": 0, ""shift4Points"": 0, ""teleopCount"": 284, ""teleopPoints"": 284, ""totalCount"": 338, ""totalPoints"": 338, ""transitionCount"": 9, ""transitionPoints"": 9, ""uncounted"": 0}, ""majorFoulCount"": 0, ""minorFoulCount"": 1, ""penalties"": ""None"", ""rp"": 4, ""superchargedAchieved"": false, ""totalAutoPoints"": 54, ""totalPoints"": 338, ""totalTeleopPoints"": 284, ""totalTowerPoints"": 0, ""traversalAchieved"": false}}, ""set_number"": 1, ""time"": 1774666080, ""videos"": [], ""winning_alliance"": ""red""}","{""blue"": {""dq_team_keys"": [], ""score"": 172, ""surrogate_team_keys"": [], ""team_keys"": [""frc9430"", ""frc4662"", ""frc2930""]}, ""red"": {""dq_team_keys"": [], ""score"": 338, ""surrogate_team_keys"": [], ""team_keys"": [""frc997"", ""frc6696"", ""frc2898""]}}",[]
2026orore_qm50,50,qm,26.1375,Merged selection,"{""actual_time"": 1774667195, ""alliances"": {""blue"": {""dq_team_keys"": [], ""score"": 209, ""surrogate_team_keys"": [], ""team_keys"": [""frc2811"", ""frc749"", ""frc2990""]}, ""red"": {""dq_team_keys"": [], ""score"": 126, ""surrogate_team_keys"": [], ""team_keys"": [""frc2550"", ""frc3636"", ""frc2557""]}}, ""comp_level"": ""qm"", ""event_key"": ""2026orore"", ""key"": ""2026orore_qm50"", ""match_number"": 50, ""post_result_time"": 1774667388, ""predicted_time"": 1774667373, ""score_breakdown"": {""blue"": {""adjustPoints"": 0, ""autoTowerPoints"": 0, ""autoTowerRobot1"": ""None"", ""autoTowerRobot2"": ""None"", ""autoTowerRobot3"": ""None"", ""endGameTowerPoints"": 0, ""endGameTowerRobot1"": ""None"", ""endGameTowerRobot2"": ""None"", ""endGameTowerRobot3"": ""None"", ""energizedAchieved"": true, ""foulPoints"": 10, ""g206Penalty"": false, ""hubScore"": {""autoCount"": 57, ""autoPoints"": 57, ""endgameCount"": 41, ""endgamePoints"": 41, ""shift1Count"": 0, ""shift1Points"": 0, ""shift2Count"": 43, ""shift2Points"": 43, ""shift3Count"": 0, ""shift3Points"": 0, ""shift4Count"": 43, ""shift4Points"": 43, ""teleopCount"": 142, ""teleopPoints"": 142, ""totalCount"": 199, ""totalPoints"": 199, ""transitionCount"": 15, ""transitionPoints"": 15, ""uncounted"": 0}, ""majorFoulCount"": 0, ""minorFoulCount"": 1, ""penalties"": ""None"", ""rp"": 4, ""superchargedAchieved"": false, ""totalAutoPoints"": 57, ""totalPoints"": 209, ""totalTeleopPoints"": 142, ""totalTowerPoints"": 0, ""traversalAchieved"": false}, ""red"": {""adjustPoints"": 0, ""autoTowerPoints"": 0, ""autoTowerRobot1"": ""None"", ""autoTowerRobot2"": ""None"", ""autoTowerRobot3"": ""None"", ""endGameTowerPoints"": 10, ""endGameTowerRobot1"": ""Level1"", ""endGameTowerRobot2"": ""None"", ""endGameTowerRobot3"": ""None"", ""energizedAchieved"": true, ""foulPoints"": 5, ""g206Penalty"": false, ""hubScore"": {""autoCount"": 24, ""autoPoints"": 24, ""endgameCount"": 34, ""endgamePoints"": 34, ""shift1Count"": 19, ""shift1Points"": 19, ""shift2Count"": 0, ""shift2Points"": 0, ""shift3Count"": 28, ""shift3Points"": 28, ""shift4Count"": 0, ""shift4Points"": 0, ""teleopCount"": 87, ""teleopPoints"": 87, ""totalCount"": 111, ""totalPoints"": 111, ""transitionCount"": 6, ""transitionPoints"": 6, ""uncounted"": 0}, ""majorFoulCount"": 0, ""minorFoulCount"": 2, ""penalties"": ""None"", ""rp"": 1, ""superchargedAchieved"": false, ""totalAutoPoints"": 24, ""totalPoints"": 126, ""totalTeleopPoints"": 97, ""totalTowerPoints"": 10, ""traversalAchieved"": false}}, ""set_number"": 1, ""time"": 1774666620, ""videos"": [], ""winning_alliance"": ""blue""}","{""blue"": {""dq_team_keys"": [], ""score"": 209, ""surrogate_team_keys"": [], ""team_keys"": [""frc2811"", ""frc749"", ""frc2990""]}, ""red"": {""dq_team_keys"": [], ""score"": 126, ""surrogate_team_keys"": [], ""team_keys"": [""frc2550"", ""frc3636"", ""frc2557""]}}",[]
2026orore_qm51,51,qm,35.498999999999995,Merged selection,"{""actual_time"": 1774667656, ""alliances"": {""blue"": {""dq_team_keys"": [], ""score"": 463, ""surrogate_team_keys"": [], ""team_keys"": [""frc1540"", ""frc3669"", ""frc4915""]}, ""red"": {""dq_team_keys"": [], ""score"": 226, ""surrogate_team_keys"": [], ""team_keys"": [""frc2635"", ""frc6465"", ""frc8032""]}}, ""comp_level"": ""qm"", ""event_key"": ""2026orore"", ""key"": ""2026orore_qm51"", ""match_number"": 51, ""post_result_time"": 1774667839, ""predicted_time"": 1774667786, ""score_breakdown"": {""blue"": {""adjustPoints"": 0, ""autoTowerPoints"": 0, ""autoTowerRobot1"": ""None"", ""autoTowerRobot2"": ""None"", ""autoTowerRobot3"": ""None"", ""endGameTowerPoints"": 0, ""endGameTowerRobot1"": ""None"", ""endGameTowerRobot2"": ""None"", ""endGameTowerRobot3"": ""None"", ""energizedAchieved"": true, ""foulPoints"": 10, ""g206Penalty"": false, ""hubScore"": {""autoCount"": 85, ""autoPoints"": 85, ""endgameCount"": 102, ""endgamePoints"": 102, ""shift1Count"": 0, ""shift1Points"": 0, ""shift2Count"": 136, ""shift2Points"": 136, ""shift3Count"": 0, ""shift3Points"": 0, ""shift4Count"": 88, ""shift4Points"": 88, ""teleopCount"": 368, ""teleopPoints"": 368, ""totalCount"": 453, ""totalPoints"": 453, ""transitionCount"": 42, ""transitionPoints"": 42, ""uncounted"": 0}, ""majorFoulCount"": 1, ""minorFoulCount"": 1, ""penalties"": ""None"", ""rp"": 5, ""superchargedAchieved"": true, ""totalAutoPoints"": 85, ""totalPoints"": 463, ""totalTeleopPoints"": 368, ""totalTowerPoints"": 0, ""traversalAchieved"": false}, ""red"": {""adjustPoints"": 0, ""autoTowerPoints"": 0, ""autoTowerRobot1"": ""None"", ""autoTowerRobot2"": ""None"", ""autoTowerRobot3"": ""None"", ""endGameTowerPoints"": 0, ""endGameTowerRobot1"": ""None"", ""endGameTowerRobot2"": ""None"", ""endGameTowerRobot3"": ""None"", ""energizedAchieved"": true, ""foulPoints"": 20, ""g206Penalty"": false, ""hubScore"": {""autoCount"": 44, ""autoPoints"": 44, ""endgameCount"": 59, ""endgamePoints"": 59, ""shift1Count"": 49, ""shift1Points"": 49, ""shift2Count"": 0, ""shift2Points"": 0, ""shift3Count"": 54, ""shift3Points"": 54, ""shift4Count"": 0, ""shift4Points"": 0, ""teleopCount"": 162, ""teleopPoints"": 162, ""totalCount"": 206, ""totalPoints"": 206, ""transitionCount"": 0, ""transitionPoints"": 0, ""uncounted"": 0}, ""majorFoulCount"": 0, ""minorFoulCount"": 2, ""penalties"": ""None"", ""rp"": 1, ""superchargedAchieved"": false, ""totalAutoPoints"": 44, ""totalPoints"": 226, ""totalTeleopPoints"": 162, ""totalTowerPoints"": 0, ""traversalAchieved"": false}}, ""set_number"": 1, ""time"": 1774667160, ""videos"": [], ""winning_alliance"": ""blue""}","{""blue"": {""dq_team_keys"": [], ""score"": 463, ""surrogate_team_keys"": [], ""team_keys"": [""frc1540"", ""frc3669"", ""frc4915""]}, ""red"": {""dq_team_keys"": [], ""score"": 226, ""surrogate_team_keys"": [], ""team_keys"": [""frc2635"", ""frc6465"", ""frc8032""]}}",[]
2026orore_qm52,52,qm,61.4245,Merged selection,"{""actual_time"": 1774668146, ""alliances"": {""blue"": {""dq_team_keys"": [], ""score"": 179, ""surrogate_team_keys"": [], ""team_keys"": [""frc2521"", ""frc1359"", ""frc9600""]}, ""red"": {""dq_team_keys"": [], ""score"": 230, ""surrogate_team_keys"": [], ""team_keys"": [""frc6831"", ""frc3674"", ""frc2915""]}}, ""comp_level"": ""qm"", ""event_key"": ""2026orore"", ""key"": ""2026orore_qm52"", ""match_number"": 52, ""post_result_time"": 1774668328, ""predicted_time"": 1774668612, ""score_breakdown"": {""blue"": {""adjustPoints"": 0, ""autoTowerPoints"": 15, ""autoTowerRobot1"": ""None"", ""autoTowerRobot2"": ""Level1"", ""autoTowerRobot3"": ""None"", ""endGameTowerPoints"": 10, ""endGameTowerRobot1"": ""None"", ""endGameTowerRobot2"": ""Level1"", ""endGameTowerRobot3"": ""None"", ""energizedAchieved"": true, ""foulPoints"": 0, ""g206Penalty"": false, ""hubScore"": {""autoCount"": 26, ""autoPoints"": 26, ""endgameCount"": 19, ""endgamePoints"": 19, ""shift1Count"": 42, ""shift1Points"": 42, ""shift2Count"": 0, ""shift2Points"": 0, ""shift3Count"": 62, ""shift3Points"": 62, ""shift4Count"": 0, ""shift4Points"": 0, ""teleopCount"": 128, ""teleopPoints"": 128, ""totalCount"": 154, ""totalPoints"": 154, ""transitionCount"": 5, ""transitionPoints"": 5, ""uncounted"": 10}, ""majorFoulCount"": 0, ""minorFoulCount"": 0, ""penalties"": ""None"", ""rp"": 1, ""superchargedAchieved"": false, ""totalAutoPoints"": 41, ""totalPoints"": 179, ""totalTeleopPoints"": 138, ""totalTowerPoints"": 25, ""traversalAchieved"": false}, ""red"": {""adjustPoints"": 0, ""autoTowerPoints"": 15, ""autoTowerRobot1"": ""None"", ""autoTowerRobot2"": ""Level1"", ""autoTowerRobot3"": ""None"", ""endGameTowerPoints"": 0, ""endGameTowerRobot1"": ""None"", ""endGameTowerRobot2"": ""None"", ""endGameTowerRobot3"": ""None"", ""energizedAchieved"": true, ""foulPoints"": 0, ""g206Penalty"": false, ""hubScore"": {""autoCount"": 27, ""autoPoints"": 27, ""endgameCount"": 66, ""endgamePoints"": 66, ""shift1Count"": 0, ""shift1Points"": 0, ""shift2Count"": 57, ""shift2Points"": 57, ""shift3Count"": 0, ""shift3Points"": 0, ""shift4Count"": 65, ""shift4Points"": 65, ""teleopCount"": 188, ""teleopPoints"": 188, ""totalCount"": 215, ""totalPoints"": 215, ""transitionCount"": 0, ""transitionPoints"": 0, ""uncounted"": 0}, ""majorFoulCount"": 0, ""minorFoulCount"": 0, ""penalties"": ""None"", ""rp"": 4, ""superchargedAchieved"": false, ""totalAutoPoints"": 42, ""totalPoints"": 230, ""totalTeleopPoints"": 188, ""totalTowerPoints"": 15, ""traversalAchieved"": false}}, ""set_number"": 1, ""time"": 1774667700, ""videos"": [], ""winning_alliance"": ""red""}","{""blue"": {""dq_team_keys"": [], ""score"": 179, ""surrogate_team_keys"": [], ""team_keys"": [""frc2521"", ""frc1359"", ""frc9600""]}, ""red"": {""dq_team_keys"": [], ""score"": 230, ""surrogate_team_keys"": [], ""team_keys"": [""frc6831"", ""frc3674"", ""frc2915""]}}",[]
